Edad,Antiguedad_anios,Salario_mensual_COP,Horas_semanales,Distancia_trabajo_km,Satisfaccion_laboral,Balance_vida_trabajo,Anios_sin_ascenso,Trabajo_remoto,Horas_extra,Renuncia
50,7,3671886.43,43.97,44.86,3,3,0,0,0,1
25,6,3223787.18,38.49,2.46,3,2,6,0,0,0
52,21,5838929.54,46.50,57.24,1,2,3,0,0,1
34,16,3335062.80,58.91,30.15,5,2,6,0,0,1
34,0,1633510.55,47.95,21.02,2,4,2,1,1,1
42,24,5736049.39,47.61,3.00,2,4,4,0,0,0
47,16,6380817.91,47.44,21.80,5,2,3,1,0,0
34,5,3588409.96,43.34,19.03,1,2,5,1,0,0
36,18,5550836.83,39.70,1.83,4,5,7,1,1,0
26,8,4033048.81,37.10,28.09,2,1,9,0,1,1
38,7,1400000.00,42.23,34.75,2,3,6,1,1,1
50,22,4427239.63,33.02,5.06,3,1,5,0,1,0
27,1,2251161.50,35.37,24.02,4,4,1,1,0,0
26,8,1400000.00,33.67,18.74,5,1,2,0,0,0
53,26,6127610.67,30.00,31.24,1,3,8,0,1,1
41,15,3651288.91,43.96,6.82,2,2,8,1,0,0
55,14,2193074.77,35.28,28.23,2,5,2,0,1,0
43,10,4404084.99,42.21,38.81,3,2,3,1,1,1
20,2,1504096.71,32.15,30.67,4,1,3,0,1,1
51,27,3015065.61,34.43,21.64,5,3,1,1,1,0
59,30,5051507.38,38.24,15.95,3,3,4,1,1,0
27,9,3862356.36,40.31,31.12,4,1,3,0,1,1
20,2,1400000.00,42.10,23.07,5,5,10,0,0,0
46,13,3158642.89,35.40,50.09,2,3,9,0,1,1
21,3,2226942.92,40.66,3.27,3,1,7,1,0,0
62,18,4392342.67,41.96,33.76,5,2,7,0,0,0
28,10,2567765.78,43.18,24.39,5,1,9,1,1,1
49,9,3308725.98,44.08,35.95,3,5,9,0,1,1
33,13,4731132.91,30.38,57.67,2,4,8,1,0,0
29,11,2504205.61,45.16,11.18,2,4,6,1,1,0
60,25,5206854.70,42.52,44.02,1,3,10,0,0,1
44,23,6257313.64,49.15,44.77,2,5,8,1,1,0
57,26,5571697.90,43.34,12.15,3,4,4,1,0,0
29,11,1641902.89,36.93,49.02,3,5,5,1,1,0
21,3,1747303.23,53.21,60.60,5,2,2,1,1,1
49,12,2341043.52,42.79,36.23,4,5,5,0,1,0
47,29,6800692.76,50.24,2.85,4,5,4,1,1,0
52,0,1871612.74,37.48,40.84,4,4,4,0,1,1
49,29,4921474.71,45.71,57.57,5,1,9,0,0,1
26,8,2762095.47,50.99,55.16,1,2,4,1,0,1
49,14,4040309.65,44.30,11.37,3,5,2,0,0,0
51,20,2661679.98,37.59,12.57,3,5,1,1,0,0
29,11,2765705.41,45.43,1.75,1,5,2,1,1,0
40,19,7192530.93,38.27,45.27,4,2,3,0,0,0
37,17,2915382.17,40.68,5.36,3,3,2,1,0,0
28,2,2422738.98,55.89,24.03,4,5,0,1,1,1
57,0,1400000.00,38.14,64.66,5,4,1,1,0,0
21,3,2309868.14,45.45,23.88,5,2,9,0,1,1
57,5,3673129.78,40.65,39.49,2,5,6,1,0,1
53,11,2773040.07,41.42,47.66,4,4,2,1,0,1
53,21,4954031.34,34.30,20.69,5,4,3,0,0,0
25,3,1400000.00,62.82,62.14,3,5,8,0,0,0
26,8,3348430.10,48.19,4.89,4,3,6,1,0,0
45,27,6161137.58,37.63,32.96,2,4,4,1,0,0
49,8,3262230.38,43.41,37.93,2,4,8,1,0,1
64,7,2448374.22,40.27,29.39,3,2,1,1,1,1
49,13,3721928.34,56.91,0.81,4,5,9,0,1,0
34,8,1400000.00,38.15,45.93,4,3,3,1,1,0
62,16,5552030.38,30.00,12.99,3,5,2,0,0,0
51,25,6650593.43,49.64,7.62,5,4,3,1,0,0
23,5,2838912.95,53.10,22.57,2,5,3,1,1,0
34,16,4961066.26,30.00,15.32,2,4,9,1,0,0
57,14,2998874.70,50.82,61.51,3,4,1,0,0,1
20,2,2233797.99,52.12,58.76,4,1,8,0,1,1
24,3,2226350.81,47.16,30.75,1,4,6,1,0,1
29,11,4216259.77,53.22,59.83,4,1,5,1,1,1
29,11,4494549.58,46.37,13.40,1,2,5,1,0,1
33,15,4832674.47,40.47,0.62,1,2,0,1,0,0
56,5,1935965.73,30.00,50.52,4,4,0,0,0,1
57,17,5735929.21,50.60,22.70,2,2,0,0,1,1
39,12,2427520.25,45.19,1.84,4,1,8,0,1,1
41,23,6140938.32,31.55,19.94,4,5,2,0,1,0
54,9,2920802.07,39.05,59.79,4,5,6,0,1,1
19,1,2513308.56,53.03,41.42,4,3,7,1,0,0
63,29,5682435.16,42.45,22.95,3,5,1,0,0,0
33,10,2990353.27,37.07,22.87,5,4,5,1,1,0
48,15,2954000.74,45.85,24.01,5,2,2,1,1,0
58,26,7685862.10,34.74,62.74,3,1,0,1,1,0
40,22,4824015.52,35.53,43.20,2,2,0,1,0,0
45,18,5229989.72,44.19,11.81,2,5,6,0,0,0
33,5,3146364.62,50.58,62.31,1,5,0,0,1,1
22,4,3674930.34,45.83,24.22,5,2,5,0,0,0
23,4,3608170.19,30.00,41.02,1,3,0,0,1,1
21,3,2518659.38,47.19,7.25,4,4,10,0,1,0
52,19,3522407.79,51.23,25.66,4,3,9,0,0,0
36,18,4769510.61,45.71,53.15,2,1,7,0,1,1
50,26,3128838.02,39.40,44.46,4,2,5,0,0,0
43,13,3385396.19,35.46,50.88,2,2,2,0,0,1
19,1,1400000.00,39.45,4.60,2,2,2,1,1,1
57,23,3496165.21,43.90,42.96,4,2,9,0,1,1
55,9,3763672.37,38.28,50.33,4,2,9,1,0,1
49,3,3751444.19,40.78,39.81,5,1,10,1,0,1
53,24,6828497.82,52.75,10.18,3,1,2,0,1,1
38,11,3655713.57,35.66,43.39,2,1,8,0,0,1
22,4,4588399.98,50.70,22.26,3,1,9,1,1,1
63,16,3520741.38,48.34,15.68,4,1,7,1,0,1
65,13,3604396.52,41.63,49.81,4,1,0,0,0,1
32,6,2381172.39,51.43,34.92,2,2,3,0,0,1
48,1,3272870.73,54.08,10.00,4,1,9,1,1,1
41,20,4974487.98,41.71,28.89,1,1,9,1,1,1
57,5,5589505.16,40.73,1.93,5,5,7,0,0,0
49,22,4899153.71,37.71,26.71,3,4,1,0,0,0
19,1,2587554.89,40.28,14.50,3,3,7,0,1,1
43,2,1835564.42,46.79,22.52,3,4,9,0,0,0
54,18,5301385.03,35.56,46.26,4,5,3,0,0,0
51,11,4988924.59,41.34,11.71,1,5,0,0,1,0
30,12,5912824.87,42.21,8.25,4,4,9,1,0,0
44,19,4012785.21,39.56,9.82,4,2,8,1,0,0
45,5,1400000.00,35.35,60.47,5,3,3,1,0,0
33,0,2935560.75,38.05,15.01,1,4,2,0,0,0
37,14,3897876.44,54.06,5.94,5,4,6,1,0,0
24,6,5780368.46,42.42,13.74,3,2,3,0,0,0
57,1,1622369.95,52.62,51.38,3,4,5,0,0,1
44,3,2909512.15,44.93,63.13,4,4,8,0,1,0
50,1,1400000.00,53.84,50.87,5,4,9,1,0,1
47,27,7194841.22,35.84,38.55,4,1,5,0,1,0
49,11,3372850.18,47.16,12.22,4,5,2,0,0,0
44,19,4352967.42,47.17,17.60,2,4,7,1,1,0
38,9,3796321.49,38.41,59.07,1,1,3,0,0,0
34,11,3608350.69,41.89,13.10,5,3,7,0,1,0
46,1,1400000.00,46.00,58.18,4,3,6,1,1,1
24,6,2609990.74,49.41,23.44,3,5,6,0,1,0
26,8,1400000.00,36.61,41.10,4,2,1,1,0,0
65,13,5406503.39,30.66,1.36,5,3,10,0,1,0
23,5,3485034.70,45.19,23.39,3,1,7,1,1,1
64,12,4074452.97,30.00,16.84,1,2,6,0,1,0
34,14,5792810.62,38.76,31.73,1,4,0,1,0,1
30,12,2069484.61,30.00,8.51,5,5,3,0,0,0
33,15,3968515.21,37.16,12.59,3,1,2,0,1,0
32,14,1789414.88,35.40,26.46,2,1,10,0,1,1
65,21,5221382.89,39.56,3.83,1,4,6,0,1,1
20,2,1416033.11,56.82,51.15,5,5,9,1,1,0
31,4,3000804.55,33.45,53.19,2,4,4,1,0,0
44,20,5437694.84,51.26,29.69,5,5,6,1,0,1
28,10,2168962.82,44.01,54.95,5,5,6,0,1,0
43,17,4516677.47,30.00,46.65,5,5,8,0,1,0
33,15,4115311.42,35.67,26.71,4,4,0,0,1,0
38,13,2414025.71,44.35,5.23,4,4,10,1,0,0
24,6,3248230.98,36.60,17.20,4,2,0,1,0,0
55,28,6882016.68,36.25,35.91,2,4,0,0,0,0
23,5,3681226.43,40.68,5.90,4,4,3,0,1,0
35,7,3721839.85,50.25,11.61,1,1,0,1,0,1
57,8,3297684.12,41.98,4.77,5,1,6,0,1,1
35,4,2426965.52,47.76,52.97,1,1,2,1,1,1
51,21,3568415.87,45.20,32.52,2,3,8,0,0,1
25,7,2143586.10,42.37,2.60,3,2,5,0,0,0
51,19,4320953.79,34.94,17.96,4,5,5,1,0,0
26,8,2100942.36,45.72,30.39,3,4,5,0,1,0
42,23,6946908.56,57.08,6.37,5,4,8,0,0,0
50,11,3157275.16,48.64,58.93,1,1,4,0,0,1
49,17,6238609.13,31.33,49.24,4,5,1,0,0,0
21,3,1400000.00,40.60,44.40,4,1,5,0,0,1
46,28,5773615.33,54.73,42.86,3,4,9,0,1,1
49,14,5277228.51,36.10,21.54,1,3,9,1,0,1
50,4,3737014.71,41.74,42.07,1,1,7,0,0,1
53,18,4632583.99,38.10,20.82,1,2,1,1,0,0
19,1,2216711.75,46.60,60.35,4,2,9,1,0,1
21,2,1400000.00,48.33,5.73,1,5,9,1,1,1
65,30,5228081.55,56.56,6.62,3,3,9,0,0,0
19,1,1909490.19,30.00,23.60,5,1,1,1,0,0
42,6,3634473.08,37.19,12.39,3,3,9,0,0,0
59,26,6660746.66,39.65,56.68,1,1,10,1,0,1
24,6,1400000.00,31.99,26.49,3,5,0,0,1,0
20,2,2166281.25,44.18,9.55,4,1,6,1,1,1
32,14,3292832.39,51.53,31.13,1,5,3,0,1,1
59,7,3483546.40,41.57,14.80,5,1,9,0,1,1
33,15,3936621.68,34.47,39.46,2,2,10,1,1,1
65,11,4042252.08,38.63,7.61,3,1,4,0,1,1
51,21,5456808.51,46.55,32.08,5,2,6,0,0,0
49,15,3832307.81,48.54,28.93,2,2,1,1,1,1
44,3,1994223.53,40.35,4.10,4,5,3,0,1,1
44,10,5205554.05,44.01,46.48,4,2,9,1,0,1
41,23,5210308.68,41.32,17.86,2,2,8,1,0,0
55,0,1411252.79,49.08,27.25,1,2,5,0,0,1
40,6,1400000.00,32.13,23.04,1,4,10,1,1,1
23,5,4624024.94,44.54,58.38,1,1,9,1,1,1
37,0,2229101.57,43.57,33.92,3,2,8,0,0,1
54,19,5313103.24,55.68,17.29,2,2,4,1,0,1
47,27,3495773.05,48.09,15.10,3,3,7,1,0,1
30,12,2989270.10,36.83,46.65,3,4,10,1,1,0
28,10,4957247.49,43.77,33.62,1,4,1,1,0,0
36,18,4700887.21,51.27,31.57,4,5,6,1,1,0
34,16,5310501.00,48.22,38.76,1,3,1,1,1,1
45,27,4141244.38,47.74,17.20,2,5,3,1,0,0
32,13,1941841.91,41.38,18.29,2,5,0,0,0,0
32,14,3603742.12,50.77,10.47,2,3,2,0,1,1
27,9,3288288.70,42.12,61.75,5,1,10,0,1,1
32,9,4820358.66,42.14,47.52,1,3,7,1,1,1
28,10,1490801.43,39.55,29.87,5,2,4,1,0,0
42,1,1400000.00,56.39,42.02,4,2,8,1,0,1
56,8,5876739.87,31.51,5.25,1,3,7,1,0,0
39,21,5597936.82,46.85,64.95,5,4,2,1,1,1
59,15,4178999.80,33.61,41.29,4,4,9,1,0,0
60,12,6012502.00,43.20,59.08,3,2,3,0,0,1
46,8,1400000.00,30.00,4.34,1,3,6,1,1,1
30,6,2704874.41,37.42,24.67,2,5,2,1,1,0
51,2,2327017.58,40.79,48.80,3,2,1,1,1,1
42,24,6595166.61,41.14,13.75,2,4,6,0,0,0
21,3,1485773.43,47.64,27.64,3,3,7,1,0,0
64,1,1936471.29,46.38,48.74,1,5,5,0,0,1
45,21,5326575.46,55.72,49.72,1,5,0,1,0,0
65,16,2200980.08,47.34,30.73,2,3,10,0,1,1
29,11,4809353.04,40.62,31.64,3,2,4,0,1,1
62,21,4844898.53,44.21,56.19,3,3,2,1,1,1
37,19,3110615.90,45.41,55.22,5,1,7,1,0,0
46,28,6449426.68,46.72,40.76,4,5,0,0,0,0
26,8,3288425.01,50.49,10.14,3,4,1,1,1,0
35,6,1400000.00,33.07,62.36,3,4,6,0,1,1
54,6,4009062.91,46.37,28.80,5,4,4,0,0,0
59,5,1792431.70,44.36,35.37,1,2,4,0,0,1
25,3,2549381.12,40.56,59.33,5,4,0,1,1,0
60,17,5552578.21,41.69,46.09,3,1,6,0,1,1
58,13,2832198.26,41.10,47.93,5,1,5,1,1,1
54,17,4342278.94,56.01,41.17,2,4,7,1,0,1
50,30,7725139.94,53.10,34.54,1,1,1,1,0,1
39,21,6165317.10,46.67,54.14,3,1,1,1,1,0
43,2,3740922.61,43.68,40.46,5,2,5,1,1,1
25,7,2994466.37,45.88,27.12,1,1,1,1,1,1
48,29,4239238.76,44.37,13.82,4,3,3,1,1,0
46,21,5357525.19,36.34,61.54,3,4,8,0,1,0
53,21,6797114.67,42.45,1.91,2,5,0,1,1,0
58,1,1400000.00,37.81,2.67,1,2,2,1,0,1
55,10,3717370.98,47.81,31.92,4,2,3,0,0,1
46,18,3500383.23,44.91,16.29,4,4,4,1,1,0
48,10,4443915.99,52.00,5.92,1,2,10,1,0,1
65,3,4381173.21,41.60,52.99,3,4,8,0,1,1
52,4,1959186.51,45.52,36.17,3,5,10,0,0,1
53,6,3156408.07,43.47,7.76,2,5,7,1,1,1
28,10,2485816.34,43.44,41.51,1,4,7,1,1,0
30,12,4459209.87,39.18,32.87,1,2,5,1,1,1
57,19,5645247.40,39.69,64.17,2,4,8,0,0,1
34,16,3467866.50,44.27,42.14,1,5,4,1,0,0
52,22,5242036.19,49.80,20.70,5,2,2,0,0,0
51,26,6118298.33,41.51,42.02,3,4,7,0,0,0
34,7,1400000.00,39.93,55.42,4,1,7,1,1,0
57,7,3640825.26,42.57,32.02,4,2,6,0,1,1
59,13,3021597.46,51.24,64.53,1,3,4,1,0,1
53,1,2684721.45,52.23,40.96,5,1,2,0,0,1
32,14,4035023.03,50.00,62.87,4,5,5,1,1,0
56,2,1743799.25,51.26,39.43,5,2,6,1,1,1
29,11,4830330.78,43.46,15.82,5,5,7,0,0,0
63,7,3157612.80,40.44,28.22,5,4,8,0,1,1
57,25,5927016.59,52.00,62.26,3,2,6,0,0,1
64,23,7311339.41,44.77,3.04,3,3,8,1,1,1
25,0,1400000.00,41.97,19.93,2,4,4,0,1,1
46,5,3019819.59,43.15,56.30,2,3,2,1,0,1
57,9,3426386.67,49.75,58.39,3,1,3,1,0,1
34,0,1400000.00,42.82,56.04,4,5,10,0,1,1
44,17,3535506.43,30.29,45.00,4,1,4,1,0,0
64,19,4780355.48,44.58,15.75,4,5,10,1,0,0
57,7,2722129.86,42.76,26.04,3,3,10,1,0,1
23,5,3396245.66,37.60,32.37,1,5,9,1,1,1
42,8,2445678.76,43.73,18.64,1,3,2,1,0,1
58,20,4646812.83,39.73,3.85,4,2,8,0,0,0
51,24,5710416.05,40.32,47.34,5,3,8,1,0,0
65,12,4577383.21,46.66,54.65,3,3,7,1,0,1
30,6,2972227.88,44.44,50.85,3,4,7,0,1,1
40,7,4096836.48,37.98,36.47,1,2,7,1,0,1
59,18,3436089.31,37.51,63.68,1,5,7,1,1,1
53,5,1400000.00,48.93,57.93,1,1,7,1,0,1
32,14,5105434.38,30.00,37.82,1,5,5,0,0,0
43,25,5187511.25,50.33,2.30,1,3,5,1,0,0
60,20,2577034.13,35.39,29.81,1,3,5,0,0,1
34,4,1400000.00,42.75,51.78,5,3,1,0,1,1
26,8,1480260.38,52.92,52.44,2,1,2,1,0,1
38,10,4721687.10,43.31,29.16,2,5,4,1,1,0
34,16,4241845.75,38.56,59.31,4,3,4,1,0,0
52,14,4988552.34,43.49,45.69,4,4,1,0,0,0
49,16,3246144.93,38.52,9.11,2,4,0,1,1,0
28,10,1866255.36,42.82,36.19,1,3,4,0,1,0
30,12,4626251.41,47.24,35.45,3,2,5,0,1,1
23,5,2716465.47,38.86,51.06,3,1,10,1,0,1
64,11,2295402.97,36.33,52.06,4,4,7,1,1,0
29,11,3103465.29,42.38,13.48,2,1,8,0,0,1
33,15,5248621.27,43.90,16.50,4,1,10,1,1,0
53,23,4076143.21,46.38,61.31,4,4,0,1,0,0
43,23,4745125.43,38.20,34.04,1,2,3,1,1,1
19,1,3978020.69,32.01,33.87,2,3,10,1,1,1
45,25,3081712.28,34.98,16.84,3,5,5,1,0,0
24,6,5702033.35,42.06,31.48,4,1,4,1,0,0
53,3,1932069.54,31.41,1.99,1,3,2,0,1,1
43,1,1400000.00,50.37,60.29,2,3,3,1,0,1
48,14,2695826.55,38.06,29.03,1,2,7,0,1,1
54,10,2813253.13,37.66,41.37,4,1,7,1,0,0
24,6,2442121.72,48.22,30.59,4,5,8,0,0,0
20,2,4184670.93,48.21,29.88,5,4,8,0,0,0
23,5,1994210.54,46.90,31.74,5,5,0,0,1,0
53,15,3695174.87,34.08,43.66,2,2,8,0,0,1
30,12,3427001.59,33.23,22.12,2,4,4,0,0,1
40,22,5345203.68,55.07,57.72,1,2,9,0,1,1
64,2,1569675.23,51.87,64.66,5,2,8,0,1,1
47,3,3981412.78,40.20,0.77,5,5,6,0,1,0
28,10,3098607.28,55.04,57.89,3,4,2,1,0,0
25,7,2754496.26,48.28,2.56,4,1,4,0,0,0
29,10,3561724.32,35.22,59.84,2,3,10,0,1,1
53,20,4396748.27,31.86,56.34,1,5,9,1,1,1
27,6,2388711.02,49.43,12.73,5,3,1,1,0,0
48,16,4810742.51,52.26,7.03,1,1,4,0,0,1
59,15,3229459.02,59.19,53.63,1,5,10,0,0,1
30,12,1952486.20,39.55,51.46,1,2,4,1,1,1
43,7,2423640.91,55.62,56.28,3,3,3,0,1,1
58,17,5464803.44,39.66,40.83,4,2,1,0,1,1
22,3,1901060.14,54.36,7.26,5,4,1,1,0,0
31,12,2850781.84,50.03,45.49,3,1,3,0,1,1
49,5,3249108.45,38.87,20.19,5,3,0,1,0,0
44,26,5101039.99,60.09,34.76,1,2,3,0,0,1
29,6,2010542.33,46.93,43.96,5,5,0,0,0,0
23,1,1400000.00,49.19,17.87,2,5,8,0,1,0
34,16,3720422.88,47.77,42.22,3,5,3,1,1,0
58,11,4579170.67,48.53,54.39,2,1,3,1,0,1
50,4,2170368.94,39.58,45.97,2,1,1,1,1,1
56,23,8100001.59,40.97,51.99,1,2,6,0,0,1
58,29,5927400.23,38.30,44.74,1,5,3,1,1,0
54,24,4606885.53,45.36,38.12,1,1,8,1,1,1
62,30,5862228.36,42.29,52.69,5,5,5,1,1,0
43,25,5920328.73,43.94,53.94,3,5,3,0,1,0
59,17,4534943.24,40.30,58.86,4,5,10,1,0,0
36,12,5251917.65,49.17,47.31,1,5,9,0,0,1
30,12,4687742.26,41.83,38.94,2,4,8,0,1,1
28,10,4715242.48,43.21,10.76,5,1,8,0,0,0
63,28,6384438.84,39.42,47.82,2,5,6,0,0,0
50,20,5588182.60,40.76,24.99,3,5,10,0,0,0
57,1,1938139.81,50.43,5.12,3,3,8,0,0,1
39,21,5538320.08,30.80,47.07,3,1,10,1,0,0
45,8,2696025.61,58.37,45.51,3,1,4,1,0,1
23,5,3298930.02,56.56,63.76,5,4,6,1,0,0
20,0,2995760.07,49.08,43.50,2,3,2,1,1,1
40,21,4261397.09,40.90,59.87,4,2,7,1,1,1
23,5,3866677.13,44.27,23.11,4,2,3,0,0,0
43,6,3410327.39,46.02,27.79,5,3,8,1,1,0
37,8,3820296.02,49.14,61.68,4,1,6,1,0,1
62,19,6534850.00,34.54,41.27,3,1,5,0,0,1
43,6,1400000.00,42.49,42.67,4,4,0,0,0,0
61,17,3714887.12,44.18,27.94,4,5,8,0,0,0
42,17,6052672.76,48.39,32.89,1,2,2,0,1,1
37,19,6016108.83,35.64,58.31,3,2,4,0,1,1
24,6,2572202.81,44.80,21.30,5,1,0,0,1,0
32,14,2546421.09,44.53,36.00,1,4,3,1,1,1
48,26,5327489.34,38.73,51.83,4,3,8,1,1,0
50,24,4739050.35,54.14,22.13,1,5,8,1,1,0
61,26,6392137.99,44.84,53.81,1,1,9,1,0,1
31,13,3459900.63,36.16,10.79,3,3,8,1,1,0
34,16,3856873.97,42.00,40.40,2,3,3,0,1,1
23,0,1890319.53,40.37,25.82,3,2,8,0,1,1
58,24,5557884.33,45.57,51.95,2,2,9,0,0,1
26,2,2065059.13,32.23,44.39,1,3,0,0,1,1
20,2,3100698.31,44.09,63.64,1,1,1,0,0,1
47,5,1632475.78,36.19,19.33,5,4,3,1,1,0
51,29,6566070.59,30.00,17.95,5,3,5,0,1,0
31,13,3204476.13,41.42,48.02,4,4,2,1,1,0
47,27,5687423.48,41.08,19.03,4,4,0,0,0,0
38,4,3488173.25,42.86,45.57,3,1,2,0,0,1
65,11,5225632.16,44.42,48.67,5,1,8,1,1,1
54,29,6497953.47,46.34,44.59,4,4,5,0,0,0
37,15,5164219.94,39.56,61.32,2,3,7,1,0,0
55,9,5147761.68,39.75,46.88,1,3,10,1,0,1
29,11,4158927.89,38.92,12.40,1,2,3,0,1,1
35,3,2201467.19,43.13,1.05,2,5,6,0,1,1
61,20,6156205.83,40.22,38.50,2,1,5,1,0,1
21,2,2452868.23,46.69,61.14,3,2,6,1,1,1
63,26,4359148.10,35.85,29.57,4,2,4,1,0,0
25,7,3043291.35,49.60,12.36,5,4,3,0,1,0
21,1,3162731.32,49.03,57.14,5,2,2,0,1,0
24,3,1400000.00,47.24,48.05,5,4,7,1,0,0
23,5,3219027.57,36.41,31.74,5,2,8,1,0,0
31,13,3520777.93,38.45,24.74,3,5,5,0,0,0
26,8,4185832.05,41.34,14.70,2,5,1,0,1,0
34,12,3383795.26,32.68,43.97,3,3,3,0,1,0
52,27,4759499.56,51.27,41.08,5,5,10,0,0,0
22,4,1443688.70,48.87,8.80,4,5,9,0,0,0
39,3,2256948.99,48.69,25.61,4,5,3,1,0,1
52,8,1639762.37,40.65,43.90,3,3,2,0,1,1
34,16,4835932.38,52.94,31.78,5,3,10,0,1,0
30,12,4598386.47,30.00,27.25,3,3,0,0,0,1
19,1,2945160.04,33.56,43.29,4,3,0,1,0,0
45,4,1924891.98,53.18,56.53,2,4,10,1,1,1
62,20,3680134.71,61.67,14.82,2,3,0,0,1,1
49,6,1400000.00,42.13,57.02,4,1,6,1,0,1
28,10,4731322.23,37.35,28.15,5,5,8,0,1,0
47,18,5936184.41,42.87,46.38,3,4,8,1,1,0
57,5,5232846.07,42.11,59.68,2,1,1,0,0,1
40,5,5490921.82,44.60,18.40,1,1,5,0,1,1
20,2,1400000.00,42.81,24.51,2,5,9,1,0,0
60,19,4739469.32,39.66,10.96,5,3,10,1,0,0
65,2,3839602.39,42.13,45.88,2,1,5,1,1,1
63,17,4694627.54,45.59,46.38,2,1,5,1,0,1
59,22,5831339.42,44.14,52.19,3,5,3,0,1,0
34,16,4514340.60,44.03,41.11,4,1,10,1,1,1
61,21,6292042.39,55.73,10.10,5,5,1,1,0,0
46,8,2447967.92,39.56,41.86,3,4,3,0,1,1
35,17,5971699.85,56.51,26.24,5,3,10,1,0,0
63,23,5279568.71,51.44,24.21,2,5,9,1,1,1
33,15,3461762.83,42.56,35.47,3,2,0,0,1,1
53,4,4523698.97,39.35,64.26,5,2,2,0,0,1
42,23,6041495.05,57.19,59.06,3,4,3,0,1,1
31,1,2257836.58,51.46,57.73,4,3,6,0,1,1
61,4,2193211.07,47.39,52.48,2,2,4,1,1,1
30,12,4529871.86,38.83,9.05,3,3,4,0,1,0
61,12,3218015.19,42.53,39.57,1,1,8,1,0,1
57,11,2036312.41,30.63,43.53,3,2,4,0,1,1
41,1,1961251.37,41.84,11.48,2,5,6,1,0,0
39,21,3822499.90,48.21,52.69,4,3,5,0,1,1
65,30,6951553.00,52.20,50.22,4,5,0,1,1,0
47,20,6026605.04,47.21,9.14,5,5,3,0,0,0
60,0,2140938.33,42.26,51.86,2,4,9,0,1,1
54,17,4298707.05,48.65,10.53,2,2,8,0,1,1
65,5,3637041.53,40.27,39.35,4,4,2,0,1,1
24,6,2916982.91,40.80,64.63,3,4,2,1,0,0
21,3,1659937.48,54.61,8.97,1,2,8,0,0,1
54,17,4510871.54,43.55,11.42,3,3,2,1,1,0
43,23,3593565.75,38.04,42.28,5,5,2,1,0,0
55,17,6062321.66,41.55,29.50,1,4,2,1,1,1
39,11,5211724.49,33.33,28.88,4,5,5,1,1,0
26,3,3756959.33,49.15,34.11,3,3,4,1,1,1
60,19,2233734.06,48.66,64.58,3,3,2,0,0,1
27,9,5529260.66,39.07,43.61,2,4,3,1,0,0
40,4,3044219.58,49.29,47.95,1,1,8,0,0,1
53,30,4736047.57,39.45,35.26,4,5,3,1,0,0
19,1,2041065.36,48.81,20.99,1,2,10,1,0,1
38,20,5815819.41,43.29,22.92,3,5,0,0,1,1
35,8,1572101.43,49.51,15.62,1,3,3,0,0,1
61,5,3382962.33,41.31,30.51,5,5,3,0,1,0
19,1,2433467.22,41.73,41.64,1,2,4,1,1,1
60,12,6708876.01,43.54,7.27,5,1,9,1,0,0
64,24,4891940.94,31.03,57.49,4,1,10,1,0,0
57,23,5918911.32,30.29,26.22,3,5,6,0,0,0
60,27,6940583.02,46.32,52.89,3,2,10,1,0,1
25,7,4376461.82,37.21,38.76,4,5,7,1,1,0
37,8,3473049.35,47.33,38.17,3,5,4,1,1,0
58,26,6146162.92,32.76,6.95,3,5,3,1,0,0
20,2,2844265.23,40.41,47.00,4,2,0,1,1,0
24,6,3780823.43,38.86,22.45,2,1,7,0,1,1
27,9,5212104.32,40.23,33.29,1,2,3,1,0,0
60,4,2503118.96,44.18,8.88,5,3,3,1,0,1
62,6,2859408.09,52.05,4.09,3,2,2,1,1,1
31,3,3464435.53,39.00,5.86,1,5,10,0,0,0
27,9,3682831.25,37.94,38.63,1,1,10,0,0,1
33,15,1915914.82,42.43,31.87,3,2,5,0,0,0
59,27,4935937.18,47.11,43.23,4,4,7,1,1,0
63,4,3571569.87,33.94,51.74,3,4,0,1,0,0
40,22,5425121.24,44.18,28.08,2,4,7,1,1,0
58,11,1400000.00,52.79,28.37,4,5,0,0,0,0
36,3,1894052.55,47.45,56.46,4,4,9,0,1,1
33,7,3366960.60,38.04,38.28,2,4,3,0,0,0
64,18,3912735.41,39.00,49.01,1,1,3,0,0,1
36,12,2930551.06,43.48,58.62,2,4,6,0,1,0
64,20,5859396.76,47.43,3.97,4,4,1,1,0,0
61,21,6793156.84,33.90,25.21,4,5,0,0,1,0
55,2,1741912.60,41.57,15.77,2,2,9,1,1,1
49,21,3283753.96,40.76,43.72,2,2,2,0,0,1
56,24,6427276.20,44.12,6.76,4,3,8,1,1,0
56,30,8066331.86,38.47,4.34,5,3,1,0,0,0
25,3,2627527.61,50.91,30.28,2,3,7,0,1,1
26,8,2664822.70,40.64,61.44,4,3,5,0,0,0
33,13,4311067.36,54.90,29.45,3,2,3,1,0,0
44,26,5669763.69,50.93,45.09,5,1,4,0,0,0
35,17,2866137.55,30.00,28.01,1,1,10,1,1,1
59,18,4191951.64,44.26,39.07,3,4,2,0,1,1
62,22,3369891.10,45.12,33.96,5,3,1,1,1,0
40,15,4732954.28,52.85,61.28,5,3,5,0,0,0
33,4,3057403.82,48.68,62.85,1,1,7,0,0,1
52,19,2664656.92,46.07,54.70,5,5,5,0,0,0
27,6,3235643.19,39.90,28.56,3,4,2,1,1,0
29,11,3052954.41,30.00,33.30,4,3,4,0,1,0
60,6,1400000.00,38.75,31.63,5,2,10,0,1,1
38,5,3043630.98,36.20,63.10,5,4,1,0,1,0
49,4,1780250.96,57.53,27.30,5,3,8,0,0,1
24,6,2485481.74,44.66,30.88,3,4,8,0,0,0
41,15,4308571.62,40.95,38.99,4,2,10,0,0,0
32,2,1400000.00,33.90,14.49,2,5,7,0,0,0
23,5,2324175.81,53.88,2.63,4,3,5,1,1,0
63,0,1698481.08,38.63,12.09,5,5,9,0,0,0
20,2,1717913.86,34.13,28.24,3,5,10,0,1,0
52,7,2136676.79,37.22,7.35,5,3,5,0,1,0
50,25,6922270.61,38.83,58.19,4,2,10,0,1,1
19,1,1400000.00,54.01,59.55,4,1,10,1,1,1
26,5,2507536.85,50.41,27.52,3,5,7,0,0,0
47,29,4089531.02,47.77,58.54,3,3,3,0,1,1
27,8,1400000.00,49.04,53.93,5,5,8,1,0,0
60,10,3408826.75,51.23,27.47,4,1,10,0,0,0
41,13,3558412.29,45.01,1.50,3,1,0,1,0,0
41,23,5370678.73,30.91,46.56,2,5,7,1,1,1
60,30,7332243.51,31.77,62.62,3,1,6,1,0,0
38,7,1450488.26,47.55,49.14,3,5,8,1,1,1
40,6,2666459.40,42.13,8.77,5,1,4,1,0,0
41,20,4270256.83,48.54,45.30,5,4,8,1,1,0
20,2,2214857.76,42.19,19.09,5,2,4,0,1,0
65,26,6955356.17,46.42,62.63,1,2,3,1,1,1
41,9,3466690.62,37.67,33.88,5,3,5,1,0,0
22,4,1400000.00,53.75,17.53,2,4,9,0,0,1
26,2,1447394.96,35.54,31.58,2,3,6,0,1,1
62,28,6102663.83,56.96,47.95,4,1,3,1,1,1
43,18,1811202.69,37.70,41.09,5,4,1,0,0,0
37,2,2932467.74,45.34,33.71,2,2,0,0,0,1
44,2,2640160.54,51.22,57.72,2,2,10,1,1,0
46,24,6636400.33,49.38,6.93,1,1,2,0,1,0
27,9,2510831.70,36.66,6.94,4,1,9,1,0,0
27,7,3622442.40,33.92,45.70,4,1,8,0,0,1
20,2,1400000.00,30.00,26.32,4,1,0,1,1,0
32,7,3479487.56,50.63,13.89,1,2,2,1,1,0
20,2,3282028.61,48.95,55.06,3,3,4,1,1,1
32,13,4887329.18,56.48,43.51,5,3,1,1,0,0
43,11,2380652.00,35.43,39.11,3,1,7,1,1,1
62,15,4474734.89,42.91,11.76,3,4,8,0,0,0
26,8,3505184.40,42.91,64.40,1,1,4,1,0,1
65,20,5541267.65,36.65,43.94,3,2,2,1,0,0
47,20,3952529.63,45.80,62.27,4,1,9,0,1,1
31,12,2109912.50,43.55,21.10,5,5,8,0,0,0
64,28,8027066.59,49.05,48.53,1,2,10,0,1,1
35,17,6534309.61,42.23,54.00,3,2,4,1,1,0
62,3,2248055.57,50.74,28.67,3,1,6,0,1,1
26,8,3737937.40,40.63,48.93,3,5,6,0,1,0
32,14,3807162.25,34.81,8.17,4,3,2,1,1,1
49,30,6270839.67,50.54,7.76,4,4,6,0,0,0
37,12,3822860.28,41.76,3.24,3,5,6,0,0,0
31,2,2034869.04,40.38,59.88,4,1,3,0,1,1
21,3,3902464.68,38.80,9.05,5,2,2,0,1,0
36,0,1400000.00,33.94,45.45,1,4,3,0,1,1
29,11,4191676.18,39.64,53.95,2,5,5,1,1,0
40,19,5479781.85,40.07,53.66,2,3,6,1,0,0
65,20,4772514.66,41.46,56.44,3,2,3,0,0,1
61,4,1400000.00,49.49,61.34,3,2,7,0,1,1
58,18,5028892.77,37.01,10.49,1,1,7,0,1,1
40,22,6262733.98,46.27,47.08,3,4,7,0,0,0
42,16,4722735.82,40.82,38.07,2,2,2,1,0,0
22,4,3687103.46,34.67,26.29,1,3,2,1,0,0
38,1,3459820.80,40.48,51.51,3,1,5,0,0,1
28,5,2239531.88,48.58,16.12,2,3,4,1,0,0
51,12,3639044.20,50.66,62.39,3,2,10,0,0,1
56,13,3225367.64,39.21,11.85,5,1,10,1,1,1
62,7,1400000.00,45.27,40.53,5,5,6,1,1,0
47,23,5166663.19,46.27,19.84,4,4,1,1,1,0
32,14,4892466.42,49.43,28.46,2,2,4,1,0,0
63,13,4754479.73,43.72,23.70,2,2,1,0,1,1
24,6,2621140.08,48.12,8.61,1,1,1,1,1,1
45,18,5337337.81,33.30,52.75,1,4,3,0,1,1
33,15,3389368.95,52.52,12.46,3,2,6,1,1,1
53,6,1848055.56,49.79,45.32,2,1,3,1,1,1
41,12,1910657.55,33.91,36.17,5,5,10,1,0,0
47,6,4436299.40,45.02,45.80,2,5,4,0,1,1
37,9,2435022.11,52.13,46.05,4,4,7,1,0,0
51,28,5110444.10,42.16,58.39,2,2,5,1,0,1
29,11,2738163.96,48.82,16.33,2,5,7,0,1,1
62,25,5515722.23,44.25,21.39,5,4,0,1,0,0
62,11,1548390.70,46.51,58.03,4,3,7,1,0,1
43,23,5256995.16,40.97,24.42,3,2,0,0,0,0
29,5,1832515.78,51.53,5.82,3,4,2,0,0,1
55,15,4624830.58,51.08,4.48,1,1,7,1,0,1
33,5,2246299.98,46.99,32.10,4,3,1,0,1,1
49,26,7189694.17,49.88,18.39,4,4,0,0,0,0
37,13,4529531.50,44.59,19.51,2,2,6,1,0,0
49,1,2409611.78,33.43,53.95,1,4,6,0,1,1
48,8,1862036.59,35.37,0.55,1,2,2,1,0,1
27,7,3699806.97,52.92,15.36,2,3,4,0,1,1
37,12,4746659.59,40.93,30.47,3,1,4,1,1,1
55,6,1934324.66,40.69,55.94,1,1,6,1,0,1
59,8,2893148.87,52.97,20.89,4,4,8,0,0,1
25,7,4133249.59,40.72,55.49,3,5,9,1,0,1
21,3,2665291.73,56.13,38.29,3,5,6,0,1,1
47,29,6732509.52,32.03,51.84,3,2,3,1,1,1
30,2,1400000.00,50.07,41.63,4,5,10,1,1,1
54,24,6051916.72,37.34,58.09,5,5,6,1,0,0
51,19,3585738.61,47.72,32.54,5,2,7,1,0,0
64,13,3654360.58,35.35,21.91,3,4,3,0,1,0
52,8,3772339.48,44.28,46.15,4,1,3,0,1,1
41,12,3723966.43,51.13,9.50,1,3,2,0,0,1
24,5,2758675.20,45.07,56.67,5,2,0,1,1,0
25,4,4968446.44,46.77,15.91,1,2,5,1,0,1
39,6,2275266.83,48.38,49.44,3,5,4,1,0,0
19,1,1400000.00,42.28,7.14,1,4,6,0,1,1
41,16,3255516.25,53.48,33.03,4,5,2,0,1,0
37,13,5950673.55,48.49,24.13,3,5,7,1,0,0
50,5,2134623.11,45.01,28.77,1,4,9,0,1,1
44,16,1400000.00,40.52,54.49,1,5,3,0,0,1
50,6,2570022.51,49.78,56.17,5,4,5,0,1,1
46,2,3105978.06,41.51,41.66,2,1,1,0,1,1
53,1,2738391.90,39.62,4.63,4,5,3,1,0,0
20,0,1400000.00,56.06,10.80,4,5,2,0,1,0
28,10,3589198.94,45.81,29.25,4,4,4,1,1,0
39,11,3219062.24,46.68,10.68,4,4,10,0,1,0
55,23,4874336.16,54.83,38.37,3,5,4,0,0,0
23,5,4336491.77,50.90,59.31,4,2,2,1,1,1
57,8,3815624.81,48.29,57.47,4,5,2,1,1,1
33,15,3355664.97,46.21,10.17,2,2,2,0,0,0
48,30,4498771.66,40.09,31.59,4,5,4,1,0,0
44,16,5374362.14,41.52,4.20,1,5,4,1,0,0
38,20,5198989.20,48.97,45.06,1,5,0,0,1,0
44,1,1400000.00,45.76,37.50,1,2,1,0,0,0
21,3,1635182.59,46.55,54.67,1,1,2,1,1,1
59,10,3838806.11,41.58,1.23,2,4,10,1,0,0
21,1,3590967.00,52.52,51.85,5,4,3,0,0,1
33,15,3537631.61,43.98,2.29,5,5,9,1,0,0
26,2,2886499.19,40.32,0.98,4,2,8,1,1,0
26,8,3359374.00,47.48,32.97,4,5,8,1,1,0
65,6,1400000.00,36.32,49.71,5,1,2,0,1,1
40,2,1760567.40,48.08,47.14,5,5,4,1,0,0
25,0,1400000.00,51.81,61.00,5,1,3,0,1,1
35,17,5221496.69,50.27,12.33,2,3,6,1,1,0
51,26,5318678.19,42.94,50.42,4,5,8,0,1,0
36,18,5365754.10,32.86,32.07,3,5,6,1,1,0
31,13,3929324.33,43.57,57.87,5,5,1,0,0,0
59,19,4076108.67,42.22,57.62,5,2,0,0,1,1
60,14,5678633.53,44.38,19.05,3,4,5,1,0,0
28,1,1950618.09,44.94,17.94,4,1,0,1,0,0
52,7,4254288.68,30.00,51.92,5,4,5,1,0,0
48,3,1400000.00,31.64,50.38,5,1,8,1,1,1
37,19,3481495.81,40.00,40.21,1,2,0,0,0,1
57,12,4434986.83,47.92,61.29,5,1,1,1,1,1
49,6,1400000.00,44.27,42.15,2,2,0,1,0,1
41,16,3270434.53,60.56,11.94,4,5,0,1,1,0
50,16,3859604.01,37.51,64.44,1,3,10,1,1,1
54,24,6744241.32,39.93,3.40,5,3,10,1,1,0
49,18,3713888.20,38.01,13.82,2,2,6,0,0,1
55,16,3046077.43,37.27,11.37,4,1,4,1,0,0
19,1,2723801.00,44.96,3.36,1,1,4,0,0,1
48,3,1400000.00,42.38,32.78,5,2,6,0,0,1
21,3,1400000.00,46.64,37.31,4,3,9,1,1,1
30,12,5685420.45,40.69,16.24,4,4,7,1,1,0
27,9,1634161.22,39.81,21.14,4,5,9,1,1,1
34,16,4746595.21,54.87,13.11,2,3,2,1,1,1
33,12,6149499.03,38.73,38.29,3,3,5,0,0,0
65,25,5179442.41,41.94,1.15,4,3,3,1,0,0
50,23,5734394.77,49.05,63.93,4,3,6,0,1,1
25,7,3666826.45,37.66,38.69,1,3,10,0,1,1
47,14,4045068.66,49.72,3.23,4,5,0,1,1,0
59,1,1805387.24,34.19,31.01,5,5,0,0,1,0
30,12,3988874.65,40.67,18.10,1,1,9,0,1,1
50,1,2895329.06,46.30,63.69,1,2,1,1,1,1
57,20,4404958.75,35.51,25.28,5,2,5,0,1,0
59,29,7031470.06,35.74,27.15,2,4,7,0,1,0
42,0,1400000.00,35.75,46.87,5,3,2,1,1,0
59,25,3072636.21,39.01,36.82,5,2,7,1,0,0
55,7,3290586.05,42.71,27.27,2,4,8,1,1,1
35,17,4528451.48,43.43,13.92,4,4,0,1,1,0
40,17,3389315.51,35.28,37.03,2,5,7,0,1,0
46,8,2813249.83,46.25,18.96,1,2,7,0,1,1
31,13,3670939.56,45.94,2.28,5,2,0,0,0,1
59,2,3331338.43,46.23,57.48,4,1,4,1,0,0
31,9,1486535.49,42.07,27.75,2,4,6,1,1,1
63,30,8135645.11,31.42,8.86,1,5,8,0,0,0
43,25,3676636.02,34.80,35.69,4,4,7,0,0,0
56,23,4686561.74,38.88,4.39,5,2,8,0,1,1
51,0,2189990.45,39.48,55.45,3,3,4,0,1,1
63,7,1400000.00,55.54,7.31,4,3,0,0,0,1
28,10,3409085.78,35.84,55.20,1,5,4,0,1,1
42,7,1677816.59,46.06,9.94,1,3,4,0,0,1
23,5,4277003.18,35.66,7.57,3,4,4,1,0,0
48,30,7298442.56,50.77,23.42,2,3,9,1,1,0
54,29,4665626.82,42.70,58.63,4,4,0,1,1,0
28,10,3165614.54,40.06,53.98,3,5,2,0,1,0
65,19,4337875.39,46.04,38.64,1,3,8,1,1,1
33,5,2696588.58,37.19,37.39,3,4,9,1,0,0
19,1,1889323.32,36.28,50.05,5,5,0,0,0,0
48,20,3354735.91,34.72,2.23,2,5,5,0,1,0
52,29,7473255.94,47.21,59.22,3,1,1,1,0,0
51,8,4194095.74,48.99,15.32,5,2,8,0,0,1
22,4,3751085.59,40.00,50.00,4,4,9,1,1,0
47,1,1719518.16,42.38,56.32,5,4,1,1,1,0
28,10,3884486.10,34.22,20.79,2,3,5,0,0,0
54,8,2850772.32,39.79,31.18,4,1,0,1,0,0
31,11,4426840.89,47.00,6.93,1,3,2,1,1,1
20,2,3331325.64,40.83,28.86,2,2,4,1,0,1
62,16,3891035.34,41.52,0.70,3,1,3,1,0,1
63,23,4461520.25,41.76,59.98,3,2,4,1,1,1
25,7,1878257.59,44.29,53.94,5,5,1,1,0,0
26,8,3352887.86,46.06,24.49,1,1,2,0,1,1
59,10,1838578.88,45.36,49.78,5,5,7,1,0,0
60,9,2232202.05,39.29,33.31,2,3,1,0,0,1
48,11,5086877.73,32.67,31.80,4,5,2,1,1,0
29,1,1400000.00,55.00,16.55,5,4,0,0,1,0
32,14,4643867.99,41.36,23.15,3,3,1,1,0,0
53,5,4567185.64,44.38,28.31,4,2,6,0,0,1
27,9,3773560.20,39.99,50.63,1,1,5,0,0,0
60,14,3866793.57,32.84,57.46,2,3,6,1,0,1
64,21,3095348.43,33.48,28.04,2,4,2,0,1,0
57,21,6658786.74,52.29,57.83,5,3,7,0,1,1
38,20,5018473.61,49.77,48.59,1,3,3,0,0,1
32,5,2400116.67,45.06,21.55,1,4,2,0,1,1
20,2,2861435.33,40.44,47.83,2,5,6,0,0,0
55,10,1813023.12,47.53,58.96,3,2,0,0,0,1
46,14,2651642.86,38.81,54.58,1,1,10,1,1,1
32,11,3190504.77,46.15,4.63,2,1,1,1,0,0
57,7,5015467.43,42.87,55.56,4,3,1,0,0,1
65,4,3113699.32,47.73,16.26,1,5,2,0,0,1
57,23,6554941.66,38.89,41.84,5,4,9,1,1,0
48,4,1714526.38,33.25,13.94,2,2,9,1,1,1
22,4,1400000.00,39.53,37.86,4,5,7,0,1,0
65,12,3444770.12,47.88,13.31,2,5,1,1,0,0
22,4,3219719.07,48.67,59.83,1,1,8,0,1,1
62,14,5532090.80,53.96,56.10,3,5,6,0,1,1
33,0,1400000.00,51.42,6.76,5,2,4,0,0,0
60,29,6575228.82,50.64,59.89,4,4,10,0,1,1
35,17,4739376.42,45.00,21.69,4,3,6,1,1,0
22,4,1576501.34,43.59,13.53,5,4,8,0,1,0
22,4,2743206.71,45.83,9.78,2,5,5,1,1,0
28,8,3789399.07,49.06,33.83,1,4,1,0,0,1
32,12,2675725.15,47.21,28.19,3,2,2,1,0,0
41,12,5228725.86,44.34,57.64,1,2,4,0,0,1
30,5,3597432.18,41.85,42.25,2,2,8,1,1,1
65,20,6021106.31,38.84,42.01,4,2,7,1,1,1
51,13,4575751.97,39.12,27.53,4,3,7,1,0,0
60,19,5695875.38,42.99,6.71,4,1,3,0,0,0
54,15,3303282.23,41.89,15.44,5,3,9,1,1,0
24,6,3762154.17,43.98,46.90,5,5,3,1,0,1
63,18,4889566.00,35.07,22.21,3,3,1,0,0,0
62,23,5928478.74,37.55,27.88,5,1,4,0,0,0
21,3,1461342.43,51.51,60.21,2,4,1,1,1,1
59,24,5057974.36,39.09,36.82,5,1,9,1,0,0
54,13,4754040.68,55.71,64.66,1,1,5,1,1,1
35,17,3637431.47,43.14,2.63,5,3,9,1,1,0
44,0,1400000.00,51.17,28.24,5,3,2,0,1,1
58,21,5434094.30,44.32,54.74,4,2,4,1,0,0
60,11,3635253.12,45.91,5.97,2,1,1,1,1,1
24,6,3889201.34,32.65,4.27,3,1,6,1,1,0
51,14,2790768.11,41.30,52.42,2,1,5,0,1,1
44,16,5381290.98,40.69,55.34,1,3,0,0,0,1
46,20,5933798.94,30.00,13.11,4,3,3,0,1,0
55,6,4127073.55,44.70,10.01,4,1,1,0,0,1
34,5,3514306.55,46.85,26.18,3,4,5,1,1,0
56,15,4655217.68,41.15,52.27,1,4,4,1,1,1
46,11,4130048.36,34.38,22.18,4,5,5,1,0,0
61,29,5403874.37,43.83,1.52,2,1,6,1,1,1
51,13,3349753.39,38.01,50.46,5,1,8,0,1,1
36,18,4496834.77,51.61,12.96,2,2,2,0,0,1
64,1,4458265.90,44.43,58.49,2,3,3,0,0,1
23,5,1538732.28,45.75,16.96,5,4,4,1,0,0
20,2,1669112.34,30.11,24.66,2,3,10,1,0,0
64,8,2640227.14,47.56,60.87,4,2,5,1,0,1
35,17,3495416.85,50.96,29.26,2,1,10,0,1,0
37,19,5303921.95,48.31,52.67,3,1,9,1,0,1
19,1,3197671.51,38.07,63.43,3,3,0,1,1,0
43,1,1930849.24,55.01,1.43,3,3,1,1,1,1
22,4,2058946.52,38.17,64.67,4,5,5,0,1,0
29,11,2604362.10,55.01,13.42,2,3,2,1,1,1
25,7,2559017.48,33.69,29.65,2,4,1,1,1,0
38,20,5662340.48,40.90,64.40,4,5,10,0,1,0
49,29,6326165.75,47.75,27.81,5,3,10,0,1,0
57,11,4307447.40,38.49,58.85,2,3,3,0,1,1
48,0,1827470.93,39.34,41.39,1,2,7,0,1,1
50,4,3412360.95,37.33,49.30,1,5,3,0,1,1
64,25,6290033.85,44.48,43.98,4,2,5,0,0,0
60,18,4400093.03,52.55,53.44,3,3,3,0,1,1
40,22,3839631.01,36.72,56.31,3,2,9,1,0,0
42,17,4643678.78,49.38,35.42,3,2,2,0,1,1
47,20,4380624.31,42.13,20.13,4,5,1,1,1,0
40,21,5793571.20,52.07,58.72,4,4,7,0,1,0
54,23,5578032.32,30.00,45.62,2,3,9,1,1,0
48,20,3967897.00,52.55,34.66,4,3,0,0,0,0
49,29,7528006.67,40.43,60.49,2,2,2,0,0,0
51,23,5377031.17,35.81,12.56,1,1,0,1,0,1
41,3,2380326.24,33.09,37.11,1,5,3,1,0,1
62,23,7417882.52,47.62,16.42,5,3,8,0,1,0
56,22,5905664.49,53.85,45.14,1,3,8,1,0,1
46,28,5154045.30,30.00,23.17,2,5,10,0,0,0
53,5,2236858.32,51.92,39.75,1,1,5,1,0,1
20,2,3002424.64,55.03,17.19,3,4,1,0,0,0
29,5,2619811.57,49.05,25.84,5,5,10,1,1,0
25,5,2878114.51,42.49,30.78,1,2,6,1,0,0
28,10,3176261.27,49.73,15.94,2,1,0,1,0,1
32,4,3119793.33,36.75,51.67,1,5,3,1,1,1
26,8,4641497.62,38.36,7.98,5,3,1,1,1,0
31,13,4187803.63,49.83,59.16,3,5,9,0,1,1
50,15,3776887.05,41.46,30.45,3,4,9,0,1,1
49,29,5851528.76,36.01,16.60,4,5,0,1,1,0
56,13,4086146.95,37.17,8.84,5,1,2,0,0,0
36,1,3006128.22,47.76,34.55,5,1,0,0,1,1
33,15,3619367.37,39.08,21.16,1,2,8,0,1,1
37,9,1400000.00,46.05,50.82,5,2,3,1,1,0
65,2,1514607.46,45.87,14.12,1,3,4,1,1,1
42,7,2045211.01,36.54,31.75,1,4,6,0,1,1
24,1,1400000.00,52.34,4.40,1,4,10,0,0,1
32,14,3556394.55,40.91,35.09,2,4,2,1,0,0
57,18,4998193.95,47.24,0.95,3,2,8,0,1,1
26,8,3126978.36,42.26,18.23,5,5,9,0,0,0
65,3,1400000.00,54.39,64.27,2,3,10,0,1,1
35,17,5314204.62,44.45,9.36,1,2,4,1,1,0
35,1,2581242.83,40.67,46.85,2,1,3,1,0,1
40,9,4046707.08,36.89,40.75,5,3,8,0,1,0
29,11,3361336.44,45.40,43.90,3,5,2,0,0,0
36,18,5477213.32,49.54,39.04,3,4,6,1,0,0
42,24,5599067.96,45.61,60.73,5,4,4,1,1,0
61,24,5284624.70,42.17,27.48,5,5,3,1,0,0
58,2,1400000.00,39.09,14.63,5,2,3,0,0,0
38,13,3345725.34,61.37,1.04,5,4,5,0,0,0
47,19,5380021.83,44.40,38.90,2,4,0,1,1,0
26,5,1834650.41,51.32,56.90,5,5,1,0,1,1
41,0,2327268.25,47.43,8.67,4,5,8,0,1,1
57,13,2857335.69,41.28,30.49,5,4,1,0,0,0
45,18,4961679.21,32.95,5.06,1,5,2,0,1,0
56,23,4932544.47,42.22,58.06,1,2,6,1,0,1
31,13,4479946.01,39.01,44.55,5,4,7,0,0,0
33,10,3229475.24,33.39,60.70,2,3,5,1,0,0
41,7,2688805.08,47.07,57.09,5,3,6,0,1,1
46,20,4255163.05,41.49,40.33,3,2,4,0,1,1
41,3,1400000.00,41.00,42.82,1,4,9,1,1,1
24,6,4278240.48,38.23,9.17,1,5,4,0,0,0
37,0,2012336.13,34.74,47.66,4,4,1,0,0,0
37,19,4566280.22,59.30,41.41,2,4,1,0,0,0
42,16,3485357.18,37.05,10.71,3,1,10,1,0,1
47,25,6328641.08,36.77,61.74,3,1,9,1,1,1
34,2,3041330.62,43.44,8.45,1,5,5,0,0,0
40,4,3091148.23,43.53,64.53,3,2,4,0,0,1
52,4,3124747.90,32.31,5.08,3,1,6,1,1,1
63,9,2003406.41,41.01,13.95,1,2,8,0,1,1
23,5,2575728.36,33.68,63.52,5,2,2,1,0,0
59,16,3114183.26,38.16,30.10,3,5,0,1,0,0
53,20,5540788.47,44.63,50.40,5,5,0,1,0,0
37,10,2363325.48,36.94,35.95,1,5,5,0,0,0
44,24,5261153.91,49.31,27.95,3,2,0,0,1,0
42,19,5590932.88,48.65,28.37,2,1,3,1,0,1
20,2,2789130.55,30.00,58.51,3,1,7,1,1,1
65,12,3497358.17,38.21,43.36,5,1,4,0,0,1
40,3,2073986.97,45.94,10.50,5,5,3,0,1,0
21,3,1974415.59,43.57,12.75,2,2,6,0,0,1
29,11,2171503.87,43.86,8.42,5,2,10,1,0,0
42,17,3223923.49,37.64,37.01,4,4,10,1,1,0
65,6,3052799.15,48.48,27.02,2,3,1,1,0,1
46,13,2858769.55,46.89,2.77,4,4,2,1,0,0
51,19,6950033.27,45.46,52.84,4,1,4,0,0,1
60,10,2823437.39,37.52,21.36,3,5,1,1,0,0
51,21,4222981.78,48.51,35.73,4,1,9,0,0,1
42,24,4244395.42,42.32,10.72,5,2,0,0,1,0
38,20,6921635.98,48.71,50.30,4,4,4,0,1,0
38,13,3087260.48,44.31,52.30,4,3,8,0,1,1
30,12,1597705.57,39.06,45.08,3,4,9,0,0,1
31,13,4390372.64,48.76,61.94,2,4,1,0,0,0
51,30,5849667.14,47.61,49.77,3,1,1,1,0,0
23,1,1589550.58,37.02,17.99,4,2,5,1,0,0
47,24,5270146.09,41.47,38.18,4,3,9,0,1,0
39,3,2763279.28,33.45,31.74,1,4,1,0,1,1
20,2,1584172.70,58.35,14.71,3,4,8,1,0,0
23,5,3593011.80,50.85,20.54,2,2,1,1,1,0
61,8,1635577.94,58.81,28.19,1,2,1,0,1,1
59,14,4803634.21,52.38,4.32,1,3,5,0,0,1
36,16,3631806.57,35.56,5.00,5,5,7,1,0,0
37,17,4966337.55,35.11,35.93,5,2,0,1,0,0
59,4,1400000.00,48.91,38.37,1,3,2,1,0,1
41,23,3985068.54,44.90,49.44,3,5,2,0,0,0
60,26,4096574.29,47.64,30.95,4,5,4,1,0,0
50,10,1692817.45,49.80,31.03,5,3,4,0,0,0
25,7,2339329.81,51.25,12.35,4,1,3,1,0,0
59,0,2268739.18,31.62,38.75,2,2,3,0,1,1
64,11,2855629.33,31.82,43.74,4,5,2,0,0,0
24,6,2228769.84,54.42,46.81,1,2,7,1,0,1
19,0,3032562.83,46.39,8.02,3,3,5,0,0,0
54,24,4513152.86,47.97,19.53,4,2,9,1,0,1
29,11,3867722.20,52.92,47.89,1,2,10,0,0,1
44,18,4550761.80,52.44,3.11,5,1,7,1,1,0
33,12,2885230.73,46.29,60.78,1,2,9,0,0,1
31,13,2402613.99,53.48,51.02,5,5,6,1,1,0
51,7,3915945.02,35.41,18.90,4,5,10,0,1,0
30,10,3071938.16,52.98,58.33,2,4,3,0,0,1
57,0,1560621.19,33.81,57.72,3,4,1,1,0,1
38,20,5252668.45,51.44,26.50,3,4,4,0,0,0
19,1,2179034.72,33.40,30.93,3,3,10,1,0,0
59,22,6781465.22,42.35,56.22,2,5,0,1,0,0
52,15,4298039.04,47.91,49.33,1,4,10,1,1,1
44,26,7033456.03,41.37,50.95,5,1,4,1,0,0
24,6,4594461.01,39.49,23.84,4,1,2,0,0,0
50,23,5659729.83,35.61,59.46,3,3,10,0,0,0
19,1,1400000.00,43.11,7.72,1,2,7,1,0,1
33,3,4170177.56,48.90,52.06,5,1,3,0,0,1
36,18,7262209.74,30.00,61.14,1,1,3,0,0,1
53,29,7034737.80,58.80,17.35,3,4,3,1,1,0
59,17,5565258.92,45.43,10.78,1,4,0,1,0,0
37,2,4016831.46,42.39,10.80,1,5,4,0,1,1
54,10,3773035.06,38.06,7.91,3,1,10,0,0,1
37,19,6588082.74,41.72,10.62,3,4,3,1,1,0
53,22,5633277.73,46.90,57.54,3,1,8,1,1,0
28,10,2409565.19,48.01,21.88,1,3,3,1,1,1
38,13,4492164.00,42.21,1.13,1,2,9,1,0,1
57,2,2257498.01,41.46,61.35,3,1,7,0,0,1
35,17,4559009.11,47.02,12.60,5,1,7,0,0,0
34,6,2681347.70,42.21,23.12,4,1,4,1,0,0
33,2,2491169.08,44.03,3.39,2,5,2,0,1,0
44,2,2643809.40,46.18,13.77,2,1,5,0,1,1
52,10,3134259.47,48.84,31.22,1,4,1,0,0,1
56,18,5557111.62,30.00,52.91,2,3,6,1,1,1
36,18,5442832.69,53.65,13.97,1,5,7,1,0,0
28,10,3552741.14,40.96,61.22,2,4,1,1,0,0
64,19,2931370.82,48.01,52.50,1,4,0,1,1,1
27,2,1945994.78,37.66,32.34,5,5,0,0,1,0
42,24,4859295.28,37.93,49.32,1,1,4,0,1,1
31,13,4532553.90,36.91,29.77,3,1,3,1,0,0
44,25,5856812.38,50.16,14.03,2,5,6,0,1,0
64,28,3331755.90,32.28,23.80,4,3,2,0,0,0
62,18,4401312.57,42.63,24.69,5,5,4,0,0,0
41,14,3709620.03,38.34,59.13,3,5,4,0,1,0
47,5,3226683.34,43.71,35.72,2,1,3,1,0,1
51,26,4940926.72,30.00,50.37,5,4,2,1,0,0
21,3,1474846.86,44.34,34.70,2,2,9,0,0,1
30,0,1400000.00,40.46,6.79,5,5,4,1,1,0
61,18,4342082.17,36.54,42.21,5,3,3,1,1,0
55,0,2169338.25,51.45,20.98,2,4,1,1,1,0
52,23,4327205.73,40.92,26.73,4,5,0,0,1,0
21,3,3960317.55,39.38,64.93,3,5,8,1,1,0
29,2,2628256.45,30.00,20.08,1,4,7,1,1,1
38,20,3165925.24,38.44,7.47,4,4,5,0,1,0
27,9,2814336.75,51.26,41.78,2,3,1,0,0,1
42,4,3007084.65,48.05,1.35,5,2,0,0,1,0
40,14,3149874.65,43.07,45.22,1,3,10,0,1,1
31,13,3179657.96,38.93,29.69,4,3,0,1,0,0
49,19,5651542.15,32.89,12.86,3,1,7,1,1,0
64,21,4831254.43,41.26,57.35,5,5,8,1,0,1
48,23,3141747.03,45.44,19.45,3,1,7,0,0,1
54,15,5112851.53,34.47,53.11,4,4,8,0,0,1
44,23,5065785.95,56.60,47.10,2,4,9,1,0,1
29,11,3613170.37,35.39,51.60,5,1,5,0,0,0
33,15,3026562.58,45.46,13.97,3,4,4,1,0,0
42,16,3434307.00,50.02,1.14,3,3,7,1,1,0
52,11,1400000.00,46.41,42.67,2,3,2,0,1,1
37,17,3694687.53,42.88,20.10,5,1,4,1,0,0
41,14,3956540.98,45.10,54.71,2,2,4,1,0,1
28,4,4641217.13,30.00,58.32,4,2,2,0,1,0
46,23,4110556.30,44.11,15.12,1,4,4,1,1,0
59,2,1453104.84,44.30,21.94,4,5,4,0,1,1
57,12,4251422.95,49.28,56.98,3,2,10,0,1,1
55,26,4972872.24,54.22,51.36,3,4,9,0,1,1
19,1,2557738.67,53.48,19.76,3,2,0,1,1,1
59,21,5084248.23,47.99,23.44,2,5,2,0,1,0
65,14,4090405.08,50.78,51.64,4,1,1,1,0,1
44,26,7342334.52,48.96,55.77,3,4,10,0,0,0
59,12,4378323.42,48.32,4.11,3,2,0,1,1,1
36,18,4552524.80,53.49,36.31,5,5,4,0,0,0
29,6,1400000.00,38.23,45.36,2,1,10,1,1,1
56,10,5143281.29,39.17,40.73,3,2,9,1,0,1
49,6,2464215.86,38.38,36.17,1,2,0,0,0,1
32,14,5080182.67,50.11,6.63,3,5,1,0,0,0
23,5,1400000.00,33.04,55.36,5,3,1,0,0,0
23,5,4654295.62,45.22,11.12,3,2,6,1,1,1
31,0,1442681.77,31.09,35.33,2,2,4,1,0,0
31,3,1931570.07,36.49,24.85,2,5,0,1,0,0
28,10,1964701.66,41.74,40.80,3,5,2,0,0,0
20,0,1746192.73,45.57,1.29,3,2,0,0,0,0
65,15,4915510.96,38.80,46.39,2,2,7,1,0,1
54,11,2984093.41,44.58,11.25,3,2,3,1,0,0
55,25,5174532.88,39.26,26.42,1,5,5,1,1,0
33,15,5386427.55,44.09,11.08,4,2,4,0,1,0
43,9,1752081.75,47.81,4.16,3,4,4,0,1,1
42,3,1976348.80,42.64,23.32,1,4,8,1,1,0
56,0,2850536.25,39.57,25.84,1,1,9,1,1,1
20,2,2273938.96,42.08,4.78,4,4,10,1,1,0
23,4,3031973.89,45.78,4.12,5,1,5,1,0,0
24,4,3387123.26,39.91,43.24,5,3,7,0,1,0
22,4,2885899.07,46.22,11.22,3,1,5,0,1,1
58,1,2344741.51,30.00,61.95,3,4,1,1,1,1
57,8,3091506.66,42.99,50.29,2,3,0,1,1,1
51,17,3199350.69,50.12,60.59,1,5,1,0,0,1
23,2,3921985.36,30.00,18.69,4,5,3,1,1,0
23,4,1400000.00,51.60,27.17,1,2,5,0,1,1
45,27,5757516.99,52.87,35.37,5,2,9,1,0,0
49,10,2896771.93,45.57,61.42,3,4,7,0,1,1
48,0,1400000.00,40.23,60.66,1,4,3,0,0,1
42,24,5600147.58,44.23,41.08,5,3,8,1,0,0
53,14,4367026.93,39.20,61.06,2,1,4,0,1,1
36,16,4714556.28,44.58,18.95,4,5,7,0,0,0
65,9,2447605.66,43.56,63.23,4,4,4,1,1,0
21,2,2549372.68,45.91,24.06,1,2,2,0,1,0
60,6,2863569.43,53.77,29.41,5,5,3,1,1,0
46,18,4884790.95,40.27,28.63,5,5,3,1,0,0
61,17,6592987.00,35.98,53.45,4,3,1,1,0,0
51,15,5279692.03,36.25,51.88,2,3,8,0,0,1
53,6,2477371.16,54.41,7.70,4,2,0,1,1,1
33,3,4144726.24,48.48,33.03,5,3,1,1,0,0
54,13,3517872.18,30.00,51.16,1,2,7,0,0,1
31,10,3803414.48,41.50,49.79,4,1,2,0,1,1
58,10,3802407.31,54.40,56.99,3,5,9,1,1,1
23,2,1472327.88,41.08,55.58,2,3,5,1,1,1
37,19,5253304.03,39.74,15.86,2,4,9,1,1,0
62,5,3176497.74,36.90,42.13,3,4,6,1,0,1
24,6,3253020.52,44.27,29.43,4,1,2,1,1,1
22,4,1400000.00,43.16,10.38,1,5,10,1,0,0
46,4,1587564.26,46.52,56.54,1,2,1,1,0,1
47,28,5995599.56,34.18,40.84,5,2,10,1,0,0
21,1,2521458.49,48.22,19.23,5,5,1,1,0,0
65,22,4931130.88,31.36,58.81,2,2,9,0,1,1
25,7,2762360.42,42.12,60.39,5,5,6,1,0,0
50,19,4250343.86,52.25,11.43,3,2,1,0,1,1
22,4,3034959.73,48.94,54.62,2,4,2,0,0,1
19,1,2512775.42,33.06,9.96,2,2,0,1,1,0
32,4,2490746.70,34.88,22.01,4,4,4,0,1,0
41,9,3217942.65,50.59,52.73,2,1,2,0,0,1
48,29,5273290.04,50.98,52.11,4,5,0,0,1,0
20,2,1400000.00,45.75,62.17,2,3,10,1,0,1
45,8,1923429.67,42.24,20.07,2,1,4,0,1,1
29,11,3349497.09,47.21,21.08,3,4,5,0,1,0
28,10,3140224.73,30.00,19.18,2,1,10,1,1,1
54,26,4965933.41,58.21,28.33,2,1,0,1,0,1
54,30,7161142.24,33.91,6.68,2,3,9,0,0,0
32,14,3664634.07,39.66,5.75,3,1,6,0,1,0
30,6,3065717.91,40.45,55.25,5,3,9,0,1,1
54,11,5400940.04,39.32,52.82,4,2,6,1,0,0
22,1,3106501.85,50.54,21.71,3,5,8,0,1,1
24,6,2665948.27,49.60,60.64,2,4,7,0,0,1
64,5,2419222.35,51.84,11.74,2,3,6,1,0,1
34,4,1400000.00,57.39,15.42,4,1,9,0,1,1
55,19,3372390.93,53.74,54.45,2,1,3,1,0,1
20,2,4483896.00,32.89,58.76,1,5,2,0,1,1
64,6,3287451.11,44.73,19.30,2,5,8,0,0,1
36,4,3417606.91,36.90,0.66,4,4,7,1,0,0
61,12,5091816.57,36.88,63.51,2,3,4,0,0,1
28,10,1400000.00,43.13,55.04,4,5,3,1,1,0
52,8,3176531.61,47.91,26.01,3,2,7,1,1,1
54,28,7432219.59,30.60,62.78,2,2,9,1,0,0
47,28,4951490.35,44.01,55.67,4,2,6,0,1,1
63,6,1750183.06,44.84,11.44,1,1,6,1,1,1
65,19,3649937.37,32.90,37.76,3,2,6,1,0,0
20,2,2525570.71,43.61,47.99,3,4,0,0,0,0
32,14,5503110.47,48.07,3.22,4,5,4,0,0,0
48,13,5876685.03,47.14,33.79,2,5,10,1,1,1
20,2,1400000.00,35.22,11.86,1,3,8,0,0,1
62,8,3450320.92,40.96,40.85,5,1,4,0,1,1
50,0,2000766.87,36.08,50.93,4,5,1,0,0,0
39,4,3800439.94,51.60,2.34,4,1,6,0,0,1
32,14,6016837.68,46.28,45.04,1,5,9,1,0,0
28,10,3884810.78,40.05,7.32,5,1,6,0,1,0
56,20,4861624.42,39.48,49.25,2,3,7,1,1,1
22,4,4454870.29,43.90,34.04,3,4,4,1,1,0
64,15,3779155.38,53.04,33.38,2,2,2,0,1,1
48,24,4711706.00,48.29,34.69,3,5,9,1,1,0
50,12,3899163.01,40.47,46.03,5,3,4,0,1,0
32,13,3702335.96,45.12,29.95,4,1,0,0,1,1
54,3,4142154.70,49.11,2.94,1,4,6,1,0,1
26,8,2883445.22,47.80,44.82,3,3,3,1,1,1
33,15,4636001.31,53.49,60.89,1,4,7,1,0,1
30,4,1918463.26,32.31,51.56,1,2,5,0,1,1
34,16,5209623.01,49.32,64.40,4,4,5,0,0,0
26,8,2169644.85,39.47,58.82,1,5,4,0,0,1
24,6,2493215.95,49.95,1.26,5,1,10,0,1,1
20,2,1400000.00,43.58,29.51,2,4,7,1,0,0
29,9,4050042.47,38.43,3.60,3,5,4,1,0,0
43,25,5972941.55,48.52,18.22,5,1,10,0,1,0
30,7,1714130.26,52.15,35.65,1,2,8,1,1,1
60,14,3974026.14,43.22,48.85,2,5,3,1,1,1
53,6,1400000.00,54.84,51.05,2,4,4,1,1,1
20,2,2304328.45,41.26,57.46,3,5,3,1,0,0
58,0,1400000.00,55.63,44.12,2,5,2,0,1,1
31,13,3273412.36,40.91,61.75,3,4,0,1,0,0
32,7,2315022.38,36.41,62.50,4,2,0,0,1,1
46,11,3428584.83,35.00,32.27,4,5,10,0,1,0
19,1,3657855.17,36.57,11.71,1,5,0,0,0,0
62,0,1811297.04,41.16,30.36,2,1,0,1,1,1
30,12,3958163.03,47.08,40.26,3,3,2,1,1,0
61,23,4870059.60,43.77,11.72,1,5,7,1,1,0
62,9,3583584.89,40.43,43.23,2,3,10,1,1,1
51,1,3068701.25,42.79,37.40,4,3,2,1,1,1
47,11,3298615.17,44.22,40.78,1,2,2,0,1,1
50,28,4884243.00,36.34,29.82,3,3,7,0,0,1
40,22,6889618.41,43.71,56.11,4,2,1,0,0,0
29,11,3447543.32,48.47,64.11,3,3,0,1,1,1
35,17,2816677.69,46.35,39.63,1,5,1,1,0,0
59,28,7191371.67,40.12,24.32,5,3,5,1,1,0
54,7,4356920.74,39.03,51.35,2,4,3,1,1,1
42,13,2015006.06,48.14,21.98,5,5,8,0,0,0
59,6,1440116.06,41.62,1.21,5,5,2,1,0,0
21,3,3096059.97,41.23,37.35,5,4,4,0,0,0
26,8,3617727.46,65.00,33.30,3,5,6,0,0,1
37,14,3992093.08,39.40,6.11,5,3,6,0,0,0
64,0,1400000.00,41.49,3.14,5,4,8,1,1,1
28,10,5350940.42,48.30,18.05,1,1,5,0,1,1
31,13,4149666.62,37.77,38.23,3,1,0,1,1,0
30,12,2999455.70,38.65,8.03,2,1,2,0,0,0
41,3,1905454.97,44.17,16.11,2,2,10,0,1,1
27,1,1400000.00,37.94,40.63,3,1,7,0,0,1
35,17,3330330.60,55.16,49.74,4,1,7,0,0,1
60,13,3249491.98,45.20,4.04,3,4,0,0,1,0
23,3,1400000.00,40.53,4.21,1,4,8,0,1,1
42,21,6203304.94,56.93,50.90,3,5,2,0,1,0
28,10,1400000.00,45.58,23.76,5,1,0,0,0,0
54,16,4959327.47,50.78,24.53,4,3,2,0,0,0
31,13,3625298.01,37.14,27.42,1,3,8,0,1,1
41,23,6547315.71,45.84,15.79,5,3,7,1,1,0
37,1,2165505.07,52.98,23.77,2,2,3,1,1,1
42,9,6333406.93,48.83,55.93,1,1,1,1,1,1
21,3,2842120.37,30.33,8.60,1,3,9,1,1,1
62,4,2202097.91,42.02,62.80,4,4,5,0,1,1
25,7,3855008.43,40.06,5.22,1,2,1,1,0,0
33,7,3797842.92,39.48,40.36,4,2,7,0,1,1
50,21,5041167.80,46.08,27.74,4,2,7,0,1,1
53,12,2633890.86,48.85,12.32,4,1,8,0,1,1
63,25,5427105.68,47.95,19.93,1,1,1,0,0,1
26,8,1747304.49,35.35,3.69,1,1,3,1,0,1
49,3,1864288.25,38.46,17.09,4,4,2,1,0,0
52,25,5916781.92,54.86,16.95,1,3,7,1,0,1
56,13,3935525.62,43.07,58.49,4,2,0,1,1,1
59,18,4504186.34,37.03,5.48,4,4,1,0,0,0
22,4,1452169.40,32.58,9.26,3,3,1,0,0,0
51,19,5696578.41,35.83,22.43,2,2,10,1,1,1
39,2,1400000.00,42.57,11.97,2,4,1,1,1,0
29,0,1646830.13,36.01,29.51,1,2,2,1,1,1
60,19,5726575.24,50.98,43.87,3,2,10,0,1,1
35,17,6211739.62,46.92,63.49,1,2,4,0,1,1
42,10,2953862.42,43.19,7.40,2,2,1,0,1,1
47,26,5093350.84,41.83,1.76,2,4,2,0,0,0
35,9,4317017.17,34.97,25.48,4,4,6,1,0,0
30,12,4461628.90,39.81,4.31,2,4,1,1,1,0
37,17,6233959.80,37.45,51.48,4,3,0,1,0,0
38,20,3706871.35,38.86,2.78,5,1,2,0,0,0
39,12,2282982.82,42.77,50.08,3,1,7,0,0,1
49,23,6872014.77,38.86,9.98,4,2,7,1,1,0
58,1,1400000.00,43.42,44.16,2,2,1,1,0,1
32,14,4414067.59,44.10,32.11,3,3,0,1,1,1
58,17,5000445.98,41.28,38.27,2,5,5,0,0,0
53,2,1400000.00,40.34,28.47,5,3,3,1,0,0
53,11,5555875.78,41.61,54.96,3,2,0,0,1,1
61,11,2570063.26,34.10,56.30,4,1,1,1,0,1
65,18,4203756.14,43.13,52.56,2,2,3,0,0,1
23,5,1681385.55,52.90,31.96,3,2,6,0,0,1
53,14,4367972.90,39.79,15.07,3,1,8,1,1,1
31,3,2318617.21,41.00,34.89,4,2,6,0,1,1
26,8,3503659.20,39.40,9.39,2,1,2,1,0,0
25,7,2942299.92,45.09,42.08,1,4,2,0,1,1
27,9,3336334.43,43.74,50.18,3,1,2,0,1,1
64,28,4844992.13,51.96,23.62,3,1,4,1,0,1
52,2,2481973.78,54.07,33.05,5,3,3,1,0,0
31,2,2882654.10,34.34,8.61,5,4,3,1,1,0
46,12,3027278.42,45.86,27.02,5,1,3,0,0,0
32,1,4211601.11,30.00,23.84,5,4,7,1,0,0
36,7,3953579.40,55.89,32.98,5,5,3,0,0,0
40,1,2241226.90,47.04,19.49,5,1,2,1,1,1
65,11,3299584.92,42.54,64.48,4,1,5,0,1,1
21,3,2370046.05,52.01,34.13,2,3,4,1,0,1
55,20,4510195.08,48.30,8.41,3,1,6,0,0,1
20,2,3366752.45,56.25,64.95,1,2,8,0,1,1
23,5,2717197.36,34.65,40.09,5,3,3,0,1,1
42,4,1400000.00,36.71,60.55,4,5,1,1,0,0
30,12,2754912.23,31.09,44.02,1,4,1,1,1,0
39,10,2311932.37,40.53,50.30,3,4,8,0,1,1
65,12,3890843.51,43.66,59.76,5,2,2,0,0,1
32,10,3373169.58,42.63,20.94,5,1,1,0,0,0
50,8,3211055.32,38.64,49.83,3,1,7,1,0,1
28,10,1452771.04,38.69,19.81,1,3,7,1,0,1
28,10,3865486.66,51.65,53.79,4,2,2,1,0,0
25,1,2495369.72,43.21,5.27,4,2,2,1,1,0
65,26,6693757.81,45.49,39.55,5,5,5,0,0,0
46,17,3872870.67,35.54,47.17,5,1,10,0,0,0
35,17,3963153.91,41.75,41.32,3,3,10,1,0,0
45,11,2491524.00,45.76,15.13,5,2,1,0,0,1
43,15,5761007.06,35.17,55.51,1,1,3,0,1,1
44,7,3628248.71,59.96,12.96,3,5,0,0,1,1
38,20,6995272.79,32.18,47.92,4,1,7,1,0,0
46,15,4415467.63,52.47,13.68,4,1,4,1,0,0
28,2,1778415.84,52.12,0.93,2,2,0,0,0,0
26,8,3760233.20,41.29,61.84,1,2,8,0,0,1
41,14,4171531.44,38.12,10.85,2,3,3,0,0,0
62,9,3165251.81,43.56,26.39,2,2,3,0,1,1
58,1,2627714.54,47.91,2.55,4,5,5,0,0,0
45,10,2549282.15,35.69,13.63,5,3,5,0,1,0
48,30,4998805.82,36.80,13.87,1,2,2,0,1,0
42,13,4655645.81,41.70,51.50,1,1,2,0,0,1
20,2,4457242.24,49.60,39.77,1,1,10,1,1,1
35,0,1568309.74,41.29,2.78,2,2,6,0,0,1
40,21,3935100.28,45.51,6.58,3,5,1,1,1,0
59,15,2978237.91,36.26,22.67,5,3,6,0,0,0
25,0,1984249.84,52.50,9.83,4,2,6,0,1,1
55,29,8375361.65,44.65,26.76,4,4,6,0,0,0
21,3,3154323.23,47.28,13.80,2,5,3,0,1,0
46,27,5984989.81,36.11,10.56,5,2,10,0,1,0
55,13,2890963.26,31.05,6.19,2,4,4,1,1,0
21,3,1400000.00,41.79,13.43,1,2,3,0,0,1
63,3,2622185.50,46.66,26.43,4,4,7,1,1,1
55,30,4702909.56,36.34,57.69,2,5,8,0,0,0
28,1,2413508.65,44.28,50.65,2,3,2,0,0,1
45,27,6117876.50,45.12,37.59,3,3,1,1,0,0
64,8,2594368.58,32.30,0.83,5,1,10,0,1,1
24,6,2157683.53,44.31,44.18,5,4,10,0,0,0
56,6,4441712.07,40.87,40.62,4,4,2,1,0,0
65,14,5166384.24,36.59,5.65,3,3,2,1,1,0
42,22,4647972.92,36.98,17.48,4,1,7,1,0,0
64,26,5161279.01,40.40,55.11,1,5,7,0,0,1
37,19,4032003.11,36.40,33.43,2,1,4,0,1,1
22,4,3417494.74,31.19,24.96,3,3,10,1,1,0
48,18,3494902.71,50.32,24.76,2,4,7,0,1,1
34,8,2024489.10,47.74,6.86,3,2,8,1,0,1
27,7,2620444.66,47.17,32.02,1,3,7,1,1,1
63,26,4741554.71,40.98,10.63,1,4,3,0,1,1
19,1,1400000.00,32.80,10.59,5,5,3,1,1,0
39,15,4098905.92,53.89,33.47,4,3,6,1,1,1
48,18,4823015.48,43.05,61.87,2,1,2,1,1,1
43,25,6138827.22,39.07,45.49,1,1,6,0,0,1
58,25,5610326.03,39.93,15.79,1,4,0,0,1,0
31,13,4072390.39,38.28,27.48,2,3,9,0,0,0
44,1,3372830.59,36.95,3.03,1,1,4,0,0,1
53,27,5887664.96,35.02,64.32,4,4,5,0,1,0
44,0,1449029.99,45.34,3.36,5,4,0,1,0,0
48,12,2092814.28,53.05,59.40,4,5,4,0,0,0
54,20,4779611.03,44.13,16.14,5,1,8,1,0,0
63,0,2934985.12,32.73,28.99,5,5,6,0,0,0
50,10,4668852.22,41.71,3.02,1,3,10,0,0,1
33,6,4823353.82,46.39,13.73,1,1,6,1,0,1
49,17,4907063.83,48.08,20.07,5,3,3,1,1,0
25,5,5047644.48,39.22,26.51,5,1,1,0,0,0
33,0,1400000.00,33.21,62.44,2,2,8,0,0,0
63,8,4016147.86,37.04,4.29,4,1,1,1,1,1
22,4,3793995.37,42.12,53.90,5,2,9,0,1,1
32,14,2928928.78,44.33,14.87,4,2,8,0,0,0
56,28,6055425.47,44.70,42.74,2,4,5,1,1,0
26,7,4325636.79,46.12,1.74,3,4,5,1,1,0
64,22,4798383.22,49.51,20.21,3,5,7,1,0,0
63,21,6534795.86,43.71,38.56,3,5,4,1,0,0
19,1,2936273.67,38.71,39.23,5,2,10,1,1,1
38,14,5230569.25,46.52,13.67,4,5,9,1,0,1
55,5,2492513.08,33.55,24.13,2,2,7,1,1,1
47,29,5389940.42,36.59,29.56,2,1,9,0,1,1
49,5,2481880.22,43.71,6.06,2,1,0,0,0,1
19,1,2125654.83,41.51,50.43,2,2,10,1,0,1
53,21,4948226.46,38.22,45.07,4,3,3,0,1,1
48,1,1400000.00,34.04,42.78,3,4,6,0,1,1
55,2,1400000.00,39.07,27.00,3,1,7,1,0,1
53,28,6675194.52,39.73,5.80,1,4,8,0,0,1
57,19,5330081.43,53.41,43.60,1,1,9,0,1,1
31,1,2507677.06,48.68,10.20,4,4,6,1,0,0
47,13,2210787.31,44.20,28.61,5,3,10,0,1,1
28,10,3111108.06,42.39,23.28,1,3,2,0,1,1
36,0,1400000.00,53.82,11.70,3,1,1,0,1,1
26,4,3471161.05,36.74,31.61,3,1,0,1,1,1
25,7,2454574.59,38.25,31.52,5,1,9,0,1,1
45,9,1400000.00,41.34,13.55,2,4,10,1,1,1
20,2,2749571.33,32.33,2.72,5,4,1,1,1,0
60,22,6818771.64,40.84,32.23,4,4,1,1,0,0
64,6,3343804.36,47.33,56.46,2,4,9,0,0,1
50,3,1964639.48,43.59,3.97,5,4,10,0,0,0
45,20,4777694.17,42.45,51.60,2,4,7,0,1,1
31,13,5428849.79,35.28,34.17,5,5,4,1,1,0
35,11,1675618.18,57.35,33.40,4,4,0,0,0,0
36,12,2417954.59,50.24,22.48,1,1,1,1,1,1
58,26,6020465.45,45.73,25.27,3,1,7,1,1,1
26,8,2563444.81,44.30,50.14,2,4,7,0,1,1
61,24,5481685.03,41.36,61.47,4,4,7,0,1,0
36,3,1658069.04,47.50,20.56,1,1,2,1,1,1
31,13,4017352.74,34.73,37.18,3,5,9,1,0,0
35,17,4122197.44,38.11,29.49,5,1,1,1,0,0
32,10,4414502.75,43.04,42.61,4,4,3,1,0,0
50,10,3520500.91,45.28,9.87,1,5,3,0,1,1
29,11,5501826.82,40.49,9.43,3,5,4,1,0,0
37,7,2703068.91,30.00,64.09,2,1,1,0,0,1
21,3,1400000.00,40.25,48.06,1,4,9,1,1,1
61,28,6538881.67,50.85,37.12,4,5,9,1,1,0
34,11,2459089.05,46.05,4.91,1,3,2,0,1,1
23,5,1400000.00,41.26,30.73,3,3,6,0,1,1
48,5,2112423.11,42.50,45.56,4,3,3,0,0,1
55,24,4003177.14,44.13,47.53,4,3,2,1,0,0
63,4,3202608.66,50.19,21.29,5,4,9,1,1,1
45,10,4101759.80,50.76,58.30,5,2,3,0,1,1
23,5,2016445.64,35.13,38.46,4,5,6,1,1,0
20,2,1783852.86,47.81,2.97,5,1,0,0,0,0
37,14,4758960.91,54.99,6.07,5,4,1,1,1,0
24,6,2121659.30,39.51,10.71,3,5,8,1,1,0
57,10,1601248.96,37.71,62.40,5,3,5,0,0,1
35,17,5486484.93,43.63,62.33,5,5,7,0,0,0
41,0,1971706.56,42.99,29.83,1,1,0,0,0,1
21,3,3220309.76,42.29,16.39,4,2,5,1,1,0
48,4,1400000.00,42.19,12.79,4,3,6,1,0,0
24,2,2259508.72,47.40,12.21,3,3,5,0,1,1
52,28,6268779.63,39.39,37.58,2,3,6,0,1,1
27,9,4428981.73,46.56,59.22,3,2,5,1,0,1
23,5,3099362.72,47.36,61.14,3,3,6,0,0,1
64,10,3534452.39,33.10,37.74,3,1,2,0,0,1
51,26,6061969.08,44.34,34.52,4,1,0,0,1,0
43,2,1400000.00,50.33,21.66,2,3,3,1,1,1
64,17,3434092.53,30.27,40.11,2,1,5,1,0,1
31,13,4608785.03,36.95,64.80,3,3,10,1,0,0
62,30,6506180.63,42.00,49.93,2,1,4,0,0,1
62,17,4825957.06,42.66,30.20,4,2,1,0,0,0
56,27,6467785.90,47.10,56.33,4,4,4,0,1,0
62,0,2538166.73,50.31,12.08,2,5,6,1,0,0
42,24,4040162.59,37.76,29.56,4,5,8,0,1,0
39,18,3908307.08,53.50,8.45,1,2,10,0,1,1
49,3,2226399.41,37.34,38.35,3,4,0,1,1,0
42,24,5408210.52,30.00,11.18,3,4,3,1,1,0
50,16,2038773.20,44.32,38.64,1,3,0,1,1,1
63,24,3542245.10,54.83,15.75,2,2,10,0,0,1
42,24,3608670.60,40.67,48.66,1,2,2,0,1,1
25,7,3685311.70,34.35,44.90,4,1,5,0,0,0
50,17,5334989.88,40.47,41.64,1,4,4,0,0,1
23,1,1400000.00,40.91,28.92,3,4,2,0,0,0
48,4,2499147.49,41.26,52.13,4,1,1,1,0,1
43,7,1400000.00,39.31,1.23,3,3,6,0,0,0
19,1,1582204.07,45.57,23.71,1,3,7,1,0,1
56,29,8261792.89,41.85,16.26,4,2,7,1,0,0
47,6,2353631.29,44.85,43.57,5,4,0,1,1,0
48,16,5055353.26,36.08,27.94,5,1,0,1,1,0
23,5,3840607.68,41.27,63.82,5,5,8,1,0,0
33,1,3130875.36,52.64,1.96,5,4,9,1,0,0
64,21,5319762.57,53.76,6.66,4,5,3,0,1,0
26,5,3164066.98,46.37,39.43,3,4,10,1,1,1
49,14,3723834.31,46.95,25.69,1,5,6,1,0,0
36,18,3978773.56,43.44,43.56,5,5,1,1,0,0
23,5,2967827.15,51.27,31.94,4,2,5,0,0,1
42,2,1400000.00,31.71,46.77,4,5,7,1,1,0
28,0,2065893.96,41.64,25.30,5,4,8,0,1,0
42,1,1527242.35,41.60,46.52,1,5,5,0,1,1
56,7,2296475.71,36.46,45.80,5,5,10,1,1,0
63,15,2908372.63,54.22,6.68,1,2,7,1,1,1
42,24,6576029.05,37.39,13.29,5,4,2,1,1,0
24,6,2369430.98,43.51,14.89,4,5,0,0,1,0
46,24,6695731.67,36.99,54.35,3,1,0,0,1,1
54,20,6453295.25,46.59,22.08,5,5,9,0,0,0
64,22,4216481.11,34.86,26.54,2,5,2,0,1,0
52,11,2722409.75,31.76,2.37,4,2,0,0,0,0
32,14,3985877.26,39.65,50.43,3,3,0,0,1,0
39,14,3246051.38,39.00,31.75,1,2,8,0,1,1
63,0,3473668.50,47.80,36.81,2,4,10,0,0,1
25,7,3810905.05,37.24,57.78,2,3,6,0,1,1
52,9,3293575.39,45.85,32.01,3,1,6,0,0,1
22,4,1400000.00,39.12,47.50,2,4,7,0,0,1
36,10,4502381.79,62.71,54.85,4,1,10,1,1,1
37,3,1400000.00,36.34,63.38,3,4,4,0,1,1
58,5,1400000.00,47.84,10.48,3,4,3,0,1,1
39,14,2883991.33,45.94,7.15,4,2,8,0,0,0
37,19,3196220.63,37.69,6.88,4,3,5,0,0,0
31,9,4340844.40,48.79,16.30,5,2,3,0,1,0
30,12,3496649.06,39.10,29.95,4,4,6,0,1,0
48,3,3554399.78,36.49,0.85,5,3,10,0,1,0
34,16,4316897.12,52.39,50.91,2,1,0,1,0,1
59,22,6125533.86,35.94,38.07,1,4,4,0,0,0
55,17,4921981.74,48.81,11.55,3,3,4,0,1,1
29,11,3695028.88,49.89,15.61,4,1,0,1,0,0
32,1,2950910.76,44.27,50.38,4,4,6,1,0,0
47,3,1400000.00,33.71,61.09,2,2,4,0,1,1
56,28,6175252.50,44.02,47.43,1,2,2,0,0,1
48,13,4315413.59,44.29,7.79,4,3,10,0,0,0
30,10,4604168.87,33.44,44.18,4,5,8,0,1,0
48,29,8000725.11,40.58,35.10,3,5,9,0,0,0
37,8,3509513.29,45.48,38.54,2,4,6,0,0,1
24,6,3518655.13,36.70,14.58,3,4,8,0,0,0
61,24,7085428.96,36.23,63.86,3,4,8,1,0,0
33,9,4686568.21,45.05,13.82,3,3,2,1,1,0
64,0,2704274.96,46.47,56.32,1,5,7,0,1,1
31,13,3629794.68,45.28,36.70,1,4,7,0,0,1
63,19,3491855.79,52.48,23.97,1,3,6,0,0,0
56,7,2413771.43,44.26,33.66,5,5,9,1,0,0
47,14,4825715.59,51.28,40.76,1,1,4,0,1,1
63,2,2242646.53,41.79,63.45,2,3,0,1,0,1
52,30,5603283.08,50.12,44.09,3,5,8,0,0,0
24,6,2831159.89,52.11,60.04,3,3,7,0,1,1
37,14,3884877.89,44.76,53.93,1,4,5,1,1,1
56,29,6588583.19,45.81,29.24,2,2,6,0,0,1
47,0,2626646.85,50.40,37.71,3,1,5,1,0,1
39,5,1480466.32,41.32,7.78,4,5,9,1,0,0
44,0,1400000.00,51.60,42.27,4,4,9,1,0,1
27,9,4402157.77,39.20,59.70,5,3,7,0,0,0
42,20,2800230.89,37.74,31.76,4,3,7,0,1,0
27,9,3641014.93,42.92,44.54,4,4,2,0,0,0
50,24,4740042.25,41.82,39.06,2,2,5,1,1,1
46,16,3042040.09,47.14,48.94,4,5,4,0,1,0
41,23,5894039.85,51.27,6.52,2,4,10,0,0,0
51,6,2440979.55,40.44,5.98,3,5,9,1,0,0
51,9,3013606.85,39.89,33.66,2,1,2,1,1,1
22,4,2369910.95,43.90,61.83,2,5,10,0,1,1
20,2,2427869.11,46.57,20.38,5,5,2,0,1,0
30,12,5221219.48,51.87,33.69,5,4,8,0,1,0
46,1,1400000.00,36.71,3.96,1,3,3,1,0,1
61,10,3145135.79,48.95,55.12,4,1,8,0,0,1
26,6,3285525.73,36.18,39.92,3,2,0,1,0,0
48,0,4935668.76,46.26,58.16,1,2,10,1,1,1
40,3,2524099.80,46.68,29.05,5,5,1,1,0,0
47,15,3756912.57,40.28,9.24,5,5,8,1,0,0
32,14,3895987.61,45.39,6.71,3,5,1,0,1,0
44,23,5449871.86,50.87,34.39,5,4,2,0,0,0
25,2,3100349.21,43.29,47.95,4,3,6,1,1,1
21,3,2012350.22,50.80,55.95,1,1,3,1,0,1
37,14,4151637.08,55.93,35.20,4,5,2,0,0,0
38,20,6380236.25,31.94,13.30,5,5,2,0,0,0
58,30,7081142.42,41.66,30.93,3,4,6,0,0,0
24,4,2668125.10,33.41,25.39,5,3,4,1,1,0
48,18,4520675.83,42.87,27.30,4,3,2,1,1,0
31,12,3787330.01,35.14,3.79,2,3,9,0,0,0
63,21,4973702.12,50.13,63.42,3,4,7,0,1,1
53,5,2098206.48,52.79,39.38,3,1,8,0,1,1
21,3,3429776.46,44.39,42.35,4,2,1,1,1,0
20,2,2998962.04,45.80,59.72,5,3,5,1,1,0
26,8,3956972.86,47.24,44.86,3,5,9,1,0,0
35,0,1400000.00,43.98,20.16,4,4,4,1,1,0
22,4,1400000.00,39.76,9.59,1,1,6,0,1,1
64,3,2302924.97,39.88,17.60,3,2,10,0,0,1
29,7,3404139.21,41.97,15.82,3,5,4,1,0,0
41,7,3158109.46,44.81,14.56,3,2,3,0,0,0
23,5,4324976.77,49.09,45.84,4,2,4,0,0,1
46,7,2248985.39,52.69,56.84,5,3,0,0,1,1
31,13,4815239.86,49.31,7.10,1,1,10,1,1,1
54,13,3251537.99,41.79,45.27,4,4,1,1,0,0
60,9,3057657.27,32.82,51.66,2,3,1,1,1,1
48,27,5441811.63,47.57,23.88,4,3,7,0,0,0
38,20,5371044.40,50.69,8.43,1,4,5,0,1,1
23,5,3276568.06,47.51,42.91,1,5,3,1,1,0
46,20,5882110.19,41.08,0.68,1,5,7,1,1,0
52,2,2372427.95,51.18,6.02,5,1,1,0,1,1
25,7,2158770.21,38.39,32.55,1,4,2,1,1,1
63,3,2890875.54,43.05,30.16,5,2,7,0,1,1
36,15,4407785.80,44.32,21.54,2,2,1,0,0,0
49,22,5487860.62,45.88,24.59,3,3,6,0,0,0
25,7,2938289.39,30.00,3.47,5,4,4,0,1,0
25,7,3018799.81,33.70,32.53,5,5,6,1,0,0
33,15,4127496.03,41.37,56.68,2,3,3,1,0,0
45,26,5415864.17,35.82,33.12,3,4,2,0,1,0
44,0,3599852.76,45.70,19.62,3,4,10,1,0,0
26,8,2168267.60,46.91,64.55,1,3,6,1,0,1
55,30,6037773.53,48.25,1.39,2,1,0,0,0,0
34,4,2719657.22,57.26,6.73,3,3,1,1,1,1
20,2,1431077.58,43.70,46.91,5,5,7,0,0,0
46,6,3723972.77,46.01,22.26,4,1,9,0,0,1
34,15,4643566.80,39.99,57.15,2,1,9,0,0,1
24,6,3222863.59,46.71,14.04,5,3,5,1,0,0
35,9,4428630.71,36.93,15.69,5,2,3,1,0,0
51,23,4594039.85,37.85,59.12,2,1,9,1,1,1
63,11,3964329.54,53.82,43.82,5,3,1,0,1,1
47,14,1400000.00,47.17,34.08,5,3,4,1,0,0
35,17,4100996.79,49.31,42.28,3,2,4,0,1,1
43,17,5896570.36,47.41,34.83,3,5,5,1,0,0
34,4,1400000.00,41.97,45.10,5,5,7,0,1,0
65,17,4808699.67,47.91,53.36,2,1,5,1,1,1
25,7,3173022.80,51.22,42.93,4,4,10,1,1,1
48,7,3414453.47,35.74,48.58,4,3,10,0,1,1
48,15,2970411.14,48.64,36.12,5,2,8,0,0,1
55,11,3422183.39,44.74,1.79,2,2,6,0,0,1
60,25,5847834.22,35.52,56.10,4,4,1,1,1,0
20,2,1400000.00,47.38,28.44,1,5,8,1,1,1
19,1,1479677.29,40.37,48.49,2,5,8,0,0,1
30,11,2578630.61,41.95,59.82,2,2,3,1,0,1
21,3,1543825.59,33.13,30.23,3,4,4,1,1,0
37,18,4611476.27,42.20,23.59,3,3,9,1,0,0
55,22,5594908.39,39.82,60.94,4,5,5,0,1,0
61,22,5673426.26,40.93,46.47,5,5,0,1,0,0
26,8,1773920.49,41.82,13.27,3,4,2,1,0,0
50,17,4802018.79,48.72,62.93,4,5,1,1,0,0
62,5,4418031.25,39.07,15.84,5,5,3,1,0,0
42,12,2579096.10,34.26,54.17,4,2,0,0,0,0
28,10,4946406.68,38.40,5.98,5,4,10,0,1,0
64,4,4294542.68,44.26,14.03,4,4,6,0,1,1
37,13,3891055.32,58.37,56.76,3,2,4,0,1,1
20,2,1400277.36,50.64,20.52,1,3,1,0,1,1
31,13,3994845.66,44.47,56.65,5,4,0,1,1,0
46,13,5128152.06,53.03,27.14,2,1,6,0,1,1
34,2,1400000.00,49.44,45.21,3,3,10,1,1,1
45,26,6233128.88,30.26,57.58,2,5,6,0,1,0
32,11,3700809.92,54.26,43.22,2,5,7,1,1,0
56,12,4122263.67,50.72,33.06,4,4,3,0,1,1
46,26,6830294.41,46.75,60.29,4,3,8,1,0,0
52,12,2369727.57,36.80,9.36,1,5,1,0,0,0
38,4,3381289.47,49.09,16.07,5,1,1,1,0,0
19,1,3265866.04,47.39,20.84,3,4,4,1,0,0
60,8,3442324.52,39.10,57.94,3,5,6,0,1,1
56,16,3803595.72,46.85,49.26,2,2,10,0,1,1
31,13,4448037.73,36.42,25.44,3,1,3,0,0,0
39,2,1942906.44,37.99,58.72,2,5,9,1,0,1
44,2,2786391.20,51.72,46.86,3,1,2,1,1,1
35,6,1400000.00,39.32,48.00,2,3,7,0,0,1
47,24,7409962.74,39.45,19.19,5,4,2,0,0,0
63,17,6013135.32,45.23,44.19,1,4,10,0,0,1
52,23,6813850.56,30.83,21.37,5,3,4,1,0,0
43,25,4578843.43,40.62,14.55,4,2,9,0,1,0
27,9,2390812.17,47.12,55.57,1,3,9,1,1,1
36,6,4663504.99,36.08,63.45,5,3,10,1,0,0
34,16,3534214.43,48.12,59.43,5,1,2,1,0,0
49,26,6788731.51,45.78,28.25,4,2,8,0,1,0
54,28,8437698.13,30.00,18.81,4,2,7,0,1,0
32,1,2078986.89,39.35,12.34,2,2,5,0,0,1
54,12,3905749.10,40.74,49.53,3,1,0,0,1,1
54,18,2232181.72,52.88,6.10,1,3,1,1,1,1
56,14,4975483.87,34.54,30.87,2,5,7,0,0,0
37,19,4090600.15,47.25,49.57,3,4,5,1,0,0
26,8,5127046.17,44.83,52.44,3,4,10,0,0,0
63,28,4822263.93,43.16,32.03,1,3,8,0,0,1
63,10,3660551.53,42.94,51.99,1,4,0,1,1,1
59,4,1487597.21,40.55,23.38,5,4,9,0,0,0
48,12,2441103.24,42.80,25.37,3,3,2,1,0,0
50,24,2463496.42,42.76,13.36,4,1,0,0,1,0
56,19,4398175.79,51.99,28.57,4,2,10,0,0,1
38,15,3462797.40,44.46,47.79,1,4,1,1,1,1
42,5,2821762.60,30.25,52.44,5,2,5,0,1,1
33,15,2235126.15,42.76,19.86,4,2,1,0,0,0
36,5,3038785.75,30.00,4.44,2,1,0,0,1,1
39,21,4629086.57,45.80,14.17,4,1,0,1,0,0
53,16,5312570.03,47.31,5.20,5,3,0,1,0,0
61,15,5556404.85,46.58,31.91,4,3,10,0,1,1
42,0,3193606.63,42.28,64.72,4,3,3,0,1,1
47,24,5063462.25,38.89,58.03,3,1,2,0,1,0
63,3,2660769.68,54.00,9.89,2,5,7,0,1,1
57,12,4722697.36,42.03,26.87,1,5,2,0,1,1
64,22,5051391.53,40.48,56.15,2,3,7,1,1,1
62,19,3168296.98,34.88,43.20,5,1,9,1,1,1
61,10,1730124.99,43.85,64.35,3,5,4,0,1,1
36,18,3905111.48,42.11,52.46,5,5,3,1,0,0
25,7,4726203.23,43.11,56.12,1,5,4,0,1,1
23,5,3659266.89,44.39,64.83,2,4,6,0,0,1
29,11,3733178.63,41.79,1.44,2,4,4,0,1,0
22,4,3498358.59,49.65,27.91,1,1,0,0,0,1
42,2,1400000.00,50.13,61.12,2,3,9,0,0,1
45,8,3973946.87,38.13,7.30,1,2,9,0,0,1
27,0,2236500.12,45.49,30.80,3,3,6,1,1,1
32,3,1600404.40,40.56,21.50,5,5,1,0,0,0
33,8,1400000.00,40.92,6.09,4,3,1,0,0,0
47,9,4651110.11,44.57,25.93,3,3,9,1,0,0
36,18,4294426.29,45.31,46.39,5,3,5,1,0,1
64,0,1400000.00,40.15,8.96,3,1,6,0,1,0
23,5,2323904.01,42.89,44.24,1,3,4,0,1,1
23,5,2408903.74,43.76,7.85,4,2,5,1,1,0
48,16,3372832.06,39.28,52.31,2,4,0,1,0,0
50,0,2167804.60,43.15,5.91,1,2,7,0,1,1
25,7,3659156.84,54.70,3.05,1,1,1,0,1,1
54,7,1881590.27,45.20,25.87,4,1,1,1,1,1
48,23,5122282.63,39.40,50.41,2,4,10,0,0,0
28,1,1682682.76,48.67,30.12,4,2,2,1,0,0
61,19,4676434.54,43.33,56.52,5,3,0,0,0,1
65,16,5189180.93,38.13,26.95,4,1,4,0,1,1
32,5,1893446.28,30.56,45.65,5,1,10,0,0,1
57,20,3786745.10,38.94,7.17,5,3,1,1,0,0
39,12,3227752.15,40.36,13.77,5,1,4,1,0,0
28,3,1400000.00,46.38,4.85,3,2,0,1,1,1
27,2,1795666.12,37.28,9.03,4,2,7,0,1,1
56,23,6314577.20,42.53,34.00,2,1,2,0,1,1
40,5,2381882.01,50.36,31.05,5,5,1,1,0,0
51,10,2886714.98,37.27,40.45,1,2,6,0,0,1
60,4,1400000.00,43.32,64.99,2,4,6,1,0,1
19,1,2269123.62,41.21,15.00,4,4,9,0,1,0
24,6,1400000.00,33.03,36.30,2,4,6,1,0,0
21,3,1516957.30,44.14,61.38,4,3,8,0,0,1
63,11,3816092.48,47.08,50.96,5,1,0,1,0,1
52,15,5670936.96,48.43,35.23,3,2,10,0,1,1
45,22,5600323.10,46.53,44.32,2,5,2,0,1,0
35,17,3160471.76,47.56,36.37,3,3,6,0,1,1
43,22,4253273.93,42.98,4.99,1,5,8,1,0,0
50,22,6213571.67,34.77,20.80,2,2,8,1,0,0
51,22,6463539.52,37.23,53.01,3,1,6,1,1,1
21,3,1400000.00,40.56,40.55,3,2,4,1,1,0
59,29,7064975.91,30.31,37.85,5,5,3,1,0,0
56,16,4783159.49,31.58,24.00,4,2,0,0,0,0
37,19,3696437.77,37.22,31.65,4,3,10,1,0,0
40,15,4166531.32,47.32,1.78,2,2,3,0,0,0
49,3,2388563.21,35.49,4.94,1,3,7,0,1,1
43,3,1854253.20,43.93,21.77,3,4,0,0,1,1
23,1,1852591.23,39.59,52.78,2,4,10,1,1,1
57,25,5135261.72,33.13,14.60,2,3,3,1,0,0
41,23,4400496.52,30.00,63.43,5,2,0,0,1,0
53,19,3853149.40,47.42,28.00,3,2,0,0,0,0
19,1,1596633.31,43.19,6.38,3,1,6,0,1,0
51,23,5582688.55,43.04,12.48,2,3,2,1,0,0
53,8,1976361.19,41.76,37.71,1,5,0,1,0,0
27,9,3661563.30,38.17,8.03,2,2,3,0,0,0
51,4,3357157.15,39.59,32.92,4,2,9,1,1,1
30,12,5301104.87,53.48,25.45,3,5,4,0,0,0
42,13,3706075.88,37.11,59.52,1,2,7,0,0,1
64,7,3766957.98,43.49,36.16,1,1,10,0,0,1
52,7,2249014.06,48.56,54.89,1,2,0,1,0,0
28,9,3461847.87,55.51,16.71,1,1,3,1,1,1
36,18,2546044.16,53.78,62.87,1,3,0,1,0,1
40,8,4505681.01,49.08,41.70,4,3,1,1,0,0
37,11,1893880.98,41.63,8.78,2,2,7,1,0,1
65,16,3870548.15,46.33,5.05,4,4,2,1,1,0
57,3,2154933.67,54.76,47.62,5,3,3,1,0,1
42,23,6398181.34,35.94,19.25,3,3,8,1,0,0
42,23,5499312.84,45.94,20.10,5,3,10,0,0,0
34,16,5343992.91,46.61,6.22,1,2,6,1,0,0
36,1,1400000.00,42.06,63.48,2,2,8,1,0,0
33,15,3582056.26,42.72,10.66,3,1,4,0,0,0
37,13,3854044.41,41.41,32.17,2,5,9,1,0,0
22,4,1923708.69,48.30,55.34,4,2,2,0,0,1
27,9,3586273.94,52.65,50.34,4,4,1,1,0,0
40,17,4559165.18,48.77,17.22,4,3,3,0,1,0
58,0,1400000.00,39.16,47.42,4,4,2,0,0,0
60,11,3181452.05,57.52,61.92,3,5,8,1,1,1
55,3,1400000.00,36.86,3.07,2,2,3,0,0,1
31,13,3887584.71,42.71,32.72,1,5,0,0,1,0
37,19,4268626.27,41.15,45.97,1,2,2,0,1,1
20,2,2417471.48,36.85,48.97,3,3,7,1,1,1
41,12,1926313.50,39.27,1.22,1,1,1,0,1,1
34,6,3204930.96,45.43,40.86,4,3,6,1,1,1
35,13,4583359.29,49.72,1.43,1,2,4,1,0,1
50,14,1892616.24,47.13,14.84,2,5,3,0,1,1
55,23,4930812.45,31.70,0.77,3,1,1,0,1,0
49,27,6063027.82,42.21,8.36,4,4,7,1,0,0
42,13,2074244.05,40.82,60.24,3,3,0,1,0,0
47,0,1400000.00,39.81,4.00,4,4,2,0,0,0
63,24,4691093.14,38.82,4.11,2,5,8,0,1,0
21,3,2028982.63,46.46,29.52,4,1,4,1,0,0
44,26,7702278.62,48.13,6.68,4,1,3,0,0,0
38,20,3421466.20,54.01,54.96,1,1,0,1,0,0
29,11,5057315.20,30.66,8.50,2,4,1,1,1,0
43,21,6282510.23,33.60,32.10,3,1,2,0,1,0
43,25,6136807.86,49.98,17.52,3,4,5,1,1,0
54,28,6871701.95,39.36,54.34,1,2,5,0,0,1
58,19,4514940.78,44.82,47.21,4,1,8,0,1,1
20,2,2611090.83,43.20,59.64,2,2,7,0,0,1
57,18,4230151.22,53.96,53.65,1,1,2,1,1,1
25,7,5947999.96,41.68,22.21,3,1,3,1,1,0
29,11,1400000.00,44.09,43.12,3,1,3,0,0,1
64,11,1767571.26,44.24,47.34,4,2,1,0,0,1
24,6,3207027.90,42.43,14.48,4,3,3,1,0,0
58,10,3787361.34,42.53,38.78,2,4,9,0,1,1
42,17,3847740.26,47.95,54.97,5,2,1,1,1,0
46,21,6866614.58,39.00,45.46,2,1,0,1,0,0
46,12,2234270.43,44.90,62.86,5,2,9,1,0,1
52,14,5772496.01,46.76,15.04,5,3,8,0,0,0
33,8,2071210.19,41.07,42.47,5,3,0,0,0,0
52,18,5318457.24,44.63,60.64,4,4,2,0,0,0
40,22,5542140.75,47.40,53.36,2,5,7,1,0,0
43,19,4839543.46,43.01,3.45,2,5,9,1,1,0
22,4,3047246.11,38.64,19.31,5,2,3,1,1,0
27,9,2917125.96,51.62,23.08,1,4,1,0,0,1
55,21,5504422.65,39.04,28.32,2,2,3,1,1,1
59,23,5362185.22,52.15,5.70,3,2,1,0,1,0
65,17,3044193.01,40.36,12.35,5,3,0,1,0,0
33,15,2004297.38,47.13,45.47,2,4,9,0,1,1
21,3,1839963.93,43.94,32.71,5,3,1,0,1,1
30,12,2391755.19,31.00,34.37,1,1,5,1,0,1
65,5,3312303.10,52.79,13.28,2,1,10,1,1,1
57,15,5088315.83,53.42,22.40,5,4,0,1,0,0
23,5,1862735.21,52.17,20.24,2,5,8,0,0,1
58,12,3521576.37,47.05,47.76,5,2,9,1,1,1
20,2,1400000.00,49.34,29.98,5,2,7,1,0,0
46,5,2984979.69,49.59,14.37,3,4,3,0,1,1
49,23,5255377.21,42.61,59.82,4,1,1,0,0,0
50,28,7103077.53,46.22,30.47,5,5,7,0,0,0
63,26,5307594.98,34.38,63.64,4,5,8,0,0,0
26,8,2607383.89,41.50,55.23,5,1,10,0,1,1
60,19,4715913.84,40.08,60.44,3,2,6,1,0,1
57,20,4419806.29,47.54,19.48,2,4,8,0,0,1
48,11,3153136.75,32.17,6.49,5,2,5,0,1,1
43,14,3456462.61,41.56,47.48,1,4,5,1,0,1
37,19,5045455.14,35.53,18.76,4,4,6,0,0,0
38,5,2578670.48,37.51,33.09,4,4,8,0,0,0
54,29,8615967.81,56.28,12.02,4,2,0,1,1,0
37,0,1400000.00,41.46,12.38,4,4,9,0,1,1
39,12,2180027.81,51.44,46.06,5,2,1,0,0,0
27,9,4221949.04,46.74,63.35,4,5,7,1,1,0
35,12,3864152.74,47.63,52.02,5,1,1,1,1,1
26,8,2747124.41,46.60,40.06,2,2,4,0,0,1
60,20,5942278.53,57.09,63.76,3,4,9,0,0,1
59,2,3076860.75,44.52,23.23,2,2,5,0,0,1
46,4,1715505.68,57.02,37.34,5,2,4,0,1,1
44,26,6183694.81,43.06,56.99,1,1,8,0,0,1
44,1,2322040.00,41.89,64.37,5,3,2,1,1,1
44,24,4872881.41,40.40,46.21,1,1,9,0,0,1
21,1,2555315.28,42.74,14.74,2,3,0,0,1,1
28,3,3467202.18,46.55,42.84,2,1,0,0,1,1
57,30,6844298.14,42.39,43.69,2,1,8,0,0,1
42,3,1400000.00,48.57,53.41,2,2,8,1,0,1
27,8,4378725.03,55.69,49.75,2,1,7,1,0,1
51,24,5640416.88,37.49,24.95,5,5,8,0,1,0
44,26,6268141.96,44.27,27.56,4,2,0,1,1,0
24,6,1400000.00,42.31,5.13,2,4,8,1,1,0
36,5,3352905.59,39.79,2.86,2,4,0,0,1,0
61,11,3630888.68,52.43,26.37,1,2,5,1,1,1
39,2,2334145.12,40.96,8.46,2,4,7,1,1,1
48,16,2997262.04,42.82,25.19,5,4,2,0,0,0
27,9,1400000.00,31.17,36.38,2,3,5,0,1,0
47,25,6520356.26,41.19,23.68,4,1,1,1,1,0
33,14,3404202.34,47.03,26.91,3,1,8,0,0,1
22,4,2390668.68,54.99,2.25,4,1,3,0,1,1
52,24,3124639.85,41.74,45.86,5,5,0,1,1,0
41,16,4146677.22,44.30,13.24,2,2,3,0,0,0
48,1,1400000.00,53.39,17.77,4,4,9,0,1,1
24,6,2678212.89,44.03,15.91,4,3,6,1,1,0
40,14,4715776.60,46.68,20.06,5,3,7,0,0,0
51,15,4076768.31,48.66,29.06,4,5,8,0,1,0
35,17,5093112.29,40.69,10.95,3,1,9,0,1,1
57,5,2391857.55,47.36,34.90,4,4,0,1,1,1
34,10,4868463.34,56.64,8.05,2,2,0,0,0,1
45,25,4995250.90,32.41,58.47,2,5,8,1,1,0
51,22,5178923.63,41.01,30.75,4,1,9,0,0,0
44,2,2033291.21,41.66,2.86,1,5,1,0,0,0
20,2,2705492.17,43.09,2.53,4,1,10,0,0,0
31,13,3460062.06,32.08,41.56,1,3,1,1,0,0
58,26,4591724.96,47.03,15.02,5,3,5,0,1,0
41,23,5348243.54,47.25,21.85,5,2,8,1,1,0
48,4,3088858.11,37.03,27.03,1,5,6,1,0,0
56,1,2535524.08,43.88,8.45,4,1,10,1,0,1
22,4,2669124.64,41.34,4.60,3,2,7,0,1,1
51,12,4038256.06,32.09,18.73,1,1,10,0,0,1
26,8,5831119.94,48.46,60.24,5,3,8,0,1,1
45,27,7314600.43,38.12,54.48,2,2,10,0,1,1
56,25,6162041.69,48.49,41.01,1,2,9,0,0,1
26,8,3144196.46,40.90,53.57,2,1,7,1,0,1
37,3,1706579.54,40.82,53.36,4,2,0,1,1,1
57,2,1400000.00,30.00,13.10,1,4,7,1,1,1
42,8,1809346.46,49.94,30.02,4,2,6,0,1,1
23,5,1400000.00,40.33,32.72,1,1,5,1,1,1
64,3,1400000.00,36.81,59.70,4,1,3,1,0,1
62,17,3970324.75,46.22,42.83,3,3,9,1,0,1
37,0,1400000.00,38.76,31.60,5,1,0,0,0,0
61,18,2919727.24,30.38,20.23,5,1,4,1,1,0
63,19,3388293.57,43.17,42.35,2,1,10,1,1,1
62,1,3180211.83,36.03,12.13,2,3,2,0,0,1
62,0,2540913.90,47.95,19.88,3,3,9,1,1,1
30,3,3005872.59,60.52,63.69,2,4,8,0,1,1
60,29,6593195.76,43.40,3.98,4,4,1,0,1,0
40,6,2558125.02,35.46,38.72,2,4,5,0,0,1
54,12,2292919.39,39.02,56.96,1,1,10,0,1,1
30,12,2637172.47,36.83,47.68,2,2,10,1,0,1
42,23,4927945.59,45.37,21.52,2,1,1,0,0,0
54,14,2816900.49,59.57,61.00,4,5,1,1,1,0
33,15,4015821.80,30.00,12.10,4,5,1,1,1,0
19,1,2008214.93,35.58,54.23,3,1,6,1,0,1
33,15,2302239.68,48.24,3.04,3,4,2,0,0,0
43,0,2952874.31,36.59,21.36,5,3,0,1,1,0
40,22,3801611.17,48.44,4.28,1,1,1,0,0,1
61,1,1941113.58,45.99,50.60,5,2,5,0,0,1
60,25,3701209.90,54.96,63.33,2,3,4,0,1,1
56,20,6169996.53,36.16,31.46,3,5,7,1,1,1
62,4,3627159.00,38.63,4.57,4,5,1,0,0,0
38,9,4282930.82,43.19,16.09,3,2,7,1,1,0
55,16,3607452.04,52.94,20.75,1,3,7,0,0,1
21,3,2736851.95,49.87,21.61,5,4,0,1,1,0
21,3,2009045.88,30.00,63.05,2,5,2,0,0,0
64,7,2884984.38,37.59,53.51,4,4,3,0,1,0
60,13,3572877.75,41.13,23.55,1,2,1,1,1,1
27,6,1400000.00,54.70,19.72,4,5,5,0,1,0
37,13,3298142.93,30.76,25.97,3,2,9,1,0,0
34,16,4653425.25,55.32,57.77,2,1,3,1,1,1
33,15,5258093.45,43.16,44.58,3,4,8,0,1,1
61,0,1417005.54,34.91,61.50,3,1,9,1,0,1
63,20,4954610.11,53.08,17.30,4,3,5,1,0,0
44,26,5985409.31,51.35,23.57,2,4,4,1,1,0
35,12,1647856.31,40.99,6.65,5,4,2,0,1,0
42,1,2089985.85,54.59,39.13,1,5,4,0,1,1
63,3,2392565.62,49.92,18.62,5,4,4,1,0,0
25,7,1400000.00,52.95,45.54,4,1,10,0,1,1
64,26,6619200.30,45.60,53.51,4,2,7,0,0,1
62,6,5843982.35,33.31,35.04,2,1,4,1,1,1
61,20,4802138.04,35.97,3.32,3,5,10,0,0,0
24,6,1731656.97,38.65,37.28,1,5,1,1,0,0
58,22,5064066.25,32.29,47.38,4,2,0,1,1,0
41,6,3164436.98,40.88,58.14,5,1,7,0,1,1
21,3,2991234.31,35.97,16.99,5,3,9,1,1,0
27,3,2442013.91,45.23,16.89,1,1,0,0,1,1
38,16,2745398.26,58.67,29.00,4,2,6,1,1,1
40,22,6149294.94,39.35,45.68,3,1,0,1,1,0
30,8,4267932.55,36.64,14.36,4,3,8,0,1,0
51,23,4903475.62,47.37,31.63,5,5,1,1,1,0
29,11,3195161.64,44.17,10.62,2,3,8,1,1,1
60,2,1400000.00,53.78,4.48,2,2,5,0,0,1
44,9,2259706.33,38.07,43.21,1,2,9,1,1,1
22,4,2489459.32,30.21,13.22,3,2,7,0,0,0
38,17,3861424.50,41.21,42.19,4,4,5,0,1,0
27,9,4296412.85,35.69,34.08,1,5,6,0,1,0
61,16,4058503.92,42.02,19.60,5,5,7,1,0,0
44,21,4808426.26,51.19,14.67,3,2,9,1,0,0
50,15,3526306.15,44.36,10.10,4,1,2,1,0,0
45,11,4838197.38,39.92,1.08,1,1,2,1,0,1
22,4,3310932.77,52.86,57.53,3,3,8,0,1,1
44,22,4983646.69,45.60,5.93,1,2,4,0,1,1
36,18,4812463.88,47.50,17.30,5,4,8,1,1,0
35,17,6170155.90,49.28,57.19,5,5,0,1,0,0
28,10,1400000.00,38.02,34.52,3,3,8,1,1,1
41,22,5416704.23,34.00,32.60,2,5,6,0,1,1
33,15,3978219.17,34.37,52.78,1,2,8,0,0,1
34,16,4752801.25,42.74,46.22,3,5,5,0,1,0
29,8,3686919.07,35.74,41.47,4,3,8,0,1,0
62,24,4742840.66,42.91,55.29,4,2,4,0,0,0
55,13,2477425.80,40.18,26.99,3,3,3,0,1,1
34,16,3764006.95,50.40,22.41,1,1,2,1,0,1
63,9,4647333.74,48.79,17.69,2,1,0,1,0,1
24,6,2485721.25,59.74,20.09,1,1,0,0,0,1
23,5,3333465.40,39.21,33.59,2,3,8,1,1,1
41,3,3697395.05,44.12,30.53,4,1,7,0,1,1
31,12,3493725.15,32.31,50.41,2,2,7,0,0,1
60,25,3902716.20,36.74,4.06,1,3,1,1,0,0
48,21,5026447.43,49.24,42.69,3,2,10,1,0,1
48,13,4389504.73,40.35,35.05,3,5,3,0,0,1
64,0,1746789.25,38.41,4.35,3,3,1,1,1,1
25,7,4204824.71,35.55,49.01,3,4,5,1,1,0
24,4,1679999.94,44.35,13.54,2,1,2,1,0,1
31,0,1400000.00,35.46,35.82,2,3,8,0,0,1
31,13,1733668.10,55.06,54.13,2,2,0,0,0,1
57,7,3490435.09,43.28,27.36,3,4,9,0,0,1
41,12,2519970.72,42.90,56.81,1,4,9,0,1,1
58,4,2989405.53,52.47,19.29,3,3,2,1,1,1
38,20,3822147.34,34.64,32.06,2,5,7,1,0,0
33,15,4106627.75,40.50,55.70,2,4,3,1,0,0
37,7,4365235.15,53.48,47.55,1,4,3,0,1,0
28,10,3505804.39,56.87,62.00,1,3,9,0,1,1
54,4,2322384.79,39.92,36.33,4,4,3,0,1,1
42,1,2914260.90,36.06,11.77,3,3,9,1,1,1
53,19,5505311.97,60.80,16.52,1,2,5,1,1,1
19,1,1400000.00,45.73,44.81,3,2,6,0,1,0
41,1,1902121.23,41.01,11.49,2,2,9,0,0,1
25,2,1883265.61,36.14,50.75,2,4,0,0,0,0
47,11,1929826.52,59.93,40.20,2,1,8,0,0,1
51,16,5871114.12,58.18,58.65,5,3,8,1,1,1
43,20,1435701.73,62.25,21.02,5,2,1,0,0,0
53,8,3860308.93,48.21,9.61,5,4,6,1,0,0
54,12,1533026.78,34.30,57.37,2,3,8,0,1,1
53,28,7706677.75,39.39,53.41,5,2,5,1,1,0
23,5,4587543.18,43.14,63.26,5,3,1,1,0,0
35,17,3634827.56,45.86,5.06,4,1,7,0,1,1
29,11,2414564.51,34.90,2.10,3,4,4,1,1,0
49,8,2361686.31,45.10,4.37,5,1,9,1,1,1
41,22,6061408.15,52.34,33.95,4,5,0,1,1,0
43,0,3093572.09,46.82,24.03,2,3,5,0,1,1
56,22,3996175.95,39.65,34.34,5,4,9,0,1,0
25,0,2238869.30,48.11,45.05,3,2,3,1,1,1
19,1,1400000.00,39.89,54.11,4,3,9,1,0,0
62,13,4195644.20,35.46,21.92,5,1,4,0,1,1
19,1,2312514.98,55.84,59.71,5,1,2,0,0,1
20,2,1400000.00,42.62,32.31,1,5,9,1,1,1
27,9,2211088.40,55.28,6.58,1,3,5,0,1,1
29,11,5015644.71,44.39,44.58,3,5,0,0,0,0
43,25,5076844.28,49.17,55.05,4,3,7,1,0,0
22,3,1919979.84,45.16,22.58,3,4,5,0,1,1
22,4,1873297.46,30.00,30.05,1,3,9,1,0,1
29,5,2191537.75,39.51,57.00,2,3,6,1,1,1
58,13,1400000.00,42.49,57.19,1,2,6,0,0,1
23,5,1808471.56,62.36,23.90,2,3,9,1,0,1
29,11,4884921.15,39.47,48.38,5,4,6,1,0,0
53,20,3550847.49,55.11,24.44,3,1,6,0,1,1
61,8,1513457.92,38.41,62.54,2,1,6,0,0,1
57,28,8287412.97,30.00,63.49,4,2,2,0,1,0
49,14,6430702.77,47.65,36.34,3,4,1,0,0,0
45,5,2465940.26,32.70,53.24,4,1,8,0,0,1
45,26,6242319.24,42.36,4.43,5,4,5,0,0,1
21,3,2168630.19,46.74,19.91,2,1,3,0,1,1
53,14,4096711.70,42.40,15.90,2,4,10,0,1,1
44,14,4658560.45,46.77,34.96,2,3,3,1,1,1
46,12,4139635.76,45.24,8.08,5,4,6,0,0,0
22,4,1964323.00,45.62,40.17,4,5,5,1,1,0
53,18,3451431.85,30.00,25.35,3,2,5,0,1,1
22,4,3423051.20,43.44,62.49,5,1,1,1,1,1
28,0,1400000.00,54.08,13.18,4,1,7,0,1,0
59,14,5563072.64,38.12,8.68,4,2,4,1,1,0
45,12,4833657.15,37.47,45.68,5,1,5,1,0,0
39,11,2055285.18,35.19,37.25,1,4,3,0,1,1
31,13,2793557.33,40.86,44.29,2,3,0,1,1,0
58,28,6262619.56,51.30,11.74,1,2,6,1,0,1
41,0,2763381.05,38.83,7.25,3,1,4,0,1,1
44,14,3734966.84,35.65,43.26,2,3,1,1,1,1
64,30,5425300.14,43.20,43.90,1,5,1,0,0,0
43,25,5611070.00,53.61,42.91,4,4,8,0,1,0
36,11,2634714.10,44.31,16.22,5,4,4,0,1,0
60,23,5402919.13,42.54,41.22,1,4,10,0,0,1
52,8,3106497.09,45.79,40.79,3,5,7,0,1,1
40,22,4201889.58,48.19,62.25,4,2,10,0,0,1
65,30,6490135.01,30.00,55.76,1,1,10,1,0,1
38,6,2037245.75,45.66,3.31,4,4,1,1,1,0
63,28,6043003.19,44.83,20.45,3,5,0,0,1,0
34,2,1400000.00,41.45,59.40,1,2,3,1,1,1
38,20,4325345.65,34.01,61.38,1,4,10,1,0,0
31,12,1642549.30,37.78,17.24,3,4,6,1,0,0
50,16,4731129.40,41.19,55.48,1,2,1,1,1,1
28,5,2937744.06,34.08,15.92,1,2,0,0,1,1
23,5,1768496.85,45.07,9.69,4,4,7,1,1,0
38,0,1724419.01,43.57,18.46,2,5,7,1,1,1
23,5,1400000.00,45.92,46.15,3,5,2,0,1,0
21,2,1838253.95,47.55,0.74,1,1,2,1,0,1
23,5,1540871.47,44.65,44.77,3,4,0,0,0,0
19,1,3200545.30,39.87,18.12,1,3,10,1,0,1
38,2,2645365.69,50.32,30.16,2,1,2,1,1,1
19,1,1400000.00,47.10,44.95,5,2,0,0,0,0
33,15,2467508.26,30.03,2.60,1,4,10,1,1,0
20,2,2477648.45,46.15,40.07,3,2,2,1,0,0
25,7,3800816.79,43.78,1.40,2,2,2,0,1,1
19,1,4821487.88,37.60,21.59,1,3,4,0,0,0
58,23,7453590.07,47.22,54.29,2,2,7,1,0,1
27,9,4330419.01,46.07,8.70,3,1,2,0,1,1
56,8,3013360.44,42.51,44.25,1,4,7,1,0,1
22,4,3969925.82,40.89,14.10,1,4,8,0,0,0
35,17,3698373.17,55.46,42.17,2,2,1,0,1,1
45,27,7349046.91,37.74,43.78,2,3,2,1,0,0
64,15,4269783.82,55.70,29.61,4,4,0,0,1,1
46,23,7010306.92,43.64,2.12,1,3,0,0,0,0
44,26,6201608.53,30.54,62.46,4,5,4,0,0,0
22,4,3665514.45,45.01,31.93,3,1,8,0,0,1
26,3,2085248.86,40.69,17.34,1,3,7,1,0,1
19,1,4409911.03,36.85,2.09,2,2,1,1,1,0
50,28,6537539.28,44.54,27.61,5,1,10,0,1,1
19,1,1400000.00,46.16,20.53,2,3,10,1,1,1
49,15,3477367.76,41.18,45.57,2,3,5,1,1,1
41,4,1923821.73,53.15,16.15,4,3,6,1,1,1
41,23,6782511.68,44.11,22.79,4,5,8,0,1,0
56,2,1874002.87,46.01,61.60,1,1,5,0,0,1
27,9,6257830.69,46.42,46.67,2,2,1,1,1,1
51,3,1628185.52,38.78,38.73,5,2,6,0,1,1
65,14,3301233.71,37.08,34.15,5,4,4,1,0,0
52,8,2198831.95,45.96,9.03,2,3,4,0,0,1
62,27,6444882.75,38.50,10.56,5,2,6,1,0,1
40,4,1400000.00,55.49,44.01,3,2,2,0,0,1
58,14,4476392.50,54.80,35.28,1,3,2,0,0,1
30,12,3214962.29,49.71,20.44,5,4,9,0,0,0
53,2,2169307.79,48.23,7.84,2,5,3,1,0,0
48,17,3805550.71,47.34,2.52,4,4,3,1,1,0
27,3,3025859.98,46.69,32.64,1,1,5,1,1,1
28,4,1554351.83,44.13,41.09,4,5,1,1,1,0
34,16,5537813.50,36.67,60.25,5,2,5,0,1,0
41,21,5528321.07,52.72,12.20,1,2,0,1,1,1
35,6,1629636.30,33.67,19.01,4,1,8,1,0,0
37,19,5854766.66,54.11,64.91,4,4,1,0,0,1
25,7,2104642.66,46.94,47.83,2,3,0,1,0,0
26,8,2592508.73,42.25,59.02,3,1,5,1,0,1
42,16,4447350.67,57.79,62.68,4,3,2,0,1,1
61,12,4730919.82,35.68,36.65,4,3,1,1,0,0
61,17,6323496.80,44.10,40.86,1,1,1,0,1,1
24,6,2392494.09,44.66,13.80,5,5,0,0,1,0
21,3,1400000.00,46.66,5.14,1,1,4,0,0,1
61,11,2204653.63,47.00,61.62,3,1,5,0,0,1
52,4,3076041.86,45.73,63.06,3,3,10,1,1,1
61,23,5315098.35,39.22,24.38,2,4,0,0,1,0
32,13,3702268.70,35.32,58.41,1,4,10,1,1,1
41,23,6121929.75,41.92,61.25,3,3,7,1,0,0
54,11,3399270.67,48.32,26.19,2,2,3,0,0,1
49,6,1894594.19,35.50,44.80,2,2,3,0,1,1
55,10,4721949.75,40.11,3.84,2,1,4,0,1,1
64,4,3888819.24,37.22,17.91,2,4,6,1,0,1
38,14,3604174.75,54.89,18.90,4,5,1,0,1,0
22,4,2441920.77,54.11,56.88,2,1,4,1,0,1
60,23,4455154.82,52.86,36.97,4,3,0,0,0,0
35,17,2671506.53,47.82,41.70,4,3,5,0,0,0
62,28,6114442.32,39.55,11.07,4,3,2,1,0,1
54,20,2828248.58,40.10,15.68,3,1,6,1,1,1
38,1,2610144.69,46.71,39.24,2,4,8,1,1,1
45,9,2360074.51,48.20,53.20,4,3,4,1,1,1
35,17,4928467.51,48.72,56.06,1,5,4,0,1,1
22,4,1614986.95,47.23,31.62,3,4,6,1,0,0
61,30,6673843.77,35.65,58.14,4,3,2,1,1,0
29,1,1865664.29,40.03,6.09,2,4,9,0,1,1
23,5,2892458.11,38.30,56.54,2,5,10,0,1,1
44,26,5585483.82,42.82,34.39,2,4,7,0,0,0
24,6,2233028.06,50.70,46.66,5,2,0,1,0,0
27,9,4292862.93,51.39,37.57,1,5,8,0,1,1
59,12,2878953.43,37.56,41.69,3,1,1,1,0,1
37,18,4881083.52,35.78,55.68,4,3,8,0,0,0
61,25,6138476.56,36.48,59.69,5,1,5,1,1,0
64,10,2649507.98,42.52,3.79,5,1,6,0,1,1
52,21,2894978.24,41.80,6.75,1,1,6,1,1,1
54,26,6178190.48,57.39,57.41,3,5,6,0,0,1
50,25,4352745.07,38.85,21.28,5,4,0,0,0,0
19,1,1400000.00,52.01,52.44,2,1,10,1,1,1
52,8,2767496.36,52.65,14.12,4,2,10,0,0,1
35,5,2068714.46,51.43,6.35,4,4,5,0,0,0
24,6,2147377.02,43.93,25.92,2,3,4,0,0,1
20,2,2668702.55,41.33,35.34,2,5,7,0,1,0
48,23,5906368.54,53.50,57.39,2,1,9,1,1,1
59,28,5554864.38,57.23,41.61,4,1,0,1,1,0
23,2,2442261.91,45.01,47.13,4,3,8,0,1,1
65,18,6478150.22,49.43,41.68,2,3,4,1,0,1
42,19,3523724.81,38.27,10.45,3,2,9,1,1,0
57,27,4241819.28,48.67,58.07,4,1,4,0,0,1
42,22,4328830.19,50.03,39.52,5,4,6,1,0,0
57,9,4540821.08,34.63,13.66,2,4,8,1,0,0
51,4,2742255.39,34.51,13.23,3,4,5,1,1,0
23,5,2429641.57,46.88,42.43,1,4,5,1,0,1
56,25,3886252.28,42.66,17.88,1,4,6,1,0,0
48,4,1780492.03,33.86,26.39,4,3,3,1,0,0
65,11,3966822.63,49.26,63.12,2,5,9,0,0,1
21,3,2714497.76,50.26,51.09,3,1,9,1,1,1
54,4,4008676.47,39.23,43.65,1,5,7,0,1,1
51,4,2605535.49,40.72,13.31,3,2,5,1,1,1
24,6,3709059.03,39.84,15.90,2,2,8,0,1,1
61,19,4943631.08,43.37,34.61,5,4,10,0,0,0
36,11,4130219.49,54.26,14.32,4,5,3,0,0,0
40,15,4169595.01,42.56,60.30,2,5,10,0,0,1
24,6,1498328.21,45.24,29.32,3,2,4,1,0,0
59,22,5665294.80,43.57,29.11,1,2,2,1,1,1
27,8,1400000.00,36.45,41.38,1,3,0,1,1,1
58,13,4483907.59,48.69,63.04,4,4,9,1,1,1
61,17,4514615.93,38.87,61.48,2,2,3,1,0,1
41,23,6227542.30,35.51,9.93,5,1,2,1,1,0
64,2,2487432.06,39.51,54.44,2,3,10,1,1,1
33,15,4430020.13,30.00,22.75,4,5,4,0,0,0
57,7,3532170.78,42.63,2.42,3,2,1,0,1,1
23,5,3150900.78,39.33,33.85,2,4,2,1,0,0
65,4,2795709.19,42.09,62.27,2,3,5,1,0,1
47,15,4126773.14,32.61,57.63,1,5,9,1,0,0
51,22,6789133.34,46.83,64.30,5,5,3,1,1,0
64,20,5135619.55,49.30,16.97,5,3,2,0,0,0
50,25,4457608.82,42.23,48.78,1,2,10,1,1,1
35,3,1400000.00,43.47,40.42,3,5,1,0,0,0
39,6,4247544.76,45.29,10.25,4,1,0,0,0,0
28,6,3180546.51,30.00,41.60,1,4,3,0,1,1
32,14,2429430.79,46.24,35.46,3,2,4,0,1,1
23,5,1400000.00,57.52,10.50,5,2,1,1,1,0
28,7,2464300.86,44.24,14.40,3,1,4,0,1,1
35,0,1428721.35,45.87,64.12,4,1,4,0,1,1
51,15,4334688.06,33.04,52.23,5,2,2,0,0,0
40,22,6052260.16,33.52,18.28,5,4,0,0,0,0
48,20,4090429.66,39.13,13.01,2,2,0,0,1,1
64,17,3658651.15,46.00,4.80,5,3,1,0,1,0
62,22,4427300.99,53.74,11.59,2,2,10,0,0,0
41,14,4476282.84,41.04,47.86,4,3,5,0,0,0
40,16,3072097.26,49.10,18.23,1,2,5,0,1,1
33,15,4791477.72,44.61,64.32,4,4,10,0,0,0
36,12,3308774.49,44.85,1.42,3,5,3,0,0,0
57,20,4626384.32,31.01,33.52,1,5,3,0,1,0
56,13,1901296.64,56.24,20.89,3,2,5,1,1,1
20,2,1400000.00,59.56,54.41,2,3,9,1,0,1
20,2,1400000.00,50.49,21.78,4,1,10,0,0,1
57,26,4727895.01,59.57,44.63,5,1,7,0,0,1
53,14,4485345.12,49.85,12.64,5,1,4,1,1,1
20,2,1617419.44,44.74,51.10,3,1,3,0,1,1
41,23,6848650.05,34.00,15.18,3,1,2,0,0,0
41,23,5267228.10,39.42,21.13,5,5,1,1,1,0
46,18,4500592.86,39.78,44.31,3,2,2,0,1,1
34,15,3375450.81,43.91,64.58,1,5,2,0,1,1
63,30,6857001.67,52.31,17.66,2,3,10,1,1,1
31,3,3328040.76,50.90,49.42,3,2,5,1,1,1
64,12,3754531.61,35.54,34.16,1,1,6,0,1,1
22,4,1400000.00,37.37,13.26,1,2,8,0,1,1
52,30,5516501.96,30.00,43.86,1,2,10,1,0,0
60,19,4337409.11,43.97,61.50,1,2,9,1,1,1
58,16,6325361.30,46.58,64.88,2,1,7,0,1,1
49,15,3767353.59,45.25,8.59,2,2,8,1,1,1
42,13,5580129.48,38.61,14.63,3,3,7,0,1,0
62,12,4420361.69,40.85,2.98,4,4,6,1,1,0
62,1,1400000.00,40.34,19.65,1,2,8,1,0,0
65,19,5098299.84,40.99,51.89,3,4,6,0,0,0
42,10,2752651.66,49.20,14.48,2,5,5,0,0,0
20,2,1778240.34,40.55,54.04,1,2,4,0,0,1
59,26,5203220.42,42.26,33.27,1,1,10,1,0,1
59,21,6468611.86,37.90,12.72,3,3,7,1,0,0
38,8,3006325.07,39.54,12.12,5,3,9,0,1,0
57,8,2298811.83,31.18,63.39,5,3,7,0,1,0
44,18,3480487.22,38.91,48.81,2,2,8,1,1,1
39,18,4759224.28,53.35,36.18,1,5,5,0,1,1
52,5,1400000.00,46.84,34.73,4,1,6,0,1,1
36,18,5383641.61,41.54,43.71,5,1,4,1,0,0
28,9,2322935.77,49.69,25.10,3,1,6,1,1,0
23,5,2135646.18,36.91,27.06,5,4,2,0,0,0
30,12,2770365.94,44.95,63.36,3,3,5,0,1,1
52,20,5697467.51,38.35,57.68,5,1,1,1,0,0
39,6,3364618.57,42.54,14.37,4,2,10,0,1,1
34,16,4281211.06,43.95,13.46,1,2,3,0,1,1
52,10,2626679.85,34.11,61.36,2,1,7,0,0,1
45,9,5280502.72,44.13,52.79,4,2,10,1,1,1
60,13,3677461.67,38.50,2.48,4,1,6,0,0,0
62,0,1400000.00,35.87,35.32,4,3,6,1,1,1
39,21,6714164.62,39.11,54.32,5,2,4,0,1,0
60,7,1992300.48,36.29,56.96,3,5,0,1,0,0
30,12,4499259.81,30.00,51.43,1,4,9,1,0,0
21,3,1400000.00,38.34,43.55,5,4,10,1,0,0
43,2,1473512.08,40.08,1.06,2,1,8,0,1,1
19,1,1400000.00,35.88,57.92,3,1,5,1,0,1
34,8,2180358.39,43.99,0.92,5,1,2,0,0,0
56,26,6645594.19,31.57,48.72,3,3,9,1,1,0
54,25,4966206.90,48.46,6.67,4,1,10,1,1,1
19,1,2171671.22,48.78,20.36,2,4,2,1,0,0
54,29,7871488.95,43.08,64.47,4,5,7,1,1,0
55,0,1691119.67,41.36,36.93,4,5,5,0,1,0
54,5,1623340.62,43.65,30.60,4,4,8,1,1,1
59,21,4978317.99,31.14,37.87,2,3,3,1,0,0
27,9,4671402.17,52.55,18.20,5,2,5,1,1,0
63,18,4091830.35,38.15,63.57,1,5,1,0,0,1
61,29,7805022.47,52.67,34.51,5,2,3,1,0,0
36,14,3782304.05,54.16,8.64,2,5,10,1,1,1
20,2,2120483.28,37.92,1.89,2,4,9,1,1,0
42,11,2915095.98,37.64,54.43,2,2,9,1,1,1
45,27,6344449.52,54.92,14.75,3,1,3,1,0,0
25,7,1560517.04,40.43,18.29,4,1,5,1,0,0
43,12,2761121.13,46.86,7.97,2,5,5,1,0,0
44,10,3760990.18,53.56,26.68,5,2,1,1,1,0
55,8,3535443.76,58.68,27.73,4,3,3,0,0,1
25,7,2512386.18,41.17,17.86,1,1,10,0,1,1
41,23,5520801.97,47.27,57.08,1,3,0,1,0,0
20,2,2748997.62,41.73,47.64,5,3,7,0,0,0
45,12,3553188.52,41.63,49.11,3,2,9,1,1,0
56,25,5090254.22,47.39,63.00,3,2,9,0,0,1
46,27,8001784.24,48.03,5.98,1,1,4,0,0,1
32,14,4582821.74,46.00,8.23,4,4,8,0,1,0
61,7,5680616.35,38.83,9.69,3,1,1,0,1,1
39,21,4264068.33,43.41,1.04,2,3,6,0,0,1
54,6,2375140.83,38.02,22.22,4,3,10,1,1,1
20,2,2247264.90,30.00,40.43,5,5,5,1,1,0
44,3,2086887.81,35.77,38.13,3,2,7,1,0,1
49,10,3817512.20,50.06,3.58,3,4,10,1,1,1
32,14,3467426.89,30.98,36.76,1,5,9,0,1,0
38,17,4201276.21,32.58,17.85,2,4,4,1,1,0
27,9,3578625.06,55.13,64.31,2,5,1,0,1,1
55,7,2768765.96,51.35,29.87,1,2,9,1,0,1
26,8,4241732.24,37.43,14.34,1,1,8,1,1,1
48,30,7351157.98,41.53,5.16,1,1,6,0,1,1
44,25,5476751.49,52.07,41.40,3,2,7,1,1,1
21,3,1723379.64,50.36,52.01,5,2,9,0,0,1
41,5,2132649.86,46.17,49.24,5,4,10,1,0,0
51,22,5426795.67,35.76,12.36,4,3,2,0,0,0
57,28,8035738.61,37.41,28.07,3,1,10,1,0,0
40,18,3815103.70,49.31,4.85,3,4,2,1,0,0
29,5,2621226.11,36.13,38.08,2,3,9,1,1,1
26,5,1887347.64,48.54,21.63,5,5,3,1,1,0
50,20,5605990.74,54.02,21.84,4,2,5,1,0,0
49,3,2004628.43,30.00,45.30,5,5,6,0,1,0
23,5,4335171.47,37.15,54.54,2,1,6,0,1,1
56,2,1400000.00,47.58,11.29,4,3,6,1,1,1
23,5,2680279.89,47.03,51.17,1,4,2,1,1,1
30,9,1707451.86,37.77,25.07,1,2,4,0,1,1
61,3,2365965.24,52.20,12.74,2,5,6,0,0,1
55,19,2432921.36,65.00,15.70,4,5,6,1,1,0
29,11,3748775.26,42.75,35.59,2,5,5,0,0,0
29,11,2145384.48,40.23,23.61,5,5,8,1,0,0
41,8,2741426.18,45.17,52.40,2,1,6,1,1,1
27,5,1665884.55,41.49,30.81,1,4,1,0,0,1
21,3,3433882.63,43.99,36.35,1,1,8,0,0,1
50,10,3891730.46,48.06,63.09,4,1,2,1,0,0
33,12,4948867.74,30.00,55.31,2,1,10,1,0,1
41,11,4256032.38,47.47,18.65,3,4,10,0,0,0
22,4,4664176.30,49.10,44.55,4,5,2,1,0,0
24,6,4909621.25,56.63,34.92,2,4,3,1,1,1
19,1,3595790.09,40.63,34.32,3,3,3,0,1,1
63,13,3861714.61,65.00,30.31,1,2,3,1,1,1
22,2,2861331.47,44.86,14.03,1,5,2,0,0,0
43,2,3065479.80,41.57,30.98,3,3,5,1,0,1
38,5,3339587.74,39.49,6.20,3,3,7,0,0,0
35,6,3110598.54,46.19,56.94,1,3,4,0,0,1
57,12,3162440.24,45.46,50.30,5,4,0,1,0,0
38,5,3201417.07,59.43,53.78,4,1,3,1,0,1
39,1,1621407.72,51.56,52.64,3,5,3,0,0,1
60,16,4559821.67,41.85,30.01,3,1,1,0,0,0
25,1,3618017.92,46.99,60.31,3,5,3,0,1,1
48,16,3882861.16,36.12,12.23,5,1,7,0,1,0
37,19,4124923.87,41.16,58.95,4,3,10,1,0,0
25,3,4456051.72,36.67,40.73,1,1,8,1,1,1
24,5,1801804.67,49.07,60.92,1,1,0,1,1,1
37,19,4976169.83,45.16,29.44,2,2,2,1,0,0
64,16,5354904.00,42.78,33.37,1,4,6,1,1,1
24,4,2339698.21,36.50,59.89,3,1,10,1,1,1
63,2,2469019.37,42.07,46.64,2,5,10,0,0,1
42,14,4884730.64,41.67,21.65,2,4,3,0,1,0
44,22,6115669.30,35.84,29.51,3,4,9,0,0,0
30,10,6400168.52,38.74,47.59,4,2,5,1,0,0
42,8,3335657.73,52.94,24.10,1,4,6,1,0,1
49,17,3527897.27,30.00,40.87,1,3,9,0,1,1
30,12,5742575.37,48.95,5.10,5,5,10,1,0,0
61,27,5483398.72,31.93,51.21,5,3,2,1,1,0
20,2,2463466.07,38.58,50.19,1,2,2,0,0,1
47,13,1400000.00,34.27,60.41,3,4,0,1,0,0
52,11,3656020.76,46.57,27.24,2,5,1,0,1,1
34,16,5310919.12,36.93,5.94,2,4,5,0,0,0
54,4,2354722.79,50.17,34.39,4,1,6,1,1,1
31,3,2625912.32,53.06,46.94,5,2,7,1,0,0
42,9,2152209.25,41.52,40.97,1,4,0,1,1,1
52,17,4800468.51,31.47,16.65,3,3,9,1,1,0
60,19,4090354.57,42.70,26.18,5,1,8,1,0,0
63,29,5175278.11,47.21,58.42,1,3,9,0,0,1
49,21,3855148.46,38.57,26.88,3,1,7,1,1,1
43,13,2697589.23,43.63,17.81,3,4,6,0,0,0
63,18,5525521.01,57.80,6.48,3,5,9,1,0,0
49,23,6039279.31,52.20,51.59,2,4,10,1,0,1
35,13,4858143.46,40.09,36.49,2,2,0,1,0,0
25,7,4103909.06,53.95,38.10,3,4,1,1,0,0
49,25,5466930.43,46.90,43.83,4,4,0,1,0,0
48,7,2407044.76,35.02,12.10,3,1,7,1,1,1
28,10,3112028.51,49.64,60.97,3,3,0,0,1,1
51,24,6053023.45,47.83,8.66,3,3,6,1,1,0
49,18,4401218.25,42.98,51.81,5,1,8,0,0,1
24,6,2937922.08,49.03,59.24,1,4,9,1,0,1
58,26,6182474.26,30.00,30.94,2,1,3,0,0,0
26,8,4044866.52,33.75,58.14,1,5,6,0,1,1
40,15,5203626.60,52.69,2.00,4,5,4,0,0,0
41,8,3055850.78,47.18,49.34,3,5,6,0,1,1
61,21,5509892.30,49.77,22.71,1,4,6,0,0,1
25,7,3813776.13,31.39,31.91,2,3,5,0,1,1
28,10,4698269.28,53.22,1.59,5,4,2,0,1,0
36,18,7297022.57,44.54,36.46,5,5,8,0,0,0
31,13,4292111.66,34.94,19.50,2,4,9,0,0,0
50,17,4085690.05,40.78,51.90,1,5,8,1,1,1
50,17,5695209.77,30.00,2.55,2,2,8,0,0,0
50,6,3723038.35,44.60,55.48,5,3,8,0,1,0
56,17,5001699.05,39.81,50.63,3,1,9,1,1,1
21,3,2186018.77,35.70,40.96,2,1,2,1,1,1
19,1,1472899.38,47.70,6.99,2,1,2,1,0,1
56,5,5320103.74,43.42,25.90,1,2,8,1,0,1
64,15,1439662.88,38.47,33.11,2,4,9,0,0,1
63,23,6412600.42,32.92,14.10,4,4,5,0,1,0
41,8,3236156.22,42.95,20.54,5,2,2,0,0,0
21,3,2836155.88,42.62,45.23,4,5,7,1,1,0
58,30,7167322.44,35.51,19.39,3,4,7,1,1,0
47,25,6117075.70,49.58,2.07,4,1,0,0,1,1
38,8,3563399.52,44.30,60.30,4,5,8,0,1,1
46,6,3095476.89,51.95,11.47,3,2,7,1,0,1
47,12,2466019.70,53.34,33.10,2,2,10,0,1,1
39,21,5744845.80,39.66,42.51,2,3,6,0,1,1
28,0,1400000.00,40.33,26.44,4,4,9,0,0,0
50,26,7108143.60,50.42,57.64,4,1,9,0,0,1
22,4,2372788.15,43.49,33.23,3,4,9,1,0,0
28,10,3277386.30,37.55,40.49,5,5,1,1,0,0
44,26,7443820.15,38.59,34.26,4,1,6,0,1,0
29,11,3606635.17,52.79,21.87,2,3,1,1,1,1
63,2,2415361.92,41.49,0.96,5,2,5,0,1,1
60,11,3969307.69,30.00,13.29,4,3,9,0,0,0
65,22,5498469.16,42.93,24.66,1,1,2,0,1,1
22,4,2635914.56,46.28,64.52,3,1,7,1,0,1
33,10,2313557.74,37.47,62.99,4,3,1,1,1,0
62,16,3895542.07,46.13,37.24,2,2,9,0,1,1
22,4,3297656.66,35.94,54.10,2,4,7,1,1,1
60,18,5154577.65,47.71,45.81,3,3,0,1,1,1
54,17,3903095.19,40.31,50.99,2,4,3,0,1,1
57,15,4657798.52,51.18,49.47,3,4,9,1,1,1
27,9,4631355.45,46.76,50.74,5,1,3,0,0,0
21,0,1969360.53,42.81,54.07,3,1,10,0,1,1
56,3,4149534.83,33.64,29.77,3,3,6,1,0,0
55,21,5416396.60,54.00,61.05,1,1,9,0,1,1
22,4,1791630.98,52.34,36.92,3,2,9,0,1,1
65,1,1400000.00,30.91,28.28,3,2,3,0,1,1
24,1,1400000.00,37.47,16.50,3,1,8,1,0,1
37,19,4620211.70,39.44,46.53,1,1,3,0,0,1
44,2,2066175.21,44.54,24.44,4,2,8,1,0,1
28,9,5519240.62,42.50,41.91,2,1,9,0,1,1
47,20,4497749.84,47.97,36.07,3,3,0,1,0,0
46,27,5365593.95,39.29,44.66,4,3,6,0,1,0
33,15,4305625.07,39.13,60.96,3,2,7,1,1,1
63,9,4245645.06,44.39,27.87,1,3,2,1,1,1
24,6,2887199.96,31.48,21.92,4,3,8,1,1,0
53,27,5363921.35,42.47,12.36,1,4,9,0,0,0
44,14,3859508.66,44.30,3.24,1,5,4,1,1,0
61,10,3752467.97,35.86,3.93,4,4,2,1,0,0
54,7,2200984.21,44.65,56.75,4,3,0,0,0,1
23,0,3078084.15,49.56,9.60,2,5,8,1,1,1
48,27,5873649.82,30.00,25.37,2,2,5,0,0,0
56,9,2504625.89,44.61,27.81,1,3,3,0,0,1
54,26,6271413.91,36.34,41.01,5,5,3,1,1,0
32,4,1932986.38,53.75,3.89,5,4,3,1,0,0
45,5,1403993.90,41.50,8.99,5,1,6,0,1,1
47,12,4198765.21,42.02,61.87,5,4,1,1,0,0
50,28,6663881.12,44.22,5.35,5,5,8,0,0,0
32,4,3088751.58,37.47,52.62,2,5,3,1,1,0
20,2,2183088.03,33.72,61.60,1,4,6,0,0,1
26,8,1400000.00,36.48,41.64,3,5,2,0,0,0
19,1,2172294.88,63.73,40.07,5,4,2,0,1,1
65,30,8228278.48,38.21,9.60,5,4,6,1,1,0
62,13,3378425.45,38.62,43.40,5,3,10,1,0,0
34,16,3827095.33,48.60,23.78,2,5,0,1,0,0
26,8,3145983.34,35.80,21.28,4,3,8,0,0,0
35,17,1954603.86,47.73,17.74,1,1,5,0,1,1
34,16,3958543.31,47.33,43.54,5,2,9,0,1,1
59,21,5330569.19,56.71,57.95,1,3,4,0,0,1
51,10,2990531.71,42.38,3.61,3,1,9,0,1,1
25,7,2441875.37,51.50,3.22,2,2,7,0,1,1
33,15,3777209.45,53.21,4.30,4,5,2,1,0,0
38,20,3606877.81,41.46,10.25,1,5,6,0,1,0
23,5,3865458.61,35.36,19.03,4,2,1,1,0,0
45,25,7200750.97,41.84,20.24,4,4,3,1,1,0
19,1,3272561.51,31.40,1.47,3,1,8,1,1,0
58,9,2924753.55,42.13,9.97,2,1,7,1,1,1
39,21,3634901.22,41.76,38.57,5,3,4,1,0,0
64,0,1400000.00,38.50,51.18,5,5,1,0,1,1
51,19,3490134.74,48.35,33.90,3,5,4,1,1,0
57,13,2904575.17,37.28,28.33,5,4,1,0,0,0
33,15,4118224.74,46.45,62.05,3,3,3,0,0,0
34,16,5053238.89,36.17,51.88,5,4,1,1,1,0
57,30,7036944.64,47.86,20.13,4,4,7,0,1,0
25,7,4941387.94,39.06,43.18,3,3,3,1,0,0
49,26,5107934.94,39.32,50.13,5,2,6,0,1,0
50,29,5477201.67,46.63,53.71,2,3,4,0,1,1
65,24,6190846.14,42.35,19.00,5,5,10,1,0,0
58,24,4359213.27,49.19,36.32,1,2,4,0,0,1
28,10,4831174.45,53.65,2.90,5,1,5,0,0,0
58,29,8357658.89,50.02,28.46,1,5,7,1,0,0
52,3,2737244.36,30.00,40.61,1,1,7,0,0,1
63,14,2939409.78,38.98,3.61,3,4,7,1,0,0
62,14,5047632.97,44.44,21.18,3,2,0,1,1,1
56,21,3576575.03,38.67,7.55,3,5,7,0,1,0
30,8,4265153.45,39.10,27.55,5,2,7,1,1,0
30,2,1400000.00,50.84,56.82,1,2,10,1,1,1
25,7,1613400.64,48.78,21.73,3,3,7,0,1,1
56,1,1400988.32,31.60,17.11,2,3,6,0,1,1
36,10,3301854.49,43.24,35.85,2,3,7,0,1,1
37,19,4683665.48,34.63,40.26,1,5,9,0,1,1
28,8,3693536.30,46.87,20.83,2,2,4,1,0,1
58,28,6677654.93,38.78,12.03,2,2,8,0,0,0
61,16,4152103.54,47.50,11.22,5,2,1,1,0,0
42,24,6081339.43,36.40,34.53,4,5,1,1,1,0
51,5,2344217.05,36.21,17.90,3,3,9,0,1,1
35,15,5065268.47,39.42,15.17,2,4,2,1,1,0
23,5,2406449.03,63.19,34.29,4,4,4,1,0,1
53,1,1400000.00,39.30,55.66,4,4,8,1,0,1
46,16,5989560.06,45.93,3.10,5,1,8,1,1,0
20,2,1400000.00,44.35,51.78,1,3,10,0,1,1
46,22,3673298.13,52.92,64.13,3,5,10,1,1,1
44,4,2377514.65,50.50,62.97,3,5,0,0,1,1
28,10,2246716.27,41.39,24.82,2,2,1,0,0,1
58,5,3071261.59,39.74,16.37,2,5,5,0,1,1
49,4,2482056.22,41.34,48.57,5,5,5,1,0,0
48,10,3406743.89,42.17,41.09,4,2,8,0,0,1
26,8,4023953.91,41.35,47.24,5,2,5,0,0,0
49,11,3733547.25,39.26,28.17,5,1,1,0,1,0
25,7,1711665.96,45.80,40.56,2,1,0,0,1,1
26,8,5061538.34,36.44,47.80,2,1,2,1,1,1
31,13,3178967.80,47.24,56.07,5,2,7,1,1,1
60,17,3201253.15,48.69,11.48,5,3,0,1,1,0
31,13,2531056.07,43.22,10.94,1,5,7,0,0,0
43,22,5100078.18,49.90,7.53,4,3,1,1,0,0
20,2,1400000.00,34.75,6.96,1,4,7,1,0,1
49,24,4032723.66,44.83,22.70,2,3,0,1,0,0
35,0,2353551.11,45.31,37.47,3,3,6,1,1,1
50,27,4703433.46,42.34,36.71,4,4,5,0,1,0
61,29,7753476.22,40.24,14.20,5,4,5,1,0,1
37,12,4158938.39,33.69,15.32,5,5,4,1,0,0
58,9,3985351.94,55.49,6.12,3,5,9,1,0,0
47,14,5963301.92,52.42,26.56,4,5,7,0,0,0
28,10,3317579.13,40.82,53.59,1,2,10,1,0,1
59,2,3844067.07,36.83,26.28,4,3,7,1,0,0
49,0,1400000.00,35.84,41.65,3,5,2,0,1,1
32,14,6200413.27,46.74,22.99,4,3,7,1,0,0
59,30,4299948.32,41.77,47.37,3,2,2,1,0,0
62,25,5955171.19,52.87,20.33,5,5,10,0,1,0
51,25,7239560.76,51.13,40.10,5,5,6,1,1,0
57,30,6590137.46,44.42,16.68,3,2,6,0,0,0
38,17,4099951.91,44.46,19.68,4,1,7,0,1,1
32,14,3569201.78,33.24,48.24,2,2,10,0,1,0
38,20,3617614.16,42.12,25.14,2,4,8,0,1,1
50,6,1835009.94,41.25,50.14,5,2,4,0,0,1
51,0,2365379.52,36.36,26.01,3,2,7,0,0,1
57,21,6492689.72,34.33,5.84,3,1,4,0,0,0
21,3,1400000.00,30.00,46.65,5,2,8,0,1,0
27,4,3007082.98,45.27,53.49,5,4,8,1,0,0
27,9,3313412.53,39.20,41.95,1,1,10,1,0,1
25,5,2289554.69,47.80,57.67,1,5,4,0,0,1
63,27,7325663.88,40.25,40.99,3,5,10,0,1,0
25,7,2146959.78,38.91,59.35,5,1,1,0,0,0
27,7,2125285.05,44.18,60.82,4,5,9,0,1,1
51,3,1400000.00,55.21,5.51,1,3,3,0,0,1
51,24,5786048.43,41.07,36.68,4,4,10,0,1,0
35,17,4451590.93,44.64,23.45,3,4,8,0,0,1
45,20,4947882.68,50.58,16.98,2,4,10,0,1,1
51,14,3568290.35,49.77,54.34,1,1,7,1,1,1
28,10,2710480.52,44.02,49.49,4,2,6,0,0,1
46,25,4600343.01,41.21,22.96,5,2,8,0,0,0
22,1,3648359.63,48.04,21.36,4,1,5,0,1,1
57,2,2256544.31,40.38,59.64,5,1,2,1,1,1
31,13,5514272.85,40.99,26.14,3,1,8,0,1,1
39,9,3410601.28,46.62,32.70,5,2,1,0,1,0
22,4,4010233.69,37.05,22.17,4,5,10,1,0,0
31,13,3450872.99,54.51,41.13,1,4,4,0,1,1
43,1,2508665.42,43.65,33.28,5,2,9,1,1,1
32,14,4232860.95,47.47,23.22,3,1,10,1,1,1
30,12,3149111.80,42.27,40.29,5,4,3,0,1,0
23,5,1649826.11,47.93,1.68,5,2,4,1,1,0
47,29,4635923.03,33.33,40.76,5,4,8,0,1,0
37,12,1860692.86,41.26,46.54,4,5,4,1,1,0
61,21,4189470.54,53.20,22.74,2,1,10,0,1,0
54,15,5750396.77,39.03,46.61,2,4,2,0,0,1
53,21,6909206.46,35.80,22.15,1,3,0,0,1,0
32,14,3904975.13,52.51,14.47,5,5,7,0,0,0
40,20,3921432.73,36.65,53.65,1,4,8,0,1,1
42,24,4438280.29,50.44,53.19,5,2,2,0,1,0
26,0,2285773.61,41.97,25.39,3,2,2,0,1,1
37,19,4822110.73,38.89,42.91,3,2,4,1,1,0
59,26,6181810.53,45.29,20.24,1,2,6,1,0,1
43,25,4607781.57,43.07,38.52,1,2,9,1,1,1
56,30,6883750.94,46.79,55.14,1,5,0,1,1,0
54,14,4120764.92,40.86,58.12,5,2,4,1,0,0
24,6,2756729.57,38.01,60.66,2,1,7,1,0,1
59,28,7109502.64,30.00,48.28,5,4,5,0,0,0
62,12,2869076.16,47.97,59.88,1,2,8,0,1,1
53,11,5044690.88,33.16,29.07,2,2,7,0,0,1
59,2,3019588.38,45.11,17.98,5,5,1,0,1,0
50,12,2836319.85,41.65,53.41,5,1,0,1,1,1
46,11,3808830.91,44.92,8.86,1,5,8,1,1,1
40,22,4605844.29,38.57,34.14,1,4,2,0,1,0
38,5,2651764.91,46.45,1.16,3,1,10,0,1,1
50,29,5364287.93,49.63,8.41,1,1,1,1,1,1
38,11,4689715.32,47.27,31.98,2,3,8,1,1,1
33,15,2939664.92,45.53,18.73,1,3,0,0,0,0
22,4,3659944.64,38.51,62.18,4,1,7,0,0,0
45,2,2541070.08,44.04,6.79,2,1,10,0,1,1
21,3,2190463.44,30.48,49.98,2,2,10,0,0,1
42,0,2652627.75,51.80,3.91,4,4,7,1,1,1
62,17,5726684.72,42.45,30.55,3,2,2,1,1,1
40,13,4014949.97,44.12,58.99,1,3,5,0,1,1
24,6,2495862.91,50.85,46.16,4,2,4,1,1,1
36,9,3541555.64,37.11,54.46,4,4,5,0,0,0
64,16,3048663.69,42.27,30.60,3,1,3,0,0,1
26,8,4011744.62,43.78,35.89,4,3,10,0,1,1
32,14,3597887.61,59.57,31.47,3,5,3,1,1,0
45,23,6225724.05,34.06,36.33,2,5,2,1,0,0
24,6,5167273.15,37.52,38.87,4,2,8,1,1,0
36,0,3975442.53,49.98,8.02,5,1,5,1,1,1
48,17,3132503.49,31.88,3.82,1,4,7,1,0,0
28,10,5492763.34,43.67,6.13,5,3,6,1,0,1
52,2,4220972.53,46.72,35.43,3,5,4,0,0,0
64,4,2780576.23,32.85,28.49,1,5,10,1,0,1
35,10,3560173.57,47.23,4.11,4,4,0,0,0,0
21,3,2640616.25,56.81,42.39,4,1,3,1,1,1
44,20,5765683.06,37.68,25.27,2,3,7,1,1,0
51,3,3187056.70,60.63,2.27,5,1,0,1,0,1
20,2,2832977.66,30.00,21.17,5,4,6,1,0,0
41,21,4167827.40,43.32,57.00,1,5,9,0,0,1
37,19,3412698.12,31.55,44.33,3,4,4,1,1,1
43,22,6229246.64,47.60,15.67,3,4,0,1,0,0
46,3,4243880.45,43.12,25.28,5,2,5,0,0,1
35,1,1618409.72,42.84,3.89,2,3,1,1,0,0
30,12,1400000.00,32.34,12.20,4,1,3,1,0,0
28,10,4651217.38,40.75,42.59,3,5,7,0,0,0
19,1,1658857.81,56.44,2.66,3,3,8,1,0,1
50,16,4120978.50,45.11,26.20,4,3,6,0,1,1
59,22,3803990.25,46.29,10.51,5,1,6,0,1,1
63,11,3409452.01,38.94,38.37,1,2,3,0,1,1
29,11,3193861.12,35.17,52.89,5,4,10,1,0,1
30,5,2970528.14,34.90,37.86,3,4,7,1,1,0
24,6,2883025.96,39.42,53.53,4,2,9,0,1,1
23,5,5115165.48,62.87,6.55,1,2,3,0,1,1
24,6,3914825.80,41.58,48.87,5,3,4,0,1,1
53,25,5863290.70,44.59,51.50,1,1,10,1,0,1
43,4,4176463.56,46.35,41.06,4,1,6,0,1,1
27,9,1791495.95,43.12,34.28,4,4,7,0,1,0
55,13,3358318.02,38.03,17.97,2,3,2,0,0,0
24,0,3310921.28,30.00,61.52,3,1,5,1,1,1
35,17,3563335.12,38.45,47.82,5,5,9,0,0,0
64,16,3655283.05,44.07,27.21,3,5,6,1,1,0
45,17,3027164.57,39.12,25.58,4,1,3,0,0,0
50,28,4931773.52,43.62,15.79,2,1,8,1,1,1
37,19,5790323.06,38.55,26.20,1,1,7,1,0,1
21,3,3745214.89,42.30,32.22,5,4,10,0,1,0
20,2,1526409.07,43.95,7.82,1,1,9,0,0,1
27,1,1815413.23,34.17,36.31,1,4,9,0,1,1
62,21,5836948.66,46.96,43.73,5,1,6,1,0,0
22,4,3736866.95,51.75,14.95,2,5,9,1,1,1
37,19,5914594.22,55.70,8.97,4,1,2,1,1,0
56,25,5064921.84,44.49,54.20,5,2,1,0,1,0
56,14,5241642.64,51.89,31.42,2,5,2,0,0,0
33,9,1400000.00,54.28,50.67,5,1,9,0,0,1
52,13,5201544.98,52.48,52.06,4,3,0,0,0,0
40,18,3372400.33,48.33,53.90,5,2,1,1,1,0
33,15,4871705.22,32.38,62.16,4,5,7,1,1,0
39,21,5780050.56,37.54,3.11,2,4,7,1,0,0
23,5,4790020.20,36.72,0.98,5,3,3,0,1,0
23,5,2346031.93,53.83,7.14,1,1,1,0,1,1
59,19,4389582.81,46.30,20.31,4,3,10,0,0,0
62,26,6378907.55,31.47,62.58,4,2,8,1,1,0
63,17,6449707.34,35.41,27.51,1,1,1,0,0,1
20,2,2215333.40,47.67,32.29,2,4,3,0,0,1
55,24,5040920.07,40.68,18.81,2,4,10,0,0,0
27,9,2890506.99,31.09,3.85,2,2,9,0,0,0
42,23,6508337.44,58.31,55.06,5,2,7,1,0,0
21,3,3369204.40,45.89,10.65,3,3,6,0,0,1
44,20,4749126.91,39.87,11.39,1,5,2,1,1,0
25,7,4860342.36,42.62,5.08,1,3,1,0,1,1
27,1,1400000.00,36.28,48.69,4,2,4,0,1,1
29,10,4289429.18,30.00,6.33,5,4,4,0,1,0
51,23,4740457.72,49.01,64.93,3,1,10,0,0,1
55,28,6288962.58,45.61,37.59,3,3,8,1,1,0
27,9,5810783.66,47.13,24.49,3,3,9,0,1,1
46,7,3729268.81,39.70,37.90,2,1,4,0,0,1
46,28,3648222.25,41.22,42.90,1,1,3,1,0,0
43,2,2640792.77,37.53,28.81,4,3,8,0,1,1
23,5,1931893.64,42.94,34.90,2,1,3,0,0,1
59,0,1400000.00,44.09,59.90,1,2,3,0,0,0
24,6,2282195.97,30.50,43.23,5,4,10,0,1,0
43,24,3887654.26,40.28,29.13,4,1,4,1,0,0
30,6,2632005.66,47.18,53.55,2,2,5,1,1,1
43,5,2385104.26,34.83,52.56,4,1,8,0,1,1
47,21,7051346.81,39.13,52.53,2,3,10,0,1,1
61,18,5140482.13,54.02,63.90,3,2,10,0,0,1
26,8,3648545.38,34.61,39.91,5,2,1,1,0,0
31,13,2502247.32,45.42,49.71,2,3,3,0,0,1
23,5,2901072.87,52.67,57.52,4,2,0,1,1,1
52,26,6450688.09,38.90,17.02,3,3,5,1,1,0
35,15,4315643.79,46.91,27.10,2,4,9,0,0,0
54,11,3692903.46,50.21,54.03,4,5,4,1,0,0
20,2,1584013.70,33.03,63.88,5,4,7,0,1,0
65,11,4864953.73,46.52,11.41,1,2,1,1,0,1
53,20,4359600.69,38.94,1.89,5,3,7,0,1,0
35,16,4450780.15,38.67,62.81,4,3,9,0,1,1
23,2,1400000.00,53.80,16.48,3,4,1,0,1,1
63,30,7530505.25,44.02,37.49,2,3,1,1,1,0
21,3,2096259.37,50.07,12.80,3,1,1,1,1,1
40,22,5455775.28,35.20,25.44,3,5,1,0,0,0
65,18,3422623.39,46.78,50.30,4,2,7,1,1,1
64,19,3854912.05,45.21,35.10,1,5,9,1,1,1
44,15,3595433.33,46.50,18.04,4,2,0,1,1,0
21,3,1572179.93,42.81,11.91,1,3,8,0,0,1
63,6,1942582.41,30.00,12.73,3,2,9,0,0,1
34,6,3154453.46,54.82,35.27,5,1,2,1,0,0
49,3,2402162.10,35.56,62.43,2,5,6,0,1,1
59,16,4179248.57,45.56,13.29,3,2,7,0,1,1
32,14,3503918.51,50.30,37.51,3,2,1,1,0,0
63,14,3547522.47,51.08,38.11,4,4,7,1,1,1
42,7,2552899.50,30.00,7.49,1,4,1,1,0,0
43,8,2531551.31,40.48,34.66,4,4,5,0,1,0
50,6,2195271.34,49.40,5.80,3,2,3,0,1,1
25,7,3876016.64,39.31,42.20,5,5,5,0,1,0
36,10,1450670.62,40.32,14.31,4,2,0,0,0,0
24,1,1464849.53,52.01,49.41,4,3,6,1,1,1
21,3,1705004.03,37.42,11.82,4,2,7,0,0,0
37,11,4845511.67,35.80,40.69,3,5,5,1,0,0
63,26,5037758.59,38.85,53.97,1,2,9,1,0,1
31,13,4930776.00,44.83,45.51,4,4,2,1,1,0
58,20,5616222.23,46.79,61.42,1,2,1,1,1,1
29,11,3366912.63,38.25,38.31,4,1,5,1,0,0
41,4,1816694.00,46.44,16.58,1,1,10,0,1,1
41,14,2288088.75,36.01,10.95,5,3,5,0,0,0
49,6,6301625.28,40.87,34.30,5,2,5,1,1,0
31,13,3649649.49,30.00,4.22,3,3,3,0,0,0
24,6,4066492.57,39.15,59.05,4,2,2,0,1,1
61,5,2515063.43,49.73,29.49,5,2,8,0,0,1
41,19,6229774.80,46.22,50.01,2,5,8,1,0,0
40,22,3375923.91,36.00,19.75,2,2,1,0,0,0
63,4,2912623.57,37.94,11.92,4,3,10,1,1,1
32,14,5446015.41,38.63,29.85,5,2,5,1,1,1
29,11,3762217.42,42.29,33.79,3,5,6,1,0,0
46,18,3784271.35,36.71,50.49,4,4,9,1,0,0
65,4,2392617.53,34.25,14.25,3,1,5,1,1,1
63,3,1400000.00,30.00,58.63,3,2,0,0,0,1
25,3,3588484.14,40.52,23.52,4,5,5,0,1,0
20,1,3560770.63,51.29,32.53,5,5,6,1,1,0
19,1,1498027.24,41.74,51.07,2,4,10,1,1,1
35,11,3388009.56,52.62,11.46,4,4,6,0,1,0
52,17,3063369.42,48.01,59.63,5,1,7,1,0,1
23,5,2863037.12,39.38,10.70,4,4,6,1,0,0
59,29,6274116.56,38.24,56.91,3,2,5,1,0,1
64,30,5669599.76,36.41,22.73,1,2,5,0,0,1
22,4,1400000.00,45.06,47.15,4,5,0,1,1,1
65,5,4024329.13,47.36,11.97,4,2,8,1,1,1
39,21,3633062.09,42.68,38.07,5,4,3,0,1,0
24,6,2141337.95,48.84,49.47,4,3,8,1,0,0
26,8,3467155.37,45.94,22.10,5,2,8,1,1,0
33,8,3721225.19,41.73,53.71,5,3,3,1,0,0
65,19,3527877.62,42.38,53.85,2,4,0,1,1,1
51,3,2226466.34,44.95,20.13,5,5,10,0,1,0
22,4,3855827.97,42.91,18.11,5,1,6,0,0,1
57,25,4587942.02,52.17,60.19,2,1,0,1,1,1
41,5,4017382.56,42.59,28.79,4,1,6,1,0,1
24,6,1614137.70,48.15,27.15,1,5,1,1,1,1
55,30,5833519.01,46.54,3.66,3,3,3,0,1,0
22,4,3720593.16,44.06,56.47,1,4,9,0,1,1
33,15,4929241.53,41.39,29.67,5,2,8,1,0,1
43,8,3679827.34,40.54,15.78,5,3,10,1,0,0
36,16,3816237.72,43.53,52.62,1,4,10,0,0,1
56,24,4533027.98,31.26,33.87,3,4,5,0,0,0
43,14,6280383.85,40.55,9.59,4,2,5,0,1,0
33,13,6761978.60,41.80,29.67,4,2,2,1,0,0
58,19,4430971.45,47.12,33.39,5,2,2,0,0,0
54,5,3120145.32,43.47,44.92,5,4,9,1,1,1
50,26,5083084.96,37.37,9.15,2,4,10,1,1,0
47,16,2979529.36,48.50,55.69,4,5,8,0,1,1
60,19,4400958.23,50.32,18.94,2,1,2,1,1,1
26,8,1856822.71,43.83,19.53,4,5,4,0,0,0
61,17,4681900.88,44.69,43.37,4,4,1,1,1,0
40,2,1910150.35,42.33,21.17,3,3,2,0,1,1
30,12,4135290.01,50.37,13.86,4,1,4,0,0,0
54,17,4502920.58,58.01,56.62,5,1,9,1,0,1
22,4,2587470.33,34.19,5.00,5,3,1,0,0,0
64,23,5069926.24,47.96,18.57,3,5,3,1,1,1
42,0,1920737.16,39.94,53.37,3,5,10,1,0,1
42,24,6546350.21,41.25,55.11,1,1,7,1,1,1
32,2,4662700.46,33.72,22.23,5,2,1,0,1,1
19,1,2056770.01,50.19,22.11,2,2,4,0,0,1
51,19,6258851.15,40.32,40.51,2,2,3,1,1,1
41,15,5179964.80,46.23,15.94,2,3,3,1,1,0
65,22,6317088.07,31.73,40.74,5,5,1,0,1,0
39,12,4356577.65,30.00,12.90,3,5,8,0,1,0
52,13,3289920.12,37.17,16.45,4,1,5,1,0,0
25,3,1400000.00,41.93,9.55,2,3,4,1,1,1
56,9,4296966.85,47.87,16.89,1,2,5,1,0,1
52,2,1936674.36,42.06,32.19,1,1,3,0,0,1
40,14,5801045.67,38.77,31.82,2,1,7,0,0,1
32,14,4240772.85,43.81,29.09,5,4,1,1,0,0
53,6,2314503.08,39.19,57.67,1,5,3,1,1,1
62,28,5736915.79,52.10,40.34,5,2,5,1,1,0
56,24,5049312.01,37.86,31.98,5,2,8,1,1,1
43,22,5228075.50,34.70,52.09,1,4,10,0,1,1
33,15,2449300.46,46.36,45.20,3,2,9,1,1,1
33,10,2761697.60,32.76,50.02,4,5,5,0,1,0
26,8,2034533.69,52.15,48.77,5,3,2,1,1,0
25,7,3133892.64,37.69,13.45,5,4,0,0,0,0
19,1,1400000.00,40.81,51.22,2,1,8,0,0,1
48,28,7005780.40,37.79,36.23,5,5,3,1,0,0
40,13,2864175.43,48.69,18.79,3,4,0,1,1,0
46,28,9305460.47,30.00,63.79,2,5,10,1,0,0
51,19,4913810.27,43.13,32.63,3,1,0,0,1,1
57,2,3862303.58,39.44,53.86,2,1,2,0,0,1
49,6,2354910.86,46.44,23.55,2,2,6,0,1,1
54,15,2826085.85,38.45,13.08,1,3,7,1,0,1
21,3,2248921.77,36.86,12.99,2,3,6,1,1,0
36,5,3443780.16,46.23,20.23,3,5,2,1,1,0
38,12,2860064.49,31.20,46.00,4,4,4,0,0,0
38,20,3058010.24,44.55,56.58,2,1,10,1,0,1
43,25,7258296.42,31.61,9.25,3,3,0,0,0,0
57,27,6073535.88,50.16,19.33,3,5,9,1,0,0
64,9,2667832.14,35.85,25.65,1,2,2,0,0,1
24,6,3181507.46,50.66,44.18,5,2,6,1,1,1
49,26,5635504.95,47.10,63.43,5,2,5,0,1,0
43,22,3575687.82,32.06,58.60,1,1,7,0,0,1
56,9,6404505.91,30.09,15.92,1,3,9,0,0,1
61,16,4504999.58,49.32,54.89,5,4,10,1,0,0
39,17,4459362.18,40.26,18.03,5,1,4,0,0,0
20,2,1400000.00,33.86,24.99,2,1,8,1,1,1
23,5,1748602.19,40.00,48.72,3,5,7,0,1,0
62,29,6489259.92,49.26,54.02,4,2,1,0,0,0
26,8,2629084.75,40.44,13.24,1,3,8,1,0,1
62,8,3885602.81,37.14,33.07,4,3,3,0,1,1
52,9,1912808.39,35.68,28.71,2,4,7,1,0,0
57,24,4332373.74,46.92,37.31,5,5,10,0,0,0
45,1,2373872.58,46.69,45.29,4,4,2,0,1,1
34,16,5862694.87,44.50,61.83,1,4,9,0,0,1
49,26,6586902.70,53.42,35.42,4,4,3,0,0,0
30,10,3389006.44,37.31,59.44,3,2,0,1,1,1
27,9,2167307.15,48.69,44.50,5,3,6,0,0,0
56,5,1566272.00,33.33,1.56,4,1,6,1,1,1
54,15,5802132.42,31.43,45.22,4,5,0,0,0,0
45,10,2389624.35,41.77,64.86,1,5,5,1,0,1
26,8,2735548.63,38.39,23.25,4,3,9,1,0,0
64,2,4530449.50,30.23,5.52,4,4,3,0,1,0
49,13,3597580.56,41.02,18.83,2,3,4,0,1,1
62,15,1400000.00,34.47,41.13,3,2,5,0,1,1
44,9,3289379.28,42.23,58.62,5,1,2,0,1,1
29,11,3673443.40,37.78,55.90,4,3,7,1,0,0
43,6,3901841.90,31.81,47.48,4,2,4,0,1,1
60,24,4625019.80,57.69,8.06,5,2,0,0,0,0
39,10,2561604.09,38.04,3.86,3,3,4,0,0,0
41,0,1701908.17,35.34,33.03,5,2,10,1,1,1
27,9,3402588.64,35.63,10.86,1,3,1,0,1,0
33,15,1623408.24,42.44,24.49,5,1,8,1,0,1
39,6,1400000.00,42.03,45.11,5,4,1,1,0,0
60,9,1953522.80,44.30,9.90,3,4,2,1,1,1
63,28,5818546.34,44.82,61.23,4,2,6,0,1,1
54,14,6259266.98,43.27,33.39,1,1,4,0,0,1
23,5,3818747.73,45.27,63.56,4,5,4,0,0,0
52,10,2437326.64,47.39,4.06,4,5,0,0,0,0
19,1,2570986.11,42.67,26.86,4,2,9,0,1,1
20,1,1400000.00,41.93,17.01,5,1,4,1,1,0
27,9,3876950.02,39.56,51.31,5,5,1,0,1,1
57,7,2441495.68,44.08,10.54,5,3,7,0,0,0
59,22,4123610.81,43.20,52.69,5,5,3,1,1,0
44,26,6604654.37,34.45,16.36,5,5,2,0,0,0
58,24,7417926.19,40.42,43.69,1,2,0,0,0,1
29,11,3755567.31,45.58,61.52,2,1,6,1,0,1
58,6,1590990.64,39.74,39.50,1,2,7,1,1,1
65,27,8049267.52,30.00,9.69,5,2,3,0,0,0
37,19,3097397.25,52.74,52.36,5,5,4,1,0,0
55,28,4762266.85,47.93,32.70,1,1,0,1,1,1
51,2,2020959.05,32.30,46.47,5,2,6,0,1,1
34,14,3434597.47,55.14,57.81,2,2,8,1,1,1
41,23,4351167.24,49.91,62.09,5,5,1,0,0,0
39,1,1400000.00,44.90,10.69,3,2,6,0,1,1
55,12,2783336.52,47.13,36.47,1,3,10,0,1,1
50,14,2810988.05,50.58,56.62,1,1,0,1,1,1
36,18,4537947.77,40.80,59.05,3,1,10,1,0,1
57,24,4561702.98,56.70,46.01,4,5,4,0,0,1
52,9,4354814.55,51.85,17.44,1,1,7,1,1,1
27,9,4155485.48,43.97,63.61,3,4,0,0,0,0
59,29,5400008.82,50.79,27.55,5,4,3,1,0,0
42,10,2082957.98,42.22,22.29,4,4,1,1,0,0
43,25,4987454.44,40.47,14.61,5,3,0,0,0,0
58,0,3836629.98,38.84,44.39,2,2,9,1,0,1
28,10,4262659.67,46.78,24.05,3,3,1,0,1,1
20,2,1400000.00,31.67,60.28,5,4,1,1,0,0
62,23,4660265.52,33.45,63.71,5,4,5,0,1,0
33,8,2419327.63,47.34,64.45,3,4,1,0,0,1
42,22,4311257.50,48.15,26.78,2,5,1,0,1,0
26,8,2898817.80,41.42,54.75,3,3,4,1,0,0
63,26,7010694.67,47.68,32.19,2,2,7,0,1,1
49,8,1963817.25,39.79,8.16,2,3,10,1,1,1
19,1,2652747.84,51.22,7.36,3,1,7,1,0,1
37,4,2264334.88,30.00,49.03,4,2,9,1,0,0
62,4,3417586.20,36.96,55.72,3,4,4,1,0,1
33,4,2109363.49,37.61,39.62,2,4,0,1,0,0
43,9,2108573.91,46.75,4.62,3,3,0,0,1,1
53,5,2642034.48,35.61,57.97,3,1,3,0,1,1
34,14,4364795.56,32.13,58.64,1,3,9,0,1,1
21,3,1849147.63,50.53,39.24,5,4,1,1,1,0
55,8,4013295.55,37.15,63.69,5,3,3,1,0,0
46,24,4692017.21,50.37,45.88,5,2,0,1,0,0
22,4,1400000.00,50.94,17.10,4,2,3,1,1,1
19,1,1400000.00,37.59,10.83,5,4,6,1,0,0
40,21,4229762.04,41.77,55.35,5,1,7,1,1,0
42,23,5452650.63,41.55,33.96,4,1,7,0,1,1
38,11,3185718.20,42.63,25.17,3,3,1,1,0,0
36,7,2960411.28,49.47,54.37,4,1,0,1,1,1
24,6,3733809.63,45.00,40.44,1,3,2,0,1,1
63,20,4093988.44,33.40,35.70,5,2,7,0,1,0
28,2,1400000.00,51.00,60.53,5,5,3,0,1,0
50,13,3301656.72,42.75,31.36,1,1,6,1,1,1
27,9,4062456.66,39.54,3.66,4,5,7,1,1,0
38,4,3715949.06,47.90,19.83,3,5,2,0,1,0
49,1,3892924.09,44.58,23.22,3,1,10,1,1,1
61,9,3543995.43,30.23,15.48,3,4,3,0,0,0
30,12,3047780.60,52.85,23.14,2,5,5,1,1,0
62,0,1400000.00,39.55,30.04,5,1,9,0,1,1
19,1,2195106.16,50.90,3.20,4,1,10,0,0,1
24,6,3039578.11,43.79,4.48,5,3,7,0,0,0
34,10,2864453.47,49.77,47.88,4,4,9,0,1,1
24,6,2812432.18,41.15,41.30,2,2,3,1,1,1
64,2,2612755.89,44.48,4.77,2,1,1,1,0,1
33,15,3661548.70,44.63,63.98,1,4,9,0,0,1
64,19,4642122.61,40.05,2.89,4,1,10,1,1,1
48,25,5647187.18,30.00,63.61,4,5,6,0,0,0
48,21,2550455.57,50.34,8.64,5,2,5,1,0,0
33,15,5843213.90,44.80,21.84,3,2,1,1,1,0
34,15,2799663.80,30.00,57.39,3,1,3,1,1,1
36,18,5149713.19,43.31,35.52,5,1,1,0,0,0
53,21,4665687.08,49.76,3.63,3,1,9,0,0,1
22,4,1400000.00,45.66,64.82,5,5,1,1,0,0
29,9,2205689.86,40.66,34.56,1,4,6,0,0,1
29,11,5187450.01,45.68,14.10,1,3,4,0,0,0
25,1,2233739.56,46.51,34.19,2,3,3,0,1,1
26,8,2224510.93,35.18,25.05,3,2,8,0,0,0
62,14,4885158.75,49.61,46.71,5,5,1,0,1,1
25,6,3466619.42,48.22,27.80,2,3,10,0,0,1
28,8,2618659.61,42.24,14.32,1,1,10,0,0,0
23,1,1400000.00,30.69,29.44,4,2,0,0,0,0
26,8,3319843.28,56.51,51.97,5,4,10,0,0,0
43,0,1677213.58,50.15,46.68,1,5,4,1,1,1
52,16,4484186.34,53.85,36.77,5,3,3,1,1,0
25,7,3009774.08,49.08,7.42,4,1,1,0,0,0
64,11,3853040.96,49.21,37.57,4,4,6,1,0,0
51,11,3846892.80,40.30,30.63,2,2,7,1,1,1
47,3,2227829.20,48.35,47.01,3,5,3,1,1,1
54,28,7103976.61,45.19,20.10,1,2,5,0,1,1
43,6,2115432.22,52.38,51.04,5,4,7,1,0,0
37,1,2994589.01,44.20,13.15,1,4,2,1,1,1
52,10,3835229.25,35.52,59.65,2,5,3,0,1,1
41,21,6618621.23,42.17,6.37,2,4,5,1,0,0
49,22,5227539.27,32.79,22.08,1,4,8,0,1,0
27,7,2802919.88,38.71,23.45,2,4,6,0,0,0
33,15,5496698.91,36.93,62.06,2,4,7,1,1,0
37,10,4938371.76,49.61,55.53,3,2,1,1,0,1
31,12,5440802.69,50.84,51.39,2,2,10,0,0,1
38,6,3484140.58,51.18,14.00,5,3,6,1,1,0
59,28,5944547.41,48.10,46.38,5,5,1,1,0,0
39,5,4008513.77,37.56,62.13,5,3,8,1,1,0
65,28,7398032.72,36.54,43.11,2,5,0,1,1,0
35,15,2498026.33,42.74,29.25,5,5,10,0,0,0
58,26,6729190.09,35.94,62.81,4,1,0,1,1,0
51,14,5240507.96,40.78,22.73,5,3,7,0,1,0
47,29,8641405.07,30.00,45.40,2,1,0,0,1,0
30,12,4507892.15,45.15,19.96,4,5,5,1,0,0
61,12,4789232.28,43.02,37.83,3,2,4,1,0,1
59,15,4822592.34,41.88,22.30,2,1,9,0,0,1
58,0,1466745.39,52.33,58.33,4,4,5,1,1,1
46,11,3833242.41,47.78,0.82,4,3,5,1,0,0
47,14,4503865.12,44.56,29.06,3,2,3,0,0,1
21,3,1438887.66,40.84,11.36,3,2,0,0,0,0
34,7,1400000.00,34.50,27.96,3,5,10,1,1,0
22,4,1400000.00,43.48,24.09,3,4,2,1,1,0
44,12,3189213.10,30.00,53.49,2,1,2,1,1,1
26,0,3889169.10,39.96,13.74,3,2,5,1,1,1
23,5,1400000.00,37.65,44.72,3,1,0,0,0,1
59,11,4768113.48,45.02,35.73,2,2,0,0,0,1
26,8,2602382.89,45.77,13.64,1,5,10,0,1,1
37,1,2221451.68,52.93,20.47,2,3,0,1,0,1
47,20,2743517.58,43.36,61.32,2,5,1,1,0,0
56,26,5242770.85,32.86,0.90,4,1,3,0,0,0
19,1,1400000.00,30.79,11.49,5,5,7,1,1,0
46,1,1400000.00,46.38,8.18,4,5,3,1,0,0
25,7,1470853.35,53.91,17.62,4,2,8,0,1,1
36,11,2799168.24,46.82,41.22,3,2,6,0,1,1
59,16,4322653.06,40.64,62.66,2,5,0,0,1,1
61,29,6630856.52,32.11,47.01,4,1,3,1,1,0
24,6,1459281.35,49.73,8.07,1,1,1,0,1,1
25,7,3088267.23,33.18,48.57,2,1,10,1,1,1
59,29,5470444.37,38.75,13.46,4,1,7,0,0,0
29,11,4174185.46,39.15,6.31,5,5,1,1,0,0
40,22,4543493.59,49.99,21.36,4,1,0,1,0,0
35,3,1800784.55,46.02,51.12,4,1,10,1,1,1
21,3,2603193.87,47.13,45.47,3,5,4,1,1,0
58,10,4121820.65,47.57,60.66,3,5,6,0,0,1
65,16,3333510.60,45.27,51.03,5,4,3,1,0,1
59,29,7454155.75,30.56,50.79,4,4,5,0,0,0
65,8,3012097.41,57.82,28.66,3,5,1,1,0,1
47,6,3072864.62,31.44,50.45,1,1,1,0,1,1
56,30,7445977.54,53.04,47.52,5,5,10,1,0,0
65,0,1400000.00,34.31,2.16,5,3,10,0,0,0
58,19,4920468.74,37.65,52.08,1,4,6,0,1,1
31,13,3536865.37,43.91,28.20,1,2,7,1,0,1
21,3,2796288.09,40.08,51.12,2,2,8,0,0,1
40,18,3947672.05,43.41,13.75,5,5,10,1,0,0
54,10,2536746.62,42.12,7.14,5,1,5,1,0,0
47,26,5530073.11,32.06,47.48,3,3,3,0,1,0
62,27,5174982.08,52.90,17.35,4,3,1,0,1,0
26,8,4188731.27,36.45,21.76,4,1,5,1,1,0
32,1,2709271.20,46.37,2.19,3,4,7,1,0,0
35,16,3770591.51,44.48,64.57,4,2,9,0,0,1
52,28,5891457.10,38.26,63.93,5,1,9,1,1,0
48,24,4874885.98,40.19,63.43,3,1,1,1,0,0
42,12,5313248.19,36.83,37.37,3,2,4,0,0,0
21,3,1772538.26,42.14,34.22,2,5,0,1,1,0
52,14,2820653.29,52.23,22.95,4,4,3,0,0,0
33,15,3410193.18,42.34,24.22,1,2,4,1,0,1
22,0,3152284.46,41.26,55.11,1,2,3,0,1,1
42,11,3780298.88,42.05,7.93,5,2,3,1,0,0
62,14,3839645.72,41.73,21.17,5,2,9,0,0,0
54,18,4999838.90,45.52,28.77,5,5,3,1,0,0
65,10,4547773.85,40.34,60.54,3,3,0,0,0,0
23,5,2003187.62,56.24,57.69,4,2,10,1,0,1
29,11,1925985.90,37.95,37.82,5,5,7,0,0,0
49,2,3090785.40,34.05,16.92,5,3,1,1,0,0
27,9,4094987.78,50.33,19.19,5,1,10,1,1,1
28,10,3969541.16,33.24,24.32,5,4,0,0,0,0
46,27,5640380.12,36.06,15.14,5,2,3,1,0,0
21,3,1400000.00,34.56,30.67,3,2,2,0,0,0
63,28,7593261.51,43.40,18.57,1,1,10,0,0,1
41,15,3810329.83,40.46,44.34,2,3,5,1,1,1
64,6,2795128.20,41.85,28.51,4,5,6,0,1,1
62,22,5035279.89,45.36,10.16,5,2,4,0,1,1
60,14,3516251.68,46.65,20.55,4,4,0,1,1,0
61,21,5412940.41,41.55,11.30,1,1,8,0,1,1
34,16,3508179.96,30.00,62.38,3,1,4,0,0,0
51,1,4196997.25,39.50,56.55,3,2,4,1,1,1
51,7,1400000.00,34.49,49.19,1,3,7,0,0,0
50,3,2303289.99,42.50,0.91,1,3,10,1,1,1
32,14,3332139.51,35.03,43.33,4,2,8,1,1,1
54,25,7393175.94,36.47,63.95,1,2,7,1,0,1
41,23,5782594.66,44.32,28.02,5,3,5,0,1,0
52,22,4873592.85,37.76,49.40,1,3,3,0,0,1
42,24,4686734.75,50.69,6.27,5,1,2,1,0,0
41,23,5901080.91,46.33,31.22,5,3,4,1,0,0
51,18,7351906.27,42.57,11.22,3,2,8,1,0,0
52,14,4881204.01,59.41,62.88,4,4,4,1,0,1
36,18,4675990.82,46.23,40.86,3,3,10,0,0,0
24,6,2584166.55,39.39,32.02,4,1,4,1,0,0
64,8,4281493.35,38.32,37.67,4,4,1,0,0,0
53,7,3676533.02,38.56,50.74,3,5,7,1,0,0
44,4,3204108.66,38.48,16.70,4,2,1,0,0,0
35,6,1400000.00,40.06,34.19,5,2,4,1,1,0
44,26,4735460.18,49.18,58.76,5,1,7,0,0,0
42,4,2493526.27,35.68,42.61,2,3,7,1,0,1
64,9,2245439.84,30.00,44.60,5,3,9,1,0,0
21,3,1999806.49,39.39,26.65,4,1,2,0,0,0
41,12,2535209.96,39.38,35.39,2,5,10,0,1,1
30,2,2582941.46,34.38,32.98,3,3,1,1,1,0
26,8,2343624.60,42.05,28.96,4,4,8,0,1,0
37,11,4913127.80,50.92,50.13,3,4,10,1,1,1
21,3,3383579.38,40.02,45.92,4,3,3,0,0,0
35,14,4863812.98,53.87,25.15,1,5,8,0,1,1
24,6,3541513.64,34.36,22.23,1,3,5,0,0,0
39,21,7689520.59,46.95,15.67,3,3,2,0,1,0
29,11,2883516.41,34.00,26.80,1,1,7,1,1,1
56,2,2792965.64,42.24,6.32,4,3,7,1,1,1
32,14,3610745.43,48.62,21.30,3,3,3,0,1,0
51,23,5052670.97,40.21,5.26,5,3,1,1,1,0
26,8,3600382.44,46.75,12.82,1,2,2,0,1,1
19,1,1733827.28,50.22,34.75,3,2,7,0,0,1
32,5,2960219.32,42.17,53.28,1,1,2,0,1,0
33,15,4020830.93,40.68,3.21,4,5,4,1,1,0
27,9,4342686.52,32.19,21.22,2,2,1,0,1,0
46,28,5827544.74,46.49,48.58,3,4,8,1,0,0
39,21,6003902.27,44.51,9.77,5,4,4,1,1,0
54,5,1750092.22,33.90,34.37,4,2,4,1,0,0
52,20,4555947.27,40.36,28.19,1,3,9,0,0,1
24,6,2094050.45,47.37,57.60,1,1,3,1,0,1
49,20,5598940.92,36.63,40.90,1,3,10,1,1,1
34,3,1813071.55,51.95,14.90,4,5,0,0,1,0
34,16,4688317.33,47.15,36.11,4,5,1,1,1,0
46,27,6997347.20,33.67,13.14,5,5,7,0,0,1
33,15,3692450.26,51.74,45.86,1,1,1,1,0,1
64,3,1400000.00,48.59,44.26,2,1,3,1,1,1
42,2,2555112.07,52.16,18.88,2,4,5,0,1,1
58,24,5515953.51,36.89,54.25,2,1,1,1,0,1
48,29,6776165.13,43.05,35.87,2,5,6,1,1,0
28,10,3670466.74,41.93,28.33,3,1,2,1,0,0
31,13,2512113.61,46.38,42.47,1,5,9,0,0,1
28,10,4165212.22,37.40,36.39,4,4,0,0,0,0
35,17,4441802.07,52.82,43.62,1,3,2,1,1,0
61,14,5377564.55,54.19,60.84,2,4,1,0,1,1
47,18,3868450.05,46.99,41.10,1,2,1,1,0,1
54,19,6207641.99,47.57,46.17,4,5,6,0,1,0
55,0,3806767.94,47.52,12.84,2,3,5,1,0,1
35,17,2444091.95,46.72,3.37,2,1,4,0,1,1
41,20,3287381.22,55.31,8.50,3,5,6,0,0,0
36,18,7004497.44,46.37,47.30,2,1,8,0,0,1
19,1,2842721.67,38.00,59.26,4,4,9,0,0,0
43,1,1400000.00,56.92,17.55,4,4,5,1,1,0
49,20,4659885.36,42.43,26.42,5,4,0,0,1,0
29,11,5053983.06,43.88,31.87,1,2,0,1,1,1
23,5,3155858.44,41.91,23.21,1,1,0,1,1,1
49,13,3808602.77,31.19,14.88,3,2,7,0,1,1
64,1,2004245.97,41.65,64.64,1,4,9,1,1,1
29,11,5318211.21,45.11,59.54,2,4,1,1,1,0
27,9,1774298.09,41.44,39.80,2,1,2,0,1,1
21,3,1437541.78,47.50,59.48,1,5,4,0,1,1
62,0,2989037.38,36.87,53.70,4,5,1,1,1,0
61,17,2610480.75,38.33,43.52,3,3,8,0,1,1
65,7,1917046.19,48.79,55.59,1,1,8,0,0,1
65,17,4453561.96,49.73,32.00,5,4,8,1,0,0
24,6,1972217.98,45.46,7.59,3,5,1,0,0,0
55,13,3023137.95,39.78,35.33,2,5,0,0,0,0
57,13,5289324.08,32.57,4.24,2,4,8,1,0,1
45,2,2392227.18,30.00,47.52,5,3,1,0,1,0
28,10,3215722.07,50.66,64.81,1,5,5,0,1,1
65,17,3915733.81,55.54,37.37,4,2,6,1,1,1
41,2,3318502.64,50.13,54.05,3,5,2,0,0,1
62,12,6386210.40,47.87,21.31,2,4,8,1,1,1
53,24,4442016.16,51.92,3.61,5,4,0,1,0,0
55,27,5925107.32,53.24,44.05,2,4,1,1,1,1
36,17,5823948.85,43.38,23.64,2,5,5,0,0,0
58,5,3605124.56,42.57,42.57,3,1,9,1,0,1
19,1,3155827.52,34.52,51.35,4,1,4,1,1,1
48,3,3593793.78,39.76,19.17,3,3,2,0,1,1
48,18,2863494.60,43.25,0.55,3,4,9,1,0,0
53,27,5176424.25,39.05,9.02,5,5,2,0,1,0
42,2,3626974.51,56.46,40.13,1,5,9,0,1,1
35,14,5028718.26,34.51,34.27,1,4,9,1,0,0
48,16,2840988.52,40.54,62.64,1,1,4,1,0,1
19,1,2196188.84,37.55,57.59,3,3,3,1,1,1
25,7,2825390.79,30.13,9.22,2,5,4,1,1,0
33,15,3675194.35,47.47,27.78,5,5,4,0,0,0
58,1,1400000.00,40.22,16.38,5,3,4,1,1,1
27,8,3401826.59,47.21,23.80,5,3,7,1,1,0
43,22,6101989.95,52.18,49.08,1,4,0,1,0,0
24,6,2195857.38,43.12,4.35,3,2,0,0,0,0
45,24,6540569.53,44.13,25.21,5,1,1,1,0,0
48,6,3256994.78,39.93,17.10,1,1,4,0,1,1
47,14,5243764.10,39.96,37.90,4,2,3,0,0,0
34,7,2435868.53,45.65,61.04,3,4,4,1,1,1
35,9,1957152.08,62.38,3.44,4,5,10,0,0,0
54,1,1711907.43,42.11,26.97,1,1,7,1,0,1
64,21,5046838.10,46.80,56.09,1,1,3,0,0,1
24,6,2887601.27,46.52,34.29,2,1,9,0,1,0
39,6,3422393.49,34.40,39.73,1,5,1,1,0,0
47,5,2284185.91,41.78,50.25,1,2,7,1,1,1
64,18,4533169.43,30.33,3.88,2,4,7,0,1,0
55,5,1400000.00,46.23,54.26,2,1,6,0,0,1
41,23,5797868.85,38.22,19.24,1,4,0,1,1,0
49,24,6005622.55,43.00,18.66,3,3,9,0,1,0
50,20,4134555.14,47.16,57.89,1,4,0,1,0,1
47,3,1400000.00,37.67,43.78,3,5,1,1,0,0
34,16,5523996.45,46.56,58.37,5,3,9,1,0,0
27,9,1446101.28,52.67,9.71,2,2,1,1,0,1
42,24,5833513.35,30.00,50.13,5,3,7,1,0,1
44,4,1939449.20,40.42,15.79,4,1,6,0,0,1
37,18,5977156.87,42.17,60.35,2,2,6,1,0,1
53,2,2851813.95,43.46,22.57,1,5,4,1,0,1
42,5,2350504.71,54.71,42.98,4,1,3,0,1,1
34,7,1485952.69,30.00,64.41,1,1,3,1,1,1
46,26,6032083.08,44.21,20.29,2,2,2,1,0,0
52,10,2558440.81,43.82,1.63,3,2,4,0,0,1
61,11,4391633.04,38.13,57.23,3,5,8,1,0,0
55,16,3942817.62,43.59,51.56,2,1,3,0,0,1
34,16,5391500.80,48.56,8.56,2,2,8,1,1,1
30,12,2296899.67,36.53,55.73,2,5,7,0,1,1
65,9,3677887.90,39.83,20.57,2,5,5,1,1,1
39,2,2032322.44,41.86,37.14,1,3,8,0,0,1
55,22,4321741.84,44.17,5.15,2,1,5,1,1,1
30,2,2521882.40,56.15,10.68,5,3,3,0,1,0
24,3,2225164.81,48.63,21.17,4,5,8,1,1,0
50,17,4983412.73,42.58,4.40,3,4,3,1,0,0
28,10,3016658.35,53.55,63.87,2,3,3,1,1,1
33,15,4083581.12,43.35,3.47,1,5,0,1,0,0
57,7,2182552.10,41.95,23.23,2,5,4,0,0,1
53,23,5512166.59,43.73,46.78,2,2,3,1,0,1
31,13,2908165.20,48.64,43.98,3,2,1,1,0,0
32,14,2742051.77,36.35,18.69,4,3,4,1,0,0
25,7,1400000.00,40.71,22.13,2,2,4,1,1,1
58,15,3173809.55,49.06,57.91,2,1,6,1,0,1
47,1,3029560.11,35.01,62.35,2,3,0,1,1,0
53,19,5834549.58,39.65,25.23,1,4,4,1,0,0
41,4,3815517.65,30.00,25.73,5,1,6,0,1,0
47,9,3600099.64,44.93,43.57,3,5,5,0,0,0
38,10,5093298.16,38.21,49.42,3,2,6,1,1,1
65,27,3823893.83,43.85,60.04,4,1,10,1,1,1
54,2,4454902.52,42.02,10.45,3,1,8,0,0,1
48,23,4459539.17,46.92,38.75,3,4,10,0,1,1
48,24,4668030.21,48.08,31.95,1,3,7,1,0,1
47,5,4532202.30,43.04,36.33,4,4,2,0,0,0
50,10,3657207.95,39.41,28.27,2,5,9,0,0,0
58,9,3006137.20,47.17,0.90,1,1,2,0,0,1
19,1,3608314.78,43.82,56.49,3,5,3,1,1,0
38,12,5139133.27,46.28,53.66,5,4,9,1,0,0
55,9,4140844.27,50.99,12.85,5,5,2,1,1,0
26,8,3787789.78,42.11,0.96,4,2,9,1,1,0
32,14,3382703.58,45.71,54.93,2,5,5,0,1,1
61,24,5422110.74,43.78,30.51,5,2,8,0,0,0
23,5,2941670.05,52.94,50.41,5,3,10,0,0,1
44,24,5764671.64,46.96,3.24,4,3,4,0,1,0
40,0,1968648.49,42.28,39.25,4,5,4,1,0,0
60,18,6326157.24,49.20,7.04,5,3,4,1,0,1
56,7,1656611.84,46.98,13.29,5,2,9,0,1,1
41,1,2345243.38,47.60,21.91,2,2,1,1,1,1
32,14,4222910.90,34.58,52.00,3,5,1,0,0,0
32,14,5624334.68,52.66,26.99,3,5,2,1,0,0
29,11,5604923.27,45.48,15.33,5,2,5,0,1,1
19,1,2116067.00,50.89,43.87,3,1,2,0,1,1
37,5,1400000.00,44.71,40.04,3,1,3,0,1,1
21,3,2471477.29,43.74,62.00,1,4,2,0,1,1
19,1,2588959.69,46.60,24.12,5,1,4,0,0,1
49,26,6758464.19,50.92,57.03,5,1,6,1,0,1
46,5,1400000.00,47.46,10.66,1,2,3,0,0,1
37,6,2406607.66,36.91,32.73,1,4,1,0,0,0
61,21,4388364.28,44.13,4.93,1,4,8,1,0,0
65,22,6141006.75,33.09,49.70,4,2,4,0,0,0
55,17,3721629.66,42.22,20.08,2,1,10,0,1,1
59,11,4051799.49,49.39,1.22,1,5,1,0,0,0
22,3,1400000.00,36.95,28.31,2,5,10,1,0,0
55,20,3113940.12,44.01,43.51,4,5,8,0,1,0
40,3,1876537.23,30.00,48.09,5,3,5,0,1,0
58,3,3455811.88,39.37,52.84,5,1,0,1,0,1
38,8,1400000.00,31.00,34.04,1,3,2,1,1,1
28,10,2925730.47,35.91,12.42,4,4,9,0,1,0
62,10,2127405.31,30.00,12.26,1,3,10,1,0,0
52,17,4098033.37,32.52,4.04,1,5,7,1,0,1
48,1,1400000.00,42.01,49.73,5,3,10,0,1,1
52,6,1528490.63,33.01,34.58,1,4,8,1,0,1
39,1,1400000.00,36.76,23.41,3,5,0,1,0,0
22,4,1624234.05,40.32,34.87,5,4,5,1,1,0
63,14,4076342.88,50.95,60.88,5,5,1,0,0,0
55,11,2220326.96,45.21,42.35,2,4,6,1,1,1
32,14,3503166.95,41.49,31.96,5,1,0,0,1,0
39,21,3266552.99,40.15,53.57,4,1,5,0,1,1
45,13,4233692.36,33.18,63.42,1,2,6,0,0,1
43,25,7462478.89,47.36,53.21,3,3,0,1,0,0
39,19,4885421.87,38.72,29.57,3,3,0,1,1,0
34,8,3097128.53,44.65,62.80,5,1,8,0,1,0
51,18,3392843.24,44.22,56.25,5,1,10,1,1,1
51,25,5078654.87,49.34,42.16,1,2,10,1,1,1
60,1,2256171.01,45.93,10.24,2,4,10,1,1,1
28,2,3111492.69,46.93,28.41,2,5,5,1,1,1
55,28,7163076.51,38.48,34.49,3,4,7,0,1,1
65,30,7624547.82,47.07,43.67,1,5,3,0,1,1
63,4,1400000.00,43.73,43.17,4,1,9,1,1,1
41,10,5029319.14,40.96,14.26,5,3,4,0,1,0
43,8,1400000.00,30.00,54.97,5,4,8,1,0,0
59,7,1400000.00,41.85,5.33,2,1,2,1,1,1
28,10,3417149.66,43.51,23.82,2,5,5,1,0,0
24,6,1878908.07,31.62,17.87,1,2,7,1,1,1
52,17,3264825.78,44.02,48.89,4,2,9,0,0,1
47,22,4964109.68,37.18,35.31,2,3,5,0,1,0
49,0,1400000.00,39.22,17.34,5,5,6,0,0,0
49,17,4107764.95,35.80,50.22,1,1,5,0,0,1
64,23,5137356.23,44.11,23.40,3,3,4,1,1,0
50,24,5457650.96,48.50,39.13,3,1,6,0,0,1
56,12,4901406.00,50.44,54.04,4,5,9,1,0,0
46,28,6522186.07,47.58,1.02,2,5,9,1,0,0
35,17,4735789.27,55.80,51.37,4,4,1,0,0,0
34,16,4874695.49,46.64,10.93,2,4,8,0,1,0
62,14,2249524.94,42.24,21.35,4,2,3,1,0,1
21,1,2793482.76,46.44,55.52,4,1,2,1,0,1
20,2,2361348.22,30.00,17.23,1,2,1,1,0,0
21,3,1400000.00,48.47,50.67,2,1,7,0,0,1
62,16,4511207.49,40.44,42.16,1,1,10,0,0,1
36,18,4307759.54,52.38,12.96,1,4,6,0,0,0
34,7,1400000.00,33.21,60.68,4,1,8,0,0,1
38,13,3659645.05,44.63,1.84,2,3,1,1,1,0
60,29,6577514.07,32.68,11.57,5,4,1,1,0,0
35,17,5012268.36,40.45,39.20,4,3,8,0,1,0
21,3,4800200.10,48.07,5.48,1,4,0,1,0,0
48,18,4997461.96,31.15,59.66,4,1,7,1,0,0
43,11,4032696.46,38.01,1.09,1,5,9,1,0,0
40,8,7335055.41,45.80,26.40,5,1,7,1,1,0
23,5,3142868.38,45.46,57.71,2,4,10,1,1,1
32,9,2456241.24,36.25,16.16,1,4,9,0,0,1
48,8,1884898.64,51.15,3.19,2,1,8,1,1,1
61,21,4870873.05,34.33,43.42,3,5,7,1,0,0
21,2,2174863.24,51.07,50.49,1,3,6,0,0,1
40,20,4912038.66,46.17,59.98,2,4,10,1,1,1
62,30,6263598.12,45.23,7.76,5,1,2,0,1,0
20,2,1400000.00,33.55,63.38,4,3,6,1,1,0
39,21,4029253.22,34.19,33.07,1,5,5,1,0,0
43,17,3049380.07,45.95,15.56,1,3,10,0,1,1
49,16,3656729.91,30.00,39.75,3,2,0,0,0,0
63,12,4029986.54,57.20,47.28,5,5,4,0,0,0
40,11,5534310.36,34.11,47.55,4,1,9,0,0,1
42,21,6527083.22,52.38,3.70,4,2,2,0,0,0
24,6,3744684.71,34.88,61.76,1,3,5,1,0,1
22,4,1400000.00,34.96,35.50,4,5,0,1,0,1
65,9,3886009.67,55.88,60.20,4,1,4,1,0,1
60,12,4119891.09,47.51,0.79,4,4,1,1,1,0
34,16,4298271.00,56.78,19.02,5,4,2,1,1,0
34,15,5940317.90,45.93,27.78,5,3,6,0,0,1
22,4,1587624.64,43.85,41.28,4,2,3,0,0,0
57,15,3649511.77,40.91,13.78,5,3,6,1,1,0
61,24,5156120.57,46.97,23.06,4,2,3,0,0,0
31,13,4130214.19,52.60,42.60,1,3,2,1,0,1
43,1,1400000.00,42.56,28.70,2,3,0,1,1,1
32,10,2500013.99,31.46,15.07,1,2,8,0,1,1
21,3,1565441.43,33.60,39.64,1,3,9,1,1,1
41,21,6396737.80,62.17,40.98,2,2,1,0,1,1
50,29,6725724.73,51.20,23.71,1,2,0,0,0,0
20,2,1400000.00,38.99,6.51,4,4,7,0,1,0
56,22,5206793.30,34.28,36.02,3,2,7,0,1,1
47,5,2110700.39,30.21,26.45,4,1,10,0,0,1
25,7,4231651.61,43.87,27.71,2,5,10,1,1,0
36,16,2109245.15,48.01,45.98,5,5,1,0,1,0
23,5,3451108.26,40.66,13.62,3,3,6,1,1,0
22,4,3343394.37,42.62,37.28,2,3,5,0,0,1
58,29,8282328.00,34.90,2.64,2,4,6,0,0,0
65,12,2003424.99,51.86,0.52,5,1,10,1,1,1
65,11,4182535.88,42.91,11.26,2,1,5,1,0,1
64,10,4280537.37,51.89,14.84,3,4,2,1,1,1
40,22,3808551.41,35.54,48.10,3,2,4,0,1,1
60,16,5110079.53,48.76,13.22,4,4,6,0,0,0
38,20,4069922.35,55.74,44.27,5,4,2,1,1,0
44,5,2225287.47,42.40,3.08,5,1,1,0,1,1
63,9,5506048.86,49.76,53.71,5,1,2,0,1,1
43,25,5765241.58,46.49,35.09,2,1,9,1,1,1
27,9,3511454.97,37.95,21.56,3,3,0,1,0,0
26,6,3969255.43,45.31,22.04,2,4,9,1,1,1
29,2,2578996.34,37.05,50.11,3,4,3,0,1,1
33,6,2349190.28,43.22,7.80,4,4,10,0,1,0
31,13,5735250.52,35.92,54.07,5,3,4,1,1,0
32,1,2014305.31,50.38,48.03,5,4,5,0,1,1
46,27,5172892.45,43.08,50.60,2,3,1,0,0,0
62,9,3040243.40,45.43,56.66,3,5,8,1,0,1
45,24,5672415.89,48.43,33.30,4,2,8,0,0,0
60,17,4392492.69,36.35,2.95,4,2,1,0,1,0
61,10,1404582.70,37.31,0.61,3,2,4,1,0,0
19,1,2362170.94,46.75,61.91,4,4,2,0,1,1
48,12,3420753.02,43.16,54.20,1,3,10,1,0,1
38,20,4011557.12,45.10,49.22,5,2,3,1,1,0
35,10,2611875.35,30.00,51.65,5,1,3,0,0,0
38,1,1449815.51,30.00,41.70,4,5,8,0,0,0
21,3,3543450.15,33.48,59.26,3,5,0,1,1,0
65,11,4181070.46,56.88,29.46,2,4,3,1,0,1
40,1,1566744.90,47.68,51.13,3,3,5,1,1,1
63,0,1400000.00,30.00,10.36,3,4,0,0,1,1
22,4,2813903.29,48.04,8.15,3,4,2,0,1,0
34,13,5566729.78,48.11,12.10,5,3,1,0,0,0
27,9,3444199.97,47.55,43.06,1,3,3,1,1,0
60,16,2793546.36,45.20,42.01,2,5,8,0,1,1
40,22,7106357.51,48.56,15.44,2,4,10,0,1,0
56,17,2919272.64,31.29,54.26,1,2,4,0,1,1
37,11,3140978.35,33.81,48.27,1,1,0,0,1,1
58,21,4977758.86,43.13,2.15,1,3,5,1,0,0
29,11,3100058.64,52.97,38.60,2,3,5,0,0,1
55,30,6689451.69,52.15,10.58,5,1,1,0,1,0
60,8,2162809.01,51.96,55.83,4,1,6,1,1,1
48,7,4382524.86,36.86,30.53,5,3,2,1,1,0
22,4,4217595.50,44.39,18.60,2,1,3,0,0,1
42,17,3172449.39,52.97,2.67,2,3,4,0,0,0
35,15,4443574.29,41.77,26.79,3,5,6,1,0,0
36,18,2761733.60,39.87,5.43,5,3,0,0,1,1
50,29,6012692.03,40.81,34.72,4,2,2,0,0,0
64,18,6016513.10,50.78,38.33,5,3,7,1,1,0
40,22,7177497.97,39.76,37.49,4,4,4,0,0,0
46,23,4701982.07,46.28,61.92,5,2,0,1,0,0
42,24,4832996.35,52.66,17.36,2,3,5,1,0,0
36,18,5353899.93,48.61,2.48,5,5,4,1,1,0
65,19,3231680.79,38.33,59.32,2,1,4,1,0,1
61,13,3787494.02,43.71,33.79,2,3,9,1,1,1
29,11,3291354.11,42.88,47.43,2,5,1,1,0,0
29,11,2852921.40,36.57,52.52,1,3,3,0,1,1
33,15,5051275.39,47.02,28.96,4,2,1,0,0,0
65,2,2666998.92,40.82,46.89,3,2,3,1,1,1
43,1,1762515.39,36.31,45.52,2,4,1,1,1,1
54,7,3615749.76,40.39,45.62,2,3,3,0,1,1
22,4,1400000.00,40.70,36.03,3,1,0,0,1,1
46,28,8298460.71,40.40,57.91,1,4,2,0,0,0
36,18,4424192.82,44.43,25.24,1,4,0,1,1,0
45,1,1469995.61,39.25,36.84,2,5,0,0,0,0
20,2,1400000.00,35.18,53.49,5,2,7,1,0,0
62,18,5682833.27,42.05,41.52,3,3,0,1,1,0
19,1,2950002.07,54.94,53.17,1,5,10,0,0,1
19,1,2150236.60,33.58,12.86,4,5,5,0,0,0
23,5,2815423.03,49.41,8.85,2,2,0,1,1,1
38,10,4676838.23,32.55,17.27,5,1,1,1,0,0
43,13,3268235.09,51.63,13.48,4,1,3,0,1,1
61,11,3960961.98,43.80,60.44,4,1,8,0,1,1
49,20,4457768.31,53.66,51.55,1,1,1,1,1,1
30,6,1884456.68,42.19,9.68,1,2,6,1,1,1
46,28,5805965.72,50.41,52.61,2,5,9,0,0,0
35,17,3861529.24,49.25,48.64,3,4,10,0,1,1
53,21,3647403.80,32.40,9.23,4,5,0,0,1,0
30,12,3905355.61,51.68,48.23,2,3,7,1,0,1
39,9,3432203.17,46.52,50.39,4,4,4,0,0,0
37,17,5694284.48,44.44,41.64,5,5,5,0,1,0
49,3,3200747.25,47.78,29.15,5,4,0,1,1,0
21,3,2086090.68,54.18,48.76,3,1,4,1,1,1
21,3,1548442.14,41.28,15.70,5,4,7,1,0,0
27,6,4387630.73,32.32,7.98,4,2,2,1,1,0
51,14,2674273.19,46.02,17.41,2,5,7,0,1,1
64,12,3566837.76,35.06,20.98,3,3,10,1,1,1
43,1,2455461.37,49.25,45.24,5,2,10,0,0,1
65,4,2055889.72,50.19,21.15,1,4,2,1,0,1
42,21,5738086.39,48.87,4.84,3,2,1,0,1,0
52,11,2513663.09,50.38,61.21,5,1,2,1,1,0
53,1,2429871.21,49.35,14.04,3,5,6,0,1,1
36,18,5603663.76,35.58,0.87,3,3,2,1,1,0
43,17,2408047.76,42.01,49.99,5,5,7,1,1,0
28,6,3219695.04,32.84,10.53,3,1,7,0,1,1
44,3,2808768.37,46.06,53.65,4,2,2,0,1,1
36,16,2099241.92,46.58,62.56,1,3,4,1,1,1
33,13,3551100.74,32.18,50.68,1,1,5,0,1,1
37,15,5685328.51,51.18,12.06,2,2,9,1,0,1
50,2,2230713.92,34.23,52.82,1,1,5,1,0,1
24,6,3639690.15,43.77,2.27,5,2,5,0,0,0
56,30,5519343.73,40.11,27.08,2,3,2,1,0,0
23,5,2072336.96,50.90,20.89,1,2,1,1,1,1
63,25,5487262.24,45.06,32.96,3,5,6,1,1,0
36,3,3409006.39,34.17,27.08,5,5,10,1,0,1
35,17,3807085.88,39.93,4.17,3,3,1,0,1,0
53,13,4072716.21,45.38,38.81,4,5,8,1,0,0
50,18,3566280.30,46.36,45.95,4,3,9,0,1,1
46,5,3966433.08,56.95,27.42,3,4,2,0,0,1
28,10,3805207.12,44.04,40.05,3,3,6,1,1,0
42,24,6821661.78,31.35,44.56,2,1,5,0,0,0
29,0,3245517.93,50.78,14.18,5,5,5,1,0,0
56,9,1400000.00,39.78,1.22,3,3,0,0,1,0
59,16,5052905.21,48.56,33.90,5,2,6,0,1,1
54,21,4707069.38,45.87,1.61,4,3,2,0,0,1
42,4,3297271.35,45.53,37.86,2,2,2,1,1,1
36,0,1400000.00,44.47,3.91,2,3,6,0,1,1
32,2,2369557.63,50.96,6.21,4,5,5,0,0,0
34,7,2964026.13,41.84,7.63,4,4,7,1,1,0
56,9,4604924.41,36.88,6.10,4,3,9,0,0,0
19,1,2508311.82,41.51,44.31,1,5,0,1,1,1
25,7,3187736.00,54.31,34.09,3,3,3,1,0,0
52,20,5040377.72,47.73,62.14,3,4,6,0,0,1
31,0,1967945.70,36.57,52.92,5,2,7,0,0,1
53,9,2404512.31,39.82,11.98,2,3,1,0,1,1
32,14,3241217.62,47.08,48.36,3,2,6,0,1,1
51,16,4601956.93,36.32,5.53,3,5,5,1,0,1
33,5,1400000.00,36.75,37.35,2,1,9,0,0,1
52,1,1400000.00,42.16,10.52,3,2,2,1,1,1
57,0,1612148.42,30.00,56.15,2,5,6,1,1,1
32,14,3602378.94,43.95,6.29,1,3,0,0,1,0
61,11,3036443.24,38.11,11.64,3,4,6,0,0,0
58,24,3580504.07,34.80,58.80,4,5,6,1,0,0
65,3,3140694.33,48.66,30.20,2,3,3,1,0,1
47,11,4007967.51,48.69,13.88,3,4,5,1,1,0
43,12,4256798.59,47.09,4.19,4,2,0,1,0,0
45,8,5059731.66,46.47,55.44,2,4,7,1,0,1
36,16,3319521.60,43.35,36.90,3,4,8,1,1,0
30,12,3425116.18,30.00,6.80,1,3,1,0,1,0
33,12,1768313.30,49.68,64.89,1,5,0,1,0,1
21,3,3393127.80,45.15,0.52,4,3,6,0,0,0
48,16,5266635.51,47.37,39.74,3,1,5,1,1,1
61,11,1578837.86,39.06,0.95,3,2,8,0,0,1
48,7,3063428.95,45.12,41.94,4,3,8,1,1,1
53,29,6288357.31,39.48,60.05,5,5,0,1,1,0
28,10,3588865.41,30.00,18.65,2,2,1,1,0,0
37,19,4299301.85,45.77,14.46,1,2,10,1,1,1
40,22,4110359.59,41.62,61.92,1,3,2,1,0,0
44,26,5668670.46,35.11,39.84,2,2,1,1,0,0
65,13,3815748.12,44.25,62.86,4,2,7,1,0,1
25,7,6194845.61,44.64,11.17,4,5,1,0,0,0
29,8,2769339.43,43.49,55.94,4,5,5,1,1,0
23,5,6059344.33,37.09,4.01,4,1,1,1,0,0
36,18,4028741.81,52.51,10.61,2,3,9,0,0,1
31,12,3127736.90,43.99,9.16,1,3,9,0,0,1
56,20,4479721.75,39.59,24.95,5,2,10,0,1,0
50,15,2976478.74,48.15,27.69,4,5,10,1,1,0
25,7,2998372.55,44.42,61.93,1,5,2,1,1,1
22,4,1400000.00,38.43,6.68,1,3,5,1,1,1
34,16,4773563.79,31.35,38.22,2,1,5,1,1,1
53,8,2988936.21,33.70,23.49,1,5,8,1,1,1
36,5,3302609.28,30.00,58.91,4,4,5,1,0,0
23,5,2204897.33,43.37,2.40,5,5,0,1,0,0
22,4,2110851.21,36.57,46.37,4,5,7,0,1,0
57,18,4901290.83,42.58,60.94,2,3,8,1,1,1
46,15,5114865.93,60.56,49.06,4,2,6,1,0,1
37,10,3117373.53,40.68,38.48,4,3,8,0,1,1
28,10,1788738.47,35.71,4.23,1,4,3,0,1,1
45,12,5789823.54,54.40,64.57,4,3,2,0,0,1
30,7,3419014.38,44.48,63.29,2,2,4,1,0,1
45,3,1400000.00,32.90,2.01,1,3,10,0,1,1
45,23,5408325.10,55.91,28.70,5,3,10,0,1,0
43,18,3577885.74,52.10,40.21,4,3,7,1,0,0
63,19,4743600.83,36.94,5.74,2,1,0,1,0,0
44,2,1400000.00,46.50,56.38,4,2,10,1,0,1
27,9,2112107.83,42.48,56.73,1,3,9,1,1,1
23,5,2366865.92,35.25,30.57,2,4,0,0,0,0
19,1,2107383.04,35.41,41.51,3,2,4,0,1,1
31,13,3314209.60,31.02,29.98,2,1,0,0,1,1
46,8,2897430.66,54.21,1.93,5,5,7,0,0,0
46,10,2478444.06,48.81,25.51,2,4,8,0,0,0
23,0,1400000.00,38.76,47.17,1,5,5,1,0,0
23,2,1400000.00,39.52,23.61,5,5,7,1,0,0
49,8,3573704.01,51.68,56.13,5,5,7,0,1,1
61,21,5207756.30,42.21,56.28,1,2,9,1,0,1
28,2,1708480.44,32.67,37.65,1,1,3,1,1,1
48,18,4901306.37,42.37,64.26,4,1,3,1,1,1
58,0,3310612.01,40.68,36.64,5,5,4,1,0,0
33,15,3183460.33,35.88,3.46,4,4,4,0,0,0
42,21,4813999.71,30.48,16.72,4,4,10,0,0,0
40,2,2632822.04,55.53,46.60,2,2,2,0,0,1
63,24,5503220.15,52.17,61.95,3,1,0,0,0,1
23,5,1400000.00,47.59,21.84,1,2,5,1,1,1
46,17,2246171.89,46.94,39.20,4,4,10,1,1,1
23,5,1400000.00,46.21,30.50,3,5,10,0,1,1
27,5,4640183.49,30.00,54.63,1,5,8,0,0,0
53,6,4149089.58,44.73,44.44,5,1,0,1,1,1
56,23,4205023.08,47.95,20.89,1,3,2,0,1,1
35,8,1944573.11,49.47,21.57,2,2,6,1,1,1
20,2,3457244.84,38.81,32.96,3,2,8,0,1,1
32,11,4437459.19,41.92,61.21,2,4,3,0,0,0
50,1,3125987.34,57.04,43.89,4,1,0,1,0,1
30,12,1400000.00,34.00,50.80,1,1,3,1,1,0
56,13,3725747.17,39.46,12.50,1,5,7,0,0,0
50,7,4439139.59,44.34,49.40,2,3,4,1,1,1
29,11,3922599.79,38.19,21.23,1,4,10,1,1,1
44,26,5214263.24,50.26,33.83,5,5,2,0,1,0
63,6,4764028.45,42.25,16.27,1,1,9,1,1,1
50,21,4545371.48,38.94,53.13,3,1,1,0,0,1
37,4,2450173.44,53.16,18.55,3,2,3,1,0,1
58,20,4856750.63,43.59,34.74,5,1,2,1,1,0
59,15,4095097.06,45.03,46.28,3,4,8,1,1,1
64,26,5842874.75,43.09,24.26,2,4,9,0,0,0
29,11,3367896.30,52.76,25.55,5,5,8,1,1,0
25,7,2334542.53,36.06,64.63,3,4,10,1,0,0
37,4,1400000.00,48.60,44.57,2,5,9,1,1,1
48,8,2087040.31,45.25,40.90,4,3,8,0,1,1
32,10,3676556.77,36.91,15.73,1,4,3,0,0,0
64,1,3164577.65,46.74,43.01,5,4,10,0,0,1
28,7,2808273.75,35.36,46.59,4,3,4,0,0,0
64,24,4969526.26,47.22,58.79,3,1,2,0,1,1
46,0,3209819.52,32.10,10.78,3,2,10,0,1,1
19,1,1890682.78,43.85,15.32,2,5,9,1,1,0
42,20,5577342.89,49.27,32.75,4,5,7,1,1,0
53,9,4863329.54,30.00,23.77,3,3,5,1,1,0
44,3,1947675.36,43.78,57.86,5,1,1,0,0,1
48,5,2381141.17,35.27,56.39,3,5,6,1,0,1
51,21,4212365.50,52.56,22.27,2,5,6,1,1,0
22,4,4831221.52,43.00,30.92,3,5,2,0,0,0
25,7,2651981.51,42.69,2.56,3,1,4,1,0,0
23,4,3886790.96,40.96,51.62,1,5,6,0,0,1
30,12,3842949.52,33.61,59.91,1,2,10,0,1,1
31,13,1642403.23,37.48,12.55,4,5,10,0,1,0
51,23,4634094.20,35.81,58.16,5,2,6,1,0,0
38,1,1400000.00,41.10,0.88,3,1,5,0,1,1
44,5,1400000.00,43.26,61.06,5,1,10,0,1,1
58,15,3714064.25,38.74,17.16,5,1,5,1,0,0
20,2,1941967.57,33.83,45.59,5,5,8,1,0,0
41,7,2412839.54,46.78,20.03,2,5,0,1,1,0
50,7,3122779.31,51.22,4.56,2,3,7,0,0,1
46,3,3568458.95,40.82,18.13,1,3,4,0,1,0
65,30,4950909.68,54.22,17.59,3,3,1,1,0,0
45,4,2134437.82,47.58,36.33,1,1,3,0,1,1
29,11,2530032.90,37.37,15.80,4,4,3,0,1,0
60,18,4754692.79,36.22,57.15,2,2,3,0,1,1
41,17,3424270.71,42.38,12.44,1,2,6,1,0,1
50,25,6437821.88,30.00,41.21,3,1,6,0,1,1
20,0,1400000.00,40.53,62.68,1,4,2,1,0,1
54,1,1568059.66,42.54,53.89,5,2,6,1,0,1
44,22,7399415.55,36.82,57.03,1,4,3,1,0,0
41,7,3913246.74,40.53,35.79,2,1,0,1,0,1
26,8,3360190.48,34.97,61.03,2,3,4,1,1,1
35,9,3636764.10,48.03,8.61,5,5,7,0,1,0
29,0,2129936.54,49.02,45.55,2,1,1,0,1,1
44,13,3355512.21,47.25,33.95,3,4,10,1,0,1
20,2,3291124.62,41.16,24.16,2,4,7,0,1,1
42,24,6705890.28,41.51,42.84,4,1,4,0,1,0
49,11,2530588.73,52.34,3.48,2,5,5,0,1,1
62,18,2995591.77,51.28,53.80,2,5,10,0,1,0
56,3,1941482.14,51.97,32.16,3,4,1,0,0,1
53,25,5900246.69,48.13,27.17,2,3,3,0,0,0
55,1,1400000.00,40.48,29.39,3,1,9,0,1,1
50,24,6006758.80,35.16,1.35,3,1,3,1,1,0
41,23,7025066.86,36.73,60.86,1,1,6,1,0,1
26,0,1400000.00,47.53,36.74,5,5,2,1,0,0
45,1,3183624.88,42.71,32.88,5,2,1,0,0,0
20,2,2322002.45,38.03,28.93,5,1,2,0,0,0
34,16,3408836.71,44.48,16.35,5,5,7,1,1,1
58,27,5964282.82,52.39,60.55,2,4,6,0,0,1
24,6,2783123.15,43.29,34.12,1,1,6,0,0,1
26,8,3401455.70,49.38,19.96,4,1,5,0,0,1
25,7,2527689.24,42.50,47.08,1,2,5,0,1,1
56,1,2610251.58,50.92,25.97,1,5,1,1,1,1
43,15,3760366.58,41.22,53.44,4,2,5,0,1,1
54,12,2245853.89,53.93,51.44,1,3,9,1,1,1
51,17,5225290.48,41.63,8.26,2,2,7,0,0,0
22,4,1400000.00,55.51,50.26,2,5,0,0,0,1
63,3,1400000.00,33.94,27.18,3,2,6,1,0,1
22,4,4044366.96,34.86,35.72,4,5,5,0,0,0
65,9,1957637.70,49.31,37.25,5,2,0,0,0,1
52,17,4185386.01,49.96,52.06,4,4,7,0,0,0
39,21,3932544.44,37.51,41.22,1,5,9,0,0,0
41,7,3674381.75,52.98,32.15,4,4,3,0,1,1
51,24,4489286.43,52.00,26.14,5,2,2,1,1,0
31,13,3572830.13,30.00,10.87,3,4,6,0,0,0
37,15,2868370.02,36.04,39.39,1,1,4,0,1,1
47,19,5383856.64,40.89,19.21,1,4,9,1,1,1
28,10,3056195.32,44.56,6.10,1,3,8,0,0,0
47,8,2646939.95,40.36,12.30,4,5,5,0,1,0
62,8,2915598.43,47.47,33.82,4,2,9,1,0,1
33,15,6451281.32,35.55,37.30,4,2,4,0,0,0
53,28,6180069.00,42.65,35.14,4,5,5,0,1,0
44,4,3706567.88,41.41,38.62,2,4,1,0,0,1
61,26,4593861.88,30.00,19.27,4,4,2,1,0,1
63,21,2508269.34,42.78,18.57,5,5,4,0,0,0
44,9,3036472.02,45.98,54.58,3,1,9,1,0,1
28,8,2538913.92,40.08,3.45,1,5,4,1,1,1
36,18,2450566.72,47.17,27.96,5,4,3,1,1,0
41,13,3696798.17,52.93,0.78,3,3,2,0,0,0
45,27,5034745.44,47.37,21.94,5,1,10,1,0,0
45,12,2204117.35,53.72,11.06,5,2,6,1,1,1
27,9,3375307.69,40.71,8.41,2,4,1,1,1,0
20,2,2046500.11,33.72,12.94,3,1,6,1,1,1
43,4,2588524.24,32.34,61.99,4,4,9,1,0,0
22,4,2336404.06,48.37,8.79,2,3,6,0,0,1
58,8,2032010.40,38.38,31.71,4,4,8,1,1,1
23,5,1400000.00,34.62,50.44,5,5,5,0,1,0
41,23,6780149.68,41.95,30.12,4,3,9,1,1,1
41,23,5740928.40,32.52,39.85,1,1,5,0,0,1
20,2,2527848.87,49.58,39.24,2,4,9,1,1,0
33,15,3197630.73,34.93,59.45,1,4,4,1,1,1
52,6,1400000.00,53.01,33.34,5,2,10,0,0,1
31,13,4025804.96,43.25,57.16,4,3,8,1,1,0
42,24,6470241.77,42.01,36.73,4,5,2,1,1,0
62,21,4389521.24,37.38,21.37,5,1,1,0,1,0
50,14,2369551.74,45.15,53.81,4,1,9,1,0,1
19,1,1411669.44,49.53,4.01,1,1,4,1,0,1
47,21,4911607.33,34.48,14.62,4,5,0,1,0,0
44,9,2328390.79,43.33,2.35,5,5,6,1,1,1
25,7,3486695.74,30.00,28.37,3,4,5,1,1,0
53,0,1400000.00,40.66,62.79,5,4,10,0,0,1
39,16,4163923.42,40.74,13.13,3,3,1,1,0,0
20,2,4909608.04,41.10,16.18,2,3,3,1,0,0
27,9,4027648.76,48.63,20.30,1,2,6,0,1,1
34,0,2467383.27,43.45,52.32,3,4,8,0,1,1
56,22,3881108.45,45.42,10.95,5,2,7,1,0,0
34,14,2074241.82,51.19,62.91,3,1,7,0,1,1
58,18,3839205.75,32.63,29.71,5,4,5,1,0,0
29,8,4283001.08,52.83,33.00,3,1,6,0,0,1
33,15,3412742.80,54.24,23.30,5,4,2,0,1,0
63,3,2205157.92,51.16,63.04,5,5,1,0,0,1
50,29,6911856.67,41.45,4.51,2,3,10,0,1,0
20,2,2781777.43,35.93,56.31,1,4,2,0,0,1
56,2,1759968.11,43.63,21.52,5,1,8,0,0,1
63,27,5929979.70,48.53,53.60,2,4,4,1,0,0
51,14,4759456.50,32.07,37.99,5,5,4,1,1,0
35,2,2670716.99,33.17,31.06,4,1,1,0,1,1
59,2,2442495.41,41.61,14.13,4,4,0,1,0,0
30,2,1869629.18,31.19,54.78,3,5,3,1,1,0
56,19,6080938.20,36.83,16.61,5,4,7,0,0,1
50,30,6009972.50,50.76,43.91,4,4,4,0,1,0
60,27,7060905.08,47.09,14.14,4,2,8,0,1,0
38,18,4682742.37,46.84,11.51,5,4,9,1,0,0
59,23,3978604.23,54.97,13.70,2,3,10,1,1,1
35,17,5820768.01,54.86,7.48,4,2,4,1,0,0
58,23,4880793.73,49.57,58.77,4,3,7,1,0,0
40,22,3668960.93,37.59,6.75,2,1,8,0,0,0
59,29,5156960.09,44.97,34.17,1,3,9,0,0,1
29,11,4071195.32,41.28,30.14,2,5,5,1,1,0
52,2,2543493.29,38.97,43.51,3,5,6,1,1,1
25,7,3015038.54,41.22,49.04,4,4,6,0,1,0
22,4,1400000.00,53.02,27.49,1,2,5,0,1,1
47,1,1400000.00,31.40,40.47,5,1,8,1,0,1
37,10,1805747.38,38.51,63.76,5,4,0,0,1,0
61,18,4223620.93,47.85,27.83,5,2,8,1,1,1
57,11,3100792.99,43.91,11.75,1,1,3,1,1,1
62,11,4968604.55,43.91,57.48,4,5,5,0,0,0
27,1,2971847.36,38.35,34.39,5,5,9,1,0,0
43,25,6810918.54,34.62,41.90,4,5,3,1,0,0
37,11,2190891.78,43.23,20.71,2,4,0,1,1,0
59,4,2634406.90,40.76,22.83,2,3,1,1,1,1
23,5,3358643.45,45.65,53.74,1,3,8,0,0,1
46,23,5112727.00,48.50,50.34,1,1,7,0,1,1
62,8,3750923.33,44.08,44.82,2,2,9,0,1,1
20,2,1504380.14,45.65,13.18,2,2,3,1,0,1
58,25,3888312.27,46.59,34.61,4,1,10,0,1,1
47,17,6495918.55,59.62,36.15,5,1,2,0,1,1
58,23,4317979.80,45.29,61.44,3,2,1,1,0,1
41,13,4351588.45,48.65,62.71,4,2,7,1,1,1
57,3,3237978.50,57.56,50.29,1,4,4,1,1,1
29,11,4132138.51,43.75,34.06,3,3,4,1,0,0
47,1,4772375.97,38.08,9.27,3,1,3,1,1,1
42,23,3851881.56,40.01,22.43,2,5,9,1,0,0
55,29,7358339.68,46.30,56.28,3,4,10,1,1,0
31,13,3059946.26,39.39,51.81,4,1,1,1,1,0
21,3,2058077.23,45.56,37.46,2,1,10,0,1,1
34,2,1400000.00,41.31,26.17,1,2,2,1,0,1
28,10,2639469.92,52.34,42.98,2,4,7,1,1,1
27,5,1565721.00,48.61,20.68,5,3,0,0,1,0
30,12,4679529.66,50.59,56.33,1,1,10,1,0,1
43,22,5286439.38,45.92,62.65,3,5,3,1,0,1
27,9,3342738.73,46.84,64.94,3,1,0,0,0,1
30,12,3600727.37,47.06,9.69,1,3,2,1,1,1
30,1,1400000.00,34.91,6.47,5,2,7,1,0,0
41,23,5228656.93,48.38,40.31,1,2,1,1,0,1
38,9,4377705.98,53.45,47.96,4,4,4,1,1,0
33,15,5059882.88,45.54,43.34,1,3,0,0,0,1
31,13,1750133.31,39.40,35.61,3,1,4,0,0,1
24,0,1411495.01,50.62,46.79,3,1,10,0,0,0
51,13,2579872.54,39.55,50.48,2,4,2,1,1,1
29,11,3731753.15,43.63,52.59,1,4,5,1,0,1
36,17,4956990.34,47.55,57.17,1,4,2,1,1,1
59,9,2165570.18,42.54,46.76,4,4,2,0,0,0
56,16,5879793.18,36.38,1.73,3,2,8,0,0,0
42,20,6194862.65,50.76,24.42,5,1,4,1,0,1
19,1,1818845.25,54.09,12.09,4,3,0,0,0,0
29,11,4462228.69,55.39,16.03,1,1,9,0,1,1
38,16,2577060.28,44.80,34.78,1,5,3,0,1,1
34,16,3549476.93,30.00,26.96,1,4,8,1,1,1
47,12,5157564.07,49.51,23.87,2,4,3,1,1,1
39,21,3530727.66,47.91,41.22,2,1,10,0,0,1
27,9,4775753.78,35.00,52.06,5,5,8,0,1,0
59,7,2535010.03,53.83,53.76,4,1,8,0,1,1
23,5,1420930.38,61.98,53.64,5,5,2,1,1,0
53,3,1959305.98,42.13,39.67,5,2,1,1,1,1
32,14,4638202.31,39.23,29.93,2,3,1,1,1,0
59,30,7112984.85,50.38,1.81,3,4,8,1,1,0
36,18,5192413.67,42.31,24.11,1,4,2,0,0,0
33,10,6200780.16,39.74,12.88,4,4,5,1,0,0
40,14,1789458.75,43.26,63.06,5,2,8,0,1,1
58,8,3659273.54,45.13,11.01,5,1,5,1,1,1
33,3,1400000.00,44.94,62.18,2,3,0,0,1,1
47,27,4729023.06,36.56,57.67,2,2,2,1,1,1
56,20,6296768.94,36.35,18.65,4,3,3,1,0,0
41,19,6488308.57,46.34,33.62,1,1,10,1,0,1
34,12,5585243.45,50.92,63.89,4,3,5,0,0,0
26,8,2242200.38,49.07,41.26,1,3,4,1,0,1
62,10,4667950.23,38.55,25.19,1,4,0,0,1,0
51,22,4537211.72,45.96,10.32,2,2,6,0,0,1
37,19,4959657.43,56.46,30.69,2,4,5,1,0,1
51,7,2810817.10,49.23,44.76,4,3,7,1,0,1
59,1,2442785.34,37.61,63.31,2,2,8,0,0,1
35,2,3712851.35,46.72,59.02,3,5,9,1,0,1
29,2,2331697.68,54.42,29.09,3,2,1,0,0,1
40,22,5180265.41,47.59,2.19,5,2,3,1,0,0
62,30,5999187.11,45.49,41.09,5,3,9,0,1,0
64,8,4508848.48,52.93,46.97,4,3,2,1,0,1
58,20,3470326.66,44.59,60.29,3,2,2,0,1,1
37,1,2485809.16,54.59,5.36,5,5,6,1,1,0
51,13,2779974.80,53.28,55.32,1,5,6,0,0,1
33,12,4188593.91,39.42,33.46,3,1,3,1,0,0
39,5,5332702.37,44.61,37.76,4,3,4,1,0,0
64,24,5734546.46,38.52,6.34,2,2,5,1,0,0
44,4,1438234.76,35.20,56.39,2,4,3,0,1,1
38,18,4741187.74,57.39,46.23,5,1,4,0,0,1
49,15,4708151.53,33.99,21.85,3,1,3,0,0,0
20,0,1400000.00,30.00,61.30,2,1,9,1,0,1
43,10,3729981.23,44.04,63.53,2,5,9,0,1,1
54,6,2371220.80,32.69,48.87,5,2,9,0,0,1
19,1,3983199.05,30.00,5.32,2,2,7,0,1,1
61,2,3582504.91,40.75,16.67,3,1,0,0,0,1
36,10,2175828.46,40.80,4.76,4,3,5,1,0,0
64,2,2293211.90,44.66,13.08,4,2,0,1,0,1
36,0,1400000.00,49.57,39.00,4,1,10,0,1,1
28,10,2845838.26,45.50,64.30,1,5,10,1,1,0
57,9,2527414.68,33.91,10.13,1,4,1,1,1,0
57,24,4964742.29,49.08,21.70,5,4,2,1,1,0
43,3,1833279.25,38.54,42.06,2,5,3,0,1,1
65,17,4398168.06,35.66,22.47,3,3,10,1,1,1
27,0,2200905.12,35.93,31.58,4,4,2,1,0,0
31,13,1728779.06,39.76,4.99,4,4,4,1,0,0
46,21,5252895.29,33.01,26.22,4,3,5,0,0,0
46,20,5037750.23,49.92,54.93,2,5,0,1,0,0
23,5,1574822.69,39.18,53.62,3,1,10,0,0,1
22,4,3173461.76,49.34,16.37,5,3,5,0,0,0
65,19,4727071.64,40.82,27.14,1,5,1,0,0,1
62,15,6020063.22,50.31,42.38,1,3,0,1,1,1
22,4,2335158.33,40.48,0.52,5,5,10,0,1,0
23,5,2081663.02,49.99,62.64,5,5,9,1,0,0
21,3,3589977.74,43.62,32.07,4,4,8,1,1,0
25,5,1755622.15,39.35,49.42,5,4,2,0,0,0
60,17,3065594.63,49.82,10.10,4,5,2,1,1,0
48,25,3140316.75,46.15,49.66,5,4,10,0,0,0
40,1,1467610.44,42.31,43.72,4,3,2,1,0,0
60,11,2750070.87,48.32,16.10,5,5,7,1,0,0
40,20,4418899.46,48.15,39.45,1,2,10,1,0,1
24,6,2445399.25,33.00,26.39,5,4,1,0,0,0
64,9,1961372.74,42.06,46.19,5,5,1,0,1,0
22,4,1513942.32,40.97,20.52,2,3,2,0,0,0
45,9,1670976.48,54.64,53.76,1,1,2,0,1,1
60,3,2204005.07,53.08,34.98,4,3,6,0,1,1
38,17,3057161.46,37.56,25.71,5,5,10,1,0,0
30,12,3313077.53,44.53,23.56,3,2,7,1,1,1
24,6,1468638.24,30.05,38.29,4,1,1,0,1,0
38,6,2798848.52,50.77,62.13,4,5,0,1,0,0
52,18,4949684.90,40.53,4.90,1,2,1,1,0,0
22,4,1400000.00,36.05,16.27,4,1,6,1,0,0
19,1,1968252.06,43.18,56.72,3,2,7,0,0,1
53,10,4014233.60,38.75,6.86,1,5,7,0,1,1
65,15,3577284.63,53.37,36.98,1,4,8,0,1,1
29,1,3581692.07,44.42,50.69,4,2,7,0,0,1
28,10,3215377.08,51.44,52.36,2,4,1,1,1,1
59,5,3405787.18,30.00,53.71,5,4,0,0,0,0
23,5,1781460.44,37.64,25.86,4,4,8,0,0,0
60,1,1400000.00,40.50,64.11,3,1,8,0,0,1
49,20,4037428.69,43.72,30.71,1,2,4,0,0,1
26,8,3830792.22,38.55,8.03,1,1,0,0,1,1
36,11,3243911.27,40.06,20.10,5,2,10,1,0,0
21,3,1400000.00,36.70,34.47,3,3,1,1,0,0
59,25,3885837.63,36.64,54.05,2,4,6,0,1,0
53,5,3076752.60,45.05,43.51,2,1,4,0,0,1
22,4,1400000.00,47.93,41.62,5,1,9,1,0,1
36,18,4519879.59,36.56,43.09,3,5,1,1,1,0
58,0,1400000.00,44.87,33.77,2,3,2,1,0,1
32,1,2649111.13,43.01,37.26,4,2,5,0,1,1
47,23,6038875.13,38.32,9.86,5,5,3,1,0,0
34,11,4433220.43,30.00,12.78,1,3,7,0,1,1
21,3,1796773.99,45.37,52.68,3,1,0,1,0,1
51,7,4374787.73,52.42,14.55,1,1,9,1,0,1
20,2,1400000.00,35.59,18.11,5,2,4,0,1,0
27,9,2762492.86,56.73,31.11,1,4,7,0,0,1
65,12,1400000.00,39.23,36.35,2,2,4,1,1,0
64,4,2523962.07,36.70,33.05,3,2,1,0,1,1
52,6,3934118.35,37.59,13.46,3,1,6,0,1,1
36,15,2038054.45,44.11,42.84,5,5,1,1,1,0
65,5,3435899.56,49.04,0.82,5,4,3,0,1,0
65,23,3904658.33,50.79,31.87,1,4,0,1,1,1
63,23,4470148.17,40.35,22.09,4,4,10,1,1,0
49,22,5853391.54,46.67,20.75,4,2,9,1,1,0
55,21,5497514.54,43.07,33.18,4,3,0,1,0,0
23,5,1623641.77,36.95,29.76,1,3,7,0,0,0
29,11,4168173.34,34.70,44.41,3,5,4,1,0,0
47,19,5084679.55,40.61,22.73,4,2,8,0,0,1
36,8,3134979.11,53.75,6.20,4,1,6,0,0,1
45,13,4626565.51,42.31,54.71,1,2,6,0,1,1
55,6,1718860.01,54.01,7.61,3,1,4,1,1,1
30,12,5277412.08,39.83,62.15,1,3,5,0,0,1
61,8,2796017.98,39.54,11.51,2,2,10,1,0,1
64,5,1808261.76,54.39,1.96,3,2,6,0,0,1
38,20,4818317.59,42.61,16.44,3,2,9,1,1,0
63,7,1400000.00,41.96,52.03,4,3,7,1,1,1
28,10,1659664.83,39.82,4.70,3,4,6,1,0,0
48,30,5811205.31,40.55,21.90,2,3,9,1,1,0
27,9,1962755.66,44.80,61.34,5,3,4,1,0,0
52,21,5735642.60,39.55,8.62,3,1,5,1,1,0
62,27,4615501.20,48.37,55.76,3,2,2,1,0,1
23,5,1400000.00,35.94,12.08,1,3,7,0,0,1
32,14,2978358.64,43.73,58.21,2,5,4,0,1,1
30,5,2758674.19,37.14,22.79,3,5,3,1,0,0
61,2,2529715.09,45.02,32.73,4,2,6,1,1,1
50,27,7352507.72,45.88,45.68,3,3,7,0,0,0
44,16,5030630.49,51.94,16.54,3,1,9,0,0,0
44,26,4534767.07,50.06,37.60,5,3,7,0,1,0
55,21,6231397.43,51.89,61.13,4,1,1,0,1,1
20,2,2074656.83,30.00,1.98,1,4,0,0,1,0
54,13,6342846.56,47.68,25.94,4,5,10,0,0,0
38,20,5394501.42,30.00,28.04,1,3,7,0,1,0
40,15,5871732.79,30.00,30.99,1,5,0,0,0,0
41,14,4043072.65,52.10,33.28,2,5,2,0,1,1
44,25,3790454.32,44.82,22.14,5,3,5,1,1,0
41,15,3451763.74,45.75,29.29,3,2,9,0,1,1
36,18,5445771.02,43.11,22.13,3,2,5,0,0,0
62,23,4822571.35,55.62,36.36,3,3,10,0,1,1
62,1,1400000.00,52.81,20.89,3,2,10,0,0,1
45,14,5371910.01,44.47,31.38,1,3,8,1,1,0
21,3,2371408.09,40.65,9.82,1,2,5,0,1,1
47,4,1872859.50,30.66,58.93,2,4,8,0,0,1
60,20,5080260.86,39.76,30.69,5,4,5,0,1,0
44,18,5100483.54,47.22,50.09,5,2,9,1,0,0
38,14,3939925.82,40.71,27.74,5,3,9,1,0,0
47,6,2329085.05,36.98,2.35,2,4,2,0,0,0
29,6,1400000.00,56.55,2.12,4,3,5,1,1,1
44,12,2970941.36,44.60,40.13,5,4,5,1,0,0
49,14,2912744.98,30.00,15.63,2,2,3,1,1,0
21,3,3157018.12,44.35,36.74,1,3,10,1,0,1
50,20,4719429.22,50.86,41.94,4,2,6,0,0,1
44,1,2867410.21,34.47,41.51,3,5,9,1,1,1
40,11,2989262.38,54.84,61.20,3,5,7,1,0,1
56,30,5959403.83,41.74,48.59,4,3,10,1,0,0
36,18,3743181.18,45.20,17.64,3,2,5,1,0,0
61,4,2104024.55,30.00,14.47,5,2,5,0,1,1
36,8,3974384.18,41.63,9.23,2,4,5,0,0,0
41,15,2713605.98,51.68,63.88,5,2,0,1,1,1
26,5,1428634.27,54.37,41.80,2,2,2,0,0,1
59,16,5727251.94,45.45,31.35,1,4,10,0,1,1
26,8,2840996.99,57.46,35.58,3,3,8,0,1,1
57,29,6153008.37,37.11,1.63,1,3,4,0,0,0
40,8,3058310.75,48.67,2.42,5,2,10,0,0,0
41,9,3062058.31,39.00,49.20,4,3,5,1,1,0
25,7,3612838.34,44.42,11.31,4,1,6,0,0,0
46,28,6293564.13,53.13,20.24,4,1,7,0,1,1
42,5,3750922.22,52.88,24.29,5,4,7,1,0,0
22,4,3604568.09,59.19,32.43,5,4,1,0,0,0
23,5,1559128.48,49.97,17.60,4,3,9,0,1,1
57,30,7422525.97,52.61,30.37,1,5,1,0,1,0
59,25,7174885.17,30.00,42.77,5,4,1,0,0,0
47,22,4954749.57,57.33,23.69,4,2,8,0,0,1
31,13,4751238.62,42.62,14.58,1,2,7,0,0,1
40,22,6127918.78,47.45,27.99,1,2,5,1,1,1
36,11,4247333.63,39.19,26.23,1,5,6,0,0,0
32,3,2576624.72,43.86,50.24,2,5,2,1,1,1
35,9,2169079.07,46.56,15.83,5,4,8,0,1,0
62,22,5053316.54,54.55,36.24,3,3,3,0,1,1
62,25,5142981.17,48.98,19.83,3,4,7,1,0,0
22,4,2973627.27,43.82,3.36,5,4,7,1,0,0
50,14,3401104.46,54.50,64.48,1,5,9,1,1,1
44,7,2486786.63,44.34,28.35,2,5,6,0,0,1
45,19,3959413.04,41.54,15.09,2,3,5,1,1,0
22,4,2674124.01,30.00,14.97,3,2,3,0,1,0
44,18,3764881.32,39.15,33.50,1,1,9,1,1,1
34,16,4306819.77,39.05,59.44,3,5,7,1,1,0
29,1,3302393.73,38.29,11.03,4,1,2,1,1,0
41,23,5469785.60,50.92,17.60,2,3,8,0,0,0
59,24,5187678.69,33.85,34.62,2,4,8,0,0,0
35,17,3079049.64,42.05,52.90,4,4,9,1,0,0
59,0,2452694.41,50.03,26.91,4,4,2,1,0,0
19,1,1766621.43,51.91,61.81,5,5,5,1,0,0
20,2,2924134.55,34.33,62.47,2,4,3,0,1,1
37,17,5201111.66,43.92,19.52,4,1,9,0,1,1
53,29,5867831.08,40.48,35.86,3,2,8,1,1,0
39,21,3704572.49,43.02,34.30,2,5,6,1,1,0
47,12,6182138.10,33.70,48.41,2,4,1,0,1,0
51,16,2212683.14,31.83,48.83,2,2,7,0,0,1
59,8,3067749.89,51.55,48.63,2,2,5,1,1,1
41,5,4057490.25,51.61,43.41,3,1,5,1,1,1
42,6,4456909.30,50.03,39.35,3,5,10,0,0,1
56,16,2762277.19,40.13,27.93,2,1,10,0,0,1
25,7,1400000.00,43.57,35.66,2,3,6,1,0,1
25,5,3086233.20,42.74,11.65,5,2,0,1,0,0
50,20,5924953.43,42.16,45.88,3,2,9,1,0,0
62,22,2879456.55,47.22,23.65,5,1,10,1,1,1
34,3,3766499.15,42.46,15.58,3,5,6,0,0,0
43,3,1400000.00,52.01,37.58,2,4,9,1,1,1
28,10,1489876.92,48.80,45.62,5,2,5,1,1,1
49,24,4596171.59,39.03,3.10,1,2,9,1,0,0
19,1,3489861.53,52.84,40.06,5,4,2,1,0,0
35,5,1441384.96,49.46,29.57,4,4,7,0,0,0
54,10,2316253.71,44.46,37.15,3,5,2,0,0,0
60,29,8004673.53,50.61,16.64,3,4,5,1,1,0
31,13,3187267.56,55.00,46.81,1,3,1,0,0,1
21,3,1764872.71,49.51,28.34,5,3,10,0,1,1
27,9,3912577.35,46.20,15.12,2,1,10,1,1,1
39,4,2375703.36,48.34,39.04,4,1,3,1,1,1
46,13,4542201.39,55.31,20.81,1,2,4,0,1,1
53,15,4331420.42,30.00,56.26,3,4,4,0,1,0
56,17,4240619.81,56.53,34.33,3,3,2,0,0,1
53,16,4151224.99,40.31,29.20,1,5,5,0,0,0
57,12,4044978.73,56.12,32.44,4,5,8,1,0,0
63,5,1400000.00,46.06,60.97,3,5,2,0,1,1
65,18,5225296.99,35.74,62.03,4,3,4,0,1,1
49,0,2856523.70,49.16,9.05,5,4,6,0,0,0
47,12,3742631.34,39.76,35.08,4,1,5,1,0,0
27,9,4005901.20,41.12,43.53,1,3,0,0,0,1
49,20,6042202.83,38.64,56.79,5,1,7,0,1,1
20,2,2312417.66,39.95,7.64,1,4,4,1,1,0
39,4,4038659.60,33.09,47.55,2,2,7,1,1,1
22,4,3494236.10,40.46,36.47,3,2,5,0,0,1
59,18,5962858.21,50.38,49.78,1,3,4,0,0,1
41,11,3172595.40,60.29,9.20,1,4,6,0,0,1
30,12,3231087.26,36.54,36.98,2,5,3,1,1,0
25,7,1400000.00,39.92,26.01,3,3,1,1,1,0
64,1,1532574.05,39.02,60.15,3,3,0,0,0,1
50,13,2901702.92,45.06,53.31,1,2,0,1,1,0
33,2,1519507.58,34.21,50.04,5,4,9,0,0,0
36,18,5681487.68,44.75,11.69,1,1,5,0,1,1
64,0,1633572.15,45.21,33.85,3,4,6,1,1,1
49,2,2124533.35,38.76,25.96,3,1,9,0,1,1
48,16,5565497.85,33.39,40.61,1,3,2,1,1,1
49,27,5620924.48,36.51,22.21,4,5,6,0,1,0
22,4,1797096.51,46.54,8.68,1,2,10,1,1,1
30,9,3223039.75,40.03,24.77,5,1,0,1,1,0
37,17,3900330.23,57.49,31.55,4,1,4,1,0,1
21,3,4370238.20,50.47,49.06,1,1,6,0,1,1
51,12,2307394.61,42.26,32.38,3,2,0,1,0,0
31,13,5457123.31,40.13,18.36,1,3,3,0,1,1
33,5,1400000.00,58.85,49.05,5,3,1,0,0,1
33,11,3616387.48,48.77,27.69,1,2,6,0,1,1
41,22,5304162.10,38.86,32.45,4,1,9,1,1,0
38,10,3914994.86,44.55,13.79,5,3,4,1,0,0
65,10,4367792.69,36.77,18.69,4,3,9,1,0,0
28,5,3133025.50,30.00,63.94,1,5,7,1,1,1
44,17,4544766.98,37.37,23.79,5,4,8,0,0,0
64,12,2741385.73,36.70,1.83,3,1,5,1,1,1
59,0,3002665.85,31.33,32.45,5,3,2,0,0,0
44,9,1958400.98,55.05,1.35,1,5,1,1,1,1
23,5,1400000.00,36.40,22.72,4,2,7,0,1,0
33,13,3928141.65,46.72,35.71,5,1,7,0,0,0
33,13,4622794.84,48.03,60.84,5,2,4,0,1,1
64,10,4181174.85,44.98,37.71,3,2,9,0,0,1
62,17,2978098.26,43.84,37.26,5,2,5,1,1,1
58,15,4306375.44,45.64,42.78,5,2,8,0,1,1
49,27,4933438.81,53.44,36.41,4,2,9,0,0,0
29,11,3979450.83,45.08,28.76,5,5,8,0,1,0
23,5,3162164.14,50.13,56.62,4,3,3,0,1,1
56,16,3902992.85,43.55,35.38,2,5,10,0,0,1
21,3,3117491.63,44.00,20.34,2,5,6,1,1,0
52,11,3755399.05,58.02,19.65,2,4,8,1,0,1
62,25,5810033.79,37.36,11.94,4,2,9,1,0,0
23,1,2219576.47,50.40,62.82,2,1,2,0,0,1
19,1,1400000.00,38.11,16.17,5,4,6,0,1,0
33,11,2830202.98,35.67,53.00,3,4,10,0,0,0
44,14,3918578.12,37.49,26.07,4,2,3,1,0,0
47,20,6460621.35,41.70,50.38,1,4,6,0,1,1
60,13,5369189.66,52.23,35.02,2,2,8,0,0,1
62,13,3674881.16,50.33,1.52,3,4,2,0,0,0
38,20,3875091.38,45.22,43.91,4,3,10,0,1,1
55,13,3722176.90,54.86,56.21,3,4,8,1,1,1
31,12,5122256.29,30.72,26.12,4,1,4,0,0,0
37,15,3793286.90,45.18,19.91,5,2,7,0,1,0
61,4,2682109.50,33.00,20.50,4,5,8,0,0,0
53,18,4984535.72,50.65,57.33,1,5,7,1,1,1
38,20,4503189.39,37.71,41.13,5,3,8,1,0,0
65,7,3026440.16,47.48,58.06,1,5,4,1,0,1
65,27,6443039.88,53.39,43.86,5,5,9,0,0,0
30,12,4077667.72,35.91,34.00,2,2,5,0,0,1
61,0,1400000.00,44.54,16.38,5,4,8,0,0,0
23,5,2628177.02,43.68,64.77,4,1,1,1,1,1
29,11,3225569.02,50.34,20.94,1,2,0,1,0,1
60,23,5955401.53,42.51,9.72,4,2,7,0,1,0
33,14,3708001.77,41.33,11.98,2,3,3,0,1,0
39,21,5345669.66,38.75,33.27,4,5,0,1,0,1
19,1,1734168.60,61.73,33.27,2,5,9,0,1,1
46,9,2106156.14,34.77,5.32,1,3,8,0,1,1
59,15,3338359.31,37.84,62.14,2,5,3,1,0,0
54,17,4190342.30,39.64,33.67,4,5,2,0,1,0
36,18,5254350.51,44.76,3.87,3,2,4,0,1,0
65,8,3498225.16,30.00,51.13,4,1,6,0,1,1
60,9,1902992.38,52.67,57.52,4,3,4,1,0,1
45,21,5356459.18,41.88,17.73,4,4,6,1,1,0
43,15,3806045.09,49.91,32.70,1,1,5,1,1,1
61,16,4125300.13,37.50,58.26,4,1,2,1,1,1
31,0,1589387.59,43.42,14.37,4,2,2,0,0,0
33,15,3783805.95,34.12,51.16,3,1,5,0,0,1
22,0,1400000.00,44.57,58.86,2,3,2,0,0,1
29,11,3676678.43,42.03,27.95,5,4,2,1,1,0
21,3,3046024.29,43.72,15.36,1,2,0,1,1,1
57,30,8444565.48,44.74,3.79,2,3,6,0,0,0
30,12,4645633.28,34.99,51.42,4,1,0,1,0,0
29,9,4357175.81,53.03,9.26,1,4,9,0,0,1
32,9,3155432.82,41.99,57.64,2,3,7,0,1,1
43,17,4261759.75,35.60,64.68,3,3,4,1,0,0
38,20,4642416.37,39.89,50.05,4,3,1,0,1,0
59,9,4506943.14,41.32,37.67,4,4,7,0,0,0
31,13,2386218.10,46.08,18.22,1,3,0,0,1,1
55,18,4866660.32,38.01,3.85,5,3,0,0,0,0
58,14,5018831.46,42.06,33.43,4,1,7,1,1,1
27,9,2595224.05,53.16,47.95,4,1,3,0,1,1
63,14,3789689.35,43.61,55.35,4,1,7,1,0,1
54,6,1400000.00,47.38,22.39,1,1,9,0,0,1
44,24,6965508.68,34.72,42.15,3,4,4,0,0,0
45,1,1400000.00,48.37,60.00,1,1,8,0,0,1
30,2,2482919.00,40.03,7.70,3,1,2,1,1,1
28,1,1400000.00,43.99,25.04,5,5,8,1,1,0
59,10,3683879.16,41.65,34.77,5,1,9,0,0,1
65,15,2602826.41,38.11,38.30,5,5,10,0,1,0
63,1,1400000.00,46.21,18.80,1,5,10,1,1,1
38,13,4027384.56,41.27,8.40,2,1,1,0,1,1
49,27,5207480.72,39.01,22.28,5,2,1,1,1,0
58,13,4856294.07,34.11,30.68,5,1,8,0,0,0
31,13,2632579.73,39.63,30.45,1,5,10,1,1,1
45,11,3336332.37,43.69,53.84,2,1,9,0,1,1
27,9,3539425.56,50.81,10.62,4,1,5,1,0,0
63,7,4720853.51,44.16,63.51,4,3,9,0,0,1
24,6,1827192.32,38.53,0.61,3,5,1,0,1,0
51,26,6431608.91,40.55,34.00,5,5,9,1,0,0
65,24,6074762.80,51.54,47.68,4,5,10,1,1,0
36,6,3504766.63,43.31,15.59,4,1,7,1,0,0
23,5,4848538.54,36.07,62.38,2,3,3,1,0,0
26,6,3265478.21,38.75,63.88,2,4,4,1,0,0
23,5,2141252.15,45.34,0.57,5,1,0,0,0,0
26,8,2567519.66,47.80,15.53,2,2,9,0,1,1
53,18,3883934.20,49.54,27.87,3,1,10,1,1,1
34,9,3554825.56,47.16,11.38,1,4,10,1,0,1
55,28,8768095.22,45.90,22.76,5,1,9,0,0,0
53,14,1447921.28,41.27,28.84,3,3,5,0,0,1
38,8,2902169.55,44.31,28.89,2,1,4,1,0,1
61,24,6504797.57,50.99,24.13,1,4,4,1,0,0
41,3,2607301.11,48.41,45.97,1,1,7,0,1,1
63,3,3296945.62,42.33,34.63,2,5,2,1,0,1
23,5,2096612.69,40.20,39.05,1,5,1,0,1,1
42,16,4660200.20,41.98,3.55,5,2,5,0,1,0
53,25,7103707.35,41.56,21.21,5,2,6,1,0,0
22,4,1739210.60,45.43,57.31,1,3,0,0,0,0
33,0,1706441.35,44.92,42.57,1,3,10,1,0,1
42,24,5585889.36,41.50,59.56,4,5,6,1,1,0
63,14,2595495.48,51.19,37.34,2,4,2,0,0,1
37,19,5030871.36,61.20,1.01,4,3,10,1,1,0
49,30,8732422.37,45.32,31.15,3,5,1,1,0,0
24,6,2898623.84,43.97,25.37,1,5,3,1,0,0
58,11,3313579.86,57.76,31.69,1,1,0,1,0,0
43,11,3214692.24,46.65,13.34,4,1,10,0,1,1
45,21,4401799.81,48.03,11.55,1,1,4,0,0,1
26,8,2233702.55,43.97,30.17,5,3,3,0,0,0
46,18,4736494.61,34.18,57.79,2,4,10,1,0,0
54,14,4806934.99,58.56,38.25,4,2,6,1,0,1
59,14,5025337.91,54.11,36.34,2,4,6,0,0,1
19,1,1874258.03,40.15,29.26,3,3,9,1,1,1
54,24,4781981.08,47.63,22.30,2,3,4,0,1,1
47,27,6649372.37,47.99,31.54,2,5,10,0,1,0
55,10,1766793.36,60.92,5.09,5,1,0,0,1,1
65,29,6332891.34,49.99,51.15,4,1,5,0,1,1
25,7,3296893.54,51.48,24.95,5,4,6,0,1,1
34,16,4984704.90,55.28,54.28,5,5,9,1,0,0
37,6,3890389.10,46.77,12.10,1,1,2,1,1,1
32,14,3411096.32,42.70,8.94,5,3,0,1,0,0
29,11,2954215.93,40.51,1.47,2,1,3,0,0,0
29,11,3850201.88,30.02,40.50,1,3,2,0,1,1
20,2,2340766.55,43.67,26.17,5,1,5,1,1,0
27,7,4047236.76,40.42,60.88,4,2,0,1,1,0
48,27,6039291.25,30.00,13.48,2,1,9,1,0,0
46,15,5516642.45,43.84,23.17,5,3,4,1,0,0
62,4,4612740.75,37.30,2.06,5,4,6,0,1,0
31,13,3281800.64,48.78,52.51,1,2,5,1,0,1
19,1,1637550.54,44.82,49.00,1,1,1,0,0,1
40,22,6530628.63,52.88,43.89,4,5,9,0,0,0
24,6,2364425.75,39.13,38.52,3,2,1,0,1,1
55,14,2537209.05,47.75,34.02,3,2,8,1,0,1
51,18,4861816.40,44.36,36.16,5,2,5,0,0,0
52,7,3165578.29,45.78,49.47,1,4,6,0,1,1
59,3,1400000.00,50.65,42.47,5,1,6,0,0,1
28,1,1859675.49,37.83,4.39,3,5,7,0,1,0
24,0,2354742.41,49.40,63.82,4,5,2,1,1,0
63,4,2266954.89,40.53,5.18,4,3,3,1,0,0
20,2,1400000.00,50.25,42.10,1,1,0,1,0,1
47,2,2206694.18,49.45,10.68,1,2,7,1,1,1
22,4,2540809.97,36.94,60.90,1,1,6,1,0,1
53,19,5335696.78,43.31,37.45,5,4,7,1,0,0
54,2,2350298.58,39.51,59.22,1,1,10,1,0,1
56,19,6307802.01,43.72,6.22,2,3,7,0,0,0
44,24,6528222.43,45.03,38.53,2,4,2,0,1,0
25,5,3308269.94,33.63,19.17,5,5,5,1,0,0
25,7,1830642.23,36.16,63.53,2,2,8,0,0,1
49,14,3959632.94,34.56,23.88,5,5,8,0,1,0
20,2,1400000.00,50.11,58.34,5,2,0,0,0,0
54,28,6627713.80,34.84,44.08,4,2,9,0,1,0
36,18,3966367.20,44.60,33.58,3,2,7,0,0,0
20,2,3052887.96,59.41,38.59,3,5,0,1,0,0
47,6,2478591.82,38.24,55.65,5,3,4,1,1,0
63,12,4241838.12,48.35,38.08,1,2,10,1,1,1
36,12,3283758.79,47.71,7.99,4,2,9,1,1,1
23,5,4033461.06,49.60,48.76,2,2,8,0,0,1
22,4,1400000.00,38.14,15.03,4,3,2,1,1,0
52,13,1400000.00,53.37,33.27,2,4,10,1,1,1
22,0,2713166.11,48.86,59.47,1,4,3,1,0,1
49,13,3260344.56,52.77,24.92,1,4,8,1,1,1
45,13,4001701.77,51.32,58.35,2,4,5,0,1,1
49,5,3139871.35,47.42,46.35,1,2,6,1,1,1
21,3,3081247.68,43.93,52.64,4,5,4,1,1,0
59,18,4961608.62,30.00,45.52,2,4,9,1,0,0
52,14,4093647.12,37.95,13.53,4,3,1,1,0,0
41,4,2481750.12,48.79,46.43,3,2,8,1,1,1
56,15,2965994.30,53.30,14.15,2,2,3,1,1,1
50,16,3387993.65,39.02,55.55,1,2,7,0,0,1
22,4,1549348.32,35.20,61.31,5,2,5,1,1,0
26,8,1699862.14,43.29,6.06,1,4,5,0,1,1
54,1,3952960.64,48.48,38.26,1,3,10,1,1,1
59,3,3247624.16,36.49,31.68,1,5,5,1,0,1
52,29,5853797.18,47.72,54.92,3,1,10,0,0,1
24,6,2203312.15,39.62,6.03,2,5,2,1,0,0
62,1,1400000.00,41.84,12.29,4,4,4,1,0,0
24,6,3511413.37,41.51,16.20,5,1,7,1,0,1
40,1,1938107.49,48.04,9.43,4,4,6,1,1,0
48,20,7583275.47,47.05,27.74,3,2,2,1,1,0
58,28,6997574.90,47.22,37.73,2,4,10,0,0,0
54,25,5786382.70,50.79,43.31,2,1,2,0,0,1
51,30,5521077.26,40.60,6.20,5,5,7,1,1,0
37,11,2736392.99,45.70,56.86,3,5,1,1,0,0
40,15,3560644.68,33.84,28.26,3,5,5,0,1,0
55,0,1400000.00,46.87,61.92,1,1,10,1,0,1
33,15,4405718.65,50.34,43.14,1,3,6,0,0,1
46,2,4261579.22,43.52,41.82,5,3,9,1,1,1
53,27,6175191.25,44.01,1.95,4,4,10,1,0,0
61,20,5575371.34,51.45,5.00,3,3,6,1,1,1
31,13,3232845.06,30.85,54.84,4,4,5,1,1,0
62,4,2860570.27,34.28,30.03,2,1,6,0,0,1
28,8,1481830.42,39.09,26.14,4,4,0,1,0,0
59,12,4555894.95,41.61,33.82,2,5,8,1,1,1
51,12,2452460.55,55.14,63.52,1,2,9,1,1,1
42,24,4141618.20,39.46,36.51,4,1,0,1,1,0
39,21,4373690.79,54.82,41.04,5,4,10,0,0,0
54,14,4174003.02,39.86,35.68,3,2,5,1,0,0
46,28,5150516.53,30.74,64.95,3,4,6,0,1,0
56,10,4476348.78,50.16,12.87,5,4,9,0,1,0
51,17,5579010.55,40.18,59.55,4,2,1,1,1,0
46,13,3472873.32,39.87,54.95,2,1,2,0,0,1
64,17,3926651.16,43.40,21.59,1,4,3,1,0,1
37,15,5215057.48,41.83,7.16,5,1,1,0,1,0
23,5,2835029.20,48.08,52.10,4,4,0,0,0,0
44,18,5116136.57,30.00,36.51,2,2,7,0,0,0
60,24,8502418.39,46.19,23.24,5,5,9,1,1,0
52,26,6939829.18,40.16,7.97,1,1,2,1,0,0
63,17,5446509.33,56.99,35.89,5,2,2,1,1,1
48,0,2012539.29,49.19,43.01,2,4,1,1,0,0
37,12,1727850.45,36.36,62.31,1,2,5,0,0,1
60,21,5468860.32,47.26,64.06,2,5,10,0,0,1
54,16,2821725.49,41.21,3.25,1,4,9,1,1,1
24,6,2705985.83,43.85,42.61,2,5,0,1,1,0
62,16,5370146.99,49.18,37.67,3,5,0,0,1,0
40,6,3156224.78,46.55,30.52,2,2,0,0,0,1
44,1,3617986.34,33.58,49.87,1,4,2,0,0,1
61,9,5790762.45,46.74,46.47,2,2,0,1,1,1
44,17,3923444.32,33.36,18.26,1,5,10,1,0,0
65,4,2330097.29,44.11,8.27,1,2,5,0,0,1
62,15,3763785.26,43.84,2.91,1,4,5,0,1,0
53,16,2593751.15,53.40,8.31,4,1,5,1,0,1
25,0,1400000.00,32.21,19.78,1,5,5,0,0,0
53,5,1548406.87,60.53,38.53,1,2,7,1,0,1
33,15,4594292.73,40.28,26.42,2,3,7,1,0,0
60,13,2549333.74,44.54,63.04,1,3,2,1,1,1
57,18,4348488.50,41.97,32.93,1,3,8,0,1,1
44,5,1912955.17,30.41,62.89,5,3,5,0,1,1
41,6,3836050.28,34.52,14.39,2,2,10,1,0,1
44,9,2830300.21,45.89,36.00,1,4,1,0,1,1
19,1,1677021.30,41.12,32.37,1,3,8,0,1,0
42,7,2307071.99,42.17,4.72,4,1,4,0,1,1
58,12,3647116.76,42.76,41.13,1,4,2,0,1,1
60,12,2651468.76,41.91,7.38,5,5,7,1,0,0
26,8,3031286.18,51.70,11.81,4,3,8,0,0,0
21,3,2608568.77,42.33,10.15,1,1,4,1,1,1
55,19,4214056.55,43.65,48.37,4,2,3,0,0,0
52,8,3366224.16,46.90,34.81,1,5,7,1,1,1
50,12,5279502.15,48.39,27.14,4,3,2,0,1,0
58,11,5095122.52,46.78,20.55,4,3,7,1,0,0
50,1,1903364.07,38.58,12.85,3,2,8,1,1,1
51,15,3675039.09,44.05,16.89,2,1,4,0,1,1
29,0,3762614.60,47.16,36.47,1,4,0,0,0,1
19,1,1548005.43,46.49,24.82,1,2,3,1,0,1
37,8,1653156.62,53.35,31.81,5,2,3,1,1,1
46,9,2163284.10,40.95,34.43,3,5,0,0,0,0
27,9,3351277.43,39.08,61.60,4,3,6,1,0,0
59,26,4989357.22,43.11,1.40,5,3,5,0,1,0
57,9,2486527.95,41.29,50.18,1,4,5,0,1,1
60,29,6752458.17,34.29,58.97,3,3,1,0,0,0
33,15,4158947.12,41.11,47.07,3,1,1,1,1,1
41,14,4213781.59,49.39,43.94,2,5,7,1,1,1
55,4,4634611.57,64.77,31.52,5,5,7,0,1,1
65,21,4315355.64,40.67,9.00,1,5,4,0,1,1
30,12,4075582.64,40.78,61.76,2,4,3,1,1,0
33,13,2662154.04,33.89,30.98,3,1,7,1,1,1
60,14,3583910.67,53.27,33.28,5,2,1,1,1,1
42,21,6550497.91,40.71,6.24,1,1,6,1,0,0
52,16,4362065.13,34.70,36.17,5,1,10,0,0,0
57,4,2448133.00,43.94,45.80,3,1,3,0,1,1
63,24,5378433.52,41.85,1.37,5,2,0,1,0,0
30,12,4034446.05,41.22,26.73,3,5,1,0,0,0
26,8,3024016.16,42.87,8.13,5,1,7,0,1,0
56,28,7101627.75,45.31,29.82,1,5,5,1,0,0
26,2,2362552.70,50.25,22.01,4,4,7,0,1,1
35,17,3881609.77,51.99,49.45,1,2,8,0,1,0
19,1,1703845.94,35.25,22.06,1,2,0,0,0,1
34,16,6110719.70,48.26,6.19,1,2,8,1,0,1
54,10,3192670.42,48.36,39.95,1,2,2,0,1,1
50,8,2855769.60,48.31,33.60,2,4,0,0,0,1
37,19,5241437.77,54.26,9.85,3,5,0,0,1,1
46,9,2801780.50,30.61,13.18,1,5,2,1,1,1
51,7,2431206.09,50.45,15.64,3,2,4,0,0,1
20,2,2299113.42,32.28,38.96,5,3,3,1,1,0
41,20,6244752.20,31.12,7.85,5,5,4,1,0,0
28,6,2550984.21,49.08,48.41,5,3,3,1,1,0
20,2,1400000.00,46.06,35.29,4,2,4,0,0,1
44,21,4828174.76,34.14,18.44,1,4,10,0,0,0
44,18,4618732.71,46.74,33.49,4,1,2,1,1,1
35,13,3155762.69,60.94,44.90,5,1,9,1,0,1
34,16,4281638.64,51.16,13.91,5,5,6,0,1,0
56,13,4136129.76,35.06,1.04,5,4,1,0,1,0
30,12,4051030.69,39.61,61.00,3,5,6,0,1,0
39,11,2752958.35,31.21,1.01,3,1,7,1,1,1
49,30,7268162.71,48.80,30.89,2,3,0,1,0,0
56,12,4105257.99,44.96,58.37,1,3,3,1,1,1
56,11,3482955.37,47.44,31.80,4,1,7,1,1,1
36,8,3984959.45,56.29,26.56,2,2,5,0,0,1
39,12,3527426.45,57.03,35.23,4,2,4,1,0,1
39,21,3461507.08,43.36,31.76,1,3,3,1,1,1
49,21,4894068.09,44.78,34.25,3,2,5,0,1,1
57,15,4885566.92,45.91,11.43,5,3,6,0,1,0
34,3,3364680.53,58.18,20.83,1,3,8,1,0,1
64,3,1840407.02,35.68,28.02,3,2,4,0,0,1
46,23,4951008.74,40.71,46.80,2,2,7,0,0,1
41,12,3101045.85,43.32,29.78,5,3,3,1,0,0
48,30,6309822.21,48.79,57.53,1,1,1,1,0,1
56,6,2212758.17,45.09,48.19,2,3,8,1,0,1
48,2,1400000.00,34.09,26.22,2,4,7,1,1,1
53,1,1699951.51,30.58,22.90,3,1,8,1,0,1
41,6,1549111.11,34.27,26.02,3,5,2,0,1,0
27,9,2891479.59,48.25,13.00,5,3,5,1,0,1
31,5,4651272.72,30.00,13.81,4,5,8,1,1,0
43,16,2724205.31,38.73,26.03,5,3,5,1,0,0
20,2,1400000.00,44.43,50.00,2,5,3,0,0,0
64,5,1736787.10,40.21,21.32,3,4,0,1,0,0
24,6,1400000.00,47.99,31.78,2,1,3,1,1,1
60,24,6782480.35,42.45,38.56,5,4,4,0,1,0
24,6,1667190.94,41.53,47.50,4,3,9,1,0,0
56,21,5376725.41,32.92,31.16,2,4,8,0,1,0
30,12,3628746.79,54.91,31.89,4,2,6,1,1,1
36,18,4931960.76,49.12,59.42,3,4,5,1,1,1
24,6,1400000.00,47.61,60.22,3,4,3,1,1,1
44,1,1949273.57,41.89,1.27,1,4,10,1,1,1
63,15,3032580.87,39.74,31.96,2,1,4,0,0,1
62,24,5617765.26,35.17,46.74,4,4,8,1,0,0
30,12,2488509.76,38.68,24.38,1,1,0,1,1,1
33,15,5110723.58,46.29,14.16,2,4,8,1,1,0
37,19,3588445.54,41.32,45.27,4,2,8,0,0,0
20,2,1842306.04,41.24,36.83,1,1,5,0,0,1
40,5,3822542.40,48.95,62.46,1,4,8,0,0,1
64,2,1993458.88,43.18,37.93,4,2,0,0,0,1
42,6,3406369.48,45.78,4.50,1,4,3,1,1,1
43,10,4775166.28,46.74,34.23,1,4,8,0,0,0
35,6,2584494.86,33.82,34.68,4,1,8,1,0,0
28,10,3635599.28,40.17,16.48,2,3,10,0,1,1
65,4,1400000.00,37.48,44.27,5,4,5,1,0,0
57,17,2102161.84,52.83,30.36,4,5,8,0,0,0
36,18,4003766.28,37.76,20.53,2,2,4,1,1,0
63,20,3449635.50,44.87,4.60,4,2,6,0,0,0
25,7,3402111.22,42.02,23.87,5,3,3,0,1,0
36,18,6978157.62,47.36,40.48,5,5,2,0,1,1
50,18,5605228.40,42.59,39.36,4,3,6,1,0,0
45,14,3859558.64,30.00,34.87,5,4,4,0,1,0
35,10,3631512.76,42.73,63.94,4,3,8,1,1,1
63,15,4025907.05,39.95,28.06,3,5,8,1,0,0
65,0,1673102.18,42.04,32.28,1,2,3,0,1,1
51,11,3153377.54,49.15,10.33,3,4,2,1,0,0
21,3,1768778.59,39.36,39.78,3,3,1,1,0,0
24,6,1400000.00,49.74,60.32,2,5,10,1,1,1
61,0,1400000.00,46.18,9.74,4,2,3,0,0,1
61,3,1400000.00,49.19,37.13,4,5,0,1,1,1
39,21,4549629.72,43.24,16.74,2,1,4,0,0,1
22,4,3218593.84,30.91,34.02,4,1,2,1,0,1
52,7,2613023.07,50.79,33.48,2,5,9,0,0,1
44,18,2515586.97,44.88,57.01,3,3,1,1,1,1
34,1,3139930.32,35.41,51.08,2,2,4,0,0,1
40,15,5522812.78,34.26,3.89,3,2,2,0,0,0
35,17,4647135.28,41.53,11.07,3,2,3,1,0,0
50,25,7518101.98,47.62,35.85,4,4,4,0,1,0
31,13,4979269.25,40.67,37.48,2,4,2,1,0,0
65,9,4783617.46,35.55,31.12,4,2,10,0,1,1
63,9,1400000.00,30.67,39.64,5,1,9,1,1,1
29,11,2884585.08,42.17,27.47,3,2,6,0,0,0
37,19,5153053.04,47.04,37.52,1,4,5,1,1,1
37,10,4583482.47,47.99,17.06,1,1,6,0,1,1
24,6,3919388.31,49.16,57.88,1,2,9,0,1,1
28,3,1400000.00,46.54,36.06,4,1,5,0,0,1
47,7,2566697.80,55.89,11.35,4,5,7,0,0,0
20,2,2401412.71,43.57,24.68,4,4,8,0,1,0
30,12,2743254.00,54.72,5.72,2,3,10,0,1,1
46,24,4972953.31,45.14,30.88,2,3,9,0,1,1
55,20,5869519.38,39.41,2.31,3,5,9,0,0,0
62,14,4356003.19,32.81,13.93,1,1,0,1,0,1
36,4,2442192.64,51.72,32.60,1,3,7,0,0,1
43,18,6204203.04,55.83,23.71,4,2,5,0,0,0
36,18,3213646.58,43.46,30.81,4,3,9,0,1,0
56,27,6628074.42,36.94,3.96,5,2,9,1,0,0
37,18,4120962.79,40.14,31.19,3,2,5,0,1,1
63,26,6769851.90,43.61,26.04,2,5,7,0,1,0
56,29,5758968.37,49.04,52.74,3,3,4,0,1,1
34,16,3976069.48,36.83,4.23,4,1,3,0,0,0
22,2,1798539.43,44.88,8.32,5,5,1,1,0,0
21,3,3366721.83,42.56,5.87,3,1,2,1,0,0
53,4,3572157.53,47.27,13.90,2,4,5,0,1,1
58,23,3462086.25,51.76,7.96,4,3,7,0,0,0
63,3,2336356.85,32.40,50.84,3,1,10,1,0,1
40,22,5805027.94,37.90,21.00,2,2,1,1,1,0
29,1,2812303.73,47.17,49.74,5,1,4,1,0,1
41,23,5825054.28,34.25,36.54,1,2,2,1,0,0
31,13,3655631.46,43.65,11.44,3,4,4,0,1,0
62,22,4074208.55,30.00,1.44,3,3,2,1,1,0
44,3,1926539.05,48.85,51.23,2,5,7,0,0,1
53,6,3005956.23,47.96,60.43,4,1,7,1,1,1
24,6,2885069.62,35.40,49.53,4,4,9,1,1,0
56,26,5336670.08,36.42,52.00,4,2,8,1,0,1
43,5,1664397.56,46.85,10.42,5,4,0,1,1,0
46,19,3492164.13,43.57,46.72,2,4,3,0,0,1
45,24,5869306.00,37.75,15.53,2,1,0,1,1,0
54,1,1400000.00,49.34,22.85,1,3,6,0,1,1
44,24,5804815.09,41.17,11.98,3,1,4,1,1,0
29,0,1400000.00,32.76,9.55,1,1,2,1,0,1
48,4,2083761.26,35.62,44.12,3,2,5,1,0,1
63,10,3789259.43,34.13,5.42,4,3,3,1,0,0
58,5,1796172.94,45.27,47.45,1,5,6,0,1,1
47,12,2426062.59,52.49,42.06,1,1,3,0,1,1
20,2,1402049.16,38.00,30.56,3,5,0,0,0,0
33,4,3313197.60,47.70,8.02,4,1,2,1,1,1
54,5,2379123.62,33.77,48.80,4,5,0,1,1,0
63,7,2137438.79,36.59,56.33,5,1,2,0,0,1
59,21,3908238.32,40.89,6.45,2,4,0,1,1,0
63,3,4027100.49,40.23,48.52,4,3,4,0,1,1
57,22,4987469.12,57.00,41.08,4,1,3,0,1,1
62,17,4460229.12,53.05,55.53,5,4,0,1,1,0
45,3,1400000.00,33.48,36.17,5,3,6,1,1,0
49,27,5186765.03,44.79,50.38,5,3,3,0,0,0
25,7,1811706.20,36.65,30.52,4,4,3,1,0,0
47,14,5568546.01,50.48,54.44,4,1,0,0,1,1
46,4,3787834.00,47.71,13.17,4,5,0,1,1,0
48,7,2469345.54,44.77,4.75,1,4,0,0,0,1
49,6,2505280.39,39.88,45.82,2,1,2,0,0,1
46,28,4146344.96,30.00,56.92,5,3,0,1,0,0
27,6,2387724.85,42.15,22.06,4,2,3,0,0,0
25,2,3854558.79,37.26,64.05,1,5,2,0,1,0
34,8,3809664.45,32.53,42.56,3,4,5,0,0,0
50,2,3292639.71,37.88,17.20,3,2,4,1,1,1
21,0,1400000.00,45.16,37.04,3,5,6,0,1,1
49,29,6015133.46,31.74,57.81,5,1,0,1,1,1
27,9,2186063.35,48.97,30.37,2,2,5,0,0,1
61,10,4533715.73,52.26,38.49,1,3,7,1,0,1
49,19,5990106.28,39.61,11.72,2,1,0,0,0,1
21,0,2554276.56,47.37,6.47,1,3,4,0,0,1
41,23,4731773.59,33.21,31.95,3,5,4,1,1,0
60,8,3744187.06,49.83,7.54,1,5,5,0,0,1
65,29,4273717.74,42.51,13.46,2,3,0,1,0,0
50,2,3355784.34,46.45,39.04,5,4,7,0,1,1
55,23,4122987.98,37.04,20.27,5,4,2,0,0,0
31,11,2852598.67,59.85,16.65,3,1,6,1,1,1
22,4,1542058.80,52.42,10.39,3,4,2,1,1,0
29,11,4617544.63,51.49,12.76,1,4,0,0,1,0
22,4,1400000.00,44.24,0.87,3,5,0,0,0,0
43,25,7508293.94,48.75,47.54,2,4,6,1,0,0
50,1,3409429.44,34.25,18.92,3,2,8,0,1,1
23,1,1400000.00,30.00,12.59,1,1,6,1,1,1
47,7,6374959.14,42.35,63.59,5,4,0,1,1,0
23,5,2117401.57,39.81,0.83,5,2,9,1,1,1
51,29,7134393.29,30.25,57.84,2,2,6,1,0,0
37,3,3586141.10,39.48,18.97,2,1,4,0,1,1
58,22,4972038.87,39.37,56.16,2,5,6,1,1,0
41,22,5363836.21,50.24,35.59,5,3,4,1,1,0
41,10,2180206.10,49.90,5.55,1,2,0,0,0,1
47,19,3173447.00,48.26,29.22,1,3,6,0,0,1
37,19,3808697.00,30.00,42.54,2,5,7,1,0,0
57,18,5472887.64,42.88,64.03,1,5,8,1,0,1
32,14,4121660.38,49.60,12.95,2,2,4,0,0,0
47,16,3738046.57,44.81,17.18,1,2,10,1,0,1
25,7,4009263.91,56.33,34.12,3,3,1,1,1,1
65,4,1400000.00,34.33,61.84,3,1,1,0,0,1
36,18,4409189.82,37.19,22.34,5,1,4,0,1,0
46,21,3675978.93,43.87,31.97,5,5,9,0,0,0
45,0,1788203.67,35.42,49.73,3,2,0,0,1,1
57,17,2681791.73,41.22,19.16,4,1,5,1,1,1
37,19,3226804.66,37.86,18.73,1,4,4,1,1,0
28,7,2979974.00,34.40,38.13,3,3,7,1,0,0
39,19,4751940.44,44.73,24.25,1,2,9,1,0,1
35,17,6923442.77,45.88,55.86,3,4,9,1,1,0
52,10,3569184.24,44.54,27.22,2,2,4,0,1,1
22,4,1929889.04,40.65,37.28,2,5,7,1,0,0
38,20,3211078.50,44.85,48.66,3,1,3,0,1,1
64,18,4905490.47,45.86,43.65,5,1,3,0,1,0
22,4,3142672.59,51.72,31.31,4,3,3,0,0,0
41,19,5604577.46,37.85,42.08,1,3,7,0,1,1
58,18,4676132.45,38.68,36.02,4,4,4,1,1,0
42,21,7660681.78,41.28,53.46,3,4,1,1,1,0
22,4,2315875.56,44.75,23.39,2,5,3,0,0,0
42,0,2879471.34,38.47,26.21,2,4,9,1,1,1
26,6,3096446.37,57.08,21.86,5,3,3,0,0,0
40,19,6001658.08,50.07,7.83,2,5,0,0,1,0
59,10,5076738.52,49.76,6.57,1,5,2,0,1,1
26,8,3729584.80,40.47,43.74,4,1,2,0,1,1
59,3,2427889.59,39.22,55.24,2,1,9,1,0,1
62,6,2988126.63,34.06,15.30,3,3,2,1,1,1
45,13,3277937.35,37.63,29.83,5,2,5,0,0,0
32,3,3248967.41,46.86,58.51,3,1,9,1,0,0
38,12,2944097.06,50.38,60.04,2,2,10,0,1,1
26,2,2189936.90,45.76,52.10,4,3,1,0,1,1
57,26,5498519.00,44.38,12.61,1,2,3,0,0,1
52,28,4733304.19,38.68,25.58,3,4,7,1,0,0
21,3,1914509.37,46.19,13.58,1,4,3,0,1,1
32,2,2096054.70,51.33,10.57,2,3,5,1,0,1
32,14,2973086.37,48.19,32.87,1,5,1,1,1,0
23,5,2031730.21,58.74,58.12,1,1,10,1,0,1
48,26,5183421.81,43.23,47.40,5,5,4,0,1,0
21,3,1400000.00,45.20,20.20,2,3,7,1,1,1
26,8,2693647.40,34.77,7.20,4,4,10,0,1,0
58,26,6287357.55,37.80,45.15,3,5,9,1,1,0
59,11,4043921.52,43.81,41.09,1,3,0,0,0,1
25,7,3804748.20,52.24,43.37,5,4,3,1,0,0
53,2,2232734.10,41.66,23.37,2,2,6,1,1,1
36,18,4036378.42,40.80,42.27,1,4,4,0,1,1
52,18,5211582.63,34.67,23.00,1,1,3,1,1,1
25,7,2882581.22,34.39,6.61,1,2,5,0,1,1
59,9,2862958.42,48.92,41.91,1,5,4,0,1,1
53,30,6415742.75,54.02,52.82,2,1,4,0,1,1
50,19,2890531.72,49.29,49.15,4,3,1,0,0,0
38,6,3854310.45,38.30,7.57,3,5,1,0,0,0
27,9,3476493.11,43.41,47.71,1,5,0,1,0,0
39,6,3819777.89,39.23,48.99,3,3,9,1,1,1
44,16,4007111.90,42.33,23.64,2,3,7,0,1,1
35,3,2649865.29,38.14,26.89,2,5,5,0,0,0
53,18,2274038.45,53.22,9.82,3,1,10,0,1,1
65,26,5866580.88,41.37,43.00,5,4,10,1,0,0
33,15,3410633.15,30.99,48.53,2,4,4,1,0,0
21,3,1807366.12,44.20,7.28,1,3,10,0,1,1
63,6,3861715.77,31.41,32.80,4,1,4,1,0,0
26,8,2907909.94,35.27,6.26,5,1,8,0,1,0
22,1,3228195.11,45.87,29.26,3,2,0,0,1,1
29,11,2090858.66,37.19,46.89,3,1,9,0,0,1
63,20,3675754.97,39.26,46.79,3,4,10,0,0,1
48,19,5256389.52,37.50,14.31,3,3,5,0,0,0
37,19,6023693.87,39.84,4.97,3,3,2,0,1,0
52,22,6121443.71,39.41,51.87,1,2,9,0,0,1
64,24,6368327.61,48.13,9.03,4,2,10,0,1,1
49,5,1400000.00,43.46,55.84,1,1,0,1,1,1
39,6,2788972.51,40.43,51.16,2,1,1,0,1,1
48,20,6077903.90,37.52,60.99,4,5,1,1,1,0
47,8,3130462.95,38.67,9.52,1,5,5,1,0,1
38,20,6052760.76,37.55,62.56,1,3,2,1,0,0
20,2,1400000.00,40.56,48.18,1,2,2,1,0,1
50,4,2424476.83,46.98,17.66,1,2,8,1,1,1
25,7,3462140.33,35.34,58.40,1,1,8,0,0,1
22,4,3125906.47,44.10,55.92,5,3,5,0,1,0
24,6,1400000.00,42.78,59.60,4,1,9,0,0,1
29,11,5963443.41,52.48,42.82,2,3,5,0,0,1
29,7,2591149.21,49.98,20.73,4,4,1,0,0,0
34,1,1400000.00,45.92,23.30,2,2,10,1,0,1
36,18,3638820.26,40.64,48.64,1,1,2,0,1,0
62,22,4876255.97,45.20,41.19,3,5,4,1,0,0
52,27,6059742.55,44.18,52.96,4,3,5,1,1,0
65,20,4671727.52,49.84,19.16,2,2,2,0,0,1
45,20,6228960.27,42.15,21.11,1,3,3,0,1,1
50,6,2207237.15,42.57,42.18,1,1,5,1,0,1
30,12,3988600.62,40.58,49.08,3,1,3,0,1,1
24,6,1930419.24,45.65,64.35,3,2,10,0,1,1
35,17,3450774.69,45.37,20.47,5,2,8,0,1,1
20,2,2147796.82,41.44,34.22,1,3,10,0,1,1
64,6,1888713.40,50.20,55.44,2,3,9,1,0,1
57,15,4441000.51,30.11,27.87,4,3,9,1,1,0
56,8,5552552.62,44.99,62.30,4,4,2,0,1,1
51,27,4288975.39,47.50,24.82,4,4,9,1,1,0
22,4,3173852.78,39.20,0.86,1,4,4,1,1,0
61,15,3656807.58,46.64,8.18,2,5,0,0,0,0
25,7,1400000.00,51.64,61.71,1,2,0,0,0,1
59,23,6246752.79,40.78,62.56,5,4,2,1,0,0
35,9,2056363.54,49.09,45.17,2,3,7,1,0,1
26,8,2997502.72,45.56,1.94,3,2,9,0,0,0
44,18,3234315.88,49.28,59.77,5,5,2,0,1,0
53,13,4348470.95,45.82,35.58,5,2,7,1,0,0
61,20,4432002.00,36.73,1.53,2,4,3,0,0,0
20,2,2834339.73,43.43,61.78,4,5,5,0,0,0
26,8,2097668.31,48.84,15.53,2,5,3,1,0,0
23,5,4685722.61,41.41,11.17,3,3,6,0,0,0
63,13,3153756.82,33.96,64.14,2,1,4,0,1,1
25,3,1400000.00,38.18,59.25,4,2,4,1,0,0
46,15,4026893.31,58.26,16.14,2,4,4,1,1,1
23,5,2951226.33,40.53,20.41,4,5,8,1,1,0
21,3,1400000.00,48.80,3.63,4,3,7,0,0,0
54,17,4426278.88,39.70,24.25,5,5,8,1,0,0
62,27,7101759.94,40.51,29.54,1,3,1,1,1,0
30,12,5308433.59,42.34,4.44,5,4,1,1,0,0
20,2,1400000.00,45.41,42.95,5,1,6,1,0,0
33,15,4159270.11,44.85,48.84,4,2,0,0,1,0
48,11,4595089.60,37.02,35.89,4,3,7,0,1,1
38,11,3731943.50,39.05,41.09,3,4,10,0,0,0
31,13,3469513.29,39.54,7.35,2,1,9,0,1,1
51,18,3485201.78,44.97,27.11,3,5,0,1,1,0
27,1,1400000.00,48.54,28.29,2,4,0,1,0,0
27,9,2954962.68,36.74,5.31,2,4,2,1,0,0
39,21,3638555.21,37.04,23.89,5,3,10,1,1,0
47,12,4290140.94,40.41,54.90,1,4,7,1,0,1
60,14,3039343.53,45.46,2.96,1,1,9,0,0,1
63,4,2020384.53,46.79,54.53,2,1,10,1,0,1
28,10,3489779.78,31.35,45.24,1,3,1,1,0,0
31,13,4167609.26,38.82,19.06,2,4,6,1,1,0
55,0,4202936.34,52.78,2.12,2,3,7,1,1,1
46,23,6200117.65,40.11,6.80,1,2,9,1,1,1
45,17,3194257.67,43.25,7.69,5,3,3,0,0,0
20,2,2720387.16,42.49,8.09,2,2,8,1,1,1
30,5,1829694.31,49.71,10.57,4,4,2,1,0,0
56,9,1701577.09,46.36,13.38,3,1,5,1,1,1
40,17,4952178.20,55.47,17.90,1,2,8,0,1,1
34,16,4164344.89,45.19,48.54,3,3,10,1,0,0
42,1,1530481.74,33.85,40.34,1,4,4,1,0,1
62,0,2183035.13,49.70,15.88,1,2,6,0,1,1
33,15,4861397.73,39.21,62.06,4,4,6,0,1,0
50,26,4643892.54,45.95,53.70,3,2,10,0,0,1
53,29,4665775.93,37.56,55.68,4,2,2,0,0,0
46,28,6697379.73,47.07,59.95,3,4,5,1,1,0
25,7,3818267.09,45.48,53.73,3,1,10,0,0,1
33,15,2768024.88,51.14,60.42,2,4,7,1,1,1
51,12,4519476.53,49.35,43.14,1,2,5,0,1,1
56,18,3023184.89,30.00,8.99,1,4,9,0,0,1
48,16,4764450.37,41.21,15.88,1,2,6,0,1,1
58,22,5552671.55,37.63,47.12,1,5,5,1,0,0
44,22,3032581.66,30.39,48.87,5,2,4,1,0,0
23,2,2178642.05,31.70,47.10,5,2,9,1,1,0
19,1,1840463.65,49.01,8.69,5,5,6,1,1,0
23,4,1444057.00,45.15,21.40,3,3,7,0,1,1
60,13,5615050.35,42.68,22.07,1,2,9,1,1,1
28,10,4125450.28,39.39,30.84,3,4,4,0,1,0
40,4,2284354.57,49.85,42.71,1,1,10,0,1,1
35,7,1466424.34,49.70,35.03,5,1,4,1,1,1
37,12,4240393.74,38.68,35.54,2,5,8,1,1,0
63,5,2487163.59,45.44,29.55,3,2,9,0,1,1
33,15,2722863.35,38.95,57.49,2,3,2,0,1,1
51,0,2090647.75,45.44,22.99,5,2,0,0,0,0
65,19,3924818.01,40.16,13.35,4,4,0,1,1,0
29,1,2526144.62,36.10,13.55,1,2,2,1,0,1
62,16,4568461.93,38.73,56.66,3,4,2,0,0,0
32,14,4726783.95,37.97,21.03,3,1,1,1,1,0
24,6,2244821.29,47.43,7.06,3,5,2,1,1,0
32,14,2665518.74,43.02,34.97,5,3,4,0,0,0
63,28,5280618.55,46.41,36.90,2,3,4,1,0,0
29,11,3440319.43,49.31,28.23,1,5,8,0,0,1
36,16,2656538.74,36.23,2.53,1,3,2,0,1,0
32,14,2962387.92,49.34,3.10,3,5,1,1,1,0
31,13,1794505.98,42.11,34.25,3,4,2,0,1,0
56,17,4371238.06,38.45,47.04,1,2,2,1,1,1
34,16,6111881.27,45.42,63.70,3,1,8,0,0,0
46,16,4300089.15,41.49,58.00,1,5,7,0,0,0
63,22,5718189.58,39.07,24.90,3,3,3,1,1,0
48,30,5625896.58,43.11,24.73,3,2,7,1,1,0
41,6,3148313.29,46.83,55.17,3,2,10,1,1,1
40,22,4131541.59,45.90,10.58,3,3,7,1,1,0
44,23,4902141.50,55.12,55.53,3,4,8,1,1,1
36,12,4449245.96,37.34,24.05,4,3,8,0,0,0
21,3,3535465.98,32.46,60.15,4,5,0,1,1,0
30,12,3120225.64,47.25,38.26,3,5,5,1,0,0
45,27,6059503.45,49.01,33.86,3,4,5,1,0,0
35,7,3920079.01,44.69,6.53,2,3,0,0,1,1
21,3,2360385.37,44.45,57.03,1,1,9,0,1,1
47,8,3521077.01,51.00,59.13,4,5,9,1,0,0
39,5,3080770.13,37.27,37.05,5,2,3,1,1,0
25,7,2323854.16,39.16,32.15,3,3,5,1,1,0
38,15,4581840.28,44.48,34.86,2,1,6,1,1,1
27,9,1829156.36,50.00,53.63,4,3,1,1,0,1
59,21,4835523.27,41.80,15.06,4,3,6,1,1,1
40,21,5014715.87,36.60,25.35,3,2,1,1,0,0
60,11,3527444.17,47.59,64.28,4,3,6,1,1,0
52,7,3795392.20,36.21,11.94,4,1,6,0,0,1
52,7,4285128.24,39.24,4.03,4,1,0,0,0,1
42,24,5721521.84,50.06,37.29,1,4,4,0,0,0
61,1,3449675.61,45.06,23.44,2,5,10,1,1,0
63,20,3745384.70,53.40,21.59,2,3,1,0,1,1
57,2,2621430.74,40.37,28.77,2,2,6,0,1,1
38,15,4321536.84,38.16,22.32,5,4,10,1,1,0
44,2,2392742.16,43.41,19.96,1,3,5,0,0,1
43,4,1400000.00,30.00,17.23,4,1,7,0,1,1
48,21,4153303.30,43.41,8.07,4,3,9,0,1,0
23,5,1674452.57,53.65,47.27,3,4,4,1,0,1
25,7,3901219.11,64.28,1.49,1,1,1,1,0,1
62,8,1400000.00,44.86,6.38,5,3,5,0,1,1
50,6,1989487.75,42.77,58.17,4,3,4,0,1,1
53,10,4155263.34,55.09,20.08,1,2,0,1,1,1
57,15,4938965.34,30.16,33.13,5,4,4,1,0,0
47,21,3959987.52,40.25,26.32,3,1,0,0,1,1
39,14,4100953.66,40.24,7.33,2,3,1,1,0,0
47,25,5496582.04,30.00,21.63,3,2,9,0,1,0
29,11,5548199.62,30.00,21.35,2,2,2,1,1,0
30,12,3264337.97,52.82,9.68,4,5,10,1,0,0
42,23,4930268.21,36.13,1.63,3,5,4,1,0,0
43,7,2108526.45,31.03,12.00,1,5,3,1,1,0
60,20,4490486.99,48.41,44.19,5,5,9,0,0,0
46,7,2709500.53,40.29,15.28,5,2,6,1,1,0
37,16,4456362.66,37.56,16.06,3,3,4,0,1,0
60,22,6414152.35,43.05,3.97,2,5,7,0,1,0
53,26,5767956.33,44.35,47.86,5,4,8,1,0,0
59,14,5585620.31,53.73,7.84,1,1,6,0,0,1
49,8,2675610.80,52.84,15.17,4,1,8,1,0,1
35,0,1674530.54,33.08,5.66,3,2,10,1,0,0
54,14,5802259.88,46.42,30.93,3,4,4,1,0,0
44,0,1400000.00,50.87,36.40,5,1,1,1,1,1
40,16,3187007.43,46.46,2.70,5,5,6,1,0,0
45,3,1400000.00,30.00,59.00,2,2,6,1,1,1
35,0,1400000.00,53.77,60.70,1,3,2,1,1,1
63,24,6023632.64,37.38,40.37,1,1,10,1,1,1
63,20,3684682.85,44.71,13.94,3,3,8,0,0,1
35,3,3226357.29,40.78,34.78,5,2,7,1,0,0
61,26,5167283.51,42.17,49.69,4,4,10,1,0,0
22,4,1400000.00,49.20,17.22,5,5,1,0,0,0
43,22,4121378.75,36.83,18.93,2,3,10,1,1,0
24,3,3221592.50,38.00,48.99,3,1,1,0,0,1
54,14,5088371.94,50.58,44.10,2,3,5,1,0,1
23,5,2769499.94,46.94,39.79,2,2,4,1,0,1
52,14,3576790.22,44.09,61.55,3,3,10,0,0,1
45,0,2159079.02,51.32,34.72,3,5,1,1,1,1
19,1,1400000.00,40.96,14.12,2,2,3,0,1,1
34,16,4134320.04,40.39,37.47,3,5,7,0,0,0
48,10,5702213.20,35.80,39.35,3,5,0,0,1,0
49,5,3333360.96,36.29,14.54,4,1,1,1,1,1
19,1,1400000.00,38.14,47.90,3,5,10,0,0,0
28,10,1400000.00,50.98,12.16,4,5,4,1,1,0
44,20,5067877.60,39.30,36.24,4,5,5,1,1,0
36,18,4407625.34,33.16,13.15,3,2,5,0,0,0
49,23,4082151.59,40.25,48.29,4,4,8,0,1,0
25,7,1580099.72,36.18,56.80,5,2,4,1,0,1
52,22,5177956.92,44.45,14.70,2,2,7,0,1,1
28,10,2159378.88,46.80,46.48,3,4,6,0,1,1
26,8,2413911.25,44.11,40.23,1,5,5,0,0,1
63,23,5002851.21,43.36,36.60,2,5,0,1,1,0
63,4,2373127.67,48.85,14.53,5,2,9,0,1,1
36,3,2253539.86,53.63,58.18,3,5,6,0,1,1
31,10,3202300.27,43.33,5.82,4,4,7,0,1,0
46,28,6285020.84,47.32,50.60,3,4,5,1,1,0
45,27,5799234.88,46.22,10.96,5,5,0,0,0,0
36,16,2923279.61,40.86,34.84,2,3,7,1,0,0
58,23,3513399.60,45.37,2.32,4,4,0,1,0,0
64,26,7998655.51,51.82,44.60,5,5,3,1,1,0
49,14,5174136.59,43.52,38.76,5,4,5,0,0,0
61,0,1688509.87,51.43,61.44,1,3,8,1,0,1
23,5,1611818.38,43.07,64.83,4,2,4,0,1,1
65,19,4928471.88,38.17,24.16,4,3,3,1,0,0
57,20,7410675.59,36.42,19.91,1,3,1,1,0,0
19,1,1460747.68,37.37,14.41,1,4,8,1,0,1
26,8,4969861.51,50.45,64.90,3,5,10,0,1,1
41,17,3998491.64,38.87,55.20,1,4,9,1,0,0
53,15,3602538.36,43.96,38.95,5,2,4,0,0,0
46,17,5388956.30,35.07,35.37,2,5,1,0,1,0
59,12,4068150.49,44.19,37.86,5,2,5,0,1,1
32,12,5109210.82,44.19,21.65,1,3,4,0,0,1
55,24,7117761.49,36.53,54.09,2,4,7,1,1,0
53,24,4413949.74,50.74,51.63,1,1,7,1,0,1
25,7,3105023.83,48.22,53.92,2,4,5,0,0,1
34,16,3732825.06,48.07,33.80,3,4,6,1,1,0
19,1,1989943.28,42.73,13.05,1,1,8,0,0,1
53,5,3365918.48,39.56,42.30,4,5,0,0,1,0
52,12,4825790.76,38.46,2.29,5,1,5,1,0,0
61,11,2647989.45,35.55,23.43,5,4,8,0,0,0
33,15,4583099.60,40.88,50.62,3,1,7,0,1,0
49,0,3432853.37,47.49,28.52,3,5,5,0,0,1
52,28,6781201.17,44.39,1.28,4,5,1,1,0,0
39,7,4010912.46,42.32,62.96,1,3,6,0,0,1
43,0,1559996.55,44.92,61.92,2,5,6,1,0,0
59,17,2220846.53,41.64,42.68,1,2,9,1,1,1
39,21,5421214.63,57.68,54.31,2,2,9,1,1,1
55,23,5277758.64,38.33,18.22,2,2,7,0,0,0
64,20,3515281.95,50.26,32.05,5,3,5,1,0,0
62,28,5098557.74,41.80,8.16,4,1,9,1,1,0
30,12,2525729.80,36.49,48.61,3,3,0,0,0,0
28,10,1957507.99,30.94,45.70,4,3,6,1,1,0
62,18,4994044.89,48.92,51.94,2,2,8,0,1,1
27,9,3882786.23,40.06,24.85,2,5,10,1,0,0
54,15,4303443.87,51.75,61.04,5,5,9,1,1,0
36,18,6058350.40,39.44,12.82,2,1,0,1,0,0
39,10,3400214.97,46.49,21.14,5,3,1,0,0,0
63,18,5552338.31,37.75,1.69,2,2,1,0,1,0
20,1,1916027.91,42.65,54.24,3,3,0,1,1,1
64,3,1400000.00,41.18,54.70,2,3,3,0,1,1
46,12,3404818.81,51.04,12.93,5,3,2,1,1,0
34,16,5455990.54,43.16,10.43,5,4,1,0,1,0
25,7,2211453.89,42.12,13.91,4,5,1,0,1,0
42,15,3539558.43,43.81,34.52,1,3,7,1,0,1
39,9,1882476.38,38.67,56.73,3,3,4,0,0,1
64,4,3175163.41,48.04,56.05,4,1,0,0,1,1
63,11,4729691.33,36.92,10.56,2,3,7,1,1,1
40,19,6110671.02,41.45,2.36,5,3,2,1,1,0
34,16,2658715.71,39.02,9.91,1,4,4,0,1,0
57,26,5037136.55,54.24,63.99,2,4,9,1,0,1
51,21,3656458.02,50.97,22.74,3,3,3,0,1,1
25,7,2815713.49,35.60,36.19,1,3,4,0,1,1
45,18,4469036.34,40.61,28.01,3,5,4,0,0,0
58,1,2709138.67,30.30,10.81,1,5,7,0,1,1
56,4,3513030.48,39.79,32.07,2,3,10,1,1,1
20,2,1400000.00,35.19,6.27,2,2,8,1,0,0
53,14,4557794.48,41.91,54.10,3,4,8,1,1,1
65,1,1510661.70,56.42,33.39,4,5,9,0,1,1
38,9,2711309.91,43.79,30.55,3,4,5,0,0,1
54,24,6247036.09,47.52,62.42,5,3,4,0,1,0
62,26,5862284.66,38.73,11.16,1,2,6,1,0,0
31,8,2132384.72,39.66,17.09,1,5,5,0,1,1
40,2,1807977.81,43.58,61.84,2,2,5,1,1,1
27,7,2129300.60,47.11,59.82,3,5,6,0,0,0
47,2,2009045.83,50.66,37.45,2,1,6,1,0,1
57,23,5713280.64,38.98,14.28,1,5,0,0,0,0
32,14,5598072.65,31.87,9.41,2,3,6,1,1,0
29,11,4865872.13,55.91,44.71,2,5,1,0,1,1
55,20,4636202.00,37.19,54.02,5,5,6,1,0,0
64,26,3366768.85,41.80,4.86,2,5,9,1,0,0
33,15,5266006.89,44.96,31.16,2,2,7,1,1,1
47,29,4291479.41,44.19,42.89,4,3,9,0,0,0
24,6,2948223.44,37.88,3.35,5,1,4,0,1,0
53,2,1400000.00,49.57,29.93,3,4,10,1,1,1
37,1,2213390.63,50.86,2.85,4,1,0,0,1,1
25,7,2809544.22,38.83,52.12,3,5,4,0,1,0
27,9,2737992.94,42.65,41.45,4,3,3,1,0,0
25,7,3700263.76,44.47,22.20,5,2,3,1,1,0
27,9,4579506.31,42.35,7.24,5,5,1,1,1,1
63,0,1400000.00,36.09,27.80,3,5,10,0,1,1
22,4,2459364.12,41.56,14.13,5,4,3,0,1,0
65,22,6632344.29,45.17,41.63,2,4,8,1,1,1
36,16,4201663.74,38.07,27.05,5,5,9,0,1,0
37,8,2546814.72,53.52,60.88,1,1,5,1,0,1
27,9,3409210.74,42.98,39.74,2,1,9,1,0,1
43,13,3236903.49,42.58,9.33,2,4,2,0,1,0
60,0,3460182.01,53.13,39.01,3,3,2,1,0,1
37,8,3055216.36,33.21,56.29,4,4,7,0,1,0
35,1,1916339.69,41.04,11.76,5,1,1,0,0,0
21,2,2124719.52,32.15,34.28,2,1,3,1,0,1
20,2,2381580.12,36.86,60.14,4,3,5,1,0,0
33,14,5598713.73,36.26,25.25,3,5,9,1,1,0
24,6,1400000.00,37.83,41.03,4,4,9,0,1,0
45,10,3308817.82,40.25,47.71,3,3,9,0,1,1
51,22,4732347.98,55.25,63.91,4,2,6,0,0,1
30,10,3546818.95,31.43,26.58,4,5,8,1,0,0
61,17,4732915.64,38.87,57.57,5,1,6,0,1,1
60,0,1400000.00,42.20,2.89,2,2,1,0,0,0
48,23,6873923.16,43.92,58.81,4,4,1,0,1,0
27,9,3738015.62,50.60,57.85,2,2,1,0,0,1
64,24,5757321.06,41.32,15.60,3,3,9,1,0,0
54,17,4369022.55,33.35,52.02,2,5,2,1,1,0
21,3,2549781.69,39.61,8.44,2,5,8,0,0,0
51,9,4297809.65,40.78,31.61,2,3,7,1,0,1
45,25,6441224.65,47.93,45.38,1,2,9,0,0,1
49,5,4634370.05,47.04,4.74,5,1,2,0,1,1
54,10,2123557.47,37.33,43.09,5,5,3,1,1,0
20,2,4050753.03,40.67,4.59,5,3,0,0,1,0
33,15,3005703.61,44.31,16.44,2,5,6,1,0,0
36,12,3213523.85,60.12,62.74,3,3,10,0,1,1
27,9,2060616.14,46.84,30.14,2,1,8,0,0,1
51,28,7453136.83,32.25,40.33,2,1,3,1,1,0
60,11,3822772.20,65.00,36.51,3,4,7,0,0,1
19,1,1400000.00,41.06,57.41,2,5,5,1,0,0
61,3,3658373.95,38.65,60.03,4,5,6,0,0,0
23,5,2870453.14,43.99,31.30,5,2,2,1,0,0
37,15,4471496.95,32.83,20.35,3,3,1,0,1,0
61,5,2082763.00,40.76,6.35,2,3,2,0,0,1
50,12,4386448.56,55.36,62.69,4,5,3,0,1,1
29,11,1849939.15,41.87,38.33,5,5,3,1,1,0
46,19,5304224.37,46.45,29.22,2,1,5,1,1,1
53,30,5712537.51,53.18,4.82,1,2,3,1,1,1
33,15,4360099.86,33.55,19.09,5,3,8,0,0,0
50,10,3450377.07,57.86,58.96,5,5,5,0,0,0
26,8,3349381.91,43.18,9.27,3,2,10,0,0,1
62,17,4821847.65,34.25,55.60,3,3,8,0,1,1
31,13,4231387.23,30.00,51.92,3,2,4,0,1,1
47,15,5429668.96,44.76,47.87,3,4,5,0,0,0
52,26,7182494.32,53.91,34.59,2,2,9,1,1,1
32,11,4683022.50,56.29,1.17,1,3,3,1,1,1
28,10,2523819.95,50.23,4.81,3,3,2,0,1,0
64,1,1956725.47,36.54,0.61,5,1,3,0,0,1
47,29,6847115.81,38.78,24.05,5,4,9,1,1,0
41,19,6799803.86,48.13,12.77,5,2,9,0,1,0
35,8,2823247.15,49.41,26.94,5,5,5,0,1,0
39,12,5291867.35,42.90,31.04,1,5,7,1,0,0
24,6,3003080.30,35.56,26.88,3,5,9,0,0,0
63,11,2705247.44,56.44,2.86,4,1,10,0,1,1
55,21,2485035.61,43.30,23.21,3,3,3,0,1,1
26,8,3637482.14,59.11,15.25,2,1,3,1,1,1
40,2,3068329.73,49.47,28.65,4,5,6,1,1,0
61,22,3884505.27,42.52,39.02,3,1,5,1,0,1
54,13,3556318.02,38.55,41.09,5,3,9,1,1,0
31,13,4250417.68,37.89,37.15,2,2,3,1,1,1
56,13,5622752.00,40.24,64.51,3,4,3,1,0,0
38,13,3544240.94,30.00,34.69,4,3,2,1,1,1
49,20,4906800.46,37.03,27.96,4,2,7,0,1,0
37,6,1991695.95,31.39,15.46,3,4,3,0,1,0
38,5,2921309.09,41.84,5.84,2,2,1,0,0,1
19,1,2740924.11,46.08,55.12,2,4,9,1,1,1
33,15,3272658.46,51.18,28.19,5,4,8,1,1,0
58,11,1704080.93,49.52,32.73,5,3,8,0,0,1
42,16,4864036.73,32.60,54.00,4,2,1,1,1,0
33,9,4105374.15,42.91,53.21,1,1,9,0,1,1
59,7,2565778.32,53.27,41.88,5,3,9,0,0,1
40,13,5717903.15,45.29,32.08,5,5,5,1,0,0
51,12,4844596.25,51.59,46.30,4,2,0,0,1,1
40,20,4600476.64,30.00,50.10,4,4,6,1,1,0
47,19,3858605.67,30.00,27.50,4,3,10,1,1,0
31,11,3798875.14,52.44,1.00,5,2,1,0,0,0
20,2,3670390.27,36.34,2.17,2,3,4,1,0,0
58,28,6322628.63,42.34,34.15,5,2,1,1,1,1
49,26,6923601.93,45.62,46.07,5,2,7,0,0,0
51,3,1400000.00,35.99,54.83,1,5,4,0,1,1
28,7,3480504.98,36.47,47.83,1,5,6,0,1,1
38,20,4728799.98,45.45,45.79,5,5,8,1,1,0
65,21,3232493.84,60.90,39.19,4,3,5,0,1,1
49,12,3889379.45,51.49,41.65,5,5,0,0,0,0
49,9,3968074.48,46.15,16.67,5,3,4,1,0,0
35,17,8240248.00,40.63,53.14,5,3,2,1,0,0
37,16,4016210.92,35.50,59.30,5,3,2,0,1,0
39,21,5620696.55,30.00,44.64,5,4,6,1,0,0
32,14,2809395.03,46.54,3.78,1,1,1,0,1,1
39,0,1400000.00,41.98,56.33,2,5,9,0,1,1
53,23,5564276.91,35.79,13.64,5,1,0,0,0,0
23,5,2762932.18,42.78,59.17,1,5,9,1,1,1
46,27,4963993.06,39.41,4.27,4,2,1,0,0,0
44,5,2067422.91,30.00,17.38,4,1,9,0,1,1
28,10,4686379.07,35.11,16.29,5,3,9,1,0,0
61,15,3721571.98,44.43,37.05,2,5,1,1,0,0
55,29,3960407.93,38.35,37.55,4,4,3,1,1,0
20,2,1400000.00,52.57,18.96,3,3,0,1,0,0
40,22,4742852.13,49.72,9.93,4,2,0,0,1,0
48,12,3872917.46,55.46,23.48,2,4,2,1,1,1
34,16,2803848.00,38.26,20.63,1,4,8,1,0,0
50,30,6576209.11,39.76,15.43,5,1,9,1,0,0
30,0,2608300.76,36.12,62.78,5,4,2,0,0,0
49,28,6056647.22,47.44,63.70,3,3,1,0,0,0
56,10,4242835.08,35.91,4.42,3,1,5,0,1,1
31,13,3289720.10,41.95,61.58,2,5,8,0,0,0
60,21,5241116.11,41.74,14.28,2,4,5,0,1,0
59,25,5166899.82,33.43,51.30,2,1,6,0,1,1
42,11,3887045.19,45.46,6.15,3,4,6,0,0,0
40,13,3626560.57,43.60,46.81,4,4,9,0,1,1
50,0,1976124.96,33.16,14.50,1,5,7,0,1,1
59,24,6052989.22,46.89,30.88,2,5,8,0,1,1
61,29,7621691.01,30.00,2.01,1,5,2,1,0,0
60,16,2649387.94,54.24,9.32,1,2,4,0,1,1
19,1,1439607.35,40.28,29.00,5,1,7,0,0,0
21,3,2029449.34,45.32,19.42,2,4,4,0,0,0
20,2,2890247.73,51.60,28.92,4,5,0,1,1,0
65,21,4200348.40,52.21,53.85,2,2,4,0,1,1
40,19,3859303.23,49.75,57.53,1,1,5,1,0,1
58,14,3273653.54,40.08,19.28,3,1,6,0,1,1
55,2,2549581.31,38.91,6.28,2,4,9,1,1,1
63,14,3049409.30,43.92,7.35,4,4,1,1,0,0
38,1,1518421.02,31.39,44.99,4,5,0,1,1,0
22,4,2315124.41,45.88,5.73,1,5,8,0,1,1
53,7,4146420.72,56.09,54.33,5,5,2,0,0,0
40,14,3848827.24,30.73,2.86,2,3,0,1,1,0
58,8,2079853.94,46.15,38.66,3,3,6,1,0,1
55,15,4056577.27,33.93,26.52,3,2,9,1,0,0
65,29,7065721.73,40.33,11.78,4,4,3,1,0,1
44,19,3534623.11,48.37,21.82,4,2,8,0,1,1
65,11,2784612.26,44.19,18.73,1,1,5,1,0,1
32,14,2128535.56,38.14,49.72,5,2,10,0,1,1
47,23,5808764.80,43.28,40.91,3,4,1,1,1,0
65,27,5623811.95,39.40,61.56,4,3,2,1,1,1
23,5,1400000.00,42.86,44.48,1,1,2,0,0,1
39,21,4713975.58,46.95,8.49,4,1,5,0,1,0
43,14,3232054.83,41.46,40.37,3,2,6,1,0,1
64,1,1554168.19,48.48,9.41,5,1,8,0,0,1
39,21,6575391.11,36.16,54.19,5,3,1,1,0,0
65,21,4635065.17,30.00,58.10,2,4,3,0,1,0
53,29,5426554.48,30.68,58.63,5,5,3,0,1,0
58,23,5272603.26,35.97,39.75,1,1,9,1,0,1
59,3,2188065.33,39.22,52.35,3,4,0,1,0,1
28,10,4508564.94,43.54,24.17,1,4,7,0,1,0
23,5,2641825.46,30.78,63.18,4,1,10,0,1,1
40,5,3092531.17,40.29,46.97,3,4,4,0,0,0
21,3,3088482.25,33.34,63.43,3,4,3,0,0,0
26,8,4131119.34,44.54,2.83,1,2,9,1,0,1
57,18,5129314.02,45.07,5.14,2,4,0,1,0,0
33,15,4610517.71,39.41,12.11,5,1,3,0,1,0
31,13,3393281.80,45.33,25.42,4,3,10,1,0,0
27,6,1400000.00,49.15,28.69,3,2,9,0,0,0
47,4,1400000.00,36.59,61.99,1,2,4,1,0,1
58,23,4582218.02,50.00,45.75,5,2,5,1,0,0
46,11,2702434.43,37.25,44.39,5,5,7,1,0,0
46,4,1400000.00,47.07,43.80,2,3,2,0,1,1
42,10,2152973.16,36.75,43.26,2,2,7,1,1,1
41,6,1443555.54,55.38,50.68,2,5,10,1,0,0
42,20,4644355.83,38.27,64.75,1,4,0,1,1,1
53,27,4373273.23,49.98,11.48,2,4,8,0,1,1
60,20,6455462.31,33.51,62.49,5,3,6,0,0,0
54,17,3638970.75,30.00,50.94,1,5,0,0,1,0
32,14,2619497.83,36.11,13.84,1,2,7,1,1,1
46,20,5159048.23,43.25,2.89,4,3,1,0,0,0
25,4,3099689.49,31.22,5.82,2,3,0,0,0,0
25,4,2295035.89,48.73,18.59,5,4,9,1,0,0
51,13,4842123.12,55.79,24.05,5,5,10,0,1,0
49,21,4625086.95,46.74,48.20,4,5,0,0,0,0
19,1,2763983.66,43.03,30.14,4,1,3,0,1,1
30,5,2707707.43,56.43,2.14,1,2,3,1,0,1
49,25,5711558.26,39.70,42.88,1,5,3,0,1,0
63,19,3566851.06,45.72,22.21,3,3,2,0,1,1
20,2,3314724.63,40.72,4.04,5,2,6,1,1,0
50,7,3204976.58,43.32,52.46,2,5,5,1,1,1
25,7,1400000.00,42.06,47.44,3,1,2,0,1,1
46,2,1400000.00,39.13,14.92,1,5,8,0,1,1
30,12,1400000.00,47.16,50.27,1,2,8,0,1,1
37,19,6096912.98,48.89,18.69,4,2,10,1,1,0
45,0,1628883.29,44.50,15.36,1,1,6,1,0,1
19,1,1433755.27,41.57,63.18,3,1,1,1,0,0
58,10,1436126.47,39.19,19.60,2,4,6,0,0,1
54,22,5871897.22,46.48,55.93,4,2,3,0,1,1
61,14,3161582.89,34.19,28.37,3,3,1,1,1,0
30,12,4341274.66,44.06,12.90,4,2,10,1,1,0
48,19,6753539.49,55.34,18.57,2,3,6,0,0,1
21,3,1400000.00,47.05,19.19,4,2,7,0,1,1
53,30,7308520.72,49.56,51.52,2,5,1,1,0,0
48,8,3420537.97,36.29,6.64,5,3,0,0,1,0
65,20,5708222.51,48.27,49.19,4,5,6,0,1,0
44,19,5953304.41,33.35,38.20,2,3,3,0,0,1
23,5,1400000.00,48.26,64.79,3,1,10,1,1,1
35,17,4808385.57,50.92,25.22,5,3,2,1,0,0
23,5,2294119.23,44.73,29.02,5,1,1,0,0,0
53,25,6053093.72,52.18,63.56,2,3,1,1,1,1
27,9,1400000.00,51.35,39.30,1,1,9,0,1,1
38,20,6904536.12,35.72,5.45,2,3,0,1,0,0
29,11,3844997.75,51.68,23.10,3,4,6,1,1,0
56,9,2869623.06,52.34,33.61,4,1,3,0,1,1
22,4,3041192.85,48.42,52.86,4,1,6,0,1,1
34,16,4238097.59,39.65,23.14,1,2,1,1,0,0
37,19,3619995.70,56.46,27.10,4,3,2,0,0,1
53,10,4348408.84,56.24,55.50,3,5,6,1,0,1
34,1,2938706.33,42.97,47.30,3,1,6,0,1,1
50,4,2847077.49,46.96,48.14,1,5,9,1,1,1
44,5,1957163.30,40.88,36.58,1,3,6,1,0,1
54,8,2801680.32,44.44,19.15,1,4,0,0,1,1
21,3,1521862.43,30.00,46.76,3,1,9,0,1,1
21,3,2747916.95,50.24,63.14,4,3,5,1,0,0
46,24,5508645.60,42.24,61.41,4,5,5,0,1,0
44,5,1400000.00,34.25,1.83,2,3,1,1,1,0
20,2,1990812.21,45.52,37.22,1,5,5,1,1,1
21,3,2305196.15,43.42,2.39,4,4,3,1,1,0
57,0,1400000.00,52.09,63.51,2,2,4,0,0,1
25,2,1400000.00,48.87,46.85,1,4,4,1,1,1
39,20,3087063.41,39.10,35.41,5,2,7,1,1,0
35,3,1634270.46,43.01,59.05,2,5,1,0,0,1
35,14,3807229.46,38.38,60.92,1,3,10,0,1,1
35,10,4061497.63,55.15,52.77,3,2,9,1,1,1
57,10,4959442.40,36.09,14.36,3,5,6,1,1,0
25,7,1977974.30,30.00,60.96,4,2,1,1,1,0
23,5,3669527.66,39.23,2.93,4,3,7,0,1,0
46,8,3710309.70,44.63,61.85,3,3,10,0,1,1
59,6,1473730.06,32.80,36.29,2,1,5,0,0,1
64,3,1727465.07,41.48,17.52,1,4,10,0,1,1
49,20,3950275.14,30.00,64.25,5,2,5,0,0,0
49,24,3274483.20,45.40,51.63,2,3,1,1,1,1
40,10,4711929.87,54.75,32.17,5,1,8,0,1,1
40,22,3579866.69,41.83,10.26,1,4,9,1,0,0
52,2,2722289.29,36.91,0.62,5,2,6,1,1,0
20,1,2402685.05,55.04,52.98,4,4,4,1,0,0
50,16,3251212.08,34.62,58.21,3,2,6,1,1,1
49,4,2077480.64,53.62,7.23,2,2,10,1,0,0
42,10,2384422.82,38.10,62.60,5,5,3,0,0,0
63,19,4492171.01,36.20,41.07,2,3,5,1,0,0
25,7,3161014.80,45.36,22.07,1,5,1,1,1,0
25,7,5308968.44,51.42,44.70,2,2,0,1,0,0
54,17,3715988.67,43.92,4.66,2,1,5,1,0,1
39,9,3971143.43,41.31,23.11,5,5,2,1,0,0
53,6,1400000.00,40.15,40.94,4,2,4,0,1,1
24,6,3617479.86,45.43,32.40,3,4,6,1,1,0
57,3,4536346.25,38.81,24.45,1,1,4,1,1,1
47,7,1706601.08,41.62,57.14,4,3,10,0,1,1
35,17,4084038.63,48.00,20.87,4,3,10,1,1,0
25,7,2531927.53,42.38,4.77,2,2,4,1,0,0
61,25,3090793.42,35.92,56.79,2,3,1,1,0,0
43,10,4897684.74,31.63,45.25,1,3,5,0,1,1
55,13,4545818.06,30.00,32.83,2,3,0,0,0,0
32,14,4911059.84,30.00,17.04,4,2,0,0,1,0
46,28,6481688.08,32.73,10.69,4,1,2,1,0,0
61,17,4459340.07,45.15,22.17,5,2,6,0,1,1
54,15,4896540.38,43.44,38.07,5,4,10,1,1,0
54,7,2413077.84,39.35,17.73,1,3,4,0,0,1
49,14,2799351.63,42.25,28.71,4,5,4,0,1,0
31,13,3601685.17,37.48,56.79,4,1,9,1,1,1
21,3,4157080.82,38.09,53.88,4,5,5,0,0,1
47,13,2773808.65,47.81,60.69,4,3,5,0,0,1
19,1,1400000.00,45.42,35.44,1,4,5,1,1,0
36,17,5149127.63,42.81,17.50,5,3,8,0,0,0
45,20,6582526.37,40.11,20.56,1,3,0,0,0,0
39,21,4762952.49,43.04,26.26,5,3,1,0,1,0
62,15,1940914.63,37.01,33.70,2,4,9,1,1,1
50,27,8145094.28,49.62,23.19,3,5,8,1,0,0
47,4,3178096.77,51.83,20.71,4,5,1,0,1,0
50,27,6736742.80,30.00,58.76,1,2,8,0,0,1
38,20,5031251.36,39.91,1.29,1,4,0,1,1,0
36,18,5081856.53,47.14,16.55,5,3,9,0,0,0
60,10,3574417.45,45.57,64.76,5,1,9,0,1,1
22,4,1955059.12,46.84,59.71,1,5,4,1,0,1
36,18,5732496.78,36.73,38.30,3,2,3,0,0,1
27,4,1561956.96,48.37,5.28,5,1,1,0,1,1
37,19,4163363.12,41.21,62.10,1,5,6,1,0,0
59,23,5540613.26,52.05,39.51,4,5,2,0,0,0
48,21,4984161.71,55.51,27.15,4,3,5,1,0,0
55,3,2530072.81,43.84,37.13,3,5,3,1,0,0
37,7,3203133.16,45.53,15.31,1,5,0,1,0,0
58,13,4222725.03,43.57,34.32,3,4,8,1,0,0
25,7,2898349.75,51.10,59.07,2,5,3,1,0,0
53,3,1513174.49,44.61,3.41,3,2,5,1,1,1
64,7,2513913.91,46.45,37.44,4,3,2,0,0,1
19,1,1400000.00,60.31,64.71,4,4,7,1,0,1
49,15,5866927.01,34.46,22.10,4,4,6,0,0,0
46,6,5015416.57,41.27,55.02,1,1,7,0,1,1
55,22,5637248.70,42.30,61.63,3,2,10,1,0,1
54,13,1728411.80,41.12,49.48,5,1,0,0,1,1
30,12,4263034.14,44.01,33.45,5,3,7,1,1,0
24,6,2796013.13,42.87,61.80,2,1,3,0,1,0
44,26,5780972.69,45.98,11.28,3,4,6,0,1,0
57,11,2713653.65,37.35,41.54,5,2,5,1,1,1
62,9,3810192.98,47.93,22.52,2,5,9,1,1,1
55,20,6276024.37,48.10,21.30,2,2,0,0,1,1
28,10,2058690.64,54.27,35.54,5,4,6,0,1,0
43,10,3313434.92,50.45,2.99,2,1,3,1,0,1
54,25,5009833.71,48.35,61.95,2,3,0,1,0,0
51,18,4653102.63,39.80,0.80,1,1,2,1,0,1
44,10,4621538.25,56.08,51.52,5,5,9,1,0,0
44,26,6031322.68,41.92,16.94,3,4,0,1,0,0
42,24,5576542.76,40.83,36.08,3,4,2,1,0,0
61,27,6848597.49,44.74,38.38,5,3,2,0,0,0
45,7,3243248.60,39.18,17.93,3,5,8,0,1,0
46,18,5098853.75,54.20,55.45,3,5,9,0,0,1
43,7,2009489.61,34.39,55.87,2,4,8,0,0,1
24,6,2835025.39,42.46,32.41,2,4,2,0,0,0
47,9,3115058.27,38.16,26.08,1,2,3,1,1,1
64,0,2042675.22,40.76,45.00,4,4,6,0,1,1
47,12,3765109.95,33.69,36.06,1,4,7,0,0,1
54,20,6577065.42,43.29,56.79,3,1,7,1,0,1
53,23,6684415.32,42.03,53.62,4,2,3,1,0,0
49,23,7245586.25,45.64,28.70,3,2,7,1,1,0
21,3,2675223.90,54.63,52.33,4,4,5,0,1,1
31,9,3670803.59,42.23,13.18,3,1,10,1,0,1
36,2,1511041.64,32.67,23.01,5,4,0,1,0,0
59,16,2656117.65,40.75,61.43,2,2,6,1,1,1
33,15,3291800.27,39.69,20.22,5,3,1,0,0,0
19,1,2807187.00,35.92,2.94,5,4,4,0,1,0
33,12,3656333.98,47.97,31.09,4,1,6,1,1,1
55,5,2439621.36,38.95,53.45,2,3,1,0,1,1
23,5,3484235.66,35.13,49.28,3,3,6,1,1,0
35,17,4392122.16,41.63,39.06,5,4,2,0,1,0
28,1,2136969.73,43.47,62.22,1,4,1,0,0,1
56,21,4734466.71,55.63,47.51,4,4,8,0,0,0
31,13,1693281.97,52.92,25.71,4,5,9,0,0,0
57,23,4377669.02,48.68,24.47,2,5,2,0,0,0
56,19,3820538.48,34.65,13.23,5,1,0,1,1,0
48,17,3186266.38,45.89,6.15,5,5,10,0,0,0
28,4,4468435.44,45.03,37.99,3,4,10,0,0,0
44,8,3628829.95,46.35,59.02,2,1,5,1,0,1
58,6,3497187.02,35.18,13.21,4,4,5,0,1,0
46,23,2653182.42,56.86,44.06,5,5,3,0,0,0
27,9,3339980.11,41.45,12.41,5,2,2,0,1,0
61,5,3391891.72,39.34,42.15,4,1,5,1,1,1
37,19,4726494.68,48.33,14.20,2,1,3,1,0,0
52,20,5750699.67,48.94,20.14,2,4,3,1,1,0
63,21,6054557.33,45.86,9.59,4,5,4,1,1,0
37,19,3795545.14,46.60,20.36,1,1,4,1,1,0
55,8,3615882.75,43.26,40.79,1,2,2,0,1,1
38,2,1829651.43,44.96,18.03,3,2,8,1,1,1
56,15,2870628.47,38.83,26.84,5,1,6,1,0,0
49,2,3733542.75,44.11,8.60,5,5,6,1,0,0
35,12,3237266.82,46.29,6.75,1,5,10,0,0,0
49,1,2885845.40,52.54,53.70,5,1,1,1,0,1
24,6,1400000.00,50.71,13.82,3,3,7,1,0,0
44,2,1531432.10,45.36,18.60,1,4,8,1,0,0
35,10,4323452.30,49.57,63.19,5,3,0,1,0,0
46,28,4727309.03,30.99,29.44,4,4,10,0,1,0
44,23,5394085.80,45.91,4.05,1,1,0,1,0,0
58,2,3569985.63,32.06,53.85,3,4,4,0,1,1
56,14,5288145.87,38.29,4.25,3,2,0,0,1,0
20,2,2322747.97,39.31,18.03,2,4,4,1,0,0
65,10,4040664.18,35.78,46.10,4,1,4,1,0,1
43,11,4045717.21,42.04,60.31,2,3,3,1,0,1
29,11,2764621.61,35.20,7.26,4,1,6,0,1,0
58,15,3927804.84,35.28,45.90,3,1,9,0,0,1
47,29,6367869.64,45.59,4.36,3,5,1,1,0,0
59,18,5972349.11,52.40,62.14,1,4,2,0,1,1
54,8,4097433.94,48.00,34.63,4,2,0,0,1,1
63,26,5499935.76,34.73,38.02,5,2,10,1,0,0
21,3,2554263.68,39.31,10.71,5,2,7,1,1,0
40,13,3833126.23,46.50,4.75,5,4,1,0,0,0
29,11,2875864.31,43.99,38.72,5,1,7,0,0,0
38,6,2023551.73,39.84,32.44,1,4,10,1,1,1
32,14,4736769.20,48.44,42.36,3,2,1,1,1,1
51,16,3560153.39,46.90,45.81,2,2,9,1,0,1
25,7,5339616.56,41.04,42.38,1,2,4,1,1,1
27,9,3888646.85,30.00,47.91,1,5,10,1,1,0
62,24,7254965.75,44.12,42.13,1,3,8,0,1,1
28,10,5358113.66,48.08,16.97,1,1,5,1,1,1
39,2,2595710.12,45.62,45.82,1,3,3,1,0,1
58,11,2060119.96,49.59,37.10,3,5,3,0,0,1
29,10,4394660.89,46.31,46.32,5,2,0,1,0,0
65,0,1627610.15,42.90,21.10,4,3,7,1,0,1
25,7,3040702.60,39.16,47.24,1,3,2,1,1,1
30,12,4109854.56,38.39,4.52,4,1,3,0,0,0
47,18,5275256.61,41.81,61.66,1,2,7,0,1,1
42,24,5702193.50,41.03,37.81,2,2,3,0,1,1
33,15,4405319.61,36.40,26.85,3,3,7,0,0,0
39,21,6199557.41,38.18,6.21,5,2,2,1,0,0
64,27,5374806.50,42.62,63.81,1,4,4,0,1,1
28,10,3438694.25,30.95,27.24,2,2,10,0,0,1
36,18,2932086.58,46.73,22.08,1,2,9,0,1,1
28,10,4226766.71,36.34,44.53,3,1,0,1,0,0
61,6,3123149.90,37.08,9.07,1,1,6,1,0,1
45,17,5716514.17,35.44,58.04,2,2,9,1,0,1
36,4,1447045.17,32.09,61.95,2,4,7,0,0,1
39,21,3691113.15,37.51,53.40,4,4,8,0,1,0
58,28,6140259.13,50.64,15.37,3,4,10,1,0,0
51,14,1699534.83,42.87,41.39,2,5,6,0,0,1
23,5,2553394.46,45.11,39.28,3,4,0,0,0,0
21,3,1400000.00,35.58,9.27,5,1,4,0,1,0
32,14,4156405.45,30.79,58.13,2,1,6,1,0,1
59,5,2114592.70,47.97,63.19,1,5,4,0,1,1
45,5,1789003.29,49.43,40.56,1,3,3,1,1,1
27,9,4828396.84,60.80,47.72,1,3,4,1,0,1
26,8,3479144.13,30.48,61.35,5,3,7,1,0,0
63,27,6060690.83,43.64,33.90,2,1,2,0,0,1
27,5,2101592.08,42.26,53.83,4,3,5,1,1,1
56,11,2899754.29,50.72,32.19,1,4,9,1,0,1
28,10,3044933.99,34.90,63.10,3,5,8,1,1,1
32,14,1862456.34,43.31,3.15,1,4,7,0,1,1
21,3,1837228.30,42.43,60.12,3,1,9,0,0,1
32,3,1400000.00,39.73,4.72,4,4,0,0,0,0
36,1,4057441.59,33.75,35.36,1,4,7,1,1,1
39,8,2555282.08,47.53,19.81,3,4,7,0,0,0
59,22,5325826.59,47.01,5.38,1,1,4,0,1,1
47,0,1400000.00,30.46,35.49,5,4,1,0,0,0
42,11,3310981.25,47.40,1.51,4,5,4,0,0,0
55,6,4811257.76,41.65,0.65,3,5,2,1,0,0
46,2,1594812.09,47.11,31.50,2,4,10,1,1,0
54,20,4486221.70,37.83,14.28,2,2,10,0,0,1
45,22,5912138.14,46.35,6.66,4,1,0,1,0,0
34,15,3552767.69,44.23,8.89,5,5,0,0,0,0
27,9,3585880.40,35.74,11.37,1,2,1,1,1,1
46,18,4907942.01,39.59,33.97,1,1,0,1,1,1
50,20,5606365.88,49.92,13.70,4,2,10,0,0,0
22,4,1400000.00,39.72,49.85,5,2,8,0,0,0
19,1,1400000.00,43.80,30.11,3,5,1,0,1,0
52,28,3521108.99,30.00,7.84,5,2,6,1,0,0
49,14,1751356.99,51.32,52.14,1,2,10,1,0,1
22,4,4608972.76,40.24,46.94,3,2,0,0,1,1
53,12,3724480.00,49.30,27.14,5,1,0,1,1,1
32,14,3125002.38,41.01,20.04,3,5,1,0,1,0
56,3,2538620.30,44.32,39.61,5,2,7,0,0,1
35,17,4350535.96,36.85,1.66,5,5,3,0,0,0
63,30,5743076.14,40.31,1.93,1,5,1,0,1,0
42,24,5300805.30,43.72,48.56,2,5,2,1,1,0
32,13,4532221.17,63.44,13.30,4,5,8,0,0,0
37,9,4687799.47,38.21,31.01,2,3,1,0,1,1
39,21,6789097.90,40.63,54.28,1,4,2,0,1,1
32,14,5506794.26,58.05,3.36,1,4,10,0,0,1
44,0,1400000.00,34.04,45.45,5,2,3,0,0,1
44,12,3342463.21,50.19,13.99,4,5,5,1,0,0
56,9,2639655.98,48.72,57.75,1,1,4,1,0,1
49,7,2344645.59,30.36,45.80,2,5,4,0,0,0
22,4,4290405.35,45.41,40.83,5,3,6,0,0,0
34,16,4544765.18,30.00,59.06,3,2,9,1,0,0
34,15,3027553.85,32.45,59.42,1,4,3,0,0,0
19,1,1960615.52,44.62,23.64,4,2,0,0,1,1
32,5,4541210.03,45.25,30.93,2,3,4,1,1,1
53,6,1488200.25,36.88,24.06,2,2,10,1,0,1
57,26,4077751.36,41.01,19.61,4,1,3,1,1,0
52,30,6772328.27,44.48,62.24,4,4,9,1,0,0
63,2,1400000.00,48.18,28.68,3,1,4,1,1,1
47,11,2639678.38,33.47,1.33,2,1,8,0,0,1
26,6,1759038.37,34.25,44.73,4,3,6,1,1,1
62,15,3740087.01,37.39,54.15,2,2,7,1,0,1
63,20,4587652.43,38.19,27.11,1,3,9,0,1,1
26,8,4393934.23,50.79,31.06,3,2,5,0,0,0
58,24,5939706.09,43.62,48.54,3,5,6,1,1,0
31,13,3002481.47,30.68,51.82,3,5,6,0,1,0
48,11,3949460.98,30.00,20.17,1,2,1,0,0,1
31,1,2172665.62,31.13,41.80,1,1,8,0,0,1
27,6,2877311.31,55.90,37.73,4,2,2,0,0,1
31,7,3702612.49,46.53,44.67,2,3,9,1,1,1
55,23,6056524.41,53.75,1.59,4,4,6,0,0,0
57,13,2617142.43,38.04,33.61,1,2,4,0,0,1
57,26,5448799.15,34.02,22.68,4,4,4,0,1,0
27,9,5293262.78,31.82,58.49,5,2,2,0,1,0
25,7,2920446.97,54.38,57.03,5,1,2,1,0,1
45,0,2634274.65,30.00,41.67,2,5,2,1,1,0
64,26,4486361.78,48.62,37.12,4,5,1,1,0,0
45,27,7471271.62,43.37,55.58,4,1,10,0,1,1
47,12,3105110.56,33.64,59.85,4,3,1,0,1,0
27,4,3245645.38,33.39,55.86,5,2,3,0,0,0
34,16,5078992.98,45.82,31.15,2,2,3,1,0,0
51,19,5009067.43,45.99,28.62,1,2,2,1,0,1
41,3,2315311.27,48.60,58.87,3,5,6,1,0,1
61,9,3847383.68,59.31,29.16,1,5,0,1,0,1
19,1,3163315.82,43.75,0.73,3,3,1,1,0,0
48,30,5835253.73,50.55,7.52,4,5,10,0,1,0
37,19,3192310.65,52.76,43.39,4,2,1,0,1,1
26,8,1842552.53,44.40,58.84,3,3,4,0,0,1
51,0,1917906.17,46.01,55.96,1,1,9,0,1,1
64,3,3022254.73,38.76,44.21,4,3,4,0,1,1
61,0,1470813.14,46.58,12.02,2,1,3,1,1,1
38,11,4547513.00,32.67,24.46,5,1,1,1,0,0
57,9,4521421.12,32.29,5.48,3,3,10,1,0,0
40,13,3781612.09,39.93,48.70,4,1,5,1,1,1
40,22,5654798.51,34.91,32.25,1,3,1,1,0,1
64,22,4314545.24,38.53,23.91,4,1,2,0,1,1
63,17,3860695.63,38.69,12.75,3,3,0,1,0,0
55,13,3785933.68,35.34,33.10,1,2,4,1,1,1
35,4,1888637.80,40.74,52.27,5,5,7,0,0,0
42,7,4258710.87,43.90,6.89,5,2,0,1,0,0
50,28,4856560.49,30.00,60.49,2,5,7,1,1,0
61,0,1400000.00,34.26,48.80,3,5,0,1,1,1
