fecha,precio,demanda,costo_proveedor,precio_competencia
2025-01-01 00:00:00,92500.0,108,64500.0,89000.0
2025-01-01 01:00:00,91680.32,119,64566.13,89040.5
2025-01-01 02:00:00,90549.95,120,64604.88,89206.63
2025-01-01 03:00:00,89561.77,127,64615.98,89133.44
2025-01-01 04:00:00,88437.46,122,64660.18,89350.59
2025-01-01 05:00:00,87457.97,141,64705.4,89525.5
2025-01-01 06:00:00,86703.55,147,64651.2,89578.8
2025-01-01 07:00:00,85675.05,154,64612.22,89603.94
2025-01-01 08:00:00,84991.02,161,64653.09,89652.09
2025-01-01 09:00:00,84424.17,148,64704.06,89640.22
2025-01-01 10:00:00,83841.27,151,64680.44,89603.21
2025-01-01 11:00:00,82991.8,155,64708.67,89835.73
2025-01-01 12:00:00,82324.14,158,64709.11,89800.01
2025-01-01 13:00:00,81983.01,165,64719.43,89784.88
2025-01-01 14:00:00,81578.28,156,64751.48,89761.52
2025-01-01 15:00:00,80957.25,156,64781.14,89910.0
2025-01-01 16:00:00,80487.3,148,64772.37,90027.37
2025-01-01 17:00:00,80131.79,140,64821.78,90161.95
2025-01-01 18:00:00,79738.18,137,64835.77,90211.97
2025-01-01 19:00:00,79653.49,146,64802.69,90354.55
2025-01-01 20:00:00,79225.59,127,64825.76,90235.56
2025-01-01 21:00:00,79045.2,128,64807.26,90670.42
2025-01-01 22:00:00,78618.83,132,64818.08,90526.52
2025-01-01 23:00:00,78590.01,129,64812.81,90445.9
2025-01-02 00:00:00,78280.77,126,64806.24,90640.04
2025-01-02 01:00:00,78083.88,130,64801.52,90816.4
2025-01-02 02:00:00,78035.67,136,64782.39,91033.69
2025-01-02 03:00:00,77689.54,133,64807.7,91264.65
2025-01-02 04:00:00,77437.87,141,64754.12,91229.98
2025-01-02 05:00:00,76937.48,154,64743.75,91305.55
2025-01-02 06:00:00,76854.26,156,64724.96,91342.88
2025-01-02 07:00:00,76672.15,152,64736.16,91269.2
2025-01-02 08:00:00,76153.47,157,64720.9,91274.28
2025-01-02 09:00:00,75562.24,154,64705.52,91340.6
2025-01-02 10:00:00,75540.61,151,64691.46,91334.03
2025-01-02 11:00:00,75333.76,158,64693.94,91495.58
2025-01-02 12:00:00,75420.52,147,64691.6,91701.27
2025-01-02 13:00:00,75088.71,155,64697.4,91808.37
2025-01-02 14:00:00,75179.24,151,64713.75,92105.94
2025-01-02 15:00:00,74910.36,141,64711.48,92097.96
2025-01-02 16:00:00,74970.39,138,64697.06,92282.38
2025-01-02 17:00:00,74565.29,135,64692.26,92354.86
2025-01-02 18:00:00,74260.38,131,64695.9,92329.9
2025-01-02 19:00:00,74361.75,122,64697.16,92186.16
2025-01-02 20:00:00,74048.27,115,64720.8,91931.2
2025-01-02 21:00:00,73553.72,121,64743.93,91944.51
2025-01-02 22:00:00,73627.2,124,64750.58,91877.27
2025-01-02 23:00:00,73482.66,134,64749.99,91694.55
2025-01-03 00:00:00,73444.04,123,64783.16,91920.64
2025-01-03 01:00:00,73478.24,117,64787.45,91710.77
2025-01-03 02:00:00,73505.41,123,64826.58,91591.22
2025-01-03 03:00:00,73289.05,125,64850.01,91409.21
2025-01-03 04:00:00,73307.25,129,64803.51,91589.7
2025-01-03 05:00:00,73420.02,148,64794.18,91517.65
2025-01-03 06:00:00,73549.32,139,64820.04,91344.48
2025-01-03 07:00:00,73420.64,137,64865.06,91351.52
2025-01-03 08:00:00,73525.87,145,64890.08,91398.33
2025-01-03 09:00:00,73200.53,144,64864.41,91818.39
2025-01-03 10:00:00,73103.36,160,64858.31,92144.03
2025-01-03 11:00:00,72907.25,161,64857.81,91932.62
2025-01-03 12:00:00,72942.54,154,64866.94,91891.38
2025-01-03 13:00:00,73118.25,138,64842.83,92012.5
2025-01-03 14:00:00,73228.86,125,64854.27,92296.4
2025-01-03 15:00:00,73212.32,133,64871.67,92192.57
2025-01-03 16:00:00,73236.77,129,64868.88,92109.71
2025-01-03 17:00:00,73198.63,122,64866.38,92229.45
2025-01-03 18:00:00,73554.06,122,64861.87,92357.4
2025-01-03 19:00:00,74066.36,122,64863.16,92437.93
2025-01-03 20:00:00,73986.21,115,64912.35,92121.58
2025-01-03 21:00:00,74049.82,118,64912.81,91806.44
2025-01-03 22:00:00,73895.47,103,64924.49,91718.33
2025-01-03 23:00:00,73685.58,99,64942.14,91905.22
2025-01-04 00:00:00,73437.58,88,64974.48,91689.66
2025-01-04 01:00:00,73371.69,101,64995.5,91433.88
2025-01-04 02:00:00,73418.22,106,65020.26,91676.0
2025-01-04 03:00:00,73088.37,109,65034.24,91757.03
2025-01-04 04:00:00,72831.06,114,65067.78,91564.87
2025-01-04 05:00:00,72580.26,115,65064.23,91496.37
2025-01-04 06:00:00,72963.74,116,65092.86,91318.28
2025-01-04 07:00:00,72634.6,126,65124.72,91298.65
2025-01-04 08:00:00,72770.11,128,65098.23,91340.07
2025-01-04 09:00:00,72846.62,130,65098.02,91508.67
2025-01-04 10:00:00,72768.24,141,65100.97,91546.95
2025-01-04 11:00:00,72653.14,143,65134.36,91446.15
2025-01-04 12:00:00,72498.01,142,65149.52,91332.29
2025-01-04 13:00:00,72451.33,132,65233.64,91349.41
2025-01-04 14:00:00,72416.9,136,65169.61,90966.77
2025-01-04 15:00:00,72403.65,124,65151.0,91166.03
2025-01-04 16:00:00,72611.53,125,65149.37,91191.15
2025-01-04 17:00:00,72619.33,125,65203.22,90870.91
2025-01-04 18:00:00,72544.95,116,65225.85,91214.78
2025-01-04 19:00:00,72395.16,110,65241.1,91232.93
2025-01-04 20:00:00,72799.46,107,65223.79,91290.28
2025-01-04 21:00:00,72620.89,98,65220.66,91447.78
2025-01-04 22:00:00,72653.78,97,65233.95,91591.15
2025-01-04 23:00:00,72682.47,93,65203.05,91657.91
2025-01-05 00:00:00,72569.59,87,65208.64,91653.46
2025-01-05 01:00:00,72008.6,79,65174.45,91392.26
2025-01-05 02:00:00,72435.95,95,65207.49,91307.18
2025-01-05 03:00:00,72486.95,95,65206.45,91459.96
2025-01-05 04:00:00,72764.21,117,65245.41,91468.23
2025-01-05 05:00:00,72581.3,135,65272.91,91600.87
2025-01-05 06:00:00,72781.0,134,65281.38,91544.57
2025-01-05 07:00:00,72707.26,131,65256.64,91295.35
2025-01-05 08:00:00,72449.47,129,65259.31,91173.37
2025-01-05 09:00:00,72264.49,142,65234.3,91162.32
2025-01-05 10:00:00,72249.68,144,65222.62,91136.87
2025-01-05 11:00:00,72228.85,141,65246.38,91290.08
2025-01-05 12:00:00,71970.59,143,65281.32,91182.46
2025-01-05 13:00:00,71984.61,139,65261.95,91324.34
2025-01-05 14:00:00,72207.3,128,65281.04,91299.17
2025-01-05 15:00:00,72661.41,116,65292.8,91421.81
2025-01-05 16:00:00,72689.39,112,65284.5,91572.91
2025-01-05 17:00:00,72527.4,106,65279.16,91659.57
2025-01-05 18:00:00,72802.37,92,65327.29,91632.06
2025-01-05 19:00:00,72841.94,93,65308.2,91695.92
2025-01-05 20:00:00,73115.34,94,65359.49,92094.16
2025-01-05 21:00:00,72761.21,92,65307.03,92017.9
2025-01-05 22:00:00,72464.73,89,65325.92,91793.63
2025-01-05 23:00:00,72618.66,101,65338.53,91598.3
2025-01-06 00:00:00,72587.97,101,65325.25,91695.72
2025-01-06 01:00:00,72960.72,84,65328.9,91449.0
2025-01-06 02:00:00,72907.52,89,65329.64,91512.17
2025-01-06 03:00:00,73021.77,110,65334.22,91797.8
2025-01-06 04:00:00,73085.19,111,65332.71,91732.69
2025-01-06 05:00:00,73068.18,120,65299.92,91644.13
2025-01-06 06:00:00,72902.85,126,65328.16,91581.98
2025-01-06 07:00:00,73095.02,127,65291.62,91718.99
2025-01-06 08:00:00,72911.97,136,65301.6,91793.17
2025-01-06 09:00:00,72717.67,143,65318.65,92026.52
2025-01-06 10:00:00,72642.24,141,65344.18,91988.52
2025-01-06 11:00:00,72569.43,139,65321.54,92107.94
2025-01-06 12:00:00,72866.24,135,65321.4,92203.69
2025-01-06 13:00:00,72917.49,136,65297.32,91940.99
2025-01-06 14:00:00,72755.01,121,65316.95,91767.71
2025-01-06 15:00:00,72999.41,127,65267.1,91620.27
2025-01-06 16:00:00,73062.17,121,65285.64,91758.04
2025-01-06 17:00:00,72935.65,118,65308.94,91879.12
2025-01-06 18:00:00,72906.24,117,65345.34,91884.49
2025-01-06 19:00:00,72922.74,114,65353.72,91786.61
2025-01-06 20:00:00,72992.36,124,65357.66,91640.04
2025-01-06 21:00:00,73042.98,104,65296.97,91509.47
2025-01-06 22:00:00,72726.43,110,65300.61,91475.48
2025-01-06 23:00:00,72786.58,98,65310.38,91406.28
2025-01-07 00:00:00,73102.88,100,65332.92,91224.55
2025-01-07 01:00:00,72986.06,100,65321.56,91250.68
2025-01-07 02:00:00,73102.82,102,65318.53,90894.67
2025-01-07 03:00:00,72856.5,117,65329.44,90912.08
2025-01-07 04:00:00,72720.59,116,65369.01,90636.25
2025-01-07 05:00:00,72843.39,124,65390.13,90564.79
2025-01-07 06:00:00,73066.48,136,65462.91,90516.94
2025-01-07 07:00:00,73101.52,137,65433.66,90752.87
2025-01-07 08:00:00,73271.77,136,65461.77,90722.52
2025-01-07 09:00:00,73358.51,146,65412.32,90943.38
2025-01-07 10:00:00,73556.84,143,65398.62,90771.13
2025-01-07 11:00:00,73470.64,148,65434.01,90949.13
2025-01-07 12:00:00,73380.75,150,65489.11,90868.23
2025-01-07 13:00:00,73533.32,155,65541.87,90871.67
2025-01-07 14:00:00,73001.59,143,65570.24,90959.51
2025-01-07 15:00:00,72822.22,141,65592.83,91070.6
2025-01-07 16:00:00,72869.03,140,65598.34,91006.03
2025-01-07 17:00:00,73166.82,137,65585.56,91155.48
2025-01-07 18:00:00,73091.07,131,65610.78,91390.41
2025-01-07 19:00:00,73119.5,127,65594.51,91432.33
2025-01-07 20:00:00,73063.35,122,65583.14,91496.48
2025-01-07 21:00:00,72854.12,124,65628.4,91535.68
2025-01-07 22:00:00,72874.76,122,65630.12,91605.73
2025-01-07 23:00:00,73078.0,118,65641.42,91760.38
2025-01-08 00:00:00,72787.53,108,65627.28,91817.65
2025-01-08 01:00:00,72957.24,112,65626.4,91995.19
2025-01-08 02:00:00,73328.28,131,65627.01,91876.19
2025-01-08 03:00:00,73086.61,129,65644.95,91976.61
2025-01-08 04:00:00,73033.24,144,65680.45,91980.47
2025-01-08 05:00:00,73009.25,157,65661.02,92176.26
2025-01-08 06:00:00,73290.76,156,65662.89,92107.24
2025-01-08 07:00:00,73256.39,157,65659.84,92322.5
2025-01-08 08:00:00,73305.03,167,65659.66,92263.23
2025-01-08 09:00:00,73140.36,161,65663.17,92559.29
2025-01-08 10:00:00,72760.99,164,65665.07,92665.2
2025-01-08 11:00:00,72629.15,168,65617.66,92481.74
2025-01-08 12:00:00,72533.17,167,65584.75,92780.78
2025-01-08 13:00:00,72727.75,167,65635.57,92773.56
2025-01-08 14:00:00,72538.18,168,65662.89,92879.92
2025-01-08 15:00:00,72761.18,155,65631.01,92705.43
2025-01-08 16:00:00,72667.48,150,65645.0,92825.33
2025-01-08 17:00:00,72427.23,158,65623.8,92677.72
2025-01-08 18:00:00,72310.19,141,65610.56,92779.03
2025-01-08 19:00:00,72339.47,129,65621.59,93154.13
2025-01-08 20:00:00,72375.01,127,65598.74,93321.22
2025-01-08 21:00:00,72491.78,123,65615.46,93580.54
2025-01-08 22:00:00,72446.03,126,65635.27,93737.59
2025-01-08 23:00:00,72419.96,127,65665.65,93618.61
2025-01-09 00:00:00,72372.48,135,65678.69,93641.46
2025-01-09 01:00:00,72082.08,123,65698.49,93686.63
2025-01-09 02:00:00,71944.82,130,65705.54,93765.77
2025-01-09 03:00:00,72111.11,138,65710.13,93702.34
2025-01-09 04:00:00,72171.69,132,65665.6,94119.79
2025-01-09 05:00:00,72340.74,131,65625.44,94264.22
2025-01-09 06:00:00,72369.8,139,65633.21,94451.4
2025-01-09 07:00:00,72400.32,145,65649.03,94436.28
2025-01-09 08:00:00,72231.84,155,65631.21,94430.0
2025-01-09 09:00:00,72133.37,150,65583.92,94451.19
2025-01-09 10:00:00,71934.93,154,65595.68,94372.81
2025-01-09 11:00:00,72319.39,152,65607.69,94425.73
2025-01-09 12:00:00,72357.99,167,65642.56,94180.65
2025-01-09 13:00:00,72767.92,149,65643.86,94060.8
2025-01-09 14:00:00,72776.27,152,65669.69,93964.87
2025-01-09 15:00:00,72739.45,161,65680.45,93904.59
2025-01-09 16:00:00,72547.0,155,65671.5,93913.36
2025-01-09 17:00:00,72473.22,136,65668.1,93767.51
2025-01-09 18:00:00,72612.41,143,65676.02,93893.36
2025-01-09 19:00:00,72381.06,125,65703.79,93760.04
2025-01-09 20:00:00,72367.5,120,65663.89,93704.45
2025-01-09 21:00:00,72231.68,130,65634.87,93615.77
2025-01-09 22:00:00,72028.42,103,65669.06,93770.05
2025-01-09 23:00:00,71907.2,115,65659.62,93747.6
2025-01-10 00:00:00,71754.63,114,65685.74,93926.38
2025-01-10 01:00:00,71834.38,115,65749.69,93780.91
2025-01-10 02:00:00,71729.21,118,65733.29,93760.24
2025-01-10 03:00:00,72231.23,119,65743.25,93695.23
2025-01-10 04:00:00,72259.4,118,65703.74,93589.42
2025-01-10 05:00:00,71951.66,128,65667.07,93518.32
2025-01-10 06:00:00,72202.43,136,65676.89,93743.68
2025-01-10 07:00:00,72349.92,137,65620.22,93413.78
2025-01-10 08:00:00,72505.66,153,65627.13,93450.82
2025-01-10 09:00:00,72354.2,158,65595.82,93366.5
2025-01-10 10:00:00,72218.57,155,65586.82,93321.83
2025-01-10 11:00:00,72042.29,153,65585.23,93268.34
2025-01-10 12:00:00,72405.99,141,65542.78,93170.89
2025-01-10 13:00:00,72590.75,136,65580.12,93243.71
2025-01-10 14:00:00,72575.0,136,65560.04,93314.21
2025-01-10 15:00:00,72615.59,124,65557.13,93117.4
2025-01-10 16:00:00,72669.09,116,65551.42,92981.75
2025-01-10 17:00:00,72474.72,122,65570.24,93187.19
2025-01-10 18:00:00,72182.18,113,65605.57,93533.07
2025-01-10 19:00:00,72361.93,115,65588.04,93346.67
2025-01-10 20:00:00,72405.76,106,65547.31,93370.15
2025-01-10 21:00:00,72587.77,101,65554.97,93366.96
2025-01-10 22:00:00,72528.77,105,65595.22,93307.81
2025-01-10 23:00:00,72462.75,97,65531.05,93030.12
2025-01-11 00:00:00,72528.6,88,65501.75,92871.57
2025-01-11 01:00:00,72532.53,88,65491.2,93047.42
2025-01-11 02:00:00,72585.05,103,65511.34,92912.28
2025-01-11 03:00:00,72634.27,112,65484.55,93109.6
2025-01-11 04:00:00,72280.77,99,65546.93,92980.13
2025-01-11 05:00:00,72531.89,118,65541.96,92925.79
2025-01-11 06:00:00,72531.27,133,65564.88,92966.82
2025-01-11 07:00:00,72567.18,135,65531.48,92902.49
2025-01-11 08:00:00,72631.44,142,65502.3,92924.85
2025-01-11 09:00:00,72929.17,136,65496.41,92942.8
2025-01-11 10:00:00,73267.52,137,65542.66,92751.97
2025-01-11 11:00:00,73426.42,134,65533.66,92764.07
2025-01-11 12:00:00,73336.42,137,65521.6,92538.96
2025-01-11 13:00:00,73342.9,151,65532.27,92287.13
2025-01-11 14:00:00,73105.11,138,65552.66,92378.61
2025-01-11 15:00:00,72666.49,153,65565.98,92555.03
2025-01-11 16:00:00,72659.62,136,65559.09,92595.37
2025-01-11 17:00:00,72305.41,110,65571.42,92431.97
2025-01-11 18:00:00,72258.17,102,65569.68,92278.58
2025-01-11 19:00:00,72364.64,108,65631.29,92491.89
2025-01-11 20:00:00,72480.29,95,65622.5,92445.69
2025-01-11 21:00:00,72768.99,106,65671.49,92309.84
2025-01-11 22:00:00,72793.47,96,65685.53,91983.62
2025-01-11 23:00:00,72882.22,99,65674.72,92058.96
2025-01-12 00:00:00,72647.62,106,65653.03,92032.36
2025-01-12 01:00:00,72697.46,93,65710.64,91988.43
2025-01-12 02:00:00,72695.2,106,65764.78,91861.39
2025-01-12 03:00:00,72911.54,103,65778.76,91968.19
2025-01-12 04:00:00,72939.42,104,65745.12,92084.92
2025-01-12 05:00:00,72969.95,112,65719.29,92099.39
2025-01-12 06:00:00,72622.79,114,65731.62,92050.39
2025-01-12 07:00:00,72769.1,120,65744.48,92149.53
2025-01-12 08:00:00,72908.7,124,65750.69,91942.41
2025-01-12 09:00:00,73026.17,127,65776.98,91957.35
2025-01-12 10:00:00,73092.52,132,65824.19,92008.72
2025-01-12 11:00:00,73052.99,130,65836.4,92028.97
2025-01-12 12:00:00,72968.93,133,65790.92,92012.15
2025-01-12 13:00:00,72906.34,140,65820.82,91801.02
2025-01-12 14:00:00,73143.29,135,65814.64,91735.82
2025-01-12 15:00:00,73430.07,145,65800.08,91870.06
2025-01-12 16:00:00,72690.39,141,65777.41,91959.16
2025-01-12 17:00:00,72877.34,131,65824.28,92007.29
2025-01-12 18:00:00,72722.92,122,65810.15,92062.04
2025-01-12 19:00:00,73000.35,116,65814.28,92393.1
2025-01-12 20:00:00,73379.47,108,65839.49,92130.52
2025-01-12 21:00:00,73450.59,102,65886.58,92067.28
2025-01-12 22:00:00,73607.36,103,65929.55,92142.01
2025-01-12 23:00:00,73601.4,94,65937.31,92069.18
2025-01-13 00:00:00,73671.92,99,65941.33,91945.29
2025-01-13 01:00:00,73803.44,101,65934.18,92184.15
2025-01-13 02:00:00,73415.24,104,65993.67,92293.4
2025-01-13 03:00:00,73468.46,111,65977.83,92264.87
2025-01-13 04:00:00,73365.92,113,66014.73,92256.7
2025-01-13 05:00:00,73254.17,121,65955.43,92264.16
2025-01-13 06:00:00,73319.13,124,65945.63,92281.55
2025-01-13 07:00:00,73167.08,131,65927.42,92288.37
2025-01-13 08:00:00,73162.35,139,65939.38,92227.82
2025-01-13 09:00:00,73017.04,142,65911.21,92090.24
2025-01-13 10:00:00,73105.49,147,65941.94,92024.03
2025-01-13 11:00:00,72921.94,145,65945.95,92043.3
2025-01-13 12:00:00,73177.03,138,65923.88,91878.07
2025-01-13 13:00:00,73209.52,138,65932.81,91931.39
2025-01-13 14:00:00,72838.2,133,65900.5,91976.17
2025-01-13 15:00:00,72863.11,134,65896.14,91988.11
2025-01-13 16:00:00,72869.46,134,65869.54,92194.43
2025-01-13 17:00:00,73017.51,135,65877.25,92032.55
2025-01-13 18:00:00,73153.21,132,65885.0,92035.08
2025-01-13 19:00:00,73193.39,116,65904.75,92011.36
2025-01-13 20:00:00,73269.74,105,65906.48,92045.42
2025-01-13 21:00:00,73258.17,114,65905.45,91991.08
2025-01-13 22:00:00,73697.71,110,65915.68,91902.11
2025-01-13 23:00:00,73808.4,103,65915.98,92046.12
2025-01-14 00:00:00,73967.78,108,65930.89,92127.57
2025-01-14 01:00:00,73778.12,109,65919.59,92477.57
2025-01-14 02:00:00,73736.42,106,65952.81,92455.59
2025-01-14 03:00:00,73655.38,129,65970.1,92277.97
2025-01-14 04:00:00,73455.04,135,65975.91,92240.62
2025-01-14 05:00:00,73278.34,135,66019.56,92249.47
2025-01-14 06:00:00,73229.57,130,66030.39,92206.08
2025-01-14 07:00:00,73567.14,139,66087.13,92022.58
2025-01-14 08:00:00,73569.53,145,66131.18,91959.28
2025-01-14 09:00:00,73655.55,150,66091.05,92032.3
2025-01-14 10:00:00,73912.49,147,66084.81,92162.13
2025-01-14 11:00:00,73837.58,151,66112.51,92312.19
2025-01-14 12:00:00,74163.82,156,66089.63,92364.86
2025-01-14 13:00:00,74153.52,158,66089.66,92483.44
2025-01-14 14:00:00,74136.63,146,66074.5,92675.66
2025-01-14 15:00:00,73956.51,137,66065.79,92658.39
2025-01-14 16:00:00,73952.95,144,66093.89,92824.76
2025-01-14 17:00:00,73887.7,137,66106.22,92828.19
2025-01-14 18:00:00,73725.54,123,66128.56,92913.54
2025-01-14 19:00:00,73251.78,131,66104.08,92982.96
2025-01-14 20:00:00,73155.03,140,66095.53,92937.26
2025-01-14 21:00:00,72854.93,119,66069.54,92916.58
2025-01-14 22:00:00,72636.76,115,66109.98,93108.95
2025-01-14 23:00:00,72520.27,111,66078.84,92982.2
2025-01-15 00:00:00,72677.08,109,66086.66,93057.45
2025-01-15 01:00:00,72612.24,120,66094.07,92869.37
2025-01-15 02:00:00,72768.78,128,66110.96,93047.69
2025-01-15 03:00:00,72998.8,137,66087.11,92880.41
2025-01-15 04:00:00,72971.31,133,66056.41,92693.11
2025-01-15 05:00:00,73458.29,139,66061.81,92810.68
2025-01-15 06:00:00,73197.33,145,66068.3,92577.66
2025-01-15 07:00:00,73352.09,151,66096.34,92639.78
2025-01-15 08:00:00,73301.09,155,66094.33,92712.12
2025-01-15 09:00:00,72908.18,173,66079.79,92848.37
2025-01-15 10:00:00,72837.29,166,66072.15,92856.31
2025-01-15 11:00:00,72759.84,162,66067.2,92839.39
2025-01-15 12:00:00,72676.09,154,65991.91,92821.28
2025-01-15 13:00:00,72576.88,163,66012.14,92797.49
2025-01-15 14:00:00,72517.74,149,65999.25,92716.89
2025-01-15 15:00:00,72431.57,143,66025.96,92621.25
2025-01-15 16:00:00,72428.32,145,66026.85,92696.94
2025-01-15 17:00:00,72783.75,153,66032.63,92669.63
2025-01-15 18:00:00,72891.47,149,66036.89,92799.43
2025-01-15 19:00:00,72672.15,143,66028.88,92880.39
2025-01-15 20:00:00,72636.77,142,66063.39,92744.8
2025-01-15 21:00:00,72421.48,133,66012.18,93151.24
2025-01-15 22:00:00,72597.35,126,66022.07,93166.03
2025-01-15 23:00:00,72520.63,126,66009.24,92833.44
2025-01-16 00:00:00,72611.89,115,66019.01,93077.73
2025-01-16 01:00:00,72619.96,116,66019.62,93165.82
2025-01-16 02:00:00,72519.47,122,66022.62,93105.06
2025-01-16 03:00:00,72415.93,140,66010.81,93215.74
2025-01-16 04:00:00,72338.5,148,65979.86,93196.75
2025-01-16 05:00:00,72422.19,138,65961.52,93438.42
2025-01-16 06:00:00,72276.3,143,65940.58,93375.26
2025-01-16 07:00:00,72097.28,153,65971.39,93590.18
2025-01-16 08:00:00,72317.94,152,65969.38,93600.2
2025-01-16 09:00:00,72342.01,170,65980.93,93763.64
2025-01-16 10:00:00,72537.56,172,65934.24,93884.95
2025-01-16 11:00:00,72560.18,165,65889.71,93943.9
2025-01-16 12:00:00,72349.99,165,65871.3,94089.03
2025-01-16 13:00:00,72704.55,163,65841.07,94143.78
2025-01-16 14:00:00,72916.59,154,65839.43,94232.92
2025-01-16 15:00:00,72886.84,145,65902.57,94114.16
2025-01-16 16:00:00,72854.46,146,65876.46,93844.73
2025-01-16 17:00:00,72788.64,140,65931.36,93785.07
2025-01-16 18:00:00,72620.03,136,65984.61,94007.46
2025-01-16 19:00:00,72301.27,125,65951.59,94134.07
2025-01-16 20:00:00,72200.8,119,65953.82,93611.37
2025-01-16 21:00:00,72390.11,122,65971.9,93675.34
2025-01-16 22:00:00,72324.13,114,65968.46,93876.16
2025-01-16 23:00:00,72361.7,107,65977.9,94074.99
2025-01-17 00:00:00,72432.16,110,66037.8,94178.76
2025-01-17 01:00:00,72719.65,109,66071.75,94338.6
2025-01-17 02:00:00,72719.29,123,66050.78,94277.76
2025-01-17 03:00:00,72608.26,128,66061.26,94176.59
2025-01-17 04:00:00,72356.73,138,66040.06,94271.66
2025-01-17 05:00:00,72600.64,145,66031.69,94210.66
2025-01-17 06:00:00,72279.47,146,66000.92,94110.37
2025-01-17 07:00:00,72256.1,152,65980.0,93993.66
2025-01-17 08:00:00,72579.0,157,66015.19,94376.96
2025-01-17 09:00:00,72926.59,160,65930.09,94370.13
2025-01-17 10:00:00,72722.84,178,65979.37,94351.83
2025-01-17 11:00:00,72757.6,166,66024.95,94148.34
2025-01-17 12:00:00,72833.0,167,66025.65,94392.48
2025-01-17 13:00:00,72781.36,158,66027.6,94429.52
2025-01-17 14:00:00,72900.62,162,66030.16,94329.09
2025-01-17 15:00:00,72748.76,140,66044.33,94261.86
2025-01-17 16:00:00,72872.95,143,66074.4,94126.47
2025-01-17 17:00:00,73063.87,131,66084.99,94027.68
2025-01-17 18:00:00,73051.68,133,66053.52,94017.11
2025-01-17 19:00:00,73072.56,118,66047.16,94041.73
2025-01-17 20:00:00,72982.93,107,66087.67,93925.44
2025-01-17 21:00:00,72689.59,104,66122.32,93948.31
2025-01-17 22:00:00,72472.53,104,66095.58,94079.43
2025-01-17 23:00:00,72597.49,96,66132.29,94004.76
2025-01-18 00:00:00,72480.07,90,66143.13,94127.92
2025-01-18 01:00:00,72247.26,110,66129.74,94319.12
2025-01-18 02:00:00,72264.8,113,66125.28,94222.81
2025-01-18 03:00:00,72115.48,117,66149.34,94037.51
2025-01-18 04:00:00,72154.81,109,66146.14,94026.59
2025-01-18 05:00:00,72391.71,111,66172.11,94165.31
2025-01-18 06:00:00,72561.13,127,66199.21,94160.17
2025-01-18 07:00:00,72289.96,126,66183.46,93936.12
2025-01-18 08:00:00,72793.42,156,66154.45,93935.37
2025-01-18 09:00:00,72634.18,146,66178.99,94196.9
2025-01-18 10:00:00,72573.99,139,66141.71,94365.99
2025-01-18 11:00:00,72587.7,144,66150.63,94418.64
2025-01-18 12:00:00,72748.17,147,66155.68,94287.21
2025-01-18 13:00:00,72569.1,135,66144.36,94263.36
2025-01-18 14:00:00,72365.44,132,66155.08,94352.43
2025-01-18 15:00:00,72411.65,146,66124.02,94309.23
2025-01-18 16:00:00,72525.03,146,66108.9,94457.57
2025-01-18 17:00:00,72661.02,132,66066.7,94364.13
2025-01-18 18:00:00,72257.24,130,66088.93,93972.92
2025-01-18 19:00:00,72341.28,119,66054.91,93906.88
2025-01-18 20:00:00,72242.71,105,66105.72,93934.8
2025-01-18 21:00:00,72426.38,99,66097.22,93985.91
2025-01-18 22:00:00,72420.29,98,66133.32,93589.78
2025-01-18 23:00:00,72426.27,93,66109.26,93482.62
2025-01-19 00:00:00,72385.17,84,66131.86,93495.25
2025-01-19 01:00:00,72591.63,94,66108.35,93378.53
2025-01-19 02:00:00,73288.51,105,66071.57,93340.58
2025-01-19 03:00:00,73339.56,108,66125.69,93177.6
2025-01-19 04:00:00,73178.96,107,66137.85,93104.98
2025-01-19 05:00:00,73422.01,116,66106.15,93102.18
2025-01-19 06:00:00,73395.86,127,66078.95,93037.91
2025-01-19 07:00:00,73631.18,128,66060.66,93041.5
2025-01-19 08:00:00,73643.03,140,66109.38,93111.75
2025-01-19 09:00:00,73477.09,129,66092.59,93253.4
2025-01-19 10:00:00,73649.46,132,66079.84,93295.23
2025-01-19 11:00:00,73477.83,129,66096.06,93001.59
2025-01-19 12:00:00,73519.45,132,66089.46,92911.69
2025-01-19 13:00:00,73464.35,130,66093.0,93155.22
2025-01-19 14:00:00,73428.59,134,66115.15,93042.8
2025-01-19 15:00:00,73635.54,119,66106.64,93309.82
2025-01-19 16:00:00,73502.38,112,66113.53,93131.62
2025-01-19 17:00:00,73999.57,113,66132.97,93078.88
2025-01-19 18:00:00,73763.84,106,66167.08,92874.57
2025-01-19 19:00:00,73792.23,104,66176.83,92807.05
2025-01-19 20:00:00,73566.15,94,66183.17,92695.34
2025-01-19 21:00:00,73328.32,103,66135.81,92450.3
2025-01-19 22:00:00,73303.45,87,66127.74,92372.09
2025-01-19 23:00:00,73446.01,97,66145.03,92423.48
2025-01-20 00:00:00,73284.85,87,66180.42,92365.18
2025-01-20 01:00:00,73143.85,94,66199.67,92324.39
2025-01-20 02:00:00,73226.39,104,66194.99,92172.81
2025-01-20 03:00:00,73023.76,101,66224.23,92139.62
2025-01-20 04:00:00,73066.67,108,66184.37,92164.49
2025-01-20 05:00:00,72917.83,93,66183.02,92289.24
2025-01-20 06:00:00,72421.35,117,66238.02,92034.29
2025-01-20 07:00:00,72738.04,132,66210.14,92114.94
2025-01-20 08:00:00,72684.95,126,66201.07,92362.52
2025-01-20 09:00:00,72390.55,147,66187.11,92397.02
2025-01-20 10:00:00,72093.33,147,66223.7,92307.93
2025-01-20 11:00:00,72058.32,153,66241.01,92415.52
2025-01-20 12:00:00,72218.13,157,66225.09,92405.64
2025-01-20 13:00:00,72201.06,149,66294.78,92393.26
2025-01-20 14:00:00,72155.04,134,66273.88,92055.41
2025-01-20 15:00:00,72291.71,125,66278.22,92177.11
2025-01-20 16:00:00,72247.87,137,66250.36,92278.51
2025-01-20 17:00:00,72259.07,130,66239.36,92230.1
2025-01-20 18:00:00,72430.05,139,66283.86,92159.54
2025-01-20 19:00:00,72284.02,112,66258.73,92048.36
2025-01-20 20:00:00,72786.78,101,66283.84,91996.06
2025-01-20 21:00:00,72491.03,113,66239.54,92117.84
2025-01-20 22:00:00,72617.83,105,66242.65,92062.79
2025-01-20 23:00:00,72374.67,100,66246.03,92141.79
2025-01-21 00:00:00,72585.08,101,66231.83,92257.94
2025-01-21 01:00:00,72215.21,108,66205.49,92324.99
2025-01-21 02:00:00,72236.83,111,66147.33,92347.06
2025-01-21 03:00:00,72170.34,117,66174.86,92412.98
2025-01-21 04:00:00,72199.11,114,66167.63,92487.51
2025-01-21 05:00:00,72333.08,121,66136.05,92381.97
2025-01-21 06:00:00,72358.17,118,66154.92,92245.29
2025-01-21 07:00:00,72428.85,136,66192.36,92281.05
2025-01-21 08:00:00,72576.07,135,66228.9,92189.19
2025-01-21 09:00:00,72483.12,140,66242.61,91975.56
2025-01-21 10:00:00,72658.18,137,66262.5,92086.06
2025-01-21 11:00:00,72464.16,156,66218.5,92057.45
2025-01-21 12:00:00,72219.05,154,66244.53,92007.69
2025-01-21 13:00:00,72178.08,148,66290.03,92011.65
2025-01-21 14:00:00,72339.13,153,66294.33,92073.7
2025-01-21 15:00:00,72078.08,160,66274.31,92114.18
2025-01-21 16:00:00,72020.29,153,66286.76,92048.88
2025-01-21 17:00:00,72266.53,138,66264.52,91855.52
2025-01-21 18:00:00,72650.68,137,66284.32,91905.06
2025-01-21 19:00:00,72483.71,141,66252.81,92072.78
2025-01-21 20:00:00,72711.65,127,66272.79,91893.0
2025-01-21 21:00:00,72518.97,119,66232.83,92019.59
2025-01-21 22:00:00,72520.52,109,66221.77,92029.91
2025-01-21 23:00:00,72341.73,114,66202.43,92461.09
2025-01-22 00:00:00,72297.15,115,66189.77,92378.55
2025-01-22 01:00:00,72395.86,117,66160.16,92413.04
2025-01-22 02:00:00,72296.42,115,66141.21,92316.76
2025-01-22 03:00:00,72081.82,134,66168.52,92306.35
2025-01-22 04:00:00,71918.81,149,66190.64,92325.34
2025-01-22 05:00:00,71732.93,144,66169.19,92355.45
2025-01-22 06:00:00,71601.69,153,66184.71,92461.63
2025-01-22 07:00:00,71743.75,150,66203.92,92434.68
2025-01-22 08:00:00,72022.93,151,66202.11,92543.09
2025-01-22 09:00:00,72165.82,158,66189.17,92764.08
2025-01-22 10:00:00,72322.26,156,66255.74,92698.17
2025-01-22 11:00:00,72304.56,158,66262.04,92820.25
2025-01-22 12:00:00,72139.48,158,66241.02,92790.08
2025-01-22 13:00:00,72550.06,151,66227.93,92818.67
2025-01-22 14:00:00,72955.4,158,66208.29,92866.03
2025-01-22 15:00:00,72995.7,159,66184.24,93039.32
2025-01-22 16:00:00,72890.49,150,66213.01,93169.12
2025-01-22 17:00:00,72862.47,145,66194.88,93416.74
2025-01-22 18:00:00,72856.0,130,66236.92,93198.76
2025-01-22 19:00:00,72750.37,121,66222.21,93064.76
2025-01-22 20:00:00,72695.4,116,66195.45,93281.81
2025-01-22 21:00:00,72640.3,125,66198.14,93685.34
2025-01-22 22:00:00,72724.93,116,66242.14,93695.34
2025-01-22 23:00:00,73106.19,111,66243.93,93589.88
2025-01-23 00:00:00,72880.95,106,66250.78,93814.23
2025-01-23 01:00:00,72911.09,114,66260.97,93684.51
2025-01-23 02:00:00,72768.83,128,66267.4,93705.42
2025-01-23 03:00:00,73049.9,125,66313.99,93656.24
2025-01-23 04:00:00,73272.07,130,66327.72,93918.8
2025-01-23 05:00:00,73107.42,128,66382.92,93945.46
2025-01-23 06:00:00,73192.61,140,66393.14,94009.49
2025-01-23 07:00:00,73295.66,141,66368.5,94448.98
2025-01-23 08:00:00,72874.33,162,66399.93,94211.08
2025-01-23 09:00:00,72930.85,166,66329.73,93962.24
2025-01-23 10:00:00,72878.3,175,66333.93,94310.99
2025-01-23 11:00:00,72825.56,173,66365.03,94443.58
2025-01-23 12:00:00,72621.41,170,66359.55,94657.97
2025-01-23 13:00:00,72847.78,159,66371.56,94546.98
2025-01-23 14:00:00,72670.8,156,66389.72,94611.05
2025-01-23 15:00:00,72505.94,153,66381.41,94726.07
2025-01-23 16:00:00,72676.06,149,66369.5,94596.26
2025-01-23 17:00:00,72624.17,144,66367.36,94586.36
2025-01-23 18:00:00,72613.54,135,66351.43,94538.76
2025-01-23 19:00:00,72906.98,129,66358.94,94597.19
2025-01-23 20:00:00,73143.18,124,66368.44,94637.4
2025-01-23 21:00:00,72955.27,105,66359.98,94619.3
2025-01-23 22:00:00,72754.97,98,66340.36,94660.94
2025-01-23 23:00:00,72362.76,110,66386.05,94640.76
2025-01-24 00:00:00,72508.1,115,66400.36,94756.15
2025-01-24 01:00:00,72527.1,115,66389.82,94595.53
2025-01-24 02:00:00,72786.27,104,66439.05,94632.64
2025-01-24 03:00:00,72631.59,99,66475.47,94424.83
2025-01-24 04:00:00,72678.89,121,66478.75,94400.39
2025-01-24 05:00:00,72491.44,127,66510.77,94385.47
2025-01-24 06:00:00,72437.87,134,66543.82,94306.84
2025-01-24 07:00:00,72780.42,139,66574.77,94635.94
2025-01-24 08:00:00,72909.6,161,66610.88,94573.87
2025-01-24 09:00:00,73254.14,154,66569.21,94317.17
2025-01-24 10:00:00,72863.0,160,66574.54,94419.84
2025-01-24 11:00:00,72878.45,159,66539.88,94030.92
2025-01-24 12:00:00,73018.77,151,66530.87,94106.39
2025-01-24 13:00:00,72863.19,148,66606.42,94062.48
2025-01-24 14:00:00,72948.42,147,66574.53,94001.75
2025-01-24 15:00:00,72947.95,136,66593.91,93837.4
2025-01-24 16:00:00,72530.25,127,66592.37,93717.95
2025-01-24 17:00:00,72537.38,126,66612.78,93893.13
2025-01-24 18:00:00,72495.03,104,66608.03,94014.18
2025-01-24 19:00:00,72651.43,95,66606.43,94180.17
2025-01-24 20:00:00,72684.72,88,66650.28,94015.02
2025-01-24 21:00:00,72390.9,101,66618.19,94216.29
2025-01-24 22:00:00,72184.66,109,66656.16,94202.45
2025-01-24 23:00:00,72425.94,115,66641.52,94335.32
2025-01-25 00:00:00,72596.0,116,66625.89,94541.8
2025-01-25 01:00:00,72655.71,131,66634.14,94513.07
2025-01-25 02:00:00,72774.12,132,66641.12,94555.9
2025-01-25 03:00:00,72720.58,120,66640.1,94594.12
2025-01-25 04:00:00,72643.6,116,66647.27,94605.57
2025-01-25 05:00:00,72682.2,134,66682.8,94438.7
2025-01-25 06:00:00,73078.29,132,66687.88,94428.34
2025-01-25 07:00:00,72912.86,132,66734.03,94347.01
2025-01-25 08:00:00,73016.57,141,66729.07,94617.56
2025-01-25 09:00:00,72897.28,142,66755.78,94564.52
2025-01-25 10:00:00,73127.15,139,66772.2,94622.4
2025-01-25 11:00:00,73094.44,132,66762.07,94462.68
2025-01-25 12:00:00,72774.5,152,66823.11,94473.69
2025-01-25 13:00:00,72772.86,154,66803.0,94249.76
2025-01-25 14:00:00,72955.01,142,66811.32,94291.8
2025-01-25 15:00:00,72642.18,128,66848.28,94269.54
2025-01-25 16:00:00,72420.03,125,66901.7,94487.83
2025-01-25 17:00:00,72742.92,118,66896.63,94082.07
2025-01-25 18:00:00,72785.33,117,66909.57,94128.5
2025-01-25 19:00:00,72839.14,112,66876.84,94146.24
2025-01-25 20:00:00,72727.21,94,66838.08,93946.0
2025-01-25 21:00:00,72881.07,104,66855.29,93883.32
2025-01-25 22:00:00,72310.27,97,66837.4,93940.23
2025-01-25 23:00:00,72489.7,93,66857.15,93888.12
2025-01-26 00:00:00,72687.77,92,66857.08,94045.72
2025-01-26 01:00:00,72617.1,88,66921.01,94176.94
2025-01-26 02:00:00,72553.11,90,66965.51,93930.86
2025-01-26 03:00:00,72552.14,109,66983.55,94158.46
2025-01-26 04:00:00,72449.62,122,66938.75,94192.54
2025-01-26 05:00:00,72621.02,127,66954.3,94013.96
2025-01-26 06:00:00,72474.93,132,66943.77,93939.16
2025-01-26 07:00:00,72171.09,138,66896.35,94023.45
2025-01-26 08:00:00,72196.4,132,66934.81,94176.82
2025-01-26 09:00:00,72355.51,134,66927.17,94136.87
2025-01-26 10:00:00,72366.8,145,66918.47,94183.48
2025-01-26 11:00:00,72481.13,137,66933.66,94236.71
2025-01-26 12:00:00,72591.9,140,66905.77,94108.95
2025-01-26 13:00:00,72611.87,136,66931.77,94128.83
2025-01-26 14:00:00,72539.55,137,66902.43,94008.76
2025-01-26 15:00:00,72450.78,130,66924.32,93983.5
2025-01-26 16:00:00,72704.13,127,66895.12,94209.86
2025-01-26 17:00:00,72590.98,116,66915.12,93994.59
2025-01-26 18:00:00,72552.81,106,66946.42,93923.3
2025-01-26 19:00:00,72666.12,96,66961.2,93808.25
2025-01-26 20:00:00,72652.11,94,66981.4,93705.41
2025-01-26 21:00:00,72805.94,86,66994.4,93671.09
2025-01-26 22:00:00,72811.09,89,67016.16,93766.99
2025-01-26 23:00:00,72918.21,95,67034.17,93896.64
2025-01-27 00:00:00,73095.58,99,67058.0,93696.63
2025-01-27 01:00:00,73197.42,98,67129.9,94027.8
2025-01-27 02:00:00,73154.45,90,67106.7,93697.73
2025-01-27 03:00:00,73285.82,100,67120.81,93878.13
2025-01-27 04:00:00,73242.64,114,67150.92,93911.6
2025-01-27 05:00:00,72914.34,120,67179.39,93837.68
2025-01-27 06:00:00,72707.68,110,67164.42,93608.48
2025-01-27 07:00:00,72987.88,138,67146.73,93556.19
2025-01-27 08:00:00,73043.2,148,67182.75,93765.93
2025-01-27 09:00:00,73135.47,145,67176.61,93629.12
2025-01-27 10:00:00,73384.49,150,67209.22,93640.65
2025-01-27 11:00:00,73487.18,143,67197.73,93597.82
2025-01-27 12:00:00,73346.85,132,67166.6,93438.91
2025-01-27 13:00:00,73416.7,144,67138.36,93395.95
2025-01-27 14:00:00,73508.17,157,67123.67,93575.47
2025-01-27 15:00:00,73460.56,140,67087.9,93604.84
2025-01-27 16:00:00,73647.89,129,67097.11,93540.36
2025-01-27 17:00:00,73233.16,120,67100.12,93520.88
2025-01-27 18:00:00,73526.13,110,67103.46,93622.51
2025-01-27 19:00:00,73373.07,117,67075.81,93592.16
2025-01-27 20:00:00,72970.42,121,67038.02,93654.11
2025-01-27 21:00:00,73093.63,122,67066.14,93724.12
2025-01-27 22:00:00,72929.3,111,67087.94,93814.93
2025-01-27 23:00:00,73083.76,105,67042.92,94016.67
2025-01-28 00:00:00,73165.01,102,67028.66,93874.27
2025-01-28 01:00:00,73150.71,106,67023.72,93838.91
2025-01-28 02:00:00,73080.85,117,67032.58,94006.49
2025-01-28 03:00:00,73365.1,120,67039.37,94045.22
2025-01-28 04:00:00,73277.45,136,67027.28,93951.68
2025-01-28 05:00:00,73193.83,149,67017.84,93911.78
2025-01-28 06:00:00,73317.31,147,66991.35,93889.26
2025-01-28 07:00:00,73301.76,160,66956.08,93870.69
2025-01-28 08:00:00,73368.05,147,67012.61,93846.74
2025-01-28 09:00:00,73248.16,139,67073.94,93758.23
2025-01-28 10:00:00,73613.55,161,67059.86,93654.06
2025-01-28 11:00:00,73498.67,173,67042.31,93684.66
2025-01-28 12:00:00,73504.03,169,67026.26,94052.46
2025-01-28 13:00:00,73498.34,158,66981.16,94057.06
2025-01-28 14:00:00,73186.99,146,66989.81,94081.04
2025-01-28 15:00:00,73325.24,135,67009.69,94133.69
2025-01-28 16:00:00,73443.78,137,66997.93,94277.76
2025-01-28 17:00:00,73382.52,126,66996.96,94553.13
2025-01-28 18:00:00,73464.38,134,66963.63,94555.08
2025-01-28 19:00:00,73665.04,138,66953.65,94653.71
2025-01-28 20:00:00,73542.03,137,66909.31,94831.3
2025-01-28 21:00:00,73561.47,122,66939.64,94753.5
2025-01-28 22:00:00,73494.99,122,66915.97,94528.95
2025-01-28 23:00:00,73752.35,113,66922.99,94505.3
2025-01-29 00:00:00,73976.86,120,66975.19,94566.63
2025-01-29 01:00:00,73727.94,129,66989.58,94549.98
2025-01-29 02:00:00,73581.73,133,67031.16,94447.26
2025-01-29 03:00:00,73376.28,132,67041.43,94406.94
2025-01-29 04:00:00,73271.43,137,67086.9,94456.52
2025-01-29 05:00:00,73519.27,148,67044.29,94727.66
2025-01-29 06:00:00,73502.56,152,67002.79,94760.63
2025-01-29 07:00:00,73403.43,156,67031.8,94719.44
2025-01-29 08:00:00,73263.43,153,67050.82,94685.55
2025-01-29 09:00:00,73275.8,156,67039.0,94998.0
2025-01-29 10:00:00,73217.64,157,67029.15,94994.35
2025-01-29 11:00:00,72902.63,162,66950.07,95108.56
2025-01-29 12:00:00,72752.29,160,66976.71,95106.52
2025-01-29 13:00:00,72676.56,158,66996.22,95257.45
2025-01-29 14:00:00,72614.09,148,67014.06,95322.32
2025-01-29 15:00:00,72436.65,149,67028.75,95277.65
2025-01-29 16:00:00,72735.02,155,67074.08,95444.82
2025-01-29 17:00:00,72800.18,144,67059.06,95525.56
2025-01-29 18:00:00,72882.11,139,67054.33,95356.74
2025-01-29 19:00:00,72764.64,143,67077.84,95397.25
2025-01-29 20:00:00,72534.67,126,67068.87,95428.97
2025-01-29 21:00:00,72637.19,139,67088.66,95473.34
2025-01-29 22:00:00,72568.92,132,67147.72,95334.9
2025-01-29 23:00:00,72535.34,131,67156.41,95309.19
2025-01-30 00:00:00,72748.17,117,67200.83,95254.2
2025-01-30 01:00:00,72685.24,118,67187.08,95180.09
2025-01-30 02:00:00,73002.31,125,67225.17,95278.64
2025-01-30 03:00:00,72851.28,136,67195.25,95159.61
2025-01-30 04:00:00,72853.48,135,67225.23,95389.33
2025-01-30 05:00:00,73157.05,146,67239.7,95473.68
2025-01-30 06:00:00,73273.35,148,67242.41,95586.09
2025-01-30 07:00:00,73356.14,159,67226.34,95616.39
2025-01-30 08:00:00,73075.67,156,67248.73,95448.59
2025-01-30 09:00:00,72988.94,169,67275.7,95547.0
2025-01-30 10:00:00,73161.7,165,67276.87,95516.45
2025-01-30 11:00:00,73235.91,177,67286.77,95518.85
2025-01-30 12:00:00,73301.34,171,67280.95,95576.65
2025-01-30 13:00:00,73239.36,163,67359.93,95754.27
2025-01-30 14:00:00,73349.14,173,67382.32,96050.12
2025-01-30 15:00:00,72906.8,171,67387.21,96185.52
2025-01-30 16:00:00,72928.31,156,67332.13,96295.62
2025-01-30 17:00:00,73147.11,159,67331.86,96132.6
2025-01-30 18:00:00,72900.29,154,67290.03,96025.82
2025-01-30 19:00:00,72910.16,139,67269.55,96099.09
2025-01-30 20:00:00,72563.23,136,67257.14,96291.64
2025-01-30 21:00:00,72660.66,129,67262.22,96419.91
2025-01-30 22:00:00,73011.45,126,67291.84,96571.12
2025-01-30 23:00:00,73009.11,120,67282.48,96367.27
2025-01-31 00:00:00,72959.0,112,67272.12,96413.44
2025-01-31 01:00:00,72670.89,115,67305.78,96192.97
2025-01-31 02:00:00,72652.76,109,67282.87,96270.81
2025-01-31 03:00:00,72968.2,125,67236.56,96360.43
2025-01-31 04:00:00,72545.59,128,67289.35,96379.45
2025-01-31 05:00:00,72332.7,136,67303.74,96437.47
2025-01-31 06:00:00,72202.75,137,67323.72,96531.24
2025-01-31 07:00:00,72134.7,146,67357.41,96452.1
2025-01-31 08:00:00,72200.19,154,67360.48,96518.82
2025-01-31 09:00:00,72203.05,152,67379.59,96659.45
2025-01-31 10:00:00,71981.32,157,67372.83,96900.42
2025-01-31 11:00:00,71745.66,157,67299.58,96915.68
2025-01-31 12:00:00,71598.85,154,67287.79,97143.7
2025-01-31 13:00:00,71651.26,165,67304.26,97134.14
2025-01-31 14:00:00,71606.45,159,67251.46,96928.41
2025-01-31 15:00:00,71623.13,141,67276.35,96860.64
2025-01-31 16:00:00,71645.01,136,67308.57,96737.43
2025-01-31 17:00:00,71698.31,126,67307.05,96839.42
2025-01-31 18:00:00,72185.53,123,67308.96,96865.0
2025-01-31 19:00:00,72155.41,121,67325.21,96855.44
2025-01-31 20:00:00,72368.87,112,67273.72,96777.66
2025-01-31 21:00:00,72463.76,109,67275.92,96779.58
2025-01-31 22:00:00,72351.5,99,67308.14,96799.78
2025-01-31 23:00:00,72098.42,106,67371.66,96686.4
2025-02-01 00:00:00,71862.03,113,67352.12,96555.2
2025-02-01 01:00:00,71821.84,118,67349.62,96560.6
2025-02-01 02:00:00,71986.57,113,67355.45,96492.08
2025-02-01 03:00:00,72243.56,116,67334.36,96628.94
2025-02-01 04:00:00,72114.14,121,67328.45,96578.51
2025-02-01 05:00:00,71895.86,121,67306.97,96399.88
2025-02-01 06:00:00,71906.25,136,67310.73,96540.89
2025-02-01 07:00:00,72023.48,146,67355.24,96510.6
2025-02-01 08:00:00,72238.59,153,67375.41,96318.75
2025-02-01 09:00:00,72433.12,153,67326.77,96427.52
2025-02-01 10:00:00,72275.86,158,67293.32,96557.96
2025-02-01 11:00:00,72580.75,146,67284.87,96288.82
2025-02-01 12:00:00,73029.7,144,67231.37,96390.69
2025-02-01 13:00:00,73142.98,143,67255.76,96505.56
2025-02-01 14:00:00,73091.09,141,67223.05,96535.56
2025-02-01 15:00:00,73213.83,117,67238.04,96398.1
2025-02-01 16:00:00,73280.59,115,67259.16,96450.83
2025-02-01 17:00:00,73383.42,111,67311.9,96312.06
2025-02-01 18:00:00,73434.43,106,67356.48,96134.85
2025-02-01 19:00:00,73387.29,113,67325.4,96136.36
2025-02-01 20:00:00,72999.93,101,67275.2,96085.77
2025-02-01 21:00:00,73103.49,92,67251.95,96028.82
2025-02-01 22:00:00,73249.76,105,67250.18,96086.49
2025-02-01 23:00:00,73632.29,88,67324.77,95955.03
2025-02-02 00:00:00,73666.57,92,67361.23,95671.32
2025-02-02 01:00:00,73386.47,88,67386.19,95409.93
2025-02-02 02:00:00,73175.24,86,67364.76,95452.02
2025-02-02 03:00:00,73239.41,76,67358.51,95393.46
2025-02-02 04:00:00,73372.22,93,67327.69,95392.68
2025-02-02 05:00:00,73418.06,121,67339.69,95384.49
2025-02-02 06:00:00,73209.81,117,67408.91,95379.4
2025-02-02 07:00:00,72993.83,126,67434.79,95493.84
2025-02-02 08:00:00,73152.27,137,67424.05,95740.09
2025-02-02 09:00:00,73125.74,133,67428.77,95783.97
2025-02-02 10:00:00,73204.93,127,67422.53,95957.67
2025-02-02 11:00:00,73229.99,129,67382.4,95801.98
2025-02-02 12:00:00,73623.07,144,67382.06,95800.73
2025-02-02 13:00:00,73817.48,149,67377.21,95753.38
2025-02-02 14:00:00,73415.34,142,67424.38,95789.86
2025-02-02 15:00:00,73298.41,126,67444.93,95958.28
2025-02-02 16:00:00,73323.9,121,67413.79,95863.92
2025-02-02 17:00:00,73283.74,108,67430.81,95734.85
2025-02-02 18:00:00,73102.46,102,67440.36,95673.33
2025-02-02 19:00:00,73140.37,108,67405.67,95659.25
2025-02-02 20:00:00,73426.25,94,67386.66,95583.66
2025-02-02 21:00:00,73505.88,81,67384.49,95606.96
2025-02-02 22:00:00,73340.86,76,67369.26,95476.24
2025-02-02 23:00:00,73164.86,80,67362.23,95773.49
2025-02-03 00:00:00,73357.56,83,67349.64,95551.22
2025-02-03 01:00:00,73762.73,98,67417.81,95332.57
2025-02-03 02:00:00,73672.45,116,67413.85,95498.39
2025-02-03 03:00:00,73616.1,118,67404.94,95306.45
2025-02-03 04:00:00,73778.56,122,67421.28,95379.67
2025-02-03 05:00:00,73294.12,120,67403.36,95507.25
2025-02-03 06:00:00,72946.78,136,67406.91,95508.82
2025-02-03 07:00:00,73398.62,156,67397.88,95407.95
2025-02-03 08:00:00,73063.19,154,67434.32,95503.28
2025-02-03 09:00:00,72985.18,160,67382.36,95490.17
2025-02-03 10:00:00,73046.11,143,67406.76,95705.99
2025-02-03 11:00:00,73193.54,147,67402.72,95493.35
2025-02-03 12:00:00,73027.76,149,67393.17,95512.31
2025-02-03 13:00:00,72975.93,141,67367.06,95478.93
2025-02-03 14:00:00,72941.34,131,67385.65,95560.36
2025-02-03 15:00:00,72933.65,132,67342.87,95525.37
2025-02-03 16:00:00,72807.39,114,67308.77,95672.09
2025-02-03 17:00:00,72507.89,115,67263.19,95524.75
2025-02-03 18:00:00,72594.71,116,67288.31,95693.78
2025-02-03 19:00:00,72457.94,114,67279.88,95504.84
2025-02-03 20:00:00,72551.47,112,67308.75,95540.77
2025-02-03 21:00:00,72452.31,98,67306.23,95581.13
2025-02-03 22:00:00,72442.24,109,67326.2,95719.95
2025-02-03 23:00:00,72483.28,100,67327.7,95741.8
2025-02-04 00:00:00,72132.52,110,67369.01,95668.73
2025-02-04 01:00:00,72169.69,113,67413.02,95616.24
2025-02-04 02:00:00,72104.02,117,67406.67,95726.13
2025-02-04 03:00:00,72269.82,115,67355.85,95931.2
2025-02-04 04:00:00,72222.78,134,67382.3,95916.27
2025-02-04 05:00:00,72251.11,142,67416.98,95785.61
2025-02-04 06:00:00,72317.65,139,67441.41,95826.8
2025-02-04 07:00:00,72645.4,158,67422.61,95676.04
2025-02-04 08:00:00,72830.4,161,67411.15,95666.27
2025-02-04 09:00:00,72610.32,161,67410.0,95696.61
2025-02-04 10:00:00,72818.48,151,67388.6,95868.25
2025-02-04 11:00:00,72866.91,144,67345.91,96005.91
2025-02-04 12:00:00,72941.26,145,67343.65,95767.4
2025-02-04 13:00:00,72930.43,145,67326.55,95711.73
2025-02-04 14:00:00,73178.8,152,67298.9,95790.97
2025-02-04 15:00:00,73055.98,151,67299.26,95776.41
2025-02-04 16:00:00,73133.46,144,67287.56,95858.62
2025-02-04 17:00:00,73152.12,138,67219.15,95997.5
2025-02-04 18:00:00,73004.23,137,67177.25,95834.72
2025-02-04 19:00:00,73296.38,135,67153.88,95832.81
2025-02-04 20:00:00,73308.34,135,67185.17,95841.89
2025-02-04 21:00:00,73384.24,122,67233.58,95746.22
2025-02-04 22:00:00,73439.77,127,67203.87,95775.4
2025-02-04 23:00:00,73075.0,130,67184.35,95881.17
2025-02-05 00:00:00,73668.61,119,67177.72,96078.2
2025-02-05 01:00:00,73302.18,113,67167.68,96313.16
2025-02-05 02:00:00,73582.61,125,67160.92,96368.31
2025-02-05 03:00:00,73892.98,138,67159.53,96533.45
2025-02-05 04:00:00,73893.04,144,67140.01,96394.85
2025-02-05 05:00:00,74015.89,157,67128.19,96122.27
2025-02-05 06:00:00,73753.68,165,67127.04,96097.3
2025-02-05 07:00:00,73504.5,168,67136.82,95961.18
2025-02-05 08:00:00,73581.3,175,67142.23,95868.26
2025-02-05 09:00:00,73433.17,174,67196.9,96111.08
2025-02-05 10:00:00,73360.3,171,67210.89,96307.34
2025-02-05 11:00:00,73508.76,170,67190.28,96304.76
2025-02-05 12:00:00,73953.4,179,67222.09,96499.78
2025-02-05 13:00:00,73588.04,182,67230.08,96589.8
2025-02-05 14:00:00,72969.58,149,67244.94,96424.19
2025-02-05 15:00:00,72710.66,154,67198.15,96510.95
2025-02-05 16:00:00,72492.92,152,67155.33,96533.39
2025-02-05 17:00:00,72185.56,133,67165.49,96532.53
2025-02-05 18:00:00,72092.37,140,67204.42,96544.82
2025-02-05 19:00:00,72133.29,142,67217.64,96745.11
2025-02-05 20:00:00,72324.55,129,67207.05,96665.69
2025-02-05 21:00:00,72364.98,107,67207.47,96670.16
2025-02-05 22:00:00,72650.72,118,67206.64,96865.72
2025-02-05 23:00:00,72860.9,105,67202.71,96867.71
2025-02-06 00:00:00,72985.56,106,67238.38,96561.4
2025-02-06 01:00:00,72795.31,124,67213.72,96676.08
2025-02-06 02:00:00,72666.52,127,67205.33,96826.75
2025-02-06 03:00:00,72793.44,131,67208.94,96656.24
2025-02-06 04:00:00,72803.93,123,67161.23,96662.05
2025-02-06 05:00:00,72506.41,127,67160.72,96636.2
2025-02-06 06:00:00,72832.09,135,67127.84,96764.58
2025-02-06 07:00:00,72922.73,147,67115.8,97037.91
2025-02-06 08:00:00,73021.28,154,67154.61,97022.58
2025-02-06 09:00:00,72695.37,161,67146.88,97171.98
2025-02-06 10:00:00,72610.82,176,67113.39,97123.51
2025-02-06 11:00:00,72703.96,167,67111.7,96935.55
2025-02-06 12:00:00,72703.71,177,67099.69,96943.81
2025-02-06 13:00:00,72584.87,171,67124.4,97160.17
2025-02-06 14:00:00,72381.27,157,67095.81,97069.37
2025-02-06 15:00:00,72420.31,159,67115.2,97156.71
2025-02-06 16:00:00,72460.3,153,67116.41,97119.65
2025-02-06 17:00:00,72559.73,134,67100.36,97146.27
2025-02-06 18:00:00,72649.8,130,67044.63,97046.48
2025-02-06 19:00:00,72556.0,126,66999.26,97033.56
2025-02-06 20:00:00,72557.02,121,66969.96,97016.96
2025-02-06 21:00:00,72809.88,117,67014.79,97009.91
2025-02-06 22:00:00,72680.41,110,67001.28,97049.97
2025-02-06 23:00:00,72548.52,98,66998.87,97003.72
2025-02-07 00:00:00,72762.75,103,67016.92,96874.81
2025-02-07 01:00:00,72727.64,120,67048.05,96944.04
2025-02-07 02:00:00,72815.6,116,67064.63,97216.99
2025-02-07 03:00:00,73036.39,131,67103.56,97092.28
2025-02-07 04:00:00,72737.57,138,67050.28,97088.92
2025-02-07 05:00:00,72659.33,139,67102.04,97004.91
2025-02-07 06:00:00,72641.01,141,67118.95,96995.6
2025-02-07 07:00:00,72597.01,145,67120.79,97074.68
2025-02-07 08:00:00,72338.6,158,67157.31,97154.35
2025-02-07 09:00:00,72389.62,159,67134.42,97174.27
2025-02-07 10:00:00,72446.06,169,67163.89,97154.62
2025-02-07 11:00:00,72869.74,164,67180.84,97010.8
2025-02-07 12:00:00,73006.4,153,67104.34,96867.94
2025-02-07 13:00:00,73041.55,162,67095.21,96714.77
2025-02-07 14:00:00,72776.76,154,67156.0,96516.69
2025-02-07 15:00:00,72876.65,132,67116.85,96616.27
2025-02-07 16:00:00,72963.12,133,67127.18,96804.0
2025-02-07 17:00:00,72842.65,130,67099.17,96825.9
2025-02-07 18:00:00,72619.26,119,67087.02,96579.71
2025-02-07 19:00:00,72806.85,127,67037.86,96711.42
2025-02-07 20:00:00,73045.87,118,67038.25,96494.76
2025-02-07 21:00:00,72840.53,113,66985.12,96387.92
2025-02-07 22:00:00,72876.79,102,67013.39,96182.6
2025-02-07 23:00:00,72625.37,98,67077.19,96122.26
2025-02-08 00:00:00,72723.66,106,67082.62,96006.42
2025-02-08 01:00:00,72714.83,108,67082.46,95916.59
2025-02-08 02:00:00,72820.27,120,67049.61,95653.64
2025-02-08 03:00:00,72752.72,116,67048.69,95964.04
2025-02-08 04:00:00,72509.89,124,67059.51,96062.94
2025-02-08 05:00:00,72731.03,127,67116.05,95948.62
2025-02-08 06:00:00,72600.68,129,67093.07,95756.04
2025-02-08 07:00:00,72939.08,134,67124.3,95864.55
2025-02-08 08:00:00,72894.46,132,67147.54,95864.47
2025-02-08 09:00:00,72687.01,134,67180.76,95819.07
2025-02-08 10:00:00,72592.25,148,67218.55,95895.67
2025-02-08 11:00:00,72525.35,145,67211.73,96221.36
2025-02-08 12:00:00,72079.65,148,67188.3,96305.53
2025-02-08 13:00:00,72071.61,140,67145.59,96228.59
2025-02-08 14:00:00,72166.35,148,67138.88,96356.07
2025-02-08 15:00:00,72445.25,143,67127.72,96162.9
2025-02-08 16:00:00,72451.87,140,67129.57,96173.21
2025-02-08 17:00:00,72747.32,125,67099.79,96345.72
2025-02-08 18:00:00,72772.71,117,67095.24,96239.34
2025-02-08 19:00:00,73120.38,113,67095.96,96300.05
2025-02-08 20:00:00,73193.83,118,67103.05,96196.6
2025-02-08 21:00:00,73019.82,112,67100.72,96116.73
2025-02-08 22:00:00,72764.66,99,67092.17,95897.19
2025-02-08 23:00:00,72702.54,94,67116.36,96246.35
2025-02-09 00:00:00,72774.43,109,67131.49,96081.37
2025-02-09 01:00:00,72840.14,107,67168.17,96019.84
2025-02-09 02:00:00,73024.63,97,67170.48,95982.88
2025-02-09 03:00:00,73219.73,100,67144.51,95954.27
2025-02-09 04:00:00,73222.72,115,67141.18,96208.16
2025-02-09 05:00:00,73354.71,123,67172.0,96178.38
2025-02-09 06:00:00,73151.66,114,67160.51,96051.48
2025-02-09 07:00:00,73170.94,122,67206.92,96301.85
2025-02-09 08:00:00,73075.32,121,67207.02,96252.66
2025-02-09 09:00:00,73144.78,120,67208.9,96237.46
2025-02-09 10:00:00,73661.95,128,67232.24,96247.49
2025-02-09 11:00:00,73432.37,134,67261.3,96100.52
2025-02-09 12:00:00,73391.19,139,67300.07,96002.06
2025-02-09 13:00:00,73006.52,143,67315.23,96008.63
2025-02-09 14:00:00,72979.83,161,67317.34,96187.32
2025-02-09 15:00:00,73074.85,149,67321.31,96186.31
2025-02-09 16:00:00,72967.28,134,67288.94,96297.35
2025-02-09 17:00:00,73087.43,131,67328.23,96350.99
2025-02-09 18:00:00,73053.45,107,67393.17,96416.06
2025-02-09 19:00:00,72902.08,112,67436.92,96548.06
2025-02-09 20:00:00,73041.5,100,67424.76,96480.95
2025-02-09 21:00:00,73085.31,101,67453.64,96534.01
2025-02-09 22:00:00,73137.64,95,67462.19,96551.12
2025-02-09 23:00:00,72764.53,87,67463.29,96357.66
2025-02-10 00:00:00,72869.82,82,67451.23,96434.93
2025-02-10 01:00:00,72997.36,85,67383.95,96322.31
2025-02-10 02:00:00,73226.54,92,67399.03,96356.49
2025-02-10 03:00:00,72815.69,99,67401.91,96125.96
2025-02-10 04:00:00,72516.25,104,67399.5,96464.3
2025-02-10 05:00:00,72646.87,118,67392.65,96378.08
2025-02-10 06:00:00,72630.0,138,67384.2,96415.18
2025-02-10 07:00:00,72552.51,130,67446.68,96497.89
2025-02-10 08:00:00,72525.78,127,67468.67,96621.34
2025-02-10 09:00:00,72756.22,132,67459.15,96596.63
2025-02-10 10:00:00,72903.87,142,67487.99,96771.91
2025-02-10 11:00:00,72846.68,135,67471.49,96719.03
2025-02-10 12:00:00,72806.78,150,67477.68,96599.85
2025-02-10 13:00:00,72680.51,145,67501.69,96575.8
2025-02-10 14:00:00,72990.98,139,67485.95,96723.05
2025-02-10 15:00:00,73091.81,125,67521.43,96566.36
2025-02-10 16:00:00,73328.29,123,67521.92,96634.67
2025-02-10 17:00:00,73476.11,126,67501.61,96623.83
2025-02-10 18:00:00,73536.44,119,67516.55,96660.86
2025-02-10 19:00:00,73637.98,118,67533.03,96504.28
2025-02-10 20:00:00,73401.95,114,67513.26,96677.15
2025-02-10 21:00:00,73432.77,114,67454.66,96790.21
2025-02-10 22:00:00,73623.01,116,67522.18,96778.77
2025-02-10 23:00:00,73454.21,113,67521.64,96791.88
2025-02-11 00:00:00,73792.93,105,67536.33,96997.35
2025-02-11 01:00:00,73755.27,105,67564.15,96799.58
2025-02-11 02:00:00,73518.52,111,67557.18,96777.99
2025-02-11 03:00:00,73478.39,123,67591.16,96686.98
2025-02-11 04:00:00,73476.72,127,67650.49,96706.96
2025-02-11 05:00:00,73483.12,133,67675.74,96522.42
2025-02-11 06:00:00,73172.81,134,67640.41,96508.9
2025-02-11 07:00:00,73294.85,131,67632.22,96286.82
2025-02-11 08:00:00,73058.82,130,67658.66,96575.58
2025-02-11 09:00:00,72962.59,140,67653.35,96556.29
2025-02-11 10:00:00,72979.89,147,67647.76,96427.92
2025-02-11 11:00:00,73103.86,155,67653.51,96438.21
2025-02-11 12:00:00,73185.28,157,67675.2,96375.22
2025-02-11 13:00:00,73399.25,162,67727.39,96148.94
2025-02-11 14:00:00,73216.62,161,67717.41,96356.39
2025-02-11 15:00:00,73518.54,153,67709.83,96514.7
2025-02-11 16:00:00,73552.14,133,67714.81,96413.5
2025-02-11 17:00:00,73766.35,125,67773.41,96382.49
2025-02-11 18:00:00,74050.1,126,67763.42,96424.4
2025-02-11 19:00:00,73553.97,124,67806.89,96293.05
2025-02-11 20:00:00,73501.05,124,67805.74,96410.03
2025-02-11 21:00:00,73549.12,131,67826.37,96550.63
2025-02-11 22:00:00,73622.99,124,67801.76,96413.47
2025-02-11 23:00:00,73504.59,115,67806.76,96729.81
2025-02-12 00:00:00,73200.3,120,67816.93,96710.33
2025-02-12 01:00:00,73519.12,116,67834.25,96512.54
2025-02-12 02:00:00,73547.04,128,67862.52,96444.78
2025-02-12 03:00:00,73613.08,135,67855.1,96406.04
2025-02-12 04:00:00,73546.69,144,67814.1,96461.82
2025-02-12 05:00:00,73687.31,143,67819.66,96441.54
2025-02-12 06:00:00,73772.84,153,67828.99,96483.54
2025-02-12 07:00:00,73959.55,165,67854.03,96515.4
2025-02-12 08:00:00,73977.51,158,67829.71,96500.23
2025-02-12 09:00:00,73873.53,161,67824.48,96225.26
2025-02-12 10:00:00,73577.02,176,67856.63,96444.95
2025-02-12 11:00:00,73361.01,177,67856.32,96414.31
2025-02-12 12:00:00,73296.2,175,67897.28,96282.34
2025-02-12 13:00:00,73225.83,177,67871.11,96361.15
2025-02-12 14:00:00,73154.44,167,67841.2,96328.41
2025-02-12 15:00:00,72851.94,172,67829.14,96468.03
2025-02-12 16:00:00,72640.75,156,67809.74,96456.98
2025-02-12 17:00:00,72654.2,153,67799.55,96376.31
2025-02-12 18:00:00,72691.93,135,67786.17,96714.37
2025-02-12 19:00:00,72693.98,135,67810.91,96727.27
2025-02-12 20:00:00,72868.02,136,67821.39,97079.25
2025-02-12 21:00:00,72853.99,125,67846.22,97254.8
2025-02-12 22:00:00,73080.79,135,67847.04,97366.17
2025-02-12 23:00:00,73068.31,119,67810.28,97264.83
2025-02-13 00:00:00,73070.67,124,67847.0,97297.06
2025-02-13 01:00:00,73192.41,136,67832.69,96915.66
2025-02-13 02:00:00,73011.52,140,67853.32,96908.48
2025-02-13 03:00:00,73542.33,130,67864.87,96875.33
2025-02-13 04:00:00,73792.67,134,67832.22,96834.92
2025-02-13 05:00:00,73477.24,135,67869.66,96921.6
2025-02-13 06:00:00,73446.96,142,67868.83,96932.31
2025-02-13 07:00:00,73470.33,160,67845.53,97081.14
2025-02-13 08:00:00,73439.86,169,67813.05,97258.68
2025-02-13 09:00:00,73348.7,177,67846.75,97203.4
2025-02-13 10:00:00,73453.32,182,67859.3,97337.32
2025-02-13 11:00:00,73715.04,158,67837.85,97425.75
2025-02-13 12:00:00,73154.16,161,67834.39,97532.87
2025-02-13 13:00:00,73037.92,161,67847.35,97315.0
2025-02-13 14:00:00,73147.06,157,67798.8,97033.93
2025-02-13 15:00:00,72963.08,155,67804.77,96941.3
2025-02-13 16:00:00,72236.56,148,67814.53,96852.62
2025-02-13 17:00:00,72363.56,146,67842.78,96778.87
2025-02-13 18:00:00,72459.64,134,67840.15,96917.04
2025-02-13 19:00:00,72354.02,117,67822.59,97165.9
2025-02-13 20:00:00,72306.45,109,67809.71,97237.48
2025-02-13 21:00:00,72544.45,110,67803.16,97085.98
2025-02-13 22:00:00,72849.23,118,67864.97,96918.26
2025-02-13 23:00:00,72847.67,107,67856.28,96798.3
2025-02-14 00:00:00,73082.01,102,67805.08,96814.77
2025-02-14 01:00:00,73054.33,110,67808.54,96756.33
2025-02-14 02:00:00,72937.32,108,67729.27,96821.34
2025-02-14 03:00:00,72740.43,125,67711.95,97054.8
2025-02-14 04:00:00,72633.84,130,67689.37,97084.18
2025-02-14 05:00:00,72415.41,132,67685.91,96998.75
2025-02-14 06:00:00,72437.79,144,67686.38,97085.58
2025-02-14 07:00:00,72352.55,157,67638.37,97103.06
2025-02-14 08:00:00,72613.58,168,67597.35,97093.43
2025-02-14 09:00:00,72719.0,175,67581.25,97036.38
2025-02-14 10:00:00,72770.89,163,67588.9,97025.21
2025-02-14 11:00:00,72576.08,160,67592.68,97094.53
2025-02-14 12:00:00,72568.7,155,67605.22,97074.17
2025-02-14 13:00:00,72915.96,149,67609.49,97256.94
2025-02-14 14:00:00,72878.76,144,67627.2,97277.69
2025-02-14 15:00:00,72640.64,152,67599.55,97400.94
2025-02-14 16:00:00,72397.11,144,67608.08,97368.48
2025-02-14 17:00:00,72596.73,140,67613.09,97445.4
2025-02-14 18:00:00,72216.4,127,67581.62,97508.16
2025-02-14 19:00:00,72187.17,124,67597.95,97447.11
2025-02-14 20:00:00,72169.51,114,67616.73,97379.46
2025-02-14 21:00:00,72352.25,107,67643.97,97396.39
2025-02-14 22:00:00,72490.63,96,67614.83,97368.85
2025-02-14 23:00:00,72179.34,92,67600.57,96963.68
2025-02-15 00:00:00,72335.39,104,67668.41,96931.63
2025-02-15 01:00:00,72328.75,112,67602.77,96858.49
2025-02-15 02:00:00,72611.47,121,67592.11,97070.68
2025-02-15 03:00:00,72750.11,106,67635.44,97049.39
2025-02-15 04:00:00,72731.44,122,67648.28,96955.81
2025-02-15 05:00:00,72636.72,128,67617.18,96795.97
2025-02-15 06:00:00,72707.92,146,67623.48,96517.78
2025-02-15 07:00:00,72521.8,141,67597.87,96732.37
2025-02-15 08:00:00,72535.97,144,67601.44,96751.72
2025-02-15 09:00:00,72731.43,145,67612.85,96788.62
2025-02-15 10:00:00,72682.39,147,67619.92,96841.85
2025-02-15 11:00:00,72710.74,153,67590.26,96721.69
2025-02-15 12:00:00,72622.86,141,67590.63,96796.57
2025-02-15 13:00:00,72886.9,133,67560.48,97107.64
2025-02-15 14:00:00,73052.71,136,67588.87,97072.63
2025-02-15 15:00:00,73245.2,144,67565.42,97136.3
2025-02-15 16:00:00,73391.38,129,67534.21,97195.3
2025-02-15 17:00:00,73223.55,132,67543.03,97040.58
2025-02-15 18:00:00,73240.67,128,67587.11,97136.02
2025-02-15 19:00:00,73254.22,111,67585.57,97007.88
2025-02-15 20:00:00,73472.02,114,67536.2,97109.1
2025-02-15 21:00:00,73627.64,94,67550.27,97194.38
2025-02-15 22:00:00,73857.47,99,67543.57,97369.43
2025-02-15 23:00:00,73748.68,106,67548.02,97266.17
2025-02-16 00:00:00,73909.03,104,67531.85,97354.61
2025-02-16 01:00:00,73645.33,104,67507.0,97476.92
2025-02-16 02:00:00,73337.03,110,67539.05,97374.04
2025-02-16 03:00:00,73292.01,111,67512.5,97230.06
2025-02-16 04:00:00,73132.74,104,67495.42,97089.1
2025-02-16 05:00:00,73083.38,116,67439.27,96954.82
2025-02-16 06:00:00,73261.92,114,67438.21,96899.04
2025-02-16 07:00:00,73082.99,119,67405.27,97008.67
2025-02-16 08:00:00,72911.36,121,67427.66,97039.21
2025-02-16 09:00:00,72925.61,128,67406.19,97033.28
2025-02-16 10:00:00,73168.78,129,67353.09,97008.2
2025-02-16 11:00:00,73056.0,140,67336.16,96772.83
2025-02-16 12:00:00,73251.92,135,67360.99,96887.66
2025-02-16 13:00:00,73347.55,140,67358.78,96994.92
2025-02-16 14:00:00,73272.61,144,67373.21,97104.11
2025-02-16 15:00:00,73222.77,145,67392.92,97096.06
2025-02-16 16:00:00,73096.44,130,67411.73,97101.97
2025-02-16 17:00:00,73422.53,126,67413.84,97159.19
2025-02-16 18:00:00,73311.04,120,67435.68,96908.9
2025-02-16 19:00:00,73560.87,103,67466.76,96754.27
2025-02-16 20:00:00,73282.94,99,67479.55,96974.69
2025-02-16 21:00:00,73536.43,101,67483.63,97009.65
2025-02-16 22:00:00,73518.73,98,67468.78,96939.86
2025-02-16 23:00:00,73874.74,106,67478.79,96911.38
2025-02-17 00:00:00,73978.35,113,67447.4,96996.69
2025-02-17 01:00:00,73771.31,106,67436.62,96734.68
2025-02-17 02:00:00,74044.36,121,67457.15,96677.17
2025-02-17 03:00:00,73942.47,119,67472.07,96517.36
2025-02-17 04:00:00,73921.63,119,67411.23,96475.92
2025-02-17 05:00:00,74299.54,129,67426.22,96580.9
2025-02-17 06:00:00,74469.5,121,67437.78,96523.88
2025-02-17 07:00:00,74318.6,140,67475.68,96275.7
2025-02-17 08:00:00,74291.14,139,67480.22,96133.41
2025-02-17 09:00:00,73893.72,141,67527.7,95790.59
2025-02-17 10:00:00,74060.12,138,67481.54,96094.87
2025-02-17 11:00:00,74114.39,140,67480.9,96016.22
2025-02-17 12:00:00,74166.04,140,67496.1,95853.19
2025-02-17 13:00:00,74259.79,140,67488.09,95662.74
2025-02-17 14:00:00,74017.06,144,67505.06,95696.83
2025-02-17 15:00:00,73913.07,149,67522.64,95507.08
2025-02-17 16:00:00,73814.53,134,67541.83,95344.82
2025-02-17 17:00:00,73744.87,127,67547.45,95449.21
2025-02-17 18:00:00,73738.66,113,67564.29,95660.2
2025-02-17 19:00:00,73474.08,118,67574.69,95605.96
2025-02-17 20:00:00,73377.84,113,67575.36,95568.46
2025-02-17 21:00:00,73589.8,118,67598.12,95439.56
2025-02-17 22:00:00,73348.34,114,67571.33,95763.23
2025-02-17 23:00:00,73595.51,111,67557.8,95595.72
2025-02-18 00:00:00,73378.86,118,67552.77,95652.05
2025-02-18 01:00:00,73271.72,108,67594.91,95599.44
2025-02-18 02:00:00,73378.02,116,67629.69,95830.55
2025-02-18 03:00:00,73193.33,117,67651.76,95920.42
2025-02-18 04:00:00,73329.37,121,67652.78,95724.24
2025-02-18 05:00:00,73144.98,128,67664.61,95748.53
2025-02-18 06:00:00,73383.21,131,67622.85,95664.24
2025-02-18 07:00:00,73369.38,137,67585.09,95473.04
2025-02-18 08:00:00,73455.03,151,67601.35,95522.68
2025-02-18 09:00:00,73276.25,150,67610.22,95539.36
2025-02-18 10:00:00,73329.34,149,67602.38,95487.29
2025-02-18 11:00:00,73459.47,165,67565.91,95743.94
2025-02-18 12:00:00,73274.15,158,67564.97,95707.04
2025-02-18 13:00:00,73123.11,158,67546.98,95780.05
2025-02-18 14:00:00,72966.06,165,67522.64,95762.25
2025-02-18 15:00:00,72836.98,148,67535.31,95911.22
2025-02-18 16:00:00,73095.79,159,67545.23,95965.76
2025-02-18 17:00:00,73064.98,151,67546.65,96229.57
2025-02-18 18:00:00,72938.75,157,67523.01,96367.94
2025-02-18 19:00:00,72792.26,142,67495.0,96390.39
2025-02-18 20:00:00,73060.85,129,67498.33,96292.42
2025-02-18 21:00:00,73151.2,124,67518.16,96250.42
2025-02-18 22:00:00,73138.5,126,67505.1,96294.84
2025-02-18 23:00:00,73115.95,116,67497.39,96305.83
2025-02-19 00:00:00,72879.33,111,67516.51,96239.43
2025-02-19 01:00:00,72763.6,114,67504.04,96176.4
2025-02-19 02:00:00,72860.4,117,67504.27,96308.08
2025-02-19 03:00:00,72812.74,122,67520.54,96399.08
2025-02-19 04:00:00,72718.04,132,67507.13,96250.37
2025-02-19 05:00:00,72792.37,139,67491.78,96117.76
2025-02-19 06:00:00,72747.1,129,67578.28,96142.71
2025-02-19 07:00:00,72717.5,145,67582.39,96062.96
2025-02-19 08:00:00,72371.41,152,67553.15,96089.07
2025-02-19 09:00:00,72244.55,172,67533.4,96288.65
2025-02-19 10:00:00,71979.46,169,67491.48,96114.63
2025-02-19 11:00:00,72030.34,176,67488.31,96028.48
2025-02-19 12:00:00,71999.57,164,67458.75,96185.86
2025-02-19 13:00:00,71959.75,159,67468.47,96270.22
2025-02-19 14:00:00,71861.34,157,67506.88,95956.26
2025-02-19 15:00:00,71886.7,163,67522.69,95825.45
2025-02-19 16:00:00,71944.35,161,67544.09,95860.69
2025-02-19 17:00:00,71774.53,150,67580.86,95714.48
2025-02-19 18:00:00,71689.61,133,67526.0,95768.58
2025-02-19 19:00:00,71858.09,129,67509.62,95839.51
2025-02-19 20:00:00,71687.5,135,67526.5,95531.09
2025-02-19 21:00:00,72089.58,142,67468.38,95445.13
2025-02-19 22:00:00,72315.74,127,67455.75,95702.47
2025-02-19 23:00:00,72162.4,129,67474.76,95632.74
2025-02-20 00:00:00,72293.16,118,67485.08,95763.65
2025-02-20 01:00:00,72355.28,128,67469.3,95904.48
2025-02-20 02:00:00,72501.95,143,67475.61,95876.48
2025-02-20 03:00:00,72525.56,146,67457.59,95867.02
2025-02-20 04:00:00,72368.15,141,67443.94,95788.57
2025-02-20 05:00:00,72343.75,147,67417.3,95812.99
2025-02-20 06:00:00,72178.89,143,67360.47,95946.56
2025-02-20 07:00:00,72290.37,149,67383.01,95893.49
2025-02-20 08:00:00,72183.15,161,67414.91,95622.85
2025-02-20 09:00:00,72104.82,163,67453.61,95613.33
2025-02-20 10:00:00,72116.84,151,67470.86,95672.24
2025-02-20 11:00:00,72563.45,162,67507.91,95696.88
2025-02-20 12:00:00,72581.49,155,67550.5,95812.39
2025-02-20 13:00:00,72380.62,155,67540.42,95851.11
2025-02-20 14:00:00,72460.68,164,67505.12,95838.22
2025-02-20 15:00:00,72420.63,164,67463.23,95990.67
2025-02-20 16:00:00,72584.56,152,67451.71,95923.76
2025-02-20 17:00:00,73000.36,144,67422.66,96187.39
2025-02-20 18:00:00,73121.4,149,67364.73,96210.05
2025-02-20 19:00:00,72962.76,141,67338.66,96253.5
2025-02-20 20:00:00,73261.27,126,67337.25,95920.14
2025-02-20 21:00:00,73519.38,104,67336.34,96001.63
2025-02-20 22:00:00,73172.5,101,67338.89,95958.62
2025-02-20 23:00:00,73477.8,104,67371.95,95830.23
2025-02-21 00:00:00,73423.16,106,67358.0,95980.14
2025-02-21 01:00:00,73238.26,125,67332.42,96130.79
2025-02-21 02:00:00,73183.7,116,67303.82,96016.73
2025-02-21 03:00:00,73060.43,120,67283.45,96178.63
2025-02-21 04:00:00,72589.72,127,67227.9,96258.19
2025-02-21 05:00:00,72782.09,121,67235.94,96322.02
2025-02-21 06:00:00,72768.65,133,67216.15,96207.75
2025-02-21 07:00:00,72828.18,135,67206.11,96221.72
2025-02-21 08:00:00,72920.25,149,67179.83,96353.17
2025-02-21 09:00:00,72958.87,158,67168.63,96364.28
2025-02-21 10:00:00,73276.79,163,67214.93,96190.96
2025-02-21 11:00:00,73294.04,159,67274.41,95978.55
2025-02-21 12:00:00,73453.44,158,67278.61,95876.58
2025-02-21 13:00:00,73696.5,162,67269.79,95893.2
2025-02-21 14:00:00,73478.69,152,67310.42,95825.13
2025-02-21 15:00:00,73614.6,144,67264.31,96004.89
2025-02-21 16:00:00,73445.19,137,67290.44,96042.58
2025-02-21 17:00:00,73310.54,135,67271.89,95986.33
2025-02-21 18:00:00,73432.62,133,67279.67,96119.55
2025-02-21 19:00:00,73373.4,133,67261.84,96056.93
2025-02-21 20:00:00,73360.29,115,67264.69,96080.59
2025-02-21 21:00:00,73135.88,110,67260.54,96285.17
2025-02-21 22:00:00,73343.84,109,67247.58,96073.19
2025-02-21 23:00:00,73197.58,102,67231.35,96047.66
2025-02-22 00:00:00,73021.93,111,67227.24,96327.78
2025-02-22 01:00:00,72742.06,101,67198.08,96330.53
2025-02-22 02:00:00,72788.25,102,67187.83,96405.41
2025-02-22 03:00:00,73003.05,114,67200.06,96223.13
2025-02-22 04:00:00,72769.7,122,67194.95,96311.86
2025-02-22 05:00:00,72937.22,134,67207.86,96296.73
2025-02-22 06:00:00,72894.68,130,67177.68,96143.18
2025-02-22 07:00:00,72961.97,135,67123.0,95839.62
2025-02-22 08:00:00,72664.57,136,67126.22,95851.82
2025-02-22 09:00:00,72419.62,135,67127.65,95640.34
2025-02-22 10:00:00,72220.57,145,67129.77,95379.04
2025-02-22 11:00:00,72384.29,150,67100.36,95075.73
2025-02-22 12:00:00,72687.5,162,67080.57,94991.39
2025-02-22 13:00:00,72702.48,164,67087.64,95165.33
2025-02-22 14:00:00,72663.91,159,67073.51,95131.62
2025-02-22 15:00:00,72570.19,124,67081.98,95023.84
2025-02-22 16:00:00,72560.94,142,67092.33,95073.6
2025-02-22 17:00:00,72563.08,128,67086.25,94940.28
2025-02-22 18:00:00,72428.23,118,67078.97,94663.0
2025-02-22 19:00:00,72251.81,116,67093.1,94572.99
2025-02-22 20:00:00,72052.73,106,67092.97,94549.65
2025-02-22 21:00:00,72368.41,108,67093.81,94740.09
2025-02-22 22:00:00,72803.61,108,67107.35,94722.98
2025-02-22 23:00:00,72824.18,93,67099.69,94993.89
2025-02-23 00:00:00,72786.63,83,67054.87,94739.92
2025-02-23 01:00:00,72971.12,94,67076.27,94853.61
2025-02-23 02:00:00,72593.34,101,67043.61,94633.1
2025-02-23 03:00:00,72108.66,101,66987.57,94614.75
2025-02-23 04:00:00,72324.74,110,66991.18,94508.59
2025-02-23 05:00:00,72078.21,109,67025.24,94622.36
2025-02-23 06:00:00,72229.67,128,67026.89,94809.34
2025-02-23 07:00:00,72177.98,126,66991.62,94759.1
2025-02-23 08:00:00,72227.92,127,67014.25,94802.24
2025-02-23 09:00:00,72365.33,131,67000.85,95016.79
2025-02-23 10:00:00,72453.47,150,67054.5,94985.71
2025-02-23 11:00:00,72406.48,139,67067.42,95037.37
2025-02-23 12:00:00,72328.16,142,67078.92,95118.39
2025-02-23 13:00:00,72408.12,145,67091.74,95057.29
2025-02-23 14:00:00,72635.63,137,67077.83,95048.71
2025-02-23 15:00:00,72441.55,124,67083.1,95156.4
2025-02-23 16:00:00,72206.65,128,67082.67,95312.23
2025-02-23 17:00:00,71965.25,125,67050.94,95213.59
2025-02-23 18:00:00,72013.76,121,67012.45,95049.77
2025-02-23 19:00:00,72025.01,133,66949.63,94961.7
2025-02-23 20:00:00,71646.78,118,66962.3,94773.04
2025-02-23 21:00:00,71610.81,131,66946.31,94785.26
2025-02-23 22:00:00,71360.06,111,66940.78,94933.3
2025-02-23 23:00:00,71438.02,106,66934.08,94776.56
2025-02-24 00:00:00,71648.2,99,66933.56,95040.12
2025-02-24 01:00:00,71751.88,95,66954.28,95097.58
2025-02-24 02:00:00,71743.14,92,66975.44,95239.82
2025-02-24 03:00:00,71905.32,91,66956.63,94834.97
2025-02-24 04:00:00,72414.08,93,66881.89,94770.98
2025-02-24 05:00:00,72466.99,115,66919.39,95026.7
2025-02-24 06:00:00,72460.36,122,66930.09,95010.28
2025-02-24 07:00:00,72895.97,132,66879.67,94776.84
2025-02-24 08:00:00,72749.37,126,66849.07,94593.3
2025-02-24 09:00:00,73067.98,142,66841.59,94580.62
2025-02-24 10:00:00,72772.73,151,66823.99,94672.29
2025-02-24 11:00:00,72511.69,158,66799.66,94781.74
2025-02-24 12:00:00,72429.39,157,66823.11,94729.26
2025-02-24 13:00:00,72573.26,155,66814.52,94524.27
2025-02-24 14:00:00,72180.07,152,66775.68,94358.99
2025-02-24 15:00:00,72074.46,143,66762.89,94285.5
2025-02-24 16:00:00,72196.82,132,66772.14,94318.78
2025-02-24 17:00:00,72142.94,134,66725.85,94210.12
2025-02-24 18:00:00,72221.49,124,66734.9,94050.01
2025-02-24 19:00:00,72247.5,108,66709.49,94300.81
2025-02-24 20:00:00,72588.11,117,66688.3,94271.88
2025-02-24 21:00:00,72678.12,110,66695.03,94207.78
2025-02-24 22:00:00,72793.91,117,66706.12,94249.85
2025-02-24 23:00:00,73010.48,115,66684.19,94485.32
2025-02-25 00:00:00,72991.72,112,66670.33,94193.8
2025-02-25 01:00:00,73069.61,106,66618.55,94182.62
2025-02-25 02:00:00,72959.37,112,66639.9,94220.5
2025-02-25 03:00:00,73125.84,122,66616.75,94213.53
2025-02-25 04:00:00,73000.35,126,66641.48,94265.4
2025-02-25 05:00:00,73057.52,119,66604.27,94397.4
2025-02-25 06:00:00,73165.06,140,66661.71,94497.19
2025-02-25 07:00:00,72887.42,156,66676.54,94461.57
2025-02-25 08:00:00,72966.8,154,66699.87,94517.74
2025-02-25 09:00:00,73184.04,147,66686.26,94906.13
2025-02-25 10:00:00,73366.57,137,66695.07,95010.37
2025-02-25 11:00:00,73299.39,154,66686.76,95291.87
2025-02-25 12:00:00,73437.05,157,66700.0,95237.01
2025-02-25 13:00:00,73291.97,165,66705.15,95401.18
2025-02-25 14:00:00,73205.11,150,66687.95,95232.5
2025-02-25 15:00:00,73033.04,131,66707.27,95301.82
2025-02-25 16:00:00,73311.13,143,66692.73,95368.9
2025-02-25 17:00:00,73500.78,142,66671.03,95212.75
2025-02-25 18:00:00,73611.06,154,66648.4,95371.7
2025-02-25 19:00:00,73711.77,140,66618.04,95250.16
2025-02-25 20:00:00,73921.74,118,66591.83,95172.78
2025-02-25 21:00:00,73846.89,120,66643.32,95378.17
2025-02-25 22:00:00,73857.87,125,66622.05,95439.28
2025-02-25 23:00:00,73648.29,119,66654.38,95479.39
2025-02-26 00:00:00,73853.29,121,66674.11,95481.25
2025-02-26 01:00:00,73778.94,124,66684.07,95425.59
2025-02-26 02:00:00,73718.35,140,66641.05,95621.77
2025-02-26 03:00:00,73447.42,143,66598.53,95862.15
2025-02-26 04:00:00,73585.88,140,66618.33,95660.1
2025-02-26 05:00:00,73392.89,138,66629.28,95419.76
2025-02-26 06:00:00,73383.95,146,66606.34,95369.96
2025-02-26 07:00:00,73303.34,148,66608.15,95312.9
2025-02-26 08:00:00,73229.25,151,66605.32,95382.43
2025-02-26 09:00:00,73581.04,157,66615.08,95419.87
2025-02-26 10:00:00,73300.65,162,66629.26,95498.55
2025-02-26 11:00:00,73467.86,156,66586.79,95519.04
2025-02-26 12:00:00,73249.8,154,66646.06,95544.52
2025-02-26 13:00:00,73744.01,155,66609.2,95594.85
2025-02-26 14:00:00,73671.28,148,66607.49,95615.16
2025-02-26 15:00:00,73835.29,151,66612.5,95730.98
2025-02-26 16:00:00,73721.5,140,66564.54,95800.33
2025-02-26 17:00:00,73751.7,132,66542.42,95728.15
2025-02-26 18:00:00,73731.97,133,66502.56,95839.2
2025-02-26 19:00:00,73715.38,132,66519.26,95852.83
2025-02-26 20:00:00,73843.45,124,66516.92,96012.62
2025-02-26 21:00:00,73897.26,116,66526.3,96197.66
2025-02-26 22:00:00,73811.09,105,66551.23,96101.28
2025-02-26 23:00:00,73865.21,117,66607.85,95884.76
2025-02-27 00:00:00,73983.3,127,66634.84,96028.2
2025-02-27 01:00:00,73630.72,131,66605.83,95933.89
2025-02-27 02:00:00,73747.39,131,66605.47,95847.6
2025-02-27 03:00:00,73733.0,134,66607.85,95978.83
2025-02-27 04:00:00,73534.31,143,66589.07,95663.14
2025-02-27 05:00:00,73845.75,145,66603.05,95637.29
2025-02-27 06:00:00,73885.78,148,66575.6,95549.79
2025-02-27 07:00:00,73557.1,141,66564.09,95449.01
2025-02-27 08:00:00,73646.61,154,66560.59,95685.68
2025-02-27 09:00:00,73563.36,168,66514.33,95693.23
2025-02-27 10:00:00,73852.22,165,66569.04,95586.56
2025-02-27 11:00:00,73910.34,161,66573.62,95602.25
2025-02-27 12:00:00,73768.82,166,66569.43,95721.57
2025-02-27 13:00:00,73540.34,167,66579.29,95809.09
2025-02-27 14:00:00,73637.02,166,66587.24,95877.94
2025-02-27 15:00:00,73590.0,162,66602.67,96143.24
2025-02-27 16:00:00,73537.37,156,66569.84,96196.42
2025-02-27 17:00:00,73449.87,149,66518.67,96019.84
2025-02-27 18:00:00,73649.03,132,66499.13,96002.43
2025-02-27 19:00:00,73385.48,113,66509.25,96030.42
2025-02-27 20:00:00,73683.89,116,66473.46,95838.76
2025-02-27 21:00:00,73675.62,113,66422.05,95742.08
2025-02-27 22:00:00,73797.63,121,66426.17,96004.34
2025-02-27 23:00:00,73908.05,111,66480.18,95897.79
2025-02-28 00:00:00,73679.33,114,66467.6,95870.32
2025-02-28 01:00:00,73846.7,115,66493.59,95766.64
2025-02-28 02:00:00,74018.04,119,66500.9,95725.04
2025-02-28 03:00:00,73993.72,124,66506.57,95667.34
2025-02-28 04:00:00,73478.27,136,66476.85,95515.42
2025-02-28 05:00:00,73226.84,137,66490.6,95735.7
2025-02-28 06:00:00,73615.62,138,66491.19,95820.22
2025-02-28 07:00:00,73702.66,151,66442.8,95592.01
2025-02-28 08:00:00,73659.16,155,66416.71,95413.17
2025-02-28 09:00:00,73689.69,145,66422.09,95742.17
2025-02-28 10:00:00,73843.89,154,66408.61,95764.54
2025-02-28 11:00:00,73484.36,153,66426.68,95573.66
2025-02-28 12:00:00,73649.99,156,66442.76,95397.69
2025-02-28 13:00:00,73696.19,168,66487.73,95317.04
2025-02-28 14:00:00,73322.24,172,66459.19,95423.68
2025-02-28 15:00:00,73187.69,167,66487.96,95687.88
2025-02-28 16:00:00,72903.39,151,66497.53,95697.27
2025-02-28 17:00:00,73253.27,139,66458.47,95926.0
2025-02-28 18:00:00,73008.11,136,66470.73,96123.34
2025-02-28 19:00:00,73020.78,128,66458.16,96068.38
2025-02-28 20:00:00,72874.11,117,66468.21,95961.51
2025-02-28 21:00:00,72998.91,107,66515.79,95764.72
2025-02-28 22:00:00,73026.24,111,66501.87,95618.14
2025-02-28 23:00:00,73061.61,114,66458.49,95547.23
2025-03-01 00:00:00,72956.55,92,66412.44,95550.76
2025-03-01 01:00:00,72885.27,100,66482.2,95573.04
2025-03-01 02:00:00,73030.85,97,66483.87,95392.55
2025-03-01 03:00:00,72701.03,95,66525.87,95352.99
2025-03-01 04:00:00,72501.73,123,66531.08,95420.67
2025-03-01 05:00:00,72886.11,133,66502.19,95394.61
2025-03-01 06:00:00,72873.49,150,66506.02,95293.79
2025-03-01 07:00:00,72551.31,151,66484.27,95361.48
2025-03-01 08:00:00,72490.2,136,66451.03,95328.78
2025-03-01 09:00:00,72496.81,151,66463.86,95160.44
2025-03-01 10:00:00,72381.67,148,66483.57,95171.49
2025-03-01 11:00:00,72341.73,150,66487.01,95168.87
2025-03-01 12:00:00,72510.91,157,66566.57,95097.83
2025-03-01 13:00:00,72517.54,159,66596.19,95110.13
2025-03-01 14:00:00,72397.48,145,66611.5,95066.95
2025-03-01 15:00:00,72590.76,119,66601.95,94946.5
2025-03-01 16:00:00,72609.72,114,66574.83,95215.57
2025-03-01 17:00:00,72205.4,115,66565.51,95412.43
2025-03-01 18:00:00,72338.69,107,66505.31,95505.1
2025-03-01 19:00:00,72573.48,106,66498.52,95361.02
2025-03-01 20:00:00,72630.99,108,66527.9,95418.69
2025-03-01 21:00:00,72764.87,110,66504.3,95598.49
2025-03-01 22:00:00,72825.76,106,66473.39,95567.68
2025-03-01 23:00:00,73033.1,105,66465.39,95569.76
2025-03-02 00:00:00,72974.05,103,66459.82,95669.34
2025-03-02 01:00:00,72781.17,107,66437.87,95549.78
2025-03-02 02:00:00,72827.16,113,66449.32,95683.92
2025-03-02 03:00:00,72891.14,115,66458.02,96003.88
2025-03-02 04:00:00,72966.5,109,66485.47,95999.06
2025-03-02 05:00:00,73058.51,119,66493.73,95951.27
2025-03-02 06:00:00,72750.38,136,66547.04,95891.01
2025-03-02 07:00:00,73029.21,122,66560.14,95677.88
2025-03-02 08:00:00,73025.69,136,66580.69,95658.11
2025-03-02 09:00:00,73369.87,133,66578.1,95630.26
2025-03-02 10:00:00,73051.44,134,66602.95,95783.0
2025-03-02 11:00:00,72804.34,137,66618.62,95753.8
2025-03-02 12:00:00,72453.19,142,66647.94,95716.33
2025-03-02 13:00:00,72512.17,132,66674.12,95778.24
2025-03-02 14:00:00,72621.59,120,66690.01,95564.17
2025-03-02 15:00:00,72716.19,134,66674.87,95558.91
2025-03-02 16:00:00,72845.66,136,66652.48,95413.98
2025-03-02 17:00:00,72600.44,122,66626.06,95497.7
2025-03-02 18:00:00,72921.19,123,66610.94,95569.4
2025-03-02 19:00:00,72852.24,115,66656.53,95597.04
2025-03-02 20:00:00,72954.36,101,66678.99,95429.23
2025-03-02 21:00:00,72819.54,97,66597.7,95446.32
2025-03-02 22:00:00,73111.5,108,66521.82,95466.42
2025-03-02 23:00:00,72764.26,104,66472.41,95455.55
2025-03-03 00:00:00,72523.0,100,66453.15,95492.54
2025-03-03 01:00:00,72575.77,105,66472.9,95543.64
2025-03-03 02:00:00,72711.75,99,66418.5,95337.94
2025-03-03 03:00:00,72590.38,104,66444.4,95250.83
2025-03-03 04:00:00,72483.65,113,66453.86,95337.66
2025-03-03 05:00:00,72718.97,121,66392.23,95171.58
2025-03-03 06:00:00,72502.21,121,66393.72,94898.72
2025-03-03 07:00:00,72619.59,126,66412.03,94712.06
2025-03-03 08:00:00,72857.77,138,66457.08,94954.25
2025-03-03 09:00:00,72784.89,128,66489.77,94972.43
2025-03-03 10:00:00,72836.81,135,66518.79,94866.65
2025-03-03 11:00:00,73192.26,151,66514.04,94894.0
2025-03-03 12:00:00,73124.71,150,66513.53,94782.38
2025-03-03 13:00:00,72495.74,154,66554.99,94917.79
2025-03-03 14:00:00,72668.11,145,66591.73,94609.69
2025-03-03 15:00:00,72389.82,151,66593.23,94491.39
2025-03-03 16:00:00,72431.7,143,66553.93,94379.33
2025-03-03 17:00:00,72579.26,122,66543.88,94259.67
2025-03-03 18:00:00,72373.39,118,66522.77,94421.78
2025-03-03 19:00:00,72292.38,117,66521.67,94360.37
2025-03-03 20:00:00,72079.09,117,66496.17,94283.77
2025-03-03 21:00:00,72197.59,124,66552.03,94352.76
2025-03-03 22:00:00,72344.6,119,66548.79,94375.33
2025-03-03 23:00:00,72119.89,104,66537.7,94610.15
2025-03-04 00:00:00,71991.87,104,66519.23,94729.17
2025-03-04 01:00:00,72296.3,110,66507.78,94686.62
2025-03-04 02:00:00,71994.43,118,66534.16,94974.94
2025-03-04 03:00:00,71635.22,128,66490.15,94956.22
2025-03-04 04:00:00,71819.11,136,66472.04,94993.59
2025-03-04 05:00:00,71992.6,142,66449.26,95066.6
2025-03-04 06:00:00,71696.38,142,66474.64,95077.56
2025-03-04 07:00:00,71700.14,150,66502.87,94978.16
2025-03-04 08:00:00,71716.73,154,66459.64,94923.84
2025-03-04 09:00:00,71774.05,164,66434.19,94820.22
2025-03-04 10:00:00,71948.93,169,66437.2,94978.47
2025-03-04 11:00:00,72395.2,171,66450.27,95003.84
2025-03-04 12:00:00,72326.62,168,66427.17,95024.17
2025-03-04 13:00:00,72488.54,159,66408.1,95006.31
2025-03-04 14:00:00,72607.04,145,66438.59,94958.37
2025-03-04 15:00:00,72815.1,158,66480.76,94902.03
2025-03-04 16:00:00,72898.02,143,66445.38,94647.5
2025-03-04 17:00:00,72827.02,137,66467.98,94578.24
2025-03-04 18:00:00,72965.92,130,66486.52,94389.61
2025-03-04 19:00:00,73012.53,121,66483.72,94432.44
2025-03-04 20:00:00,73263.33,119,66453.57,94619.87
2025-03-04 21:00:00,73221.89,124,66503.85,94679.08
2025-03-04 22:00:00,73395.8,111,66495.83,94828.24
2025-03-04 23:00:00,73517.37,111,66473.28,94900.81
2025-03-05 00:00:00,73378.81,112,66435.86,94840.92
2025-03-05 01:00:00,73487.53,124,66420.0,94715.91
2025-03-05 02:00:00,73302.06,118,66416.04,94680.7
2025-03-05 03:00:00,73133.12,123,66378.88,94717.08
2025-03-05 04:00:00,73637.63,131,66393.38,94719.43
2025-03-05 05:00:00,73813.46,143,66430.84,94762.18
2025-03-05 06:00:00,73866.41,144,66404.83,94653.91
2025-03-05 07:00:00,73673.33,154,66447.96,94709.81
2025-03-05 08:00:00,73668.74,171,66440.1,94706.94
2025-03-05 09:00:00,73553.28,181,66455.57,94617.89
2025-03-05 10:00:00,73624.48,187,66431.49,94671.87
2025-03-05 11:00:00,73757.62,176,66441.43,94509.24
2025-03-05 12:00:00,73547.76,174,66492.54,94333.61
2025-03-05 13:00:00,73348.9,163,66489.13,94638.62
2025-03-05 14:00:00,73085.86,158,66486.97,94768.98
2025-03-05 15:00:00,72611.5,147,66526.4,95077.5
2025-03-05 16:00:00,72298.44,156,66503.62,95174.13
2025-03-05 17:00:00,72264.67,157,66483.13,95274.95
2025-03-05 18:00:00,72435.07,138,66468.32,95487.3
2025-03-05 19:00:00,73015.56,133,66425.47,95388.44
2025-03-05 20:00:00,73137.83,127,66376.74,95189.26
2025-03-05 21:00:00,73097.55,127,66383.69,95192.59
2025-03-05 22:00:00,72955.42,126,66387.04,95107.87
2025-03-05 23:00:00,72630.68,127,66422.28,95103.61
2025-03-06 00:00:00,72453.8,136,66404.93,95294.72
2025-03-06 01:00:00,72451.44,135,66402.69,95140.11
2025-03-06 02:00:00,72790.54,137,66435.31,95103.29
2025-03-06 03:00:00,72671.89,134,66454.62,95198.34
2025-03-06 04:00:00,72982.05,131,66454.95,95360.5
2025-03-06 05:00:00,73256.66,138,66473.98,95210.42
2025-03-06 06:00:00,73224.86,132,66524.86,95203.23
2025-03-06 07:00:00,72858.77,148,66523.03,95088.8
2025-03-06 08:00:00,73076.38,156,66492.28,95038.08
2025-03-06 09:00:00,72970.69,169,66490.75,95247.07
2025-03-06 10:00:00,73051.01,168,66514.86,95242.08
2025-03-06 11:00:00,72743.32,174,66553.86,95341.42
2025-03-06 12:00:00,72362.37,173,66545.05,95308.54
2025-03-06 13:00:00,72647.92,174,66526.62,95522.29
2025-03-06 14:00:00,72482.53,159,66516.17,95538.08
2025-03-06 15:00:00,72370.64,158,66541.12,95598.34
2025-03-06 16:00:00,72640.55,151,66559.63,95615.84
2025-03-06 17:00:00,72559.3,131,66552.75,95767.81
2025-03-06 18:00:00,72431.18,125,66489.13,95805.88
2025-03-06 19:00:00,72602.96,124,66528.9,95697.81
2025-03-06 20:00:00,72889.45,115,66491.62,95596.41
2025-03-06 21:00:00,72952.46,105,66453.8,95536.47
2025-03-06 22:00:00,73148.83,115,66462.09,95478.31
2025-03-06 23:00:00,73043.29,114,66537.74,95400.42
2025-03-07 00:00:00,73083.79,115,66576.96,95332.5
2025-03-07 01:00:00,72946.7,118,66551.83,95189.9
2025-03-07 02:00:00,73225.55,120,66488.47,95400.16
2025-03-07 03:00:00,73625.32,131,66466.41,95337.54
2025-03-07 04:00:00,73900.8,129,66431.85,95159.98
2025-03-07 05:00:00,74316.58,132,66478.49,95219.46
2025-03-07 06:00:00,74242.25,151,66498.47,95262.94
2025-03-07 07:00:00,74307.89,154,66449.65,95458.9
2025-03-07 08:00:00,74355.36,158,66426.02,95437.01
2025-03-07 09:00:00,74285.16,146,66399.29,95163.43
2025-03-07 10:00:00,74146.47,165,66377.18,95136.4
2025-03-07 11:00:00,74107.15,166,66438.37,95033.14
2025-03-07 12:00:00,74135.95,163,66489.33,95354.13
2025-03-07 13:00:00,73883.92,173,66481.43,95777.32
2025-03-07 14:00:00,73444.89,158,66509.75,95724.53
2025-03-07 15:00:00,73460.58,159,66525.18,95682.36
2025-03-07 16:00:00,73696.28,158,66509.02,95549.8
2025-03-07 17:00:00,73688.02,142,66532.91,95462.76
2025-03-07 18:00:00,73705.67,136,66574.63,95531.43
2025-03-07 19:00:00,73662.52,121,66511.34,95683.57
2025-03-07 20:00:00,73657.07,118,66482.32,95396.53
2025-03-07 21:00:00,73953.15,101,66463.75,95280.85
2025-03-07 22:00:00,73724.7,109,66471.37,95468.84
2025-03-07 23:00:00,73873.53,108,66454.87,95242.05
2025-03-08 00:00:00,73870.04,105,66454.33,95197.86
2025-03-08 01:00:00,74131.2,102,66482.17,94921.36
2025-03-08 02:00:00,74156.33,101,66528.09,94751.46
2025-03-08 03:00:00,74624.27,114,66519.14,94906.43
2025-03-08 04:00:00,74641.5,118,66537.84,94798.29
2025-03-08 05:00:00,74236.42,117,66559.8,94498.76
2025-03-08 06:00:00,74569.84,124,66570.36,94570.02
2025-03-08 07:00:00,74513.45,132,66557.02,94529.55
2025-03-08 08:00:00,74472.73,153,66536.92,94384.04
2025-03-08 09:00:00,74846.37,148,66573.76,94387.69
2025-03-08 10:00:00,74754.37,152,66583.77,94152.03
2025-03-08 11:00:00,74345.53,140,66617.36,94124.9
2025-03-08 12:00:00,74316.53,137,66627.62,94118.96
2025-03-08 13:00:00,74459.02,130,66639.49,94087.73
2025-03-08 14:00:00,74097.9,136,66670.54,94305.37
2025-03-08 15:00:00,73844.32,131,66674.14,94239.1
2025-03-08 16:00:00,73604.43,124,66616.73,94267.55
2025-03-08 17:00:00,73595.41,122,66647.58,94158.93
2025-03-08 18:00:00,73619.5,119,66665.23,93920.05
2025-03-08 19:00:00,73518.31,103,66643.9,93496.43
2025-03-08 20:00:00,73184.04,102,66648.96,93472.73
2025-03-08 21:00:00,73023.58,92,66669.73,93185.48
2025-03-08 22:00:00,73121.55,85,66721.43,93241.27
2025-03-08 23:00:00,73244.06,98,66753.71,93143.14
2025-03-09 00:00:00,73228.78,94,66729.01,93302.29
2025-03-09 01:00:00,72994.81,90,66734.06,93246.22
2025-03-09 02:00:00,72763.64,99,66783.04,93310.91
2025-03-09 03:00:00,72958.6,100,66740.67,93199.28
2025-03-09 04:00:00,73004.55,105,66705.06,93385.93
2025-03-09 05:00:00,73009.48,104,66701.14,93328.22
2025-03-09 06:00:00,72917.58,116,66654.81,93262.96
2025-03-09 07:00:00,72775.08,118,66660.53,93356.88
2025-03-09 08:00:00,72489.79,128,66646.33,93383.38
2025-03-09 09:00:00,72366.91,138,66639.23,93179.47
2025-03-09 10:00:00,72390.25,137,66619.16,93078.46
2025-03-09 11:00:00,72419.55,138,66653.47,93070.41
2025-03-09 12:00:00,72271.63,131,66598.85,92958.81
2025-03-09 13:00:00,72171.36,133,66542.61,92675.16
2025-03-09 14:00:00,72459.27,131,66518.97,92602.49
2025-03-09 15:00:00,72336.4,132,66481.19,92585.58
2025-03-09 16:00:00,72310.29,137,66429.17,92884.94
2025-03-09 17:00:00,72003.81,118,66423.29,92877.04
2025-03-09 18:00:00,72315.99,112,66404.88,92859.01
2025-03-09 19:00:00,72668.68,109,66422.83,93028.32
2025-03-09 20:00:00,72824.47,113,66406.16,92766.14
2025-03-09 21:00:00,73025.2,98,66392.64,92769.08
2025-03-09 22:00:00,73487.17,88,66413.7,92882.46
2025-03-09 23:00:00,73397.97,93,66426.66,92948.55
2025-03-10 00:00:00,73174.69,104,66426.86,93085.18
2025-03-10 01:00:00,73505.01,99,66427.03,93020.83
2025-03-10 02:00:00,73522.31,102,66408.13,93019.2
2025-03-10 03:00:00,73289.84,109,66392.08,92988.31
2025-03-10 04:00:00,73682.58,110,66344.62,92538.5
2025-03-10 05:00:00,73739.56,128,66378.2,92611.36
2025-03-10 06:00:00,73661.1,143,66342.81,92616.95
2025-03-10 07:00:00,73715.76,138,66384.46,92504.38
2025-03-10 08:00:00,73788.5,132,66397.37,92345.56
2025-03-10 09:00:00,73781.15,134,66370.0,92340.83
2025-03-10 10:00:00,73114.8,138,66391.08,92632.35
2025-03-10 11:00:00,73383.14,138,66359.55,92804.66
2025-03-10 12:00:00,73430.93,143,66364.1,92897.94
2025-03-10 13:00:00,73620.31,146,66348.01,93132.19
2025-03-10 14:00:00,73639.51,143,66312.98,93291.42
2025-03-10 15:00:00,73562.37,142,66309.69,93233.85
2025-03-10 16:00:00,73421.28,145,66265.68,93150.58
2025-03-10 17:00:00,73514.81,124,66324.9,93078.71
2025-03-10 18:00:00,73440.45,116,66348.46,93198.86
2025-03-10 19:00:00,73260.64,119,66351.39,93018.52
2025-03-10 20:00:00,73067.71,104,66329.38,93181.68
2025-03-10 21:00:00,73046.96,92,66341.08,92945.05
2025-03-10 22:00:00,72821.2,92,66368.71,92884.36
2025-03-10 23:00:00,73051.61,97,66385.97,93143.37
2025-03-11 00:00:00,72998.91,92,66430.35,93394.73
2025-03-11 01:00:00,72689.63,107,66405.45,93500.09
2025-03-11 02:00:00,72722.42,114,66400.61,93528.04
2025-03-11 03:00:00,72439.59,120,66419.82,93528.48
2025-03-11 04:00:00,72383.29,126,66396.04,93817.16
2025-03-11 05:00:00,72397.15,128,66367.29,93803.05
2025-03-11 06:00:00,72344.43,127,66377.65,93784.03
2025-03-11 07:00:00,72093.42,143,66364.15,93719.77
2025-03-11 08:00:00,72087.35,150,66355.1,93879.21
2025-03-11 09:00:00,72205.3,150,66356.49,94014.57
2025-03-11 10:00:00,72375.49,144,66347.14,93713.25
2025-03-11 11:00:00,72598.2,155,66367.71,93637.95
2025-03-11 12:00:00,72886.87,159,66335.35,93572.31
2025-03-11 13:00:00,72840.83,162,66389.72,93507.88
2025-03-11 14:00:00,72782.97,153,66379.33,93658.56
2025-03-11 15:00:00,72473.78,144,66355.79,93880.31
2025-03-11 16:00:00,72437.34,133,66335.94,93910.33
2025-03-11 17:00:00,72443.15,144,66328.93,93953.02
2025-03-11 18:00:00,72306.35,138,66346.51,93925.1
2025-03-11 19:00:00,71979.57,130,66309.55,93962.47
2025-03-11 20:00:00,72293.04,130,66304.78,94215.27
2025-03-11 21:00:00,72430.36,124,66330.05,94113.5
2025-03-11 22:00:00,72428.64,114,66319.32,94215.02
2025-03-11 23:00:00,72365.09,121,66323.65,94383.13
2025-03-12 00:00:00,72546.98,135,66371.12,94431.52
2025-03-12 01:00:00,72317.24,130,66355.74,94420.76
2025-03-12 02:00:00,72208.06,126,66353.53,94396.18
2025-03-12 03:00:00,72176.58,128,66376.22,94326.76
2025-03-12 04:00:00,72655.62,140,66349.16,94447.23
2025-03-12 05:00:00,72088.16,142,66354.72,94628.57
2025-03-12 06:00:00,72002.35,148,66325.14,94396.48
2025-03-12 07:00:00,71972.48,148,66302.31,94602.83
2025-03-12 08:00:00,72313.05,152,66292.91,94631.84
2025-03-12 09:00:00,72777.14,161,66292.6,94548.7
2025-03-12 10:00:00,73000.07,169,66274.96,94581.45
2025-03-12 11:00:00,72967.39,161,66276.3,94764.23
2025-03-12 12:00:00,73062.03,168,66215.86,94808.95
2025-03-12 13:00:00,73081.75,170,66249.92,94783.87
2025-03-12 14:00:00,72888.11,165,66233.06,95020.89
2025-03-12 15:00:00,72775.29,157,66296.82,94943.88
2025-03-12 16:00:00,72843.36,147,66300.81,95069.15
2025-03-12 17:00:00,73024.21,145,66260.73,95057.28
2025-03-12 18:00:00,72789.65,147,66279.93,94950.71
2025-03-12 19:00:00,72998.93,136,66251.95,94813.45
2025-03-12 20:00:00,72957.81,123,66250.96,95039.9
2025-03-12 21:00:00,72902.7,131,66218.55,94961.42
2025-03-12 22:00:00,72998.48,123,66191.2,95215.8
2025-03-12 23:00:00,73049.75,118,66174.02,95185.12
2025-03-13 00:00:00,72671.48,120,66166.13,95043.93
2025-03-13 01:00:00,72658.01,122,66188.63,95162.81
2025-03-13 02:00:00,72764.69,137,66189.23,95261.19
2025-03-13 03:00:00,73001.39,132,66212.88,95387.04
2025-03-13 04:00:00,73265.27,126,66201.82,95398.88
2025-03-13 05:00:00,73773.94,141,66209.98,95403.12
2025-03-13 06:00:00,73732.95,148,66236.44,95423.52
2025-03-13 07:00:00,73690.08,151,66252.93,95395.0
2025-03-13 08:00:00,73744.74,150,66230.59,95493.89
2025-03-13 09:00:00,73514.58,160,66286.13,95460.82
2025-03-13 10:00:00,73619.48,166,66279.96,95548.01
2025-03-13 11:00:00,73866.66,169,66287.6,95425.44
2025-03-13 12:00:00,73826.57,169,66299.88,95500.78
2025-03-13 13:00:00,73661.27,171,66278.55,95469.91
2025-03-13 14:00:00,73265.56,168,66259.95,95428.46
2025-03-13 15:00:00,72982.4,162,66250.5,95354.36
2025-03-13 16:00:00,73070.53,160,66255.69,95302.98
2025-03-13 17:00:00,72991.49,154,66289.31,95175.72
2025-03-13 18:00:00,72750.92,144,66257.66,95126.22
2025-03-13 19:00:00,73122.46,130,66268.36,95206.99
2025-03-13 20:00:00,73208.79,124,66295.63,95370.2
2025-03-13 21:00:00,73260.07,119,66353.3,95189.77
2025-03-13 22:00:00,73196.92,115,66306.9,95248.09
2025-03-13 23:00:00,73154.09,115,66288.86,95395.19
2025-03-14 00:00:00,73118.07,115,66302.81,95390.93
2025-03-14 01:00:00,73414.66,126,66294.21,95302.53
2025-03-14 02:00:00,73363.82,135,66301.97,95404.84
2025-03-14 03:00:00,73552.43,117,66311.45,95326.21
2025-03-14 04:00:00,73260.18,131,66302.65,95640.15
2025-03-14 05:00:00,73101.68,127,66334.44,95687.69
2025-03-14 06:00:00,72814.24,128,66360.59,95789.05
2025-03-14 07:00:00,72563.54,136,66385.51,96065.34
2025-03-14 08:00:00,72602.27,145,66396.14,96004.7
2025-03-14 09:00:00,72397.17,150,66397.39,96011.1
2025-03-14 10:00:00,72371.34,159,66419.5,96028.08
2025-03-14 11:00:00,72292.05,165,66454.23,96146.18
2025-03-14 12:00:00,72395.86,144,66460.05,96295.46
2025-03-14 13:00:00,72529.17,154,66450.81,96371.93
2025-03-14 14:00:00,72273.71,153,66448.03,96176.37
2025-03-14 15:00:00,72401.66,141,66445.63,96117.71
2025-03-14 16:00:00,72771.47,139,66470.27,96211.92
2025-03-14 17:00:00,72719.47,137,66512.83,96076.6
2025-03-14 18:00:00,73059.55,126,66507.14,95812.02
2025-03-14 19:00:00,73142.05,122,66494.57,95812.37
2025-03-14 20:00:00,73247.55,131,66495.42,95528.22
2025-03-14 21:00:00,73358.57,114,66498.35,95602.59
2025-03-14 22:00:00,73241.81,116,66477.11,95403.77
2025-03-14 23:00:00,73057.76,119,66496.04,95098.74
2025-03-15 00:00:00,73137.81,119,66505.28,94866.48
2025-03-15 01:00:00,73137.22,114,66533.87,94914.26
2025-03-15 02:00:00,73244.39,110,66578.71,94810.63
2025-03-15 03:00:00,73098.08,109,66553.12,94798.16
2025-03-15 04:00:00,73028.72,106,66523.92,94653.72
2025-03-15 05:00:00,73222.0,125,66482.84,94496.21
2025-03-15 06:00:00,73188.92,134,66479.52,94271.08
2025-03-15 07:00:00,72914.42,144,66458.94,94354.79
2025-03-15 08:00:00,73246.27,132,66469.75,94205.3
2025-03-15 09:00:00,73438.61,145,66471.64,94184.97
2025-03-15 10:00:00,73398.77,143,66497.5,94335.62
2025-03-15 11:00:00,73709.8,132,66520.44,94283.79
2025-03-15 12:00:00,73404.11,135,66496.79,94343.87
2025-03-15 13:00:00,73621.73,139,66452.64,94295.75
2025-03-15 14:00:00,73655.7,133,66446.3,94056.36
2025-03-15 15:00:00,73496.64,139,66455.4,93916.76
2025-03-15 16:00:00,73789.65,127,66476.8,93981.24
2025-03-15 17:00:00,73541.24,111,66483.18,94131.04
2025-03-15 18:00:00,73347.47,113,66457.71,94195.14
2025-03-15 19:00:00,73187.88,118,66478.83,94218.64
2025-03-15 20:00:00,73028.14,103,66465.89,94247.27
2025-03-15 21:00:00,72546.31,106,66509.8,94092.04
2025-03-15 22:00:00,73032.39,103,66549.64,94252.63
2025-03-15 23:00:00,72874.57,110,66571.53,94207.4
2025-03-16 00:00:00,72671.13,114,66588.97,94224.16
2025-03-16 01:00:00,72867.89,105,66601.06,94031.98
2025-03-16 02:00:00,72792.33,102,66621.15,94140.04
2025-03-16 03:00:00,72801.49,105,66601.65,93965.69
2025-03-16 04:00:00,72910.19,98,66611.25,94065.21
2025-03-16 05:00:00,72797.74,95,66649.28,94031.91
2025-03-16 06:00:00,72500.65,108,66661.77,93759.11
2025-03-16 07:00:00,72875.15,116,66641.91,93614.15
2025-03-16 08:00:00,72913.57,127,66658.34,93930.34
2025-03-16 09:00:00,72966.39,134,66653.2,93833.18
2025-03-16 10:00:00,73045.89,124,66623.85,93791.77
2025-03-16 11:00:00,72756.48,140,66606.33,93926.66
2025-03-16 12:00:00,72937.96,152,66575.67,93872.54
2025-03-16 13:00:00,73013.0,143,66597.12,93970.67
2025-03-16 14:00:00,72935.94,133,66606.14,93939.27
2025-03-16 15:00:00,72828.68,126,66610.45,93738.4
2025-03-16 16:00:00,72625.75,119,66609.99,94003.95
2025-03-16 17:00:00,72731.06,122,66571.69,94030.38
2025-03-16 18:00:00,72594.48,112,66581.03,93967.84
2025-03-16 19:00:00,72728.93,97,66584.25,93909.92
2025-03-16 20:00:00,72740.34,86,66636.52,93896.97
2025-03-16 21:00:00,72505.98,94,66714.74,93778.0
2025-03-16 22:00:00,72560.69,96,66718.34,93834.44
2025-03-16 23:00:00,72251.62,97,66735.62,93944.88
2025-03-17 00:00:00,72063.83,91,66711.73,93987.75
2025-03-17 01:00:00,72308.67,107,66724.4,94053.72
2025-03-17 02:00:00,71851.69,120,66732.57,93931.76
2025-03-17 03:00:00,71969.36,134,66720.33,93906.84
2025-03-17 04:00:00,71491.75,115,66716.19,94071.76
2025-03-17 05:00:00,71784.9,130,66698.29,94099.59
2025-03-17 06:00:00,71721.19,125,66663.46,94169.51
2025-03-17 07:00:00,71494.14,131,66663.48,93835.62
2025-03-17 08:00:00,71287.22,144,66627.36,93997.27
2025-03-17 09:00:00,71213.32,152,66615.49,93881.17
2025-03-17 10:00:00,71387.06,159,66630.62,93663.68
2025-03-17 11:00:00,71673.6,149,66636.99,93855.33
2025-03-17 12:00:00,71752.59,147,66611.28,93865.63
2025-03-17 13:00:00,71557.21,150,66623.68,93786.7
2025-03-17 14:00:00,71573.78,140,66614.93,93874.63
2025-03-17 15:00:00,71888.42,127,66611.38,93814.95
2025-03-17 16:00:00,71999.48,124,66558.9,93944.94
2025-03-17 17:00:00,72220.53,132,66501.45,93996.42
2025-03-17 18:00:00,72112.06,131,66456.21,94133.38
2025-03-17 19:00:00,72285.76,128,66483.6,94050.73
2025-03-17 20:00:00,72588.59,110,66465.96,93999.79
2025-03-17 21:00:00,72280.8,105,66468.4,94235.21
2025-03-17 22:00:00,72113.52,106,66446.55,94220.05
2025-03-17 23:00:00,72253.56,110,66478.75,94341.1
2025-03-18 00:00:00,72411.2,101,66449.78,94375.24
2025-03-18 01:00:00,72320.04,95,66424.48,94688.46
2025-03-18 02:00:00,72301.16,104,66443.59,94748.59
2025-03-18 03:00:00,72608.46,114,66442.77,94656.9
2025-03-18 04:00:00,72805.36,124,66470.34,94762.64
2025-03-18 05:00:00,72966.96,123,66490.11,94944.64
2025-03-18 06:00:00,73047.56,130,66525.05,94998.1
2025-03-18 07:00:00,73313.13,153,66497.54,95418.62
2025-03-18 08:00:00,73499.31,152,66543.13,95214.48
2025-03-18 09:00:00,73567.48,151,66533.67,95515.79
2025-03-18 10:00:00,73784.93,153,66521.79,95473.59
2025-03-18 11:00:00,74043.27,153,66577.97,95498.7
2025-03-18 12:00:00,73953.49,154,66596.01,95554.4
2025-03-18 13:00:00,73760.02,160,66601.76,95403.67
2025-03-18 14:00:00,73729.81,170,66608.9,95010.25
2025-03-18 15:00:00,73628.18,154,66616.28,95217.96
2025-03-18 16:00:00,73180.37,151,66609.38,95194.59
2025-03-18 17:00:00,73192.32,149,66592.59,95133.38
2025-03-18 18:00:00,73216.5,136,66599.3,94881.7
2025-03-18 19:00:00,73286.27,129,66656.87,94749.35
2025-03-18 20:00:00,72889.96,122,66683.96,95076.14
2025-03-18 21:00:00,72959.66,133,66708.5,95291.8
2025-03-18 22:00:00,73013.64,136,66654.9,95429.84
2025-03-18 23:00:00,72825.16,130,66630.78,95248.87
2025-03-19 00:00:00,72913.69,124,66647.83,95260.83
2025-03-19 01:00:00,73022.36,142,66611.87,95224.19
2025-03-19 02:00:00,73142.73,136,66577.59,95135.09
2025-03-19 03:00:00,73287.78,132,66634.66,95266.82
2025-03-19 04:00:00,73211.69,137,66638.95,95268.98
2025-03-19 05:00:00,73224.38,154,66633.1,95458.31
2025-03-19 06:00:00,73185.1,149,66646.48,95589.86
2025-03-19 07:00:00,73223.5,143,66606.43,95798.07
2025-03-19 08:00:00,73147.94,148,66588.11,95580.28
2025-03-19 09:00:00,73232.24,160,66589.2,95464.38
2025-03-19 10:00:00,73108.5,172,66622.79,95610.27
2025-03-19 11:00:00,73086.66,169,66544.42,95727.56
2025-03-19 12:00:00,73028.91,166,66557.49,95626.94
2025-03-19 13:00:00,72870.5,154,66552.54,95811.07
2025-03-19 14:00:00,73007.94,150,66549.62,95740.43
2025-03-19 15:00:00,72866.99,145,66546.72,95722.28
2025-03-19 16:00:00,72923.93,142,66542.53,95623.61
2025-03-19 17:00:00,72908.54,138,66516.98,95768.14
2025-03-19 18:00:00,73121.17,142,66510.51,95904.38
2025-03-19 19:00:00,73096.83,142,66500.68,96148.06
2025-03-19 20:00:00,73223.13,142,66512.12,95919.57
2025-03-19 21:00:00,73551.52,149,66485.97,96050.65
2025-03-19 22:00:00,73567.08,131,66510.86,96135.64
2025-03-19 23:00:00,73464.41,133,66526.21,96026.2
2025-03-20 00:00:00,73516.82,131,66495.64,96015.99
2025-03-20 01:00:00,73516.97,125,66469.62,96135.34
2025-03-20 02:00:00,73386.63,129,66455.24,96140.41
2025-03-20 03:00:00,73481.29,136,66446.78,96316.35
2025-03-20 04:00:00,73920.77,138,66457.11,96410.0
2025-03-20 05:00:00,73770.3,127,66397.13,96233.88
2025-03-20 06:00:00,73479.66,132,66338.3,96132.56
2025-03-20 07:00:00,73539.29,159,66300.6,96316.14
2025-03-20 08:00:00,73498.88,168,66318.57,96463.48
2025-03-20 09:00:00,73393.85,170,66340.24,96590.45
2025-03-20 10:00:00,73386.02,165,66384.38,96436.7
2025-03-20 11:00:00,73374.19,172,66380.08,96324.51
2025-03-20 12:00:00,73343.01,169,66387.0,96257.96
2025-03-20 13:00:00,73605.56,170,66434.73,96241.37
2025-03-20 14:00:00,73840.53,164,66493.22,96085.83
2025-03-20 15:00:00,73616.11,169,66516.34,96279.31
2025-03-20 16:00:00,73572.51,157,66529.54,96251.15
2025-03-20 17:00:00,73355.34,139,66548.45,96272.96
2025-03-20 18:00:00,73532.13,133,66541.46,96447.8
2025-03-20 19:00:00,73545.62,124,66539.29,96663.67
2025-03-20 20:00:00,73674.8,113,66548.66,96819.77
2025-03-20 21:00:00,73449.95,110,66553.64,96659.22
2025-03-20 22:00:00,73552.34,113,66547.06,96631.62
2025-03-20 23:00:00,73497.26,115,66584.32,96580.18
2025-03-21 00:00:00,73733.45,106,66589.91,96287.83
2025-03-21 01:00:00,73657.53,117,66610.83,96132.67
2025-03-21 02:00:00,73951.22,107,66587.6,96055.24
2025-03-21 03:00:00,73490.6,121,66560.86,95859.21
2025-03-21 04:00:00,73628.4,125,66570.03,95458.56
2025-03-21 05:00:00,73252.93,141,66562.01,95535.54
2025-03-21 06:00:00,73069.38,133,66520.82,95559.45
2025-03-21 07:00:00,73274.75,143,66470.29,95452.58
2025-03-21 08:00:00,73204.96,147,66514.24,95198.37
2025-03-21 09:00:00,73089.28,161,66486.75,95104.87
2025-03-21 10:00:00,72821.74,162,66510.97,95042.66
2025-03-21 11:00:00,72791.22,155,66534.87,94936.26
2025-03-21 12:00:00,72586.89,149,66505.68,95135.59
2025-03-21 13:00:00,72630.97,150,66501.53,95197.69
2025-03-21 14:00:00,72590.91,156,66512.53,95260.28
2025-03-21 15:00:00,72707.19,144,66548.22,95414.21
2025-03-21 16:00:00,72721.06,131,66542.17,95390.54
2025-03-21 17:00:00,72948.57,122,66528.5,95525.64
2025-03-21 18:00:00,72742.05,110,66531.34,95347.89
2025-03-21 19:00:00,72979.74,107,66527.03,95259.88
2025-03-21 20:00:00,73325.18,111,66534.17,95100.46
2025-03-21 21:00:00,72950.65,98,66517.83,95006.29
2025-03-21 22:00:00,72633.68,103,66528.21,94970.14
2025-03-21 23:00:00,72545.08,99,66507.82,94957.77
2025-03-22 00:00:00,72768.49,106,66531.06,95020.32
2025-03-22 01:00:00,72734.37,107,66579.0,95012.03
2025-03-22 02:00:00,72793.76,118,66607.74,95248.47
2025-03-22 03:00:00,72702.77,108,66566.87,95330.95
2025-03-22 04:00:00,72948.27,116,66570.35,95424.64
2025-03-22 05:00:00,72857.17,127,66587.93,95411.72
2025-03-22 06:00:00,72711.83,127,66547.53,95548.07
2025-03-22 07:00:00,72627.62,139,66554.85,95597.59
2025-03-22 08:00:00,72706.04,150,66547.8,95453.91
2025-03-22 09:00:00,72791.95,137,66574.12,95217.76
2025-03-22 10:00:00,72568.54,128,66630.24,95288.07
2025-03-22 11:00:00,72571.69,147,66595.95,95113.93
2025-03-22 12:00:00,72859.65,146,66558.17,95052.97
2025-03-22 13:00:00,73121.11,145,66536.73,94906.14
2025-03-22 14:00:00,72831.87,136,66588.25,95030.76
2025-03-22 15:00:00,73143.93,133,66562.87,94757.5
2025-03-22 16:00:00,73314.78,132,66546.9,94855.94
2025-03-22 17:00:00,73115.9,121,66559.7,94945.5
2025-03-22 18:00:00,73075.47,111,66592.78,94687.29
2025-03-22 19:00:00,73510.24,88,66551.12,94667.45
2025-03-22 20:00:00,73821.57,81,66543.38,94474.32
2025-03-22 21:00:00,73810.33,94,66530.78,94323.28
2025-03-22 22:00:00,73723.71,95,66523.84,94617.38
2025-03-22 23:00:00,73291.79,96,66511.74,94672.15
2025-03-23 00:00:00,73311.89,94,66518.93,94639.24
2025-03-23 01:00:00,73488.3,91,66555.87,94289.1
2025-03-23 02:00:00,73396.63,109,66499.74,94192.11
2025-03-23 03:00:00,73548.35,104,66514.88,94341.32
2025-03-23 04:00:00,73388.13,107,66502.35,94099.84
2025-03-23 05:00:00,73430.64,126,66468.24,94342.49
2025-03-23 06:00:00,73381.67,117,66447.63,94031.17
2025-03-23 07:00:00,73543.38,131,66496.29,93876.16
2025-03-23 08:00:00,73888.23,151,66466.66,94008.1
2025-03-23 09:00:00,73676.21,133,66460.02,93831.48
2025-03-23 10:00:00,73757.23,139,66430.5,93634.35
2025-03-23 11:00:00,74224.4,139,66424.94,93418.38
2025-03-23 12:00:00,74237.6,128,66440.83,93728.84
2025-03-23 13:00:00,74284.81,140,66420.1,93653.11
2025-03-23 14:00:00,74268.16,152,66410.05,93620.06
2025-03-23 15:00:00,74568.23,135,66391.58,93706.83
2025-03-23 16:00:00,74236.24,124,66352.56,93886.52
2025-03-23 17:00:00,74116.91,126,66370.09,93939.06
2025-03-23 18:00:00,74205.75,116,66425.01,94009.29
2025-03-23 19:00:00,74410.37,106,66459.1,94078.15
2025-03-23 20:00:00,74297.35,102,66434.49,93980.44
2025-03-23 21:00:00,73913.93,98,66414.84,93738.09
2025-03-23 22:00:00,73913.3,97,66375.33,93747.26
2025-03-23 23:00:00,73752.33,92,66402.47,93503.55
2025-03-24 00:00:00,74047.31,88,66374.7,93480.96
2025-03-24 01:00:00,73766.95,102,66323.19,93443.36
2025-03-24 02:00:00,73730.8,106,66317.45,93653.46
2025-03-24 03:00:00,73754.8,103,66366.44,93752.6
2025-03-24 04:00:00,73904.13,115,66338.57,93575.14
2025-03-24 05:00:00,74032.49,122,66364.93,93438.06
2025-03-24 06:00:00,74264.37,127,66364.67,93571.76
2025-03-24 07:00:00,73972.97,130,66372.93,93785.8
2025-03-24 08:00:00,73676.62,142,66385.89,93896.36
2025-03-24 09:00:00,73830.9,134,66345.99,93897.94
2025-03-24 10:00:00,73623.2,121,66377.42,93563.3
2025-03-24 11:00:00,73155.07,134,66368.19,93569.87
2025-03-24 12:00:00,73241.1,142,66318.98,93275.41
2025-03-24 13:00:00,73166.13,140,66341.23,92958.66
2025-03-24 14:00:00,73005.04,147,66333.87,92709.62
2025-03-24 15:00:00,73034.98,146,66359.51,92553.38
2025-03-24 16:00:00,73275.15,134,66378.58,92641.08
2025-03-24 17:00:00,73319.93,119,66417.26,92727.92
2025-03-24 18:00:00,73472.7,123,66397.74,92973.59
2025-03-24 19:00:00,73445.7,114,66393.3,93004.29
2025-03-24 20:00:00,73676.39,95,66373.4,92810.54
2025-03-24 21:00:00,73625.39,100,66403.42,92839.61
2025-03-24 22:00:00,73589.0,109,66431.8,93140.26
2025-03-24 23:00:00,73476.15,119,66446.3,93332.26
2025-03-25 00:00:00,73461.33,119,66458.14,93414.08
2025-03-25 01:00:00,73259.84,112,66422.85,93492.51
2025-03-25 02:00:00,73307.05,106,66430.46,93738.2
2025-03-25 03:00:00,73830.48,107,66417.04,93596.01
2025-03-25 04:00:00,73468.11,123,66425.04,93822.95
2025-03-25 05:00:00,73405.76,134,66454.34,93895.18
2025-03-25 06:00:00,73642.4,137,66443.88,94116.62
2025-03-25 07:00:00,73675.55,153,66422.05,94067.64
2025-03-25 08:00:00,73414.45,167,66413.16,94067.05
2025-03-25 09:00:00,73461.75,161,66378.71,93929.9
2025-03-25 10:00:00,73533.2,160,66401.96,93769.54
2025-03-25 11:00:00,73494.41,164,66371.06,94076.23
2025-03-25 12:00:00,73590.97,164,66339.15,94103.48
2025-03-25 13:00:00,73654.48,156,66329.52,94261.12
2025-03-25 14:00:00,73376.3,148,66364.18,94375.49
2025-03-25 15:00:00,73355.43,138,66360.92,94260.98
2025-03-25 16:00:00,73453.84,147,66383.2,94224.04
2025-03-25 17:00:00,73114.76,146,66407.57,94331.84
2025-03-25 18:00:00,73112.44,135,66445.3,94430.33
2025-03-25 19:00:00,72963.7,123,66440.31,94566.52
2025-03-25 20:00:00,72724.78,126,66459.31,94575.13
2025-03-25 21:00:00,72776.48,132,66439.68,94791.21
2025-03-25 22:00:00,72799.96,123,66436.6,95060.19
2025-03-25 23:00:00,72841.75,115,66450.18,94999.35
2025-03-26 00:00:00,72656.15,116,66429.17,95134.07
2025-03-26 01:00:00,72628.99,103,66453.42,95112.55
2025-03-26 02:00:00,72716.84,114,66482.25,95341.41
2025-03-26 03:00:00,72743.95,121,66488.17,95609.01
2025-03-26 04:00:00,72779.48,134,66498.91,95692.06
2025-03-26 05:00:00,72880.51,142,66476.19,95688.79
2025-03-26 06:00:00,72883.31,137,66458.73,95754.19
2025-03-26 07:00:00,72566.9,155,66478.02,95709.18
2025-03-26 08:00:00,72696.67,171,66459.91,95838.61
2025-03-26 09:00:00,72450.22,177,66474.12,95770.34
2025-03-26 10:00:00,72506.93,173,66427.83,95787.46
2025-03-26 11:00:00,72630.07,183,66460.15,95752.42
2025-03-26 12:00:00,72866.23,174,66441.15,96131.63
2025-03-26 13:00:00,73119.03,181,66445.86,96133.39
2025-03-26 14:00:00,72977.66,156,66428.14,96259.82
2025-03-26 15:00:00,73134.13,149,66433.05,96235.69
2025-03-26 16:00:00,73372.34,141,66393.87,96266.4
2025-03-26 17:00:00,73405.71,139,66406.57,96296.66
2025-03-26 18:00:00,73176.99,133,66377.9,96333.74
2025-03-26 19:00:00,73388.55,123,66316.27,96316.83
2025-03-26 20:00:00,73381.28,117,66308.11,96163.19
2025-03-26 21:00:00,73048.59,112,66287.34,95994.58
2025-03-26 22:00:00,72840.89,98,66258.83,96298.18
2025-03-26 23:00:00,72796.72,103,66246.01,96302.82
2025-03-27 00:00:00,72922.41,114,66221.36,96373.91
2025-03-27 01:00:00,72945.77,120,66224.77,96275.94
2025-03-27 02:00:00,73011.19,127,66268.64,96063.38
2025-03-27 03:00:00,73048.99,130,66275.24,96253.8
2025-03-27 04:00:00,72841.92,132,66286.71,96221.91
2025-03-27 05:00:00,73030.91,132,66326.74,96094.26
2025-03-27 06:00:00,73093.99,143,66275.45,95986.02
2025-03-27 07:00:00,72898.06,153,66311.45,95840.7
2025-03-27 08:00:00,73066.39,147,66319.51,96002.76
2025-03-27 09:00:00,73037.75,159,66289.58,96172.32
2025-03-27 10:00:00,72865.4,172,66298.9,96138.91
2025-03-27 11:00:00,72829.63,172,66340.98,96118.87
2025-03-27 12:00:00,72881.41,166,66359.43,96161.5
2025-03-27 13:00:00,72710.2,177,66397.87,96332.86
2025-03-27 14:00:00,72833.2,169,66397.81,96235.66
2025-03-27 15:00:00,72779.42,164,66380.55,96238.03
2025-03-27 16:00:00,72812.13,140,66377.19,96162.67
2025-03-27 17:00:00,72764.77,129,66390.95,96069.11
2025-03-27 18:00:00,72983.47,137,66386.87,95796.92
2025-03-27 19:00:00,72998.54,131,66397.18,96031.01
2025-03-27 20:00:00,72705.23,128,66391.2,96041.99
2025-03-27 21:00:00,72597.88,127,66418.42,96085.6
2025-03-27 22:00:00,72654.09,123,66387.84,95993.87
2025-03-27 23:00:00,72734.71,132,66372.24,95838.96
2025-03-28 00:00:00,72766.84,131,66391.09,95625.73
2025-03-28 01:00:00,72604.49,138,66426.35,95470.37
2025-03-28 02:00:00,72622.6,127,66435.37,95388.37
2025-03-28 03:00:00,72757.2,123,66468.91,95244.06
2025-03-28 04:00:00,73177.35,131,66491.27,95276.51
2025-03-28 05:00:00,73449.95,145,66497.14,95551.02
2025-03-28 06:00:00,73385.78,154,66511.24,95465.12
2025-03-28 07:00:00,73451.76,145,66525.98,95632.56
2025-03-28 08:00:00,73274.4,152,66535.61,95825.01
2025-03-28 09:00:00,72945.06,155,66509.04,95739.12
2025-03-28 10:00:00,73082.1,147,66530.62,95588.1
2025-03-28 11:00:00,73223.42,153,66520.87,95437.13
2025-03-28 12:00:00,73280.09,155,66539.14,95515.37
2025-03-28 13:00:00,73419.87,157,66488.05,95467.93
2025-03-28 14:00:00,73362.46,157,66486.83,95527.57
2025-03-28 15:00:00,73157.08,160,66494.32,95718.22
2025-03-28 16:00:00,73546.35,155,66557.14,95472.52
2025-03-28 17:00:00,73747.91,131,66596.09,95499.58
2025-03-28 18:00:00,73469.76,121,66606.75,95340.13
2025-03-28 19:00:00,73082.58,127,66600.7,95493.73
2025-03-28 20:00:00,73127.64,124,66626.01,95585.24
2025-03-28 21:00:00,73219.88,113,66657.36,95501.15
2025-03-28 22:00:00,73029.5,99,66629.26,95502.13
2025-03-28 23:00:00,73064.78,100,66600.09,95342.61
2025-03-29 00:00:00,73071.18,95,66583.85,95406.43
2025-03-29 01:00:00,73090.21,100,66587.03,95577.71
2025-03-29 02:00:00,73285.22,114,66596.83,95473.8
2025-03-29 03:00:00,73247.52,108,66607.37,95674.3
2025-03-29 04:00:00,72989.32,103,66620.59,95583.7
2025-03-29 05:00:00,72630.59,117,66641.69,95463.67
2025-03-29 06:00:00,72817.13,125,66662.46,95308.55
2025-03-29 07:00:00,73314.55,140,66668.53,95471.12
2025-03-29 08:00:00,73490.87,135,66660.93,95468.6
2025-03-29 09:00:00,73186.65,146,66618.15,95323.42
2025-03-29 10:00:00,73382.0,159,66589.65,95249.14
2025-03-29 11:00:00,73365.01,158,66572.65,95152.81
2025-03-29 12:00:00,73144.47,159,66577.77,95320.78
2025-03-29 13:00:00,73455.82,141,66657.1,95530.55
2025-03-29 14:00:00,73512.69,136,66701.82,95333.72
2025-03-29 15:00:00,73521.62,126,66720.13,95150.35
2025-03-29 16:00:00,73567.37,131,66705.7,95066.92
2025-03-29 17:00:00,73475.21,123,66716.32,95174.58
2025-03-29 18:00:00,73148.74,108,66742.65,95214.65
2025-03-29 19:00:00,72934.49,104,66716.32,95265.84
2025-03-29 20:00:00,73043.09,110,66723.77,95225.98
2025-03-29 21:00:00,72895.08,101,66715.73,95296.83
2025-03-29 22:00:00,72983.63,98,66711.09,94888.73
2025-03-29 23:00:00,72735.61,92,66706.56,94995.37
2025-03-30 00:00:00,72555.46,88,66638.35,95039.52
2025-03-30 01:00:00,72553.73,103,66646.35,95021.36
2025-03-30 02:00:00,72669.33,101,66594.68,94767.85
2025-03-30 03:00:00,72518.72,112,66572.98,94880.39
2025-03-30 04:00:00,72370.77,119,66513.64,94750.82
2025-03-30 05:00:00,72261.66,127,66540.05,94760.99
2025-03-30 06:00:00,72253.13,123,66475.02,94895.57
2025-03-30 07:00:00,72304.16,148,66451.85,94843.1
2025-03-30 08:00:00,72205.47,153,66431.79,94787.24
2025-03-30 09:00:00,72313.01,160,66445.31,94829.79
2025-03-30 10:00:00,72214.83,155,66472.12,94985.34
2025-03-30 11:00:00,72587.5,147,66468.19,94969.5
2025-03-30 12:00:00,72163.77,149,66481.88,94945.95
2025-03-30 13:00:00,71965.12,149,66476.58,94839.91
2025-03-30 14:00:00,71906.27,144,66534.55,94714.3
2025-03-30 15:00:00,72073.16,139,66532.39,94476.81
2025-03-30 16:00:00,72298.69,128,66486.77,94547.53
2025-03-30 17:00:00,72444.53,129,66474.56,94623.66
2025-03-30 18:00:00,72233.71,114,66500.83,94613.36
2025-03-30 19:00:00,72352.56,113,66516.27,94849.06
2025-03-30 20:00:00,72253.05,94,66522.13,95197.02
2025-03-30 21:00:00,72543.06,100,66539.7,95157.43
2025-03-30 22:00:00,72480.42,92,66566.69,94814.16
2025-03-30 23:00:00,72617.16,99,66547.41,94801.77
2025-03-31 00:00:00,72629.74,90,66544.04,94999.53
2025-03-31 01:00:00,72421.38,96,66538.35,94974.75
2025-03-31 02:00:00,72508.59,103,66540.12,95091.36
2025-03-31 03:00:00,72587.91,111,66521.86,95257.37
2025-03-31 04:00:00,72455.9,125,66549.69,95136.36
2025-03-31 05:00:00,72679.07,107,66576.52,95112.51
2025-03-31 06:00:00,72617.19,111,66582.79,95058.21
2025-03-31 07:00:00,72303.3,124,66563.53,95160.75
2025-03-31 08:00:00,72305.3,136,66556.04,95347.11
2025-03-31 09:00:00,72427.57,158,66589.51,95248.43
2025-03-31 10:00:00,72368.89,158,66578.61,95161.0
2025-03-31 11:00:00,72100.74,155,66573.62,95021.9
2025-03-31 12:00:00,72087.09,160,66573.45,94921.9
2025-03-31 13:00:00,72307.46,143,66627.82,94944.57
2025-03-31 14:00:00,72185.29,137,66644.91,95035.28
2025-03-31 15:00:00,72262.29,127,66665.42,95118.66
2025-03-31 16:00:00,72159.9,128,66684.18,95023.87
2025-03-31 17:00:00,72066.54,131,66694.59,94767.98
2025-03-31 18:00:00,72106.14,123,66686.63,94644.6
2025-03-31 19:00:00,71787.82,113,66674.39,94447.38
2025-03-31 20:00:00,72030.86,108,66651.9,94476.69
2025-03-31 21:00:00,71815.24,121,66671.16,94761.5
2025-03-31 22:00:00,71781.91,108,66667.93,94911.41
2025-03-31 23:00:00,71861.77,93,66658.02,94940.81
2025-04-01 00:00:00,72030.71,98,66648.25,94880.99
2025-04-01 01:00:00,72050.41,106,66642.58,94833.64
2025-04-01 02:00:00,71839.53,106,66644.8,94875.73
2025-04-01 03:00:00,71778.44,109,66639.69,94776.63
2025-04-01 04:00:00,71779.58,124,66625.69,94658.85
2025-04-01 05:00:00,71958.44,129,66670.44,94588.98
2025-04-01 06:00:00,72147.72,134,66668.36,94678.49
2025-04-01 07:00:00,72219.43,126,66725.17,94853.57
2025-04-01 08:00:00,72497.53,143,66739.38,94715.23
2025-04-01 09:00:00,72619.62,154,66725.77,94739.58
2025-04-01 10:00:00,72458.7,144,66719.96,94789.48
2025-04-01 11:00:00,72695.21,147,66717.63,94816.57
2025-04-01 12:00:00,72630.54,142,66715.27,94852.22
2025-04-01 13:00:00,72849.72,143,66677.59,94615.63
2025-04-01 14:00:00,72913.26,158,66652.69,94621.54
2025-04-01 15:00:00,72741.99,148,66708.93,94759.41
2025-04-01 16:00:00,72632.8,147,66684.41,94636.54
2025-04-01 17:00:00,73134.35,139,66690.81,94607.81
2025-04-01 18:00:00,73259.87,130,66731.54,94803.37
2025-04-01 19:00:00,73239.26,120,66729.95,94912.35
2025-04-01 20:00:00,73394.25,126,66689.92,94915.52
2025-04-01 21:00:00,73638.02,129,66639.85,94917.76
2025-04-01 22:00:00,73831.84,117,66665.42,95072.11
2025-04-01 23:00:00,73636.76,106,66581.57,95257.1
2025-04-02 00:00:00,73552.74,100,66566.65,94965.98
2025-04-02 01:00:00,73648.7,107,66592.45,95180.11
2025-04-02 02:00:00,73759.61,114,66617.48,95139.11
2025-04-02 03:00:00,73910.2,120,66655.84,94962.76
2025-04-02 04:00:00,73809.13,128,66642.12,94841.1
2025-04-02 05:00:00,73978.03,132,66676.95,94843.93
2025-04-02 06:00:00,74000.49,132,66684.44,94667.9
2025-04-02 07:00:00,74053.55,146,66717.26,94731.4
2025-04-02 08:00:00,74123.95,148,66728.76,94905.71
2025-04-02 09:00:00,74081.12,160,66683.47,95091.44
2025-04-02 10:00:00,74205.1,162,66666.05,95230.6
2025-04-02 11:00:00,74130.09,175,66678.71,95186.52
2025-04-02 12:00:00,73981.38,157,66666.61,95264.85
2025-04-02 13:00:00,73994.46,161,66686.33,95423.03
2025-04-02 14:00:00,73832.41,161,66680.17,95173.29
2025-04-02 15:00:00,73844.77,144,66676.72,95170.77
2025-04-02 16:00:00,73706.94,136,66661.94,95211.95
2025-04-02 17:00:00,73650.81,138,66641.97,95326.21
2025-04-02 18:00:00,73443.48,136,66627.98,95377.08
2025-04-02 19:00:00,73370.83,132,66639.61,95543.18
2025-04-02 20:00:00,73431.37,131,66659.91,95786.5
2025-04-02 21:00:00,73599.3,123,66667.28,95697.03
2025-04-02 22:00:00,73428.71,124,66702.12,95705.51
2025-04-02 23:00:00,73282.02,116,66727.62,96072.9
2025-04-03 00:00:00,73151.98,123,66690.01,96369.98
2025-04-03 01:00:00,73110.93,134,66661.84,96354.06
2025-04-03 02:00:00,73035.61,127,66719.17,96096.85
2025-04-03 03:00:00,73205.0,123,66693.23,96270.08
2025-04-03 04:00:00,73333.31,123,66726.42,96087.33
2025-04-03 05:00:00,73085.87,132,66725.66,96260.61
2025-04-03 06:00:00,72804.26,142,66778.6,96323.16
2025-04-03 07:00:00,72687.68,152,66751.62,96191.55
2025-04-03 08:00:00,72879.29,162,66723.92,96166.09
2025-04-03 09:00:00,72645.21,172,66721.29,96399.89
2025-04-03 10:00:00,72374.5,170,66684.0,96402.54
2025-04-03 11:00:00,72388.38,165,66702.63,96381.83
2025-04-03 12:00:00,72388.51,169,66687.53,96525.16
2025-04-03 13:00:00,72698.19,162,66711.53,96415.08
2025-04-03 14:00:00,72723.49,158,66685.52,96400.26
2025-04-03 15:00:00,72759.14,156,66649.78,96440.65
2025-04-03 16:00:00,72732.75,155,66670.86,96501.01
2025-04-03 17:00:00,72872.71,129,66681.23,96568.85
2025-04-03 18:00:00,72685.4,122,66695.85,96600.56
2025-04-03 19:00:00,72667.05,113,66712.9,96707.17
2025-04-03 20:00:00,72735.0,126,66710.18,96671.02
2025-04-03 21:00:00,72742.91,114,66713.68,96737.1
2025-04-03 22:00:00,72543.58,109,66676.79,96858.75
2025-04-03 23:00:00,72434.99,118,66685.75,96970.81
2025-04-04 00:00:00,72406.75,115,66633.06,97117.7
2025-04-04 01:00:00,72638.32,121,66650.87,97178.15
2025-04-04 02:00:00,72646.8,123,66600.73,97044.7
2025-04-04 03:00:00,72754.36,128,66668.89,97191.89
2025-04-04 04:00:00,72801.96,129,66712.16,97307.42
2025-04-04 05:00:00,72726.21,140,66732.88,97504.67
2025-04-04 06:00:00,72498.69,149,66708.45,97549.92
2025-04-04 07:00:00,72427.91,158,66714.09,97769.33
2025-04-04 08:00:00,72539.78,169,66729.66,97784.44
2025-04-04 09:00:00,72662.08,171,66792.07,97800.59
2025-04-04 10:00:00,72515.83,152,66849.63,97830.81
2025-04-04 11:00:00,72195.64,146,66846.92,97875.72
2025-04-04 12:00:00,72386.61,144,66895.01,97767.13
2025-04-04 13:00:00,72816.68,147,66882.87,97687.13
2025-04-04 14:00:00,73019.38,150,66875.84,97696.06
2025-04-04 15:00:00,72918.18,148,66868.81,97805.39
2025-04-04 16:00:00,72698.45,140,66864.15,97680.4
2025-04-04 17:00:00,72753.25,144,66867.89,97536.2
2025-04-04 18:00:00,72516.97,131,66854.3,97347.1
2025-04-04 19:00:00,72513.57,124,66871.44,97287.93
2025-04-04 20:00:00,72562.1,118,66828.35,97407.49
2025-04-04 21:00:00,72739.51,116,66823.99,97437.98
2025-04-04 22:00:00,72635.91,121,66847.52,97474.79
2025-04-04 23:00:00,72659.52,115,66851.18,97241.2
2025-04-05 00:00:00,72855.77,118,66838.27,97183.29
2025-04-05 01:00:00,72872.07,111,66769.62,97033.62
2025-04-05 02:00:00,72402.08,121,66811.62,97077.78
2025-04-05 03:00:00,72526.93,122,66796.73,96911.88
2025-04-05 04:00:00,72835.36,127,66791.27,96996.32
2025-04-05 05:00:00,72946.17,115,66780.53,96929.96
2025-04-05 06:00:00,72969.8,128,66755.32,97064.83
2025-04-05 07:00:00,72978.1,131,66778.27,96984.88
2025-04-05 08:00:00,72895.32,149,66754.64,96887.8
2025-04-05 09:00:00,72729.78,157,66738.52,96765.36
2025-04-05 10:00:00,72840.39,163,66714.01,96818.35
2025-04-05 11:00:00,72686.29,166,66760.56,96832.92
2025-04-05 12:00:00,72799.79,155,66778.24,96818.5
2025-04-05 13:00:00,72977.27,152,66815.64,96617.8
2025-04-05 14:00:00,72936.65,160,66874.17,96353.76
2025-04-05 15:00:00,73251.53,141,66892.25,96293.08
2025-04-05 16:00:00,73098.06,131,66895.03,96369.8
2025-04-05 17:00:00,73281.36,125,66835.89,96188.02
2025-04-05 18:00:00,73278.31,107,66863.69,96190.46
2025-04-05 19:00:00,73162.43,106,66815.08,96226.59
2025-04-05 20:00:00,73320.55,92,66834.26,96238.99
2025-04-05 21:00:00,73306.65,95,66842.09,96297.75
2025-04-05 22:00:00,73372.72,93,66837.43,96133.17
2025-04-05 23:00:00,73654.1,99,66833.59,96093.67
2025-04-06 00:00:00,73507.81,92,66789.4,95997.7
2025-04-06 01:00:00,73278.03,97,66777.91,95830.52
2025-04-06 02:00:00,72805.38,98,66733.56,95682.7
2025-04-06 03:00:00,72676.3,96,66753.21,95843.67
2025-04-06 04:00:00,72653.45,99,66753.86,95815.57
2025-04-06 05:00:00,72821.59,113,66715.04,95704.68
2025-04-06 06:00:00,72708.81,125,66680.97,95805.93
2025-04-06 07:00:00,73101.17,114,66659.8,95968.03
2025-04-06 08:00:00,73056.32,131,66657.25,96095.94
2025-04-06 09:00:00,72942.46,132,66707.54,96025.99
2025-04-06 10:00:00,72907.62,144,66723.82,95778.42
2025-04-06 11:00:00,72978.5,157,66724.36,95733.06
2025-04-06 12:00:00,72977.42,148,66755.48,95722.27
2025-04-06 13:00:00,73155.62,143,66742.04,95588.04
2025-04-06 14:00:00,73267.45,147,66751.13,95520.41
2025-04-06 15:00:00,73290.79,136,66716.02,95442.14
2025-04-06 16:00:00,73091.8,119,66744.33,95558.46
2025-04-06 17:00:00,73071.78,109,66717.26,95414.15
2025-04-06 18:00:00,73218.24,95,66701.6,95108.31
2025-04-06 19:00:00,73224.1,94,66764.86,95233.06
2025-04-06 20:00:00,72809.5,106,66724.37,95001.96
2025-04-06 21:00:00,72992.95,95,66739.33,95089.45
2025-04-06 22:00:00,73383.12,89,66742.34,95181.19
2025-04-06 23:00:00,73442.32,97,66754.62,95344.16
2025-04-07 00:00:00,73431.9,103,66782.04,95266.64
2025-04-07 01:00:00,73546.2,89,66732.77,95108.25
2025-04-07 02:00:00,73190.06,85,66787.7,95173.06
2025-04-07 03:00:00,73525.56,97,66796.44,95414.42
2025-04-07 04:00:00,73876.76,101,66788.38,95640.51
2025-04-07 05:00:00,73631.89,107,66764.17,95604.63
2025-04-07 06:00:00,73809.46,121,66752.49,95447.44
2025-04-07 07:00:00,73675.02,136,66746.28,95525.1
2025-04-07 08:00:00,73865.03,137,66750.58,95491.21
2025-04-07 09:00:00,73869.32,139,66740.86,95749.13
2025-04-07 10:00:00,74024.56,141,66730.29,95711.23
2025-04-07 11:00:00,73878.19,151,66738.96,95649.04
2025-04-07 12:00:00,73341.92,147,66762.14,95669.72
2025-04-07 13:00:00,73234.71,148,66761.91,95695.62
2025-04-07 14:00:00,73304.66,143,66788.65,95500.81
2025-04-07 15:00:00,73340.79,140,66817.21,95650.72
2025-04-07 16:00:00,73274.6,131,66817.38,95652.26
2025-04-07 17:00:00,73388.81,119,66774.08,95639.79
2025-04-07 18:00:00,73262.26,96,66792.66,95815.45
2025-04-07 19:00:00,73217.8,95,66823.59,96016.25
2025-04-07 20:00:00,73459.53,110,66856.0,96141.38
2025-04-07 21:00:00,73735.46,98,66845.84,96032.08
2025-04-07 22:00:00,73672.68,112,66865.22,96265.93
2025-04-07 23:00:00,73455.62,110,66934.46,96103.45
2025-04-08 00:00:00,73313.93,114,66941.09,96027.72
2025-04-08 01:00:00,73142.65,104,66952.89,96162.69
2025-04-08 02:00:00,72961.44,114,66949.11,96014.72
2025-04-08 03:00:00,72985.59,116,66938.6,96334.97
2025-04-08 04:00:00,72851.83,123,66964.65,96400.74
2025-04-08 05:00:00,72410.9,132,66992.01,96427.5
2025-04-08 06:00:00,72595.22,139,66983.63,96314.8
2025-04-08 07:00:00,72802.93,153,66980.76,96144.14
2025-04-08 08:00:00,72821.49,168,66973.12,96458.71
2025-04-08 09:00:00,72709.97,152,67007.6,96392.76
2025-04-08 10:00:00,72571.18,150,67033.12,96204.61
2025-04-08 11:00:00,72601.48,160,67024.5,96000.52
2025-04-08 12:00:00,72645.4,160,66995.66,96054.85
2025-04-08 13:00:00,72527.48,147,66994.84,95767.88
2025-04-08 14:00:00,72394.08,157,66998.53,95715.27
2025-04-08 15:00:00,72406.78,150,67007.06,95623.71
2025-04-08 16:00:00,72065.65,146,66961.6,95470.26
2025-04-08 17:00:00,72010.82,153,66959.02,95538.82
2025-04-08 18:00:00,72220.5,146,67001.52,95491.79
2025-04-08 19:00:00,72111.26,140,66985.83,95650.98
2025-04-08 20:00:00,71931.04,127,67014.78,95557.63
2025-04-08 21:00:00,72224.63,110,67030.48,95721.04
2025-04-08 22:00:00,72654.93,111,66993.29,95904.69
2025-04-08 23:00:00,72652.91,109,67009.11,95672.6
2025-04-09 00:00:00,72608.1,99,67016.01,95754.25
2025-04-09 01:00:00,72706.41,109,67035.33,95941.31
2025-04-09 02:00:00,73060.17,117,67021.27,95981.89
2025-04-09 03:00:00,72897.18,114,67006.7,96045.86
2025-04-09 04:00:00,72652.9,132,66983.54,95806.76
2025-04-09 05:00:00,72600.43,140,67009.65,95801.87
2025-04-09 06:00:00,72594.99,154,67009.12,96045.14
2025-04-09 07:00:00,72431.62,153,67050.45,95991.46
2025-04-09 08:00:00,72357.99,165,67034.57,96156.75
2025-04-09 09:00:00,72325.95,170,67026.22,96234.18
2025-04-09 10:00:00,72571.15,179,67010.87,96476.14
2025-04-09 11:00:00,72275.04,172,67049.02,96187.07
2025-04-09 12:00:00,72442.91,159,67048.06,96116.99
2025-04-09 13:00:00,72452.02,172,67036.41,96044.27
2025-04-09 14:00:00,72674.29,163,67069.85,96250.97
2025-04-09 15:00:00,72680.17,150,67018.03,96429.02
2025-04-09 16:00:00,72603.74,157,67028.65,96847.85
2025-04-09 17:00:00,72548.58,153,67010.77,96892.96
2025-04-09 18:00:00,72621.57,146,67023.74,97151.29
2025-04-09 19:00:00,72833.42,132,67019.38,97069.73
2025-04-09 20:00:00,72849.75,124,67015.91,97066.74
2025-04-09 21:00:00,72707.66,129,67009.74,96930.27
2025-04-09 22:00:00,72527.83,114,66991.82,97185.72
2025-04-09 23:00:00,72671.3,111,67038.41,97296.06
2025-04-10 00:00:00,72842.46,107,67022.17,97398.05
2025-04-10 01:00:00,73231.09,115,66971.8,97244.62
2025-04-10 02:00:00,73145.81,120,67043.99,97103.38
2025-04-10 03:00:00,73533.43,137,67045.85,97013.51
2025-04-10 04:00:00,73414.97,148,67093.19,97162.66
2025-04-10 05:00:00,73400.15,142,67143.43,97019.5
2025-04-10 06:00:00,73279.62,140,67179.57,96880.79
2025-04-10 07:00:00,73360.59,148,67178.84,96986.09
2025-04-10 08:00:00,73646.17,157,67179.36,96782.36
2025-04-10 09:00:00,73639.17,161,67181.92,96711.28
2025-04-10 10:00:00,73357.9,164,67197.33,96585.62
2025-04-10 11:00:00,73407.13,159,67216.39,96618.81
2025-04-10 12:00:00,73335.24,152,67174.05,96970.64
2025-04-10 13:00:00,73195.43,156,67122.15,96773.69
2025-04-10 14:00:00,73002.69,150,67170.09,96686.64
2025-04-10 15:00:00,72785.65,159,67237.09,96514.95
2025-04-10 16:00:00,72606.13,150,67228.28,96589.93
2025-04-10 17:00:00,72702.56,147,67243.94,96759.83
2025-04-10 18:00:00,72614.9,129,67315.09,96753.26
2025-04-10 19:00:00,72709.58,142,67303.28,96693.99
2025-04-10 20:00:00,72828.79,120,67312.55,96924.11
2025-04-10 21:00:00,73230.81,126,67328.55,96849.15
2025-04-10 22:00:00,73640.88,110,67345.15,96875.29
2025-04-10 23:00:00,73503.55,107,67324.95,96944.68
2025-04-11 00:00:00,73825.48,120,67336.14,96935.99
2025-04-11 01:00:00,73539.66,125,67372.16,96991.05
2025-04-11 02:00:00,73304.84,128,67355.57,96973.1
2025-04-11 03:00:00,72917.6,135,67364.88,96783.19
2025-04-11 04:00:00,72839.29,136,67373.7,96784.27
2025-04-11 05:00:00,72887.44,132,67382.67,96885.61
2025-04-11 06:00:00,72833.03,131,67412.9,96901.25
2025-04-11 07:00:00,72610.91,150,67416.34,97007.6
2025-04-11 08:00:00,72722.02,144,67457.47,97128.08
2025-04-11 09:00:00,73017.17,164,67476.25,97027.71
2025-04-11 10:00:00,73206.64,172,67483.6,97002.68
2025-04-11 11:00:00,73250.88,172,67493.73,96930.41
2025-04-11 12:00:00,73278.84,173,67471.15,96992.15
2025-04-11 13:00:00,73199.82,170,67430.7,96813.03
2025-04-11 14:00:00,72965.23,167,67452.53,96868.47
2025-04-11 15:00:00,72972.79,145,67446.12,97157.93
2025-04-11 16:00:00,72633.5,138,67467.4,97017.05
2025-04-11 17:00:00,72704.97,135,67487.79,97231.29
2025-04-11 18:00:00,72871.16,129,67519.59,97037.98
2025-04-11 19:00:00,72737.2,123,67487.96,96910.06
2025-04-11 20:00:00,72707.57,124,67482.6,96530.99
2025-04-11 21:00:00,72939.74,106,67467.49,96655.38
2025-04-11 22:00:00,73267.36,110,67490.07,96727.23
2025-04-11 23:00:00,72962.57,111,67520.49,96584.85
2025-04-12 00:00:00,72872.6,100,67528.83,96537.35
2025-04-12 01:00:00,73157.07,110,67491.67,96726.14
2025-04-12 02:00:00,73185.22,108,67497.64,96880.38
2025-04-12 03:00:00,73448.36,104,67488.84,96715.24
2025-04-12 04:00:00,73396.91,114,67479.52,96552.32
2025-04-12 05:00:00,73613.04,131,67452.77,96518.38
2025-04-12 06:00:00,73541.96,135,67457.75,96210.0
2025-04-12 07:00:00,72997.57,147,67506.27,96321.29
2025-04-12 08:00:00,73065.86,154,67537.33,96353.42
2025-04-12 09:00:00,73043.61,144,67519.87,96289.28
2025-04-12 10:00:00,73078.36,151,67543.29,96280.41
2025-04-12 11:00:00,73061.93,155,67542.24,96045.74
2025-04-12 12:00:00,73123.36,139,67553.53,95939.98
2025-04-12 13:00:00,73330.34,124,67530.11,96260.98
2025-04-12 14:00:00,73367.65,126,67488.22,96586.33
2025-04-12 15:00:00,73471.04,132,67482.75,96571.83
2025-04-12 16:00:00,73528.55,123,67464.26,96560.54
2025-04-12 17:00:00,73446.39,130,67464.27,96531.63
2025-04-12 18:00:00,73674.83,120,67453.01,96399.77
2025-04-12 19:00:00,73793.06,129,67466.25,96213.46
2025-04-12 20:00:00,73501.02,127,67458.48,96302.01
2025-04-12 21:00:00,73142.1,119,67469.9,96290.44
2025-04-12 22:00:00,72995.4,104,67462.81,96149.72
2025-04-12 23:00:00,72820.61,114,67505.19,95991.98
2025-04-13 00:00:00,72963.99,116,67502.0,96021.7
2025-04-13 01:00:00,72814.03,105,67518.34,96133.05
2025-04-13 02:00:00,73149.56,108,67540.91,96199.44
2025-04-13 03:00:00,72811.08,110,67517.24,96218.56
2025-04-13 04:00:00,72648.13,106,67542.8,96451.17
2025-04-13 05:00:00,72698.97,111,67549.44,96357.62
2025-04-13 06:00:00,72884.48,112,67586.16,96220.83
2025-04-13 07:00:00,72768.29,118,67598.07,96311.62
2025-04-13 08:00:00,72760.24,127,67571.03,96141.78
2025-04-13 09:00:00,72792.82,145,67584.73,96280.06
2025-04-13 10:00:00,73000.13,150,67583.03,96419.79
2025-04-13 11:00:00,72868.55,139,67526.54,96292.87
2025-04-13 12:00:00,72989.55,133,67544.53,96293.38
2025-04-13 13:00:00,72831.04,146,67535.64,96205.66
2025-04-13 14:00:00,73080.9,130,67537.67,96231.24
2025-04-13 15:00:00,73017.13,112,67509.94,96449.08
2025-04-13 16:00:00,73116.28,117,67504.49,96393.96
2025-04-13 17:00:00,72997.78,100,67501.31,96539.51
2025-04-13 18:00:00,72947.58,103,67554.14,96441.94
2025-04-13 19:00:00,72937.56,106,67565.55,96454.33
2025-04-13 20:00:00,72720.07,103,67563.82,96357.42
2025-04-13 21:00:00,72713.57,102,67546.29,96367.01
2025-04-13 22:00:00,72608.53,99,67496.26,96517.32
2025-04-13 23:00:00,72722.78,88,67427.83,96342.65
2025-04-14 00:00:00,72699.54,96,67391.03,96163.68
2025-04-14 01:00:00,73056.39,107,67418.22,96222.35
2025-04-14 02:00:00,73099.55,110,67409.3,96056.02
2025-04-14 03:00:00,72913.83,122,67409.23,95725.93
2025-04-14 04:00:00,73026.74,122,67377.87,95719.49
2025-04-14 05:00:00,73128.35,127,67372.01,95786.07
2025-04-14 06:00:00,73109.84,127,67349.72,95655.13
2025-04-14 07:00:00,73245.47,134,67325.8,95887.99
2025-04-14 08:00:00,73238.1,141,67330.27,95691.69
2025-04-14 09:00:00,73295.94,135,67379.08,95786.63
2025-04-14 10:00:00,73166.68,134,67399.76,95575.36
2025-04-14 11:00:00,72878.71,142,67377.39,95455.13
2025-04-14 12:00:00,72820.65,134,67363.2,95204.59
2025-04-14 13:00:00,72932.61,150,67357.65,95441.43
2025-04-14 14:00:00,72985.7,141,67395.41,95355.89
2025-04-14 15:00:00,73022.35,138,67324.05,95365.14
2025-04-14 16:00:00,72967.87,149,67381.46,95351.91
2025-04-14 17:00:00,73051.29,133,67382.39,95426.18
2025-04-14 18:00:00,73128.12,122,67433.47,95443.21
2025-04-14 19:00:00,73021.31,119,67420.81,95397.15
2025-04-14 20:00:00,73036.57,109,67401.07,95626.52
2025-04-14 21:00:00,72930.08,106,67363.02,95538.87
2025-04-14 22:00:00,72869.53,110,67373.93,95419.95
2025-04-14 23:00:00,73014.93,112,67346.83,95492.04
2025-04-15 00:00:00,73259.25,114,67391.93,95493.59
2025-04-15 01:00:00,73029.59,107,67404.49,95446.03
2025-04-15 02:00:00,72973.72,112,67430.91,95629.86
2025-04-15 03:00:00,72696.02,114,67427.37,95869.49
2025-04-15 04:00:00,72739.89,135,67475.65,95785.7
2025-04-15 05:00:00,72642.23,135,67525.66,95730.1
2025-04-15 06:00:00,72949.74,131,67510.38,95771.09
2025-04-15 07:00:00,72793.48,133,67514.59,95920.8
2025-04-15 08:00:00,72645.96,148,67504.52,96335.73
2025-04-15 09:00:00,72720.78,159,67483.83,96331.14
2025-04-15 10:00:00,72603.95,158,67487.97,96227.51
2025-04-15 11:00:00,72614.52,155,67498.52,96196.46
2025-04-15 12:00:00,72449.57,154,67533.49,96113.02
2025-04-15 13:00:00,72514.02,165,67548.98,96130.48
2025-04-15 14:00:00,72374.15,160,67552.78,96153.83
2025-04-15 15:00:00,72577.67,157,67549.76,96076.73
2025-04-15 16:00:00,72341.28,152,67530.5,96074.11
2025-04-15 17:00:00,72302.82,137,67615.32,95871.55
2025-04-15 18:00:00,72409.25,128,67590.36,95672.81
2025-04-15 19:00:00,72494.86,122,67576.42,95662.45
2025-04-15 20:00:00,72271.37,112,67587.1,95560.62
2025-04-15 21:00:00,72421.51,123,67615.57,95461.56
2025-04-15 22:00:00,72295.39,120,67600.4,95440.13
2025-04-15 23:00:00,72296.04,138,67570.06,95588.15
2025-04-16 00:00:00,72297.4,124,67537.13,95551.17
2025-04-16 01:00:00,72461.17,136,67584.81,95578.6
2025-04-16 02:00:00,72142.83,142,67556.0,95722.7
2025-04-16 03:00:00,71934.63,147,67571.46,95612.81
2025-04-16 04:00:00,72128.76,145,67645.24,95638.66
2025-04-16 05:00:00,72161.95,157,67645.45,95781.06
2025-04-16 06:00:00,72353.14,162,67647.38,95809.89
2025-04-16 07:00:00,72418.33,161,67641.75,95685.9
2025-04-16 08:00:00,72402.84,155,67674.25,95616.99
2025-04-16 09:00:00,72076.51,147,67711.12,95563.45
2025-04-16 10:00:00,71940.46,173,67786.09,95580.9
2025-04-16 11:00:00,72172.22,175,67799.43,95535.41
2025-04-16 12:00:00,72010.53,170,67859.48,95643.77
2025-04-16 13:00:00,71925.35,167,67853.44,95776.22
2025-04-16 14:00:00,71702.27,155,67861.94,95659.3
2025-04-16 15:00:00,71677.96,164,67851.9,95683.29
2025-04-16 16:00:00,72133.75,156,67883.18,95540.1
2025-04-16 17:00:00,72481.37,148,67864.59,95543.58
2025-04-16 18:00:00,72372.73,150,67862.44,95802.48
2025-04-16 19:00:00,72268.07,141,67888.24,95628.14
2025-04-16 20:00:00,72458.14,128,67859.13,95721.25
2025-04-16 21:00:00,72533.42,132,67911.56,95905.08
2025-04-16 22:00:00,72422.13,130,67940.82,95820.29
2025-04-16 23:00:00,72204.92,124,67961.15,95940.77
2025-04-17 00:00:00,72351.73,125,67918.19,95904.96
2025-04-17 01:00:00,72470.61,131,67909.94,95782.16
2025-04-17 02:00:00,72469.53,123,67870.41,95728.46
2025-04-17 03:00:00,72681.12,143,67896.88,95598.03
2025-04-17 04:00:00,72784.21,137,67876.82,95927.11
2025-04-17 05:00:00,72930.25,140,67832.73,95980.39
2025-04-17 06:00:00,72852.15,156,67812.09,95960.66
2025-04-17 07:00:00,72902.5,145,67791.58,96186.1
2025-04-17 08:00:00,73087.05,160,67751.29,96402.45
2025-04-17 09:00:00,73229.35,162,67740.33,96302.21
2025-04-17 10:00:00,73514.37,166,67769.44,95925.84
2025-04-17 11:00:00,73225.46,159,67770.51,96021.41
2025-04-17 12:00:00,73483.64,153,67777.17,96212.86
2025-04-17 13:00:00,73584.64,161,67777.34,96178.67
2025-04-17 14:00:00,73713.69,164,67784.86,95820.01
2025-04-17 15:00:00,73372.46,165,67763.75,96048.08
2025-04-17 16:00:00,73427.49,149,67761.28,95888.7
2025-04-17 17:00:00,73347.15,143,67764.14,95806.95
2025-04-17 18:00:00,72826.59,139,67716.72,95799.79
2025-04-17 19:00:00,72584.95,127,67716.97,95866.13
2025-04-17 20:00:00,72849.56,110,67677.57,95876.19
2025-04-17 21:00:00,73225.62,117,67699.12,95925.22
2025-04-17 22:00:00,73216.37,105,67706.41,95942.27
2025-04-17 23:00:00,72914.46,113,67707.89,95675.4
2025-04-18 00:00:00,72754.97,109,67719.83,95483.68
2025-04-18 01:00:00,72841.81,114,67696.17,95474.94
2025-04-18 02:00:00,73008.67,126,67694.52,95473.12
2025-04-18 03:00:00,73565.28,121,67674.01,95528.67
2025-04-18 04:00:00,73624.1,123,67656.76,95622.0
2025-04-18 05:00:00,73553.03,139,67703.25,95649.89
2025-04-18 06:00:00,73185.0,137,67656.86,95861.46
2025-04-18 07:00:00,73454.59,145,67741.22,95851.89
2025-04-18 08:00:00,73485.58,137,67706.09,95993.67
2025-04-18 09:00:00,73589.63,140,67703.61,95790.25
2025-04-18 10:00:00,73602.45,142,67723.06,95993.48
2025-04-18 11:00:00,73883.98,137,67711.33,95796.93
2025-04-18 12:00:00,73818.27,147,67697.46,95807.61
2025-04-18 13:00:00,73513.13,149,67729.74,95982.27
2025-04-18 14:00:00,73693.93,142,67740.88,96086.81
2025-04-18 15:00:00,73843.82,145,67731.54,96016.78
2025-04-18 16:00:00,73591.35,138,67695.33,96150.81
2025-04-18 17:00:00,73386.78,137,67720.78,96173.44
2025-04-18 18:00:00,73335.36,118,67728.33,96365.04
2025-04-18 19:00:00,73561.93,116,67714.38,96216.96
2025-04-18 20:00:00,73738.4,114,67687.31,96501.1
2025-04-18 21:00:00,73542.96,100,67654.79,96466.94
2025-04-18 22:00:00,73663.33,111,67670.75,96504.95
2025-04-18 23:00:00,73916.47,99,67682.28,96461.16
2025-04-19 00:00:00,73480.14,102,67742.16,96290.58
2025-04-19 01:00:00,72984.53,120,67771.08,96111.19
2025-04-19 02:00:00,72926.69,113,67789.18,96150.53
2025-04-19 03:00:00,72413.74,106,67800.28,96153.62
2025-04-19 04:00:00,72476.68,118,67793.07,96048.8
2025-04-19 05:00:00,72276.6,117,67811.6,96173.94
2025-04-19 06:00:00,72581.78,128,67790.22,96152.59
2025-04-19 07:00:00,72750.3,136,67814.83,96097.81
2025-04-19 08:00:00,72594.18,141,67835.95,96197.73
2025-04-19 09:00:00,72680.54,138,67879.91,96429.75
2025-04-19 10:00:00,72772.39,134,67907.75,96407.81
2025-04-19 11:00:00,72894.64,147,67906.19,96468.87
2025-04-19 12:00:00,72882.98,145,67849.35,96459.47
2025-04-19 13:00:00,72751.33,136,67873.87,96517.72
2025-04-19 14:00:00,72634.36,139,67902.08,96595.04
2025-04-19 15:00:00,72877.72,125,67866.72,96620.78
2025-04-19 16:00:00,73017.97,117,67833.03,96682.0
2025-04-19 17:00:00,72982.29,123,67840.78,96759.43
2025-04-19 18:00:00,73098.64,116,67859.96,96628.15
2025-04-19 19:00:00,73024.65,120,67839.21,96618.72
2025-04-19 20:00:00,73075.92,107,67864.58,96580.19
2025-04-19 21:00:00,73252.72,108,67800.68,96604.88
2025-04-19 22:00:00,72829.96,97,67799.92,96619.62
2025-04-19 23:00:00,72915.35,101,67824.85,96945.57
2025-04-20 00:00:00,72920.27,95,67801.85,96988.15
2025-04-20 01:00:00,72855.12,100,67806.71,96834.38
2025-04-20 02:00:00,72664.15,93,67789.23,97277.01
2025-04-20 03:00:00,72692.55,86,67784.87,97223.54
2025-04-20 04:00:00,72338.44,90,67744.77,97246.97
2025-04-20 05:00:00,72306.88,112,67736.17,97276.53
2025-04-20 06:00:00,72329.32,133,67718.06,96972.63
2025-04-20 07:00:00,72808.12,136,67727.33,96688.28
2025-04-20 08:00:00,72786.6,135,67717.39,96628.26
2025-04-20 09:00:00,72717.69,135,67697.0,96540.38
2025-04-20 10:00:00,72712.35,138,67681.66,96556.94
2025-04-20 11:00:00,72707.89,142,67668.37,96461.53
2025-04-20 12:00:00,72732.89,127,67687.81,96577.91
2025-04-20 13:00:00,73050.28,143,67663.0,96307.23
2025-04-20 14:00:00,72789.1,135,67673.86,96267.24
2025-04-20 15:00:00,72811.39,134,67673.16,96104.92
2025-04-20 16:00:00,72785.78,121,67701.17,96339.61
2025-04-20 17:00:00,72671.3,111,67679.12,96424.48
2025-04-20 18:00:00,72708.66,118,67669.62,96533.81
2025-04-20 19:00:00,72735.95,118,67657.1,96520.37
2025-04-20 20:00:00,72653.05,105,67580.67,96446.5
2025-04-20 21:00:00,72650.77,84,67563.68,96360.4
2025-04-20 22:00:00,72797.54,85,67571.74,96580.64
2025-04-20 23:00:00,72909.05,98,67557.49,96499.41
2025-04-21 00:00:00,72809.37,96,67522.45,96380.33
2025-04-21 01:00:00,72788.55,95,67567.33,96284.94
2025-04-21 02:00:00,73168.26,104,67551.26,96193.95
2025-04-21 03:00:00,73082.21,116,67520.68,96253.14
2025-04-21 04:00:00,73186.75,129,67501.88,96411.8
2025-04-21 05:00:00,73431.5,117,67478.35,96406.97
2025-04-21 06:00:00,73158.06,126,67498.25,96481.12
2025-04-21 07:00:00,72844.4,144,67525.15,96499.57
2025-04-21 08:00:00,72766.92,158,67564.4,96632.76
2025-04-21 09:00:00,72917.71,142,67546.06,96678.83
2025-04-21 10:00:00,72757.06,147,67516.12,96700.43
2025-04-21 11:00:00,72878.41,148,67545.61,96477.55
2025-04-21 12:00:00,72749.33,156,67588.14,96366.82
2025-04-21 13:00:00,72673.54,146,67568.96,96183.05
2025-04-21 14:00:00,72799.34,137,67531.64,96072.45
2025-04-21 15:00:00,73013.92,132,67546.05,96203.36
2025-04-21 16:00:00,72794.08,125,67539.55,95873.83
2025-04-21 17:00:00,72722.65,127,67523.04,95621.5
2025-04-21 18:00:00,72686.27,118,67566.09,95708.61
2025-04-21 19:00:00,72703.86,124,67576.87,95467.71
2025-04-21 20:00:00,72799.11,105,67612.7,95419.01
2025-04-21 21:00:00,72609.52,110,67603.08,95465.96
2025-04-21 22:00:00,72582.48,109,67571.08,95375.17
2025-04-21 23:00:00,72623.72,107,67604.33,95393.0
2025-04-22 00:00:00,72929.37,113,67631.49,95279.63
2025-04-22 01:00:00,73044.91,109,67647.19,95170.47
2025-04-22 02:00:00,73345.63,110,67592.93,95060.38
2025-04-22 03:00:00,73164.17,109,67578.64,94895.23
2025-04-22 04:00:00,73520.34,115,67569.75,94797.0
2025-04-22 05:00:00,73333.56,111,67544.27,94719.45
2025-04-22 06:00:00,72942.57,134,67570.94,94947.59
2025-04-22 07:00:00,72909.47,133,67611.24,94968.48
2025-04-22 08:00:00,72752.7,123,67666.53,94960.4
2025-04-22 09:00:00,72683.3,126,67679.03,94818.29
2025-04-22 10:00:00,72734.91,144,67691.23,94917.32
2025-04-22 11:00:00,72798.46,149,67658.77,94880.0
2025-04-22 12:00:00,72667.25,146,67604.18,94736.54
2025-04-22 13:00:00,72506.6,146,67602.62,94805.25
2025-04-22 14:00:00,72444.03,146,67537.36,94702.54
2025-04-22 15:00:00,72581.3,142,67575.91,94665.71
2025-04-22 16:00:00,72695.64,132,67553.67,94632.03
2025-04-22 17:00:00,72565.97,130,67570.47,94591.44
2025-04-22 18:00:00,72757.45,124,67602.7,94606.27
2025-04-22 19:00:00,72760.66,127,67616.46,94541.69
2025-04-22 20:00:00,72854.08,128,67637.9,94655.23
2025-04-22 21:00:00,73066.22,115,67643.69,94607.64
2025-04-22 22:00:00,73084.26,124,67666.72,94571.86
2025-04-22 23:00:00,73010.49,110,67687.71,94468.13
2025-04-23 00:00:00,73166.35,101,67674.18,94620.82
2025-04-23 01:00:00,73103.1,124,67679.99,94505.5
2025-04-23 02:00:00,73282.98,131,67705.04,94751.1
2025-04-23 03:00:00,73161.45,122,67725.55,94827.17
2025-04-23 04:00:00,73556.04,133,67709.58,94979.59
2025-04-23 05:00:00,73704.47,133,67726.9,95186.48
2025-04-23 06:00:00,73386.91,140,67722.13,95054.76
2025-04-23 07:00:00,73347.47,152,67722.59,94964.36
2025-04-23 08:00:00,73489.91,147,67682.71,94950.35
2025-04-23 09:00:00,72901.99,153,67674.92,95234.72
2025-04-23 10:00:00,73031.45,154,67666.99,95012.11
2025-04-23 11:00:00,73011.71,152,67659.89,94941.25
2025-04-23 12:00:00,72918.96,155,67635.68,95097.0
2025-04-23 13:00:00,72562.77,166,67621.1,95338.15
2025-04-23 14:00:00,72646.62,165,67641.34,95530.37
2025-04-23 15:00:00,72478.41,173,67693.69,95589.61
2025-04-23 16:00:00,72649.03,167,67673.01,95559.42
2025-04-23 17:00:00,72964.24,147,67673.81,95745.62
2025-04-23 18:00:00,72821.82,137,67717.57,95886.11
2025-04-23 19:00:00,72842.59,141,67670.61,95838.89
2025-04-23 20:00:00,73062.17,134,67707.53,95926.29
2025-04-23 21:00:00,73102.64,119,67687.5,95799.19
2025-04-23 22:00:00,73416.81,117,67706.64,95904.51
2025-04-23 23:00:00,73492.92,111,67668.55,95897.53
2025-04-24 00:00:00,73459.34,114,67644.46,95973.96
2025-04-24 01:00:00,73126.7,138,67603.79,95767.73
2025-04-24 02:00:00,73161.11,132,67615.25,95521.72
2025-04-24 03:00:00,73077.45,136,67637.77,95192.25
2025-04-24 04:00:00,73142.17,145,67633.55,95028.74
2025-04-24 05:00:00,72950.89,136,67639.52,94955.9
2025-04-24 06:00:00,72935.32,142,67680.65,95259.85
2025-04-24 07:00:00,73173.72,160,67677.24,95388.35
2025-04-24 08:00:00,73348.88,149,67687.72,95649.03
2025-04-24 09:00:00,73236.08,154,67678.65,95796.86
2025-04-24 10:00:00,73256.21,153,67703.25,95797.35
2025-04-24 11:00:00,73601.74,166,67716.05,96039.13
2025-04-24 12:00:00,73421.98,161,67729.66,96178.1
2025-04-24 13:00:00,73282.44,160,67733.51,96240.68
2025-04-24 14:00:00,73311.83,162,67772.49,95981.59
2025-04-24 15:00:00,72996.0,158,67763.76,96080.66
2025-04-24 16:00:00,73301.31,156,67757.5,96259.19
2025-04-24 17:00:00,73400.59,145,67768.63,96353.29
2025-04-24 18:00:00,73410.93,137,67752.22,96154.38
2025-04-24 19:00:00,73286.69,130,67703.99,96014.62
2025-04-24 20:00:00,73196.75,110,67693.83,95984.65
2025-04-24 21:00:00,73069.31,119,67708.77,95998.46
2025-04-24 22:00:00,73343.15,108,67711.67,95965.81
2025-04-24 23:00:00,73236.67,115,67735.5,95797.35
2025-04-25 00:00:00,73432.14,120,67750.5,95981.92
2025-04-25 01:00:00,73221.23,116,67785.35,96121.57
2025-04-25 02:00:00,73022.14,111,67710.47,96121.19
2025-04-25 03:00:00,73161.9,128,67740.46,96127.21
2025-04-25 04:00:00,72876.95,137,67718.91,96209.39
2025-04-25 05:00:00,72917.18,136,67677.95,96167.24
2025-04-25 06:00:00,73302.2,133,67688.18,96209.15
2025-04-25 07:00:00,73408.41,143,67663.81,95984.07
2025-04-25 08:00:00,73582.98,149,67659.29,95799.31
2025-04-25 09:00:00,73828.1,154,67689.59,95880.39
2025-04-25 10:00:00,73746.25,165,67695.13,95782.25
2025-04-25 11:00:00,73588.36,162,67717.12,95967.89
2025-04-25 12:00:00,73557.11,163,67670.41,95774.06
2025-04-25 13:00:00,73478.91,144,67701.72,95553.0
2025-04-25 14:00:00,73556.63,143,67718.67,95695.99
2025-04-25 15:00:00,73220.95,138,67710.0,95605.01
2025-04-25 16:00:00,73108.82,125,67764.88,95772.11
2025-04-25 17:00:00,73207.18,127,67752.9,95830.75
2025-04-25 18:00:00,72958.78,120,67755.36,95713.3
2025-04-25 19:00:00,73159.2,119,67724.16,95839.79
2025-04-25 20:00:00,73298.94,108,67727.86,95696.52
2025-04-25 21:00:00,73441.26,107,67792.07,95545.98
2025-04-25 22:00:00,73447.99,115,67784.69,95483.07
2025-04-25 23:00:00,73318.41,99,67765.61,95424.72
2025-04-26 00:00:00,73075.58,104,67814.09,95320.23
2025-04-26 01:00:00,72980.77,97,67816.9,95434.52
2025-04-26 02:00:00,72843.38,98,67804.05,95583.57
2025-04-26 03:00:00,72839.04,95,67769.81,95484.74
2025-04-26 04:00:00,72849.24,106,67803.88,95419.84
2025-04-26 05:00:00,72777.98,119,67807.39,95265.17
2025-04-26 06:00:00,72903.87,121,67793.13,95400.86
2025-04-26 07:00:00,73128.99,137,67829.18,95703.56
2025-04-26 08:00:00,72934.78,131,67811.79,95498.82
2025-04-26 09:00:00,72924.06,135,67823.67,95223.21
2025-04-26 10:00:00,73128.42,137,67861.19,95241.48
2025-04-26 11:00:00,73146.99,143,67888.99,95095.27
2025-04-26 12:00:00,73385.67,143,67877.81,95212.23
2025-04-26 13:00:00,73185.47,139,67878.43,95101.15
2025-04-26 14:00:00,73442.16,135,67868.02,95114.03
2025-04-26 15:00:00,73594.26,121,67826.53,95111.58
2025-04-26 16:00:00,73324.82,128,67845.35,95062.47
2025-04-26 17:00:00,72994.45,124,67846.61,95075.48
2025-04-26 18:00:00,73152.5,113,67842.51,95347.13
2025-04-26 19:00:00,73122.71,109,67846.16,95262.4
2025-04-26 20:00:00,73307.2,109,67837.01,95076.9
2025-04-26 21:00:00,73378.1,108,67860.17,95262.9
2025-04-26 22:00:00,73549.41,101,67831.57,95127.35
2025-04-26 23:00:00,73498.61,100,67863.93,95272.6
2025-04-27 00:00:00,73359.99,99,67867.01,95426.88
2025-04-27 01:00:00,73281.14,107,67916.43,95367.3
2025-04-27 02:00:00,72966.34,86,67892.57,95386.28
2025-04-27 03:00:00,72590.78,114,67907.1,95293.02
2025-04-27 04:00:00,72494.67,107,67877.1,95288.05
2025-04-27 05:00:00,72501.02,105,67845.63,95299.77
2025-04-27 06:00:00,72706.15,115,67849.87,95107.19
2025-04-27 07:00:00,73145.21,120,67828.77,95069.34
2025-04-27 08:00:00,72898.2,134,67853.71,95047.67
2025-04-27 09:00:00,73091.4,130,67897.9,95036.05
2025-04-27 10:00:00,73367.42,125,67862.29,94864.64
2025-04-27 11:00:00,73396.07,117,67875.72,94688.95
2025-04-27 12:00:00,73359.1,132,67833.63,94645.87
2025-04-27 13:00:00,73159.16,139,67822.11,94558.19
2025-04-27 14:00:00,73228.76,133,67854.37,94381.33
2025-04-27 15:00:00,72807.23,116,67873.71,94524.47
2025-04-27 16:00:00,72677.64,124,67858.98,94550.4
2025-04-27 17:00:00,72072.56,114,67884.54,94206.15
2025-04-27 18:00:00,72220.32,115,67916.37,94035.39
2025-04-27 19:00:00,72081.82,129,67901.71,94243.75
2025-04-27 20:00:00,72132.39,115,67908.01,94301.17
2025-04-27 21:00:00,72216.5,110,67870.7,94403.05
2025-04-27 22:00:00,72096.95,99,67820.37,94477.25
2025-04-27 23:00:00,72131.91,99,67805.73,94654.53
2025-04-28 00:00:00,71979.26,96,67834.84,94750.08
2025-04-28 01:00:00,72108.01,104,67805.96,94878.16
2025-04-28 02:00:00,72256.52,114,67772.18,94831.85
2025-04-28 03:00:00,72110.24,118,67741.35,94685.55
2025-04-28 04:00:00,72283.7,119,67760.6,94508.41
2025-04-28 05:00:00,72465.87,115,67730.8,94604.31
2025-04-28 06:00:00,72424.02,130,67711.57,94690.79
2025-04-28 07:00:00,72655.91,127,67686.58,94663.22
2025-04-28 08:00:00,72820.85,126,67675.95,94708.34
2025-04-28 09:00:00,72765.03,124,67639.44,94691.94
2025-04-28 10:00:00,73096.08,134,67655.53,94607.41
2025-04-28 11:00:00,73066.73,139,67608.33,94675.02
2025-04-28 12:00:00,72987.02,130,67607.01,94412.26
2025-04-28 13:00:00,72731.12,142,67581.11,94506.94
2025-04-28 14:00:00,72647.46,141,67617.6,94728.77
2025-04-28 15:00:00,72834.78,134,67631.71,94805.43
2025-04-28 16:00:00,72787.29,123,67650.86,94806.31
2025-04-28 17:00:00,72731.12,135,67685.41,94621.14
2025-04-28 18:00:00,72877.67,128,67650.14,94694.79
2025-04-28 19:00:00,73001.76,106,67611.72,94935.34
2025-04-28 20:00:00,73056.91,104,67613.45,94957.0
2025-04-28 21:00:00,73296.88,100,67620.41,94960.25
2025-04-28 22:00:00,73348.87,96,67626.51,94832.99
2025-04-28 23:00:00,73389.54,84,67683.41,94941.33
2025-04-29 00:00:00,73467.94,95,67661.98,95066.16
2025-04-29 01:00:00,73527.11,99,67680.34,95074.18
2025-04-29 02:00:00,73409.6,98,67720.92,95140.45
2025-04-29 03:00:00,73139.73,106,67678.79,94846.9
2025-04-29 04:00:00,72924.65,111,67674.92,94996.93
2025-04-29 05:00:00,72950.76,118,67691.88,95098.5
2025-04-29 06:00:00,72978.16,141,67689.31,95039.18
2025-04-29 07:00:00,73344.35,154,67711.3,94850.24
2025-04-29 08:00:00,73765.58,157,67710.73,95091.08
2025-04-29 09:00:00,73219.13,149,67719.07,94974.11
2025-04-29 10:00:00,73176.41,159,67771.13,94897.56
2025-04-29 11:00:00,72988.88,158,67754.84,94900.5
2025-04-29 12:00:00,72975.16,150,67757.68,94897.18
2025-04-29 13:00:00,72909.35,160,67774.19,94929.56
2025-04-29 14:00:00,72960.8,158,67772.09,94810.78
2025-04-29 15:00:00,72835.64,167,67766.82,94736.02
2025-04-29 16:00:00,72964.96,153,67765.65,94784.44
2025-04-29 17:00:00,72975.22,147,67738.26,95018.25
2025-04-29 18:00:00,73183.26,131,67749.72,95164.19
2025-04-29 19:00:00,73302.91,136,67732.65,95172.28
2025-04-29 20:00:00,73296.58,123,67785.63,95137.69
2025-04-29 21:00:00,73303.44,111,67773.98,94883.96
2025-04-29 22:00:00,73610.02,115,67783.33,94898.52
2025-04-29 23:00:00,73331.01,116,67814.03,95016.46
2025-04-30 00:00:00,73350.46,112,67755.55,95058.95
2025-04-30 01:00:00,73622.51,119,67769.6,95204.54
2025-04-30 02:00:00,73371.55,129,67769.58,95441.97
2025-04-30 03:00:00,73136.01,139,67788.59,95393.03
2025-04-30 04:00:00,72757.31,136,67822.14,95257.91
2025-04-30 05:00:00,72936.04,144,67855.66,95252.21
2025-04-30 06:00:00,72742.89,141,67860.77,95211.3
2025-04-30 07:00:00,72936.31,145,67851.84,95048.21
2025-04-30 08:00:00,73126.78,158,67832.46,94836.92
2025-04-30 09:00:00,72981.23,146,67855.18,95117.56
2025-04-30 10:00:00,73233.53,165,67839.24,95380.79
2025-04-30 11:00:00,73276.52,157,67834.99,95432.66
2025-04-30 12:00:00,73322.79,162,67827.78,95571.81
2025-04-30 13:00:00,72956.68,159,67818.53,95635.85
2025-04-30 14:00:00,72875.65,144,67836.48,95662.47
2025-04-30 15:00:00,72817.04,153,67821.87,95414.88
2025-04-30 16:00:00,73007.63,150,67889.11,95621.2
2025-04-30 17:00:00,72707.95,162,67936.49,95491.11
2025-04-30 18:00:00,72852.84,151,67922.5,95630.54
2025-04-30 19:00:00,72868.72,129,67877.94,95607.52
2025-04-30 20:00:00,73006.9,126,67874.17,95509.26
2025-04-30 21:00:00,72805.68,115,67858.56,95472.42
2025-04-30 22:00:00,73029.71,108,67826.29,95501.94
2025-04-30 23:00:00,73446.44,115,67837.25,95719.99
2025-05-01 00:00:00,73570.84,107,67868.21,95677.35
2025-05-01 01:00:00,73716.33,119,67861.87,95774.99
2025-05-01 02:00:00,74305.21,124,67911.68,95903.43
2025-05-01 03:00:00,74273.74,135,67914.34,95884.82
2025-05-01 04:00:00,74299.03,130,67933.7,95817.6
2025-05-01 05:00:00,74230.92,139,67958.75,95984.58
2025-05-01 06:00:00,74151.53,138,67926.19,96064.23
2025-05-01 07:00:00,74025.77,137,67879.94,96136.45
2025-05-01 08:00:00,73961.11,153,67864.46,96078.16
2025-05-01 09:00:00,74198.53,168,67844.15,95995.07
2025-05-01 10:00:00,74294.47,170,67807.08,95935.32
2025-05-01 11:00:00,73934.8,176,67819.0,96161.07
2025-05-01 12:00:00,73842.14,159,67819.76,96388.0
2025-05-01 13:00:00,73644.76,164,67846.79,96316.5
2025-05-01 14:00:00,73485.08,156,67813.19,96634.39
2025-05-01 15:00:00,73622.48,145,67825.02,96364.34
2025-05-01 16:00:00,73742.87,146,67811.87,96346.98
2025-05-01 17:00:00,73797.68,147,67766.59,96605.03
2025-05-01 18:00:00,73841.31,137,67782.61,96541.57
2025-05-01 19:00:00,73745.02,125,67777.03,96360.95
2025-05-01 20:00:00,73528.71,123,67776.62,96398.03
2025-05-01 21:00:00,73043.12,125,67785.13,96432.14
2025-05-01 22:00:00,72994.43,121,67823.61,96369.86
2025-05-01 23:00:00,73076.92,129,67803.83,96286.27
2025-05-02 00:00:00,73100.44,118,67845.02,96336.55
2025-05-02 01:00:00,73159.68,121,67802.55,96399.02
2025-05-02 02:00:00,73131.44,128,67818.07,96370.5
2025-05-02 03:00:00,73016.17,128,67782.25,96557.16
2025-05-02 04:00:00,72800.07,132,67747.2,96734.19
2025-05-02 05:00:00,72856.05,145,67719.53,96738.76
2025-05-02 06:00:00,73105.85,143,67728.93,96796.28
2025-05-02 07:00:00,73071.15,140,67751.6,97025.73
2025-05-02 08:00:00,73014.69,143,67790.88,96960.81
2025-05-02 09:00:00,72920.29,148,67800.48,97107.37
2025-05-02 10:00:00,72772.19,162,67745.18,97319.21
2025-05-02 11:00:00,73131.62,154,67742.76,97178.94
2025-05-02 12:00:00,73368.55,155,67733.01,97337.37
2025-05-02 13:00:00,73124.13,144,67758.34,97563.21
2025-05-02 14:00:00,73320.11,156,67777.88,97799.31
2025-05-02 15:00:00,73293.18,148,67810.43,97698.81
2025-05-02 16:00:00,72977.41,147,67793.21,97681.3
2025-05-02 17:00:00,72875.31,140,67791.23,97616.45
2025-05-02 18:00:00,72934.42,119,67737.91,97369.37
2025-05-02 19:00:00,72786.67,113,67759.95,97390.23
2025-05-02 20:00:00,73015.74,111,67736.37,97203.84
2025-05-02 21:00:00,72517.5,113,67721.36,97282.68
2025-05-02 22:00:00,72947.97,111,67727.53,97061.34
2025-05-02 23:00:00,72893.79,102,67738.47,96856.55
2025-05-03 00:00:00,73041.05,102,67780.86,96771.68
2025-05-03 01:00:00,73052.62,100,67754.76,96601.06
2025-05-03 02:00:00,73372.56,106,67736.94,96516.36
2025-05-03 03:00:00,73150.46,100,67725.38,96566.19
2025-05-03 04:00:00,72841.55,125,67711.46,96656.16
2025-05-03 05:00:00,72873.99,125,67732.2,96705.7
2025-05-03 06:00:00,72916.14,125,67705.93,96795.1
2025-05-03 07:00:00,73066.6,146,67729.95,96788.38
2025-05-03 08:00:00,73210.32,136,67718.09,96583.49
2025-05-03 09:00:00,73468.32,142,67704.81,96662.7
2025-05-03 10:00:00,73363.64,150,67777.79,96393.39
2025-05-03 11:00:00,73256.76,153,67793.13,96395.39
2025-05-03 12:00:00,73089.06,152,67800.08,96518.54
2025-05-03 13:00:00,72661.41,154,67814.93,96488.74
2025-05-03 14:00:00,73311.71,136,67874.89,96732.58
2025-05-03 15:00:00,73277.41,125,67834.15,96903.86
2025-05-03 16:00:00,73170.84,129,67812.41,97039.97
2025-05-03 17:00:00,73306.09,130,67817.89,96992.72
2025-05-03 18:00:00,73121.58,118,67798.86,97028.4
2025-05-03 19:00:00,73481.56,111,67776.73,96991.66
2025-05-03 20:00:00,73285.93,104,67756.42,96825.49
2025-05-03 21:00:00,73070.27,92,67779.14,96781.08
2025-05-03 22:00:00,72890.77,101,67818.55,96772.91
2025-05-03 23:00:00,72733.42,98,67833.69,96749.1
2025-05-04 00:00:00,72453.56,104,67851.18,96775.89
2025-05-04 01:00:00,72621.17,94,67855.98,96832.64
2025-05-04 02:00:00,72663.41,94,67841.13,96691.82
2025-05-04 03:00:00,72766.39,96,67889.59,96696.71
2025-05-04 04:00:00,72982.5,111,67900.76,96699.92
2025-05-04 05:00:00,72963.22,107,67920.45,96920.89
2025-05-04 06:00:00,73253.94,120,67859.33,96943.61
2025-05-04 07:00:00,73129.94,124,67916.39,96907.45
2025-05-04 08:00:00,72980.01,132,67952.6,96899.93
2025-05-04 09:00:00,72967.81,142,67972.64,96837.25
2025-05-04 10:00:00,73301.5,128,67951.91,96735.96
2025-05-04 11:00:00,73385.48,125,67926.97,96589.35
2025-05-04 12:00:00,73275.13,125,67931.34,96492.11
2025-05-04 13:00:00,73263.38,132,67950.69,96606.88
2025-05-04 14:00:00,73039.22,139,67979.35,96711.89
2025-05-04 15:00:00,72856.87,136,67984.11,96588.73
2025-05-04 16:00:00,73215.06,141,67951.87,96577.08
2025-05-04 17:00:00,72750.41,119,67936.69,96519.37
2025-05-04 18:00:00,72627.53,121,67936.57,96593.98
2025-05-04 19:00:00,72549.03,114,67950.05,96588.2
2025-05-04 20:00:00,72448.99,105,67980.8,96446.97
2025-05-04 21:00:00,72609.71,105,68014.86,96428.65
2025-05-04 22:00:00,72834.1,100,67976.37,96291.8
2025-05-04 23:00:00,72747.99,87,67958.99,96161.82
2025-05-05 00:00:00,72968.45,90,67938.57,96344.37
2025-05-05 01:00:00,73046.57,92,67939.48,96188.76
2025-05-05 02:00:00,73269.95,93,67942.83,96014.99
2025-05-05 03:00:00,73179.77,95,67932.98,95860.17
2025-05-05 04:00:00,73054.12,95,67939.23,95771.2
2025-05-05 05:00:00,72905.25,110,67981.85,95686.48
2025-05-05 06:00:00,72843.58,119,68000.52,95554.86
2025-05-05 07:00:00,72706.09,118,67954.83,95552.78
2025-05-05 08:00:00,72720.15,127,67936.31,95463.41
2025-05-05 09:00:00,72657.66,133,67959.47,95516.41
2025-05-05 10:00:00,72553.54,129,67972.9,95422.6
2025-05-05 11:00:00,72370.83,139,67990.98,95318.31
2025-05-05 12:00:00,72439.88,127,67989.9,95386.45
2025-05-05 13:00:00,72662.34,115,68031.96,95225.58
2025-05-05 14:00:00,72749.96,132,68046.21,94987.67
2025-05-05 15:00:00,72689.04,129,68096.22,94820.53
2025-05-05 16:00:00,72539.64,135,68067.55,94718.92
2025-05-05 17:00:00,72537.79,128,68077.03,94788.02
2025-05-05 18:00:00,72536.2,128,68030.41,94988.47
2025-05-05 19:00:00,72975.13,122,68000.2,95158.52
2025-05-05 20:00:00,72795.34,116,68009.31,95025.02
2025-05-05 21:00:00,73074.65,108,67991.14,95057.43
2025-05-05 22:00:00,73036.34,109,67932.6,95052.22
2025-05-05 23:00:00,72641.37,115,67951.52,95133.04
2025-05-06 00:00:00,72600.75,96,67992.14,95263.92
2025-05-06 01:00:00,73004.26,92,68016.3,95094.22
2025-05-06 02:00:00,73292.84,99,68053.74,95160.33
2025-05-06 03:00:00,73553.55,112,68050.39,95019.25
2025-05-06 04:00:00,73377.26,129,68017.8,95383.37
2025-05-06 05:00:00,73123.26,130,68049.75,95504.3
2025-05-06 06:00:00,73007.19,132,68080.24,95438.01
2025-05-06 07:00:00,72970.67,138,68089.29,95190.99
2025-05-06 08:00:00,72882.55,147,68079.94,95094.18
2025-05-06 09:00:00,73080.29,149,68116.33,95001.25
2025-05-06 10:00:00,72886.41,151,68115.45,95121.89
2025-05-06 11:00:00,72868.69,164,68080.65,95238.33
2025-05-06 12:00:00,72892.03,158,68036.24,95413.29
2025-05-06 13:00:00,73164.53,154,68024.67,95114.02
2025-05-06 14:00:00,73137.95,144,68068.19,95100.02
2025-05-06 15:00:00,72871.61,147,68030.78,95274.12
2025-05-06 16:00:00,73002.81,141,68054.86,95062.55
2025-05-06 17:00:00,72732.5,125,68026.14,95027.59
2025-05-06 18:00:00,73028.91,122,68012.18,95309.54
2025-05-06 19:00:00,72823.89,118,67986.48,95162.67
2025-05-06 20:00:00,73141.55,120,67952.38,95377.93
2025-05-06 21:00:00,73305.87,123,67931.39,95265.23
2025-05-06 22:00:00,73161.4,125,67951.26,95253.69
2025-05-06 23:00:00,73022.44,127,67924.72,95473.73
2025-05-07 00:00:00,73397.12,123,67933.15,95407.64
2025-05-07 01:00:00,73220.79,129,67933.52,95529.64
2025-05-07 02:00:00,72992.41,118,67915.36,95538.72
2025-05-07 03:00:00,72749.79,138,67928.42,95568.86
2025-05-07 04:00:00,73217.27,135,67920.96,95720.31
2025-05-07 05:00:00,73022.01,136,67935.1,95637.19
2025-05-07 06:00:00,72861.95,143,67932.09,95756.57
2025-05-07 07:00:00,72607.09,143,67900.53,95915.2
2025-05-07 08:00:00,72722.16,140,67890.72,95983.78
2025-05-07 09:00:00,72850.54,142,67884.02,95982.23
2025-05-07 10:00:00,73026.3,156,67863.48,96103.07
2025-05-07 11:00:00,73213.11,162,67893.7,96162.55
2025-05-07 12:00:00,73315.51,158,67839.8,96242.0
2025-05-07 13:00:00,73158.45,147,67820.78,95948.61
2025-05-07 14:00:00,73192.8,152,67841.66,96019.19
2025-05-07 15:00:00,73118.86,142,67863.02,96023.69
2025-05-07 16:00:00,72798.9,148,67816.22,95961.13
2025-05-07 17:00:00,72973.24,143,67791.67,95894.82
2025-05-07 18:00:00,73012.62,136,67800.45,95997.09
2025-05-07 19:00:00,72684.51,126,67788.51,95831.7
2025-05-07 20:00:00,72753.4,114,67828.19,96022.12
2025-05-07 21:00:00,72774.28,120,67840.29,95960.75
2025-05-07 22:00:00,72509.79,117,67903.34,96100.75
2025-05-07 23:00:00,72202.81,113,67867.47,95996.26
2025-05-08 00:00:00,72332.08,118,67834.37,96022.06
2025-05-08 01:00:00,72243.86,111,67805.59,96087.71
2025-05-08 02:00:00,72687.56,112,67804.33,96028.1
2025-05-08 03:00:00,72848.22,120,67827.88,96225.17
2025-05-08 04:00:00,72782.49,124,67803.61,96622.51
2025-05-08 05:00:00,72642.45,129,67759.38,96748.79
2025-05-08 06:00:00,72930.69,148,67749.92,96799.27
2025-05-08 07:00:00,72984.86,159,67762.04,96877.92
2025-05-08 08:00:00,72605.21,159,67775.83,97104.84
2025-05-08 09:00:00,72947.48,161,67850.66,97127.29
2025-05-08 10:00:00,73124.17,159,67865.36,97147.22
2025-05-08 11:00:00,73468.76,163,67858.39,97193.26
2025-05-08 12:00:00,73950.9,159,67864.84,97408.21
2025-05-08 13:00:00,73685.21,154,67877.25,97522.58
2025-05-08 14:00:00,73796.95,151,67860.45,97541.28
2025-05-08 15:00:00,73986.96,150,67873.24,97426.22
2025-05-08 16:00:00,74463.29,146,67880.53,97403.39
2025-05-08 17:00:00,74449.49,152,67909.54,97377.54
2025-05-08 18:00:00,74394.35,146,67848.21,97209.06
2025-05-08 19:00:00,74581.97,127,67864.74,97294.38
2025-05-08 20:00:00,74410.28,136,67861.3,97017.04
2025-05-08 21:00:00,74490.58,113,67820.98,97023.59
2025-05-08 22:00:00,74483.16,116,67821.98,96766.2
2025-05-08 23:00:00,74490.46,109,67815.71,97030.98
2025-05-09 00:00:00,74306.9,110,67828.69,96890.79
2025-05-09 01:00:00,74148.88,117,67848.97,96979.82
2025-05-09 02:00:00,73898.34,113,67847.57,96840.63
2025-05-09 03:00:00,73903.36,122,67856.55,96760.82
2025-05-09 04:00:00,74075.61,118,67878.22,97040.07
2025-05-09 05:00:00,74038.1,127,67895.04,97036.68
2025-05-09 06:00:00,73873.12,139,67916.99,97046.92
2025-05-09 07:00:00,73747.06,150,67907.48,96930.63
2025-05-09 08:00:00,73759.04,153,67910.45,96665.23
2025-05-09 09:00:00,73582.83,146,67932.43,96694.62
2025-05-09 10:00:00,73340.64,156,67944.16,96677.14
2025-05-09 11:00:00,73305.28,157,67898.5,96597.94
2025-05-09 12:00:00,73199.91,143,67910.25,96693.51
2025-05-09 13:00:00,73461.56,139,67920.47,96605.07
2025-05-09 14:00:00,73712.81,142,67923.79,96525.25
2025-05-09 15:00:00,73606.75,135,67958.33,96598.62
2025-05-09 16:00:00,73902.49,135,67969.92,96476.83
2025-05-09 17:00:00,74101.41,126,67988.35,96436.28
2025-05-09 18:00:00,74088.47,127,67964.49,96229.85
2025-05-09 19:00:00,73726.59,119,67973.03,96357.87
2025-05-09 20:00:00,73750.83,116,67964.95,96425.9
2025-05-09 21:00:00,73558.78,126,67932.47,96527.22
2025-05-09 22:00:00,73507.89,121,67925.33,96755.3
2025-05-09 23:00:00,73627.03,112,67915.53,96887.74
2025-05-10 00:00:00,73610.09,95,67917.7,96864.46
2025-05-10 01:00:00,73505.69,104,67922.06,96519.95
2025-05-10 02:00:00,73624.79,98,67906.24,96615.75
2025-05-10 03:00:00,73462.76,116,67884.25,96676.76
2025-05-10 04:00:00,73418.12,106,67954.12,96676.75
2025-05-10 05:00:00,73343.94,123,67938.05,96608.31
2025-05-10 06:00:00,73500.98,117,67935.44,96532.11
2025-05-10 07:00:00,73274.8,121,67886.21,96614.64
2025-05-10 08:00:00,73408.64,134,67824.85,96641.79
2025-05-10 09:00:00,73216.62,145,67866.81,96965.05
2025-05-10 10:00:00,73387.03,148,67882.86,96845.6
2025-05-10 11:00:00,73215.24,150,67898.3,96779.77
2025-05-10 12:00:00,73314.69,155,67879.61,96672.92
2025-05-10 13:00:00,73273.64,143,67877.85,96542.8
2025-05-10 14:00:00,73178.82,146,67900.88,96603.35
2025-05-10 15:00:00,73030.62,140,67880.29,96636.04
2025-05-10 16:00:00,73129.56,128,67846.61,96389.91
2025-05-10 17:00:00,73273.98,123,67814.17,96260.55
2025-05-10 18:00:00,73077.84,109,67830.32,96172.76
2025-05-10 19:00:00,73098.1,106,67830.59,96133.97
2025-05-10 20:00:00,73296.48,102,67801.1,95998.95
2025-05-10 21:00:00,73160.14,90,67796.96,95871.12
2025-05-10 22:00:00,73111.44,91,67779.38,95753.62
2025-05-10 23:00:00,73105.32,101,67740.69,95523.23
2025-05-11 00:00:00,72974.81,92,67729.42,95615.39
2025-05-11 01:00:00,72656.43,95,67713.11,95591.96
2025-05-11 02:00:00,72899.51,99,67733.34,95519.52
2025-05-11 03:00:00,73206.59,99,67696.65,95623.78
2025-05-11 04:00:00,73128.28,116,67702.37,95369.65
2025-05-11 05:00:00,73144.61,112,67693.64,95310.78
2025-05-11 06:00:00,73251.24,120,67645.52,95437.28
2025-05-11 07:00:00,73096.43,125,67630.05,95271.7
2025-05-11 08:00:00,73004.58,133,67667.02,95290.16
2025-05-11 09:00:00,72843.16,124,67687.83,95347.73
2025-05-11 10:00:00,72800.64,135,67681.16,95275.1
2025-05-11 11:00:00,72612.36,132,67703.1,95336.46
2025-05-11 12:00:00,72504.62,136,67701.02,95141.93
2025-05-11 13:00:00,72366.08,137,67679.07,95077.76
2025-05-11 14:00:00,72542.63,121,67743.09,94874.32
2025-05-11 15:00:00,72379.99,116,67720.39,94573.99
2025-05-11 16:00:00,72652.93,129,67736.26,94517.52
2025-05-11 17:00:00,72942.39,126,67741.23,94463.55
2025-05-11 18:00:00,73102.99,122,67786.81,94378.99
2025-05-11 19:00:00,73049.24,107,67811.91,94395.6
2025-05-11 20:00:00,73263.78,102,67826.94,94299.98
2025-05-11 21:00:00,73330.29,100,67835.97,94166.62
2025-05-11 22:00:00,73584.16,91,67840.65,94262.37
2025-05-11 23:00:00,73540.19,88,67790.72,94166.46
2025-05-12 00:00:00,73357.71,97,67838.27,94211.55
2025-05-12 01:00:00,73331.97,98,67824.79,94075.92
2025-05-12 02:00:00,73535.04,117,67809.2,94085.52
2025-05-12 03:00:00,73452.99,111,67805.57,94171.37
2025-05-12 04:00:00,73372.9,113,67805.18,94123.56
2025-05-12 05:00:00,73407.27,108,67792.82,94287.15
2025-05-12 06:00:00,73377.97,126,67849.29,94175.09
2025-05-12 07:00:00,73053.87,129,67814.67,94231.24
2025-05-12 08:00:00,73196.27,133,67814.62,94333.61
2025-05-12 09:00:00,73213.57,146,67838.96,94185.57
2025-05-12 10:00:00,73274.27,145,67844.49,94050.77
2025-05-12 11:00:00,73109.97,145,67894.33,94065.55
2025-05-12 12:00:00,73285.73,140,67879.61,94268.95
2025-05-12 13:00:00,73372.99,142,67867.32,94428.5
2025-05-12 14:00:00,73322.31,154,67880.88,94297.05
2025-05-12 15:00:00,73255.18,137,67901.83,94276.3
2025-05-12 16:00:00,72623.03,132,67941.75,94130.8
2025-05-12 17:00:00,71837.72,125,67958.17,94188.67
2025-05-12 18:00:00,71878.57,120,67963.97,94257.48
2025-05-12 19:00:00,72063.77,114,67976.96,94232.62
2025-05-12 20:00:00,72150.2,110,68001.7,94274.26
2025-05-12 21:00:00,71985.56,104,67978.32,94263.2
2025-05-12 22:00:00,72409.34,94,67984.43,94281.01
2025-05-12 23:00:00,72358.76,108,67947.83,94414.09
2025-05-13 00:00:00,72254.9,112,67970.59,94360.88
2025-05-13 01:00:00,71971.82,107,67938.19,94452.63
2025-05-13 02:00:00,71930.07,96,67896.47,94349.04
2025-05-13 03:00:00,72154.97,112,67825.34,94056.78
2025-05-13 04:00:00,72499.15,118,67861.79,94125.75
2025-05-13 05:00:00,72420.54,113,67822.13,94104.43
2025-05-13 06:00:00,72364.73,120,67793.81,94222.15
2025-05-13 07:00:00,71970.54,124,67769.05,94216.76
2025-05-13 08:00:00,72086.72,132,67706.06,94416.27
2025-05-13 09:00:00,71846.05,146,67733.2,94503.99
2025-05-13 10:00:00,71659.43,155,67731.13,94605.87
2025-05-13 11:00:00,71967.62,158,67746.58,94720.85
2025-05-13 12:00:00,71814.66,155,67789.4,94802.45
2025-05-13 13:00:00,71565.14,159,67816.8,95002.01
2025-05-13 14:00:00,71840.03,153,67809.19,94830.55
2025-05-13 15:00:00,71742.96,152,67843.71,94722.37
2025-05-13 16:00:00,72237.25,151,67801.47,94803.96
2025-05-13 17:00:00,72248.21,140,67844.48,94710.89
2025-05-13 18:00:00,72201.34,129,67822.6,94338.81
2025-05-13 19:00:00,72360.56,135,67810.59,93916.47
2025-05-13 20:00:00,72615.55,124,67781.62,93930.69
2025-05-13 21:00:00,72714.0,105,67748.43,93979.06
2025-05-13 22:00:00,72880.45,106,67768.97,93809.09
2025-05-13 23:00:00,72775.19,110,67809.39,93831.9
2025-05-14 00:00:00,72689.0,111,67822.41,94258.25
2025-05-14 01:00:00,72568.99,117,67838.23,94454.99
2025-05-14 02:00:00,72660.0,122,67844.35,94661.09
2025-05-14 03:00:00,72817.78,119,67858.58,94570.61
2025-05-14 04:00:00,72615.39,116,67830.79,94666.41
2025-05-14 05:00:00,72542.99,125,67869.21,94824.71
2025-05-14 06:00:00,72882.91,128,67803.41,94700.03
2025-05-14 07:00:00,72795.54,140,67797.41,94822.59
2025-05-14 08:00:00,72871.07,144,67791.55,94623.14
2025-05-14 09:00:00,72656.91,143,67742.31,94732.92
2025-05-14 10:00:00,72690.59,159,67780.65,94681.2
2025-05-14 11:00:00,72523.49,157,67784.55,94517.1
2025-05-14 12:00:00,72520.67,155,67780.89,94628.67
2025-05-14 13:00:00,72660.77,166,67764.18,94720.52
2025-05-14 14:00:00,72718.05,162,67744.05,94906.4
2025-05-14 15:00:00,72651.17,150,67744.5,94816.9
2025-05-14 16:00:00,72754.36,153,67715.36,95158.78
2025-05-14 17:00:00,72721.11,151,67753.88,95128.71
2025-05-14 18:00:00,72702.33,153,67731.36,95051.32
2025-05-14 19:00:00,72652.58,148,67709.89,95069.32
2025-05-14 20:00:00,72826.62,145,67692.39,95196.44
2025-05-14 21:00:00,72944.62,135,67696.23,95343.81
2025-05-14 22:00:00,72876.15,125,67674.5,95477.06
2025-05-14 23:00:00,72909.86,124,67662.62,95392.61
2025-05-15 00:00:00,72858.25,118,67672.34,95078.69
2025-05-15 01:00:00,72820.19,116,67624.03,94957.82
2025-05-15 02:00:00,72842.35,111,67589.33,94936.84
2025-05-15 03:00:00,73074.88,125,67597.1,94812.74
2025-05-15 04:00:00,73028.48,142,67642.25,94775.63
2025-05-15 05:00:00,73411.67,145,67656.33,94805.25
2025-05-15 06:00:00,73117.99,152,67653.06,95083.07
2025-05-15 07:00:00,73200.38,146,67677.11,95210.39
2025-05-15 08:00:00,73211.93,154,67672.57,95282.44
2025-05-15 09:00:00,73297.94,157,67685.92,95404.34
2025-05-15 10:00:00,73546.29,159,67637.43,95260.28
2025-05-15 11:00:00,73276.1,168,67649.34,95146.56
2025-05-15 12:00:00,73134.37,172,67667.43,95112.14
2025-05-15 13:00:00,72891.56,159,67685.22,95239.52
2025-05-15 14:00:00,72899.51,162,67694.24,95220.27
2025-05-15 15:00:00,72333.98,152,67719.68,95251.8
2025-05-15 16:00:00,72298.18,153,67723.09,95081.89
2025-05-15 17:00:00,71948.67,138,67718.18,95260.24
2025-05-15 18:00:00,71916.29,125,67715.08,95418.56
2025-05-15 19:00:00,72052.47,122,67694.93,95736.12
2025-05-15 20:00:00,71797.78,114,67712.33,95828.22
2025-05-15 21:00:00,71938.14,116,67693.82,95861.51
2025-05-15 22:00:00,72103.22,109,67684.58,95669.7
2025-05-15 23:00:00,71676.44,95,67707.07,95723.28
2025-05-16 00:00:00,71555.93,99,67726.83,95812.66
2025-05-16 01:00:00,71608.47,109,67702.36,95761.34
2025-05-16 02:00:00,71657.58,119,67676.87,95882.99
2025-05-16 03:00:00,71800.79,110,67603.54,95932.41
2025-05-16 04:00:00,71917.6,123,67575.55,95849.0
2025-05-16 05:00:00,72321.7,131,67529.61,96027.45
2025-05-16 06:00:00,72317.05,145,67534.51,96223.07
2025-05-16 07:00:00,72543.91,140,67543.73,96141.34
2025-05-16 08:00:00,72440.54,149,67515.95,96120.61
2025-05-16 09:00:00,72332.45,151,67555.53,95958.5
2025-05-16 10:00:00,72514.55,160,67544.84,95718.87
2025-05-16 11:00:00,72332.89,175,67560.75,95911.46
2025-05-16 12:00:00,72356.02,157,67496.54,95988.95
2025-05-16 13:00:00,72208.2,158,67479.92,95967.96
2025-05-16 14:00:00,72312.74,155,67450.94,95985.48
2025-05-16 15:00:00,72594.69,149,67367.25,95925.63
2025-05-16 16:00:00,72539.54,135,67428.74,96070.48
2025-05-16 17:00:00,72460.95,135,67370.72,95997.14
2025-05-16 18:00:00,72268.07,136,67344.11,95927.14
2025-05-16 19:00:00,72494.82,124,67409.45,95900.71
2025-05-16 20:00:00,72556.61,124,67388.4,95814.99
2025-05-16 21:00:00,72690.0,118,67363.21,96042.64
2025-05-16 22:00:00,72895.78,110,67382.89,96259.89
2025-05-16 23:00:00,72697.35,114,67389.37,96347.25
2025-05-17 00:00:00,72277.66,112,67390.99,95943.59
2025-05-17 01:00:00,72498.42,122,67388.09,96053.05
2025-05-17 02:00:00,72449.82,124,67395.4,95847.18
2025-05-17 03:00:00,72611.9,128,67380.65,95591.86
2025-05-17 04:00:00,72771.35,124,67379.41,95638.93
2025-05-17 05:00:00,73041.16,124,67374.9,95752.76
2025-05-17 06:00:00,72650.2,128,67357.75,95867.83
2025-05-17 07:00:00,72630.35,130,67337.62,96130.93
2025-05-17 08:00:00,73113.73,132,67308.0,96075.21
2025-05-17 09:00:00,72976.23,133,67331.26,96088.07
2025-05-17 10:00:00,73116.44,142,67318.07,96198.96
2025-05-17 11:00:00,73060.22,133,67274.98,96211.41
2025-05-17 12:00:00,72700.21,141,67256.45,96199.76
2025-05-17 13:00:00,72630.56,133,67204.74,96265.01
2025-05-17 14:00:00,72386.12,121,67212.51,96116.97
2025-05-17 15:00:00,72312.25,116,67224.61,95972.56
2025-05-17 16:00:00,72242.97,102,67220.03,95817.53
2025-05-17 17:00:00,72594.14,109,67224.88,95892.56
2025-05-17 18:00:00,72520.73,105,67263.77,95805.0
2025-05-17 19:00:00,72837.17,102,67175.4,95491.9
2025-05-17 20:00:00,72818.16,102,67153.32,95388.32
2025-05-17 21:00:00,72676.66,96,67149.27,95429.61
2025-05-17 22:00:00,72850.57,82,67127.54,95311.61
2025-05-17 23:00:00,73035.76,82,67132.13,95261.16
2025-05-18 00:00:00,73255.62,77,67147.38,95335.67
2025-05-18 01:00:00,73315.64,87,67137.19,95811.92
2025-05-18 02:00:00,73231.08,92,67104.0,95600.26
2025-05-18 03:00:00,73381.59,102,67100.81,95585.45
2025-05-18 04:00:00,73217.88,101,67133.23,95609.46
2025-05-18 05:00:00,73135.1,102,67091.13,95841.07
2025-05-18 06:00:00,72713.91,121,67099.51,95957.18
2025-05-18 07:00:00,72719.31,132,67099.11,95984.53
2025-05-18 08:00:00,72887.31,141,67118.92,96030.01
2025-05-18 09:00:00,72793.25,136,67146.52,96045.43
2025-05-18 10:00:00,72592.37,147,67128.92,95861.87
2025-05-18 11:00:00,72612.74,138,67112.83,95927.8
2025-05-18 12:00:00,72314.09,142,67135.87,95700.9
2025-05-18 13:00:00,72899.25,135,67123.49,95752.46
2025-05-18 14:00:00,72912.44,131,67149.12,95855.54
2025-05-18 15:00:00,73055.96,123,67129.38,95967.04
2025-05-18 16:00:00,72876.08,130,67155.82,95845.56
2025-05-18 17:00:00,72759.63,131,67163.21,95620.82
2025-05-18 18:00:00,72721.24,125,67151.56,95722.16
2025-05-18 19:00:00,72483.86,104,67151.05,95666.99
2025-05-18 20:00:00,72215.62,98,67183.55,95870.63
2025-05-18 21:00:00,72490.41,98,67192.68,95947.81
2025-05-18 22:00:00,72199.39,92,67209.53,96098.74
2025-05-18 23:00:00,72183.51,85,67242.28,95942.29
2025-05-19 00:00:00,72344.05,77,67259.43,95782.76
2025-05-19 01:00:00,72240.47,86,67248.07,95843.21
2025-05-19 02:00:00,72347.56,86,67265.22,95917.41
2025-05-19 03:00:00,71617.85,90,67296.51,95985.03
2025-05-19 04:00:00,71659.74,110,67282.73,96061.82
2025-05-19 05:00:00,71766.2,118,67278.91,96113.1
2025-05-19 06:00:00,71652.05,111,67318.8,95939.91
2025-05-19 07:00:00,71618.87,125,67265.78,96037.99
2025-05-19 08:00:00,71610.37,136,67271.62,95939.19
2025-05-19 09:00:00,71502.05,140,67229.76,96051.16
2025-05-19 10:00:00,71595.11,141,67213.85,96111.21
2025-05-19 11:00:00,71569.45,148,67201.69,96168.4
2025-05-19 12:00:00,71872.46,141,67200.67,96172.87
2025-05-19 13:00:00,71842.59,151,67182.17,96295.53
2025-05-19 14:00:00,71643.49,139,67225.62,96274.97
2025-05-19 15:00:00,71685.14,138,67217.33,96085.31
2025-05-19 16:00:00,71745.1,132,67211.59,96104.28
2025-05-19 17:00:00,71596.7,132,67162.77,96029.15
2025-05-19 18:00:00,71769.8,126,67183.26,96068.11
2025-05-19 19:00:00,71717.52,117,67190.5,96230.62
2025-05-19 20:00:00,71779.58,110,67164.13,96075.78
2025-05-19 21:00:00,71893.79,100,67172.05,95863.49
2025-05-19 22:00:00,71960.04,95,67189.29,95828.61
2025-05-19 23:00:00,71894.52,89,67198.0,95879.81
2025-05-20 00:00:00,71927.95,85,67210.74,95894.13
2025-05-20 01:00:00,71908.01,92,67212.88,95770.38
2025-05-20 02:00:00,72008.91,117,67238.75,95930.08
2025-05-20 03:00:00,72072.02,119,67185.3,95954.47
2025-05-20 04:00:00,71914.72,121,67183.52,96020.03
2025-05-20 05:00:00,72219.67,127,67186.86,95971.8
2025-05-20 06:00:00,72406.58,136,67205.86,96071.55
2025-05-20 07:00:00,72527.21,140,67184.45,95834.48
2025-05-20 08:00:00,72436.21,152,67138.29,95820.85
2025-05-20 09:00:00,72470.43,152,67150.15,95978.03
2025-05-20 10:00:00,72172.86,148,67149.26,96158.5
2025-05-20 11:00:00,72411.27,145,67075.08,96067.47
2025-05-20 12:00:00,72550.87,141,67121.78,95974.35
2025-05-20 13:00:00,72170.66,141,67078.32,95800.05
2025-05-20 14:00:00,71773.55,136,67065.67,95766.64
2025-05-20 15:00:00,72178.41,140,67072.0,96153.53
2025-05-20 16:00:00,72497.48,131,67113.29,96145.28
2025-05-20 17:00:00,72443.73,130,67096.2,96432.24
2025-05-20 18:00:00,72410.81,128,67121.72,96478.65
2025-05-20 19:00:00,72210.5,124,67175.85,96706.97
2025-05-20 20:00:00,72247.01,117,67160.56,96654.32
2025-05-20 21:00:00,71864.23,108,67178.14,96313.64
2025-05-20 22:00:00,71755.88,116,67180.89,96547.57
2025-05-20 23:00:00,71612.55,112,67243.2,96534.95
2025-05-21 00:00:00,71419.79,128,67289.37,96350.51
2025-05-21 01:00:00,71844.19,120,67288.87,96360.28
2025-05-21 02:00:00,71963.5,106,67306.94,96125.83
2025-05-21 03:00:00,72025.28,123,67310.81,96043.31
2025-05-21 04:00:00,72347.35,115,67346.07,95843.15
2025-05-21 05:00:00,72435.01,124,67346.36,95773.5
2025-05-21 06:00:00,72507.15,142,67356.44,95756.81
2025-05-21 07:00:00,72401.4,143,67311.37,95973.63
2025-05-21 08:00:00,72298.41,153,67328.71,96013.64
2025-05-21 09:00:00,72313.21,161,67332.68,96034.87
2025-05-21 10:00:00,72711.67,154,67359.74,96049.07
2025-05-21 11:00:00,72767.32,162,67338.49,95892.15
2025-05-21 12:00:00,72727.9,152,67288.94,95748.81
2025-05-21 13:00:00,72947.16,148,67274.22,95815.99
2025-05-21 14:00:00,72559.82,139,67247.71,95693.25
2025-05-21 15:00:00,72565.68,155,67212.76,95657.16
2025-05-21 16:00:00,72234.92,145,67177.2,95788.14
2025-05-21 17:00:00,72170.43,137,67206.63,95973.26
2025-05-21 18:00:00,72435.02,136,67216.78,95860.48
2025-05-21 19:00:00,72363.44,116,67189.64,95759.7
2025-05-21 20:00:00,72350.23,107,67204.22,95706.61
2025-05-21 21:00:00,72513.6,103,67211.85,95734.83
2025-05-21 22:00:00,72478.26,111,67220.3,95700.58
2025-05-21 23:00:00,72149.65,116,67242.09,95652.54
2025-05-22 00:00:00,72327.32,115,67272.52,95547.67
2025-05-22 01:00:00,72320.07,109,67274.34,95422.59
2025-05-22 02:00:00,72322.11,121,67284.74,95437.07
2025-05-22 03:00:00,72290.2,125,67261.57,95094.59
2025-05-22 04:00:00,72419.26,128,67265.92,95337.23
2025-05-22 05:00:00,72530.84,117,67269.39,95235.95
2025-05-22 06:00:00,72665.92,142,67295.87,95316.78
2025-05-22 07:00:00,72695.37,159,67273.04,95275.14
2025-05-22 08:00:00,72524.82,175,67287.54,95506.42
2025-05-22 09:00:00,72738.0,176,67268.82,95586.36
2025-05-22 10:00:00,72787.91,170,67302.69,95773.15
2025-05-22 11:00:00,72795.09,156,67300.02,95731.6
2025-05-22 12:00:00,72610.97,145,67286.14,95809.63
2025-05-22 13:00:00,72838.84,156,67254.6,95926.07
2025-05-22 14:00:00,72590.08,152,67276.83,95911.76
2025-05-22 15:00:00,72601.94,145,67260.0,96205.6
2025-05-22 16:00:00,72669.41,151,67249.97,96072.1
2025-05-22 17:00:00,72982.49,134,67243.66,96185.4
2025-05-22 18:00:00,72914.49,140,67197.75,95951.33
2025-05-22 19:00:00,72786.0,122,67176.55,95998.63
2025-05-22 20:00:00,72546.26,131,67149.34,95839.37
2025-05-22 21:00:00,72809.92,123,67060.35,95772.48
2025-05-22 22:00:00,72661.51,127,67049.25,96077.55
2025-05-22 23:00:00,72845.54,112,67086.72,96010.23
2025-05-23 00:00:00,72890.7,102,67077.74,96076.79
2025-05-23 01:00:00,72606.69,109,67068.75,95901.48
2025-05-23 02:00:00,72599.93,110,67017.82,95894.6
2025-05-23 03:00:00,72650.63,123,67047.0,96003.83
2025-05-23 04:00:00,73112.58,118,67012.14,96006.76
2025-05-23 05:00:00,73133.88,118,66998.09,96088.84
2025-05-23 06:00:00,72867.6,127,67004.18,95965.72
2025-05-23 07:00:00,73058.7,138,67006.04,96034.44
2025-05-23 08:00:00,73240.44,146,66999.05,95959.07
2025-05-23 09:00:00,73203.77,150,66944.86,96051.39
2025-05-23 10:00:00,73214.62,162,66938.7,96088.48
2025-05-23 11:00:00,73192.8,166,66976.4,95985.2
2025-05-23 12:00:00,73066.19,168,66999.64,95952.63
2025-05-23 13:00:00,72976.34,159,66976.4,95973.21
2025-05-23 14:00:00,72895.46,139,66977.47,95858.76
2025-05-23 15:00:00,73076.03,135,66996.58,95904.22
2025-05-23 16:00:00,73437.51,123,67034.53,95818.78
2025-05-23 17:00:00,73401.44,134,66997.43,95799.79
2025-05-23 18:00:00,73309.96,121,67003.55,95519.68
2025-05-23 19:00:00,73525.9,131,66967.06,95398.85
2025-05-23 20:00:00,73683.02,125,66963.74,95476.85
2025-05-23 21:00:00,73795.73,115,66956.71,95645.29
2025-05-23 22:00:00,73918.58,96,66964.68,95600.16
2025-05-23 23:00:00,73894.56,96,66960.4,95762.28
2025-05-24 00:00:00,74115.91,101,66984.68,95648.26
2025-05-24 01:00:00,74090.45,96,66947.34,95639.93
2025-05-24 02:00:00,73786.38,97,66948.12,95448.45
2025-05-24 03:00:00,73786.51,104,66957.86,95276.12
2025-05-24 04:00:00,73615.19,105,66968.39,95431.82
2025-05-24 05:00:00,74000.53,114,66969.41,95411.96
2025-05-24 06:00:00,73984.39,105,66975.68,95330.27
2025-05-24 07:00:00,73598.83,126,67025.45,94997.81
2025-05-24 08:00:00,73930.35,122,67064.59,94990.17
2025-05-24 09:00:00,73786.96,123,67065.87,95056.95
2025-05-24 10:00:00,73645.24,145,67052.3,94923.4
2025-05-24 11:00:00,73272.23,157,67019.05,94978.45
2025-05-24 12:00:00,73553.39,134,67024.98,94786.44
2025-05-24 13:00:00,73397.73,134,66998.18,94577.21
2025-05-24 14:00:00,73740.35,134,67016.62,94470.22
2025-05-24 15:00:00,73610.52,133,67017.51,94485.93
2025-05-24 16:00:00,73359.75,131,66999.39,94557.93
2025-05-24 17:00:00,73326.08,132,66998.35,94551.79
2025-05-24 18:00:00,73200.18,118,67031.78,94599.95
2025-05-24 19:00:00,73194.66,115,67071.99,94316.49
2025-05-24 20:00:00,72989.12,102,67073.37,94380.84
2025-05-24 21:00:00,72804.58,89,67075.46,94440.62
2025-05-24 22:00:00,73021.13,82,66994.56,94539.62
2025-05-24 23:00:00,72952.37,89,66987.25,94450.89
2025-05-25 00:00:00,73053.28,94,66964.63,94288.58
2025-05-25 01:00:00,73014.78,91,66940.96,94014.33
2025-05-25 02:00:00,73100.12,85,66885.2,94158.72
2025-05-25 03:00:00,72925.96,97,66890.46,94167.94
2025-05-25 04:00:00,72891.55,101,66937.02,94417.61
2025-05-25 05:00:00,72853.36,106,66905.33,94221.45
2025-05-25 06:00:00,72531.61,113,66889.47,94207.74
2025-05-25 07:00:00,72329.54,120,66902.87,94341.78
2025-05-25 08:00:00,72438.27,132,66889.45,94284.02
2025-05-25 09:00:00,72391.69,121,66889.04,94168.95
2025-05-25 10:00:00,72561.78,126,66862.55,93883.51
2025-05-25 11:00:00,72620.46,133,66845.44,93815.09
2025-05-25 12:00:00,72920.78,134,66827.46,93747.06
2025-05-25 13:00:00,72881.15,115,66861.86,93907.62
2025-05-25 14:00:00,73088.44,117,66870.63,93676.6
2025-05-25 15:00:00,73052.7,119,66865.04,93837.87
2025-05-25 16:00:00,73693.01,114,66851.34,93718.19
2025-05-25 17:00:00,73639.56,108,66859.04,93502.44
2025-05-25 18:00:00,73846.39,104,66864.04,93315.37
2025-05-25 19:00:00,73782.32,104,66898.7,93379.41
2025-05-25 20:00:00,73952.58,98,66879.28,93264.48
2025-05-25 21:00:00,73669.39,107,66856.86,93322.36
2025-05-25 22:00:00,73899.15,97,66846.02,93161.31
2025-05-25 23:00:00,73840.28,85,66843.85,92960.32
2025-05-26 00:00:00,73709.02,89,66805.94,93021.72
2025-05-26 01:00:00,73603.77,88,66817.56,93282.96
2025-05-26 02:00:00,73408.06,96,66799.78,93433.34
2025-05-26 03:00:00,73213.7,97,66814.51,93438.47
2025-05-26 04:00:00,73525.28,98,66808.59,93480.03
2025-05-26 05:00:00,73298.64,104,66756.62,93495.94
2025-05-26 06:00:00,73347.82,111,66729.96,93284.45
2025-05-26 07:00:00,73080.75,120,66726.39,93314.98
2025-05-26 08:00:00,73170.61,127,66743.67,93377.23
2025-05-26 09:00:00,72777.3,140,66772.95,93454.07
2025-05-26 10:00:00,72774.26,130,66740.12,93348.51
2025-05-26 11:00:00,72812.18,136,66692.44,93383.35
2025-05-26 12:00:00,72666.99,149,66696.67,93418.05
2025-05-26 13:00:00,73036.04,149,66682.4,93544.54
2025-05-26 14:00:00,72989.23,141,66687.8,93630.92
2025-05-26 15:00:00,72993.92,129,66624.21,93385.27
2025-05-26 16:00:00,73060.13,121,66597.15,93623.51
2025-05-26 17:00:00,72873.95,113,66594.87,93614.78
2025-05-26 18:00:00,72932.27,118,66586.41,93443.52
2025-05-26 19:00:00,72822.71,120,66559.16,93454.57
2025-05-26 20:00:00,72741.63,113,66569.99,93561.89
2025-05-26 21:00:00,73146.95,104,66591.55,93790.26
2025-05-26 22:00:00,73139.29,89,66586.56,93669.06
2025-05-26 23:00:00,73268.41,84,66578.87,93622.52
2025-05-27 00:00:00,73279.06,87,66548.14,93553.11
2025-05-27 01:00:00,73073.68,102,66486.82,93344.79
2025-05-27 02:00:00,73001.52,107,66491.36,93208.08
2025-05-27 03:00:00,72976.53,98,66476.7,93253.82
2025-05-27 04:00:00,72735.51,112,66472.45,93155.22
2025-05-27 05:00:00,72917.66,118,66471.94,93278.0
2025-05-27 06:00:00,72571.39,127,66505.7,93002.72
2025-05-27 07:00:00,72916.9,142,66472.59,92655.92
2025-05-27 08:00:00,73385.56,140,66467.19,92671.9
2025-05-27 09:00:00,73326.72,157,66425.23,92535.2
2025-05-27 10:00:00,73341.17,160,66427.28,92560.53
2025-05-27 11:00:00,73179.81,150,66438.59,92592.8
2025-05-27 12:00:00,73180.73,156,66392.89,92723.83
2025-05-27 13:00:00,73195.94,152,66420.49,92840.41
2025-05-27 14:00:00,73226.71,147,66431.82,92919.16
2025-05-27 15:00:00,73268.54,145,66431.71,92631.87
2025-05-27 16:00:00,73281.12,131,66471.13,92683.03
2025-05-27 17:00:00,73324.97,127,66451.82,92655.47
2025-05-27 18:00:00,73247.15,128,66407.72,92867.45
2025-05-27 19:00:00,73216.83,128,66380.39,92737.08
2025-05-27 20:00:00,73231.5,121,66378.98,92845.54
2025-05-27 21:00:00,72899.27,110,66417.76,92934.15
2025-05-27 22:00:00,72751.12,111,66389.44,92810.92
2025-05-27 23:00:00,72650.41,115,66403.86,92656.58
2025-05-28 00:00:00,72955.1,127,66440.5,92687.4
2025-05-28 01:00:00,72818.61,128,66457.71,92309.29
2025-05-28 02:00:00,72703.31,120,66407.69,92282.24
2025-05-28 03:00:00,72662.17,119,66371.36,92235.24
2025-05-28 04:00:00,72565.49,125,66366.64,92237.86
2025-05-28 05:00:00,72224.66,125,66366.26,92249.07
2025-05-28 06:00:00,72418.05,140,66382.22,92340.45
2025-05-28 07:00:00,72713.66,155,66339.36,92471.43
2025-05-28 08:00:00,72776.12,162,66342.33,92439.74
2025-05-28 09:00:00,72212.33,168,66293.15,92562.09
2025-05-28 10:00:00,72443.75,164,66213.28,92381.9
2025-05-28 11:00:00,72500.18,168,66228.42,92151.51
2025-05-28 12:00:00,72391.75,159,66235.13,92479.31
2025-05-28 13:00:00,72653.2,158,66183.57,92579.13
2025-05-28 14:00:00,72534.66,159,66183.14,92530.14
2025-05-28 15:00:00,72355.67,149,66136.9,92472.93
2025-05-28 16:00:00,72096.43,143,66147.05,92472.08
2025-05-28 17:00:00,72217.91,132,66170.76,92342.12
2025-05-28 18:00:00,71873.11,126,66169.42,92228.96
2025-05-28 19:00:00,71948.13,139,66135.81,92344.23
2025-05-28 20:00:00,72191.09,136,66123.86,92384.9
2025-05-28 21:00:00,72083.28,128,66121.97,92615.41
2025-05-28 22:00:00,72106.31,128,66143.52,92774.97
2025-05-28 23:00:00,71752.28,129,66112.55,92943.86
2025-05-29 00:00:00,72056.37,118,66108.93,92950.32
2025-05-29 01:00:00,71991.32,137,66113.91,92784.8
2025-05-29 02:00:00,72173.34,129,66094.9,92798.33
2025-05-29 03:00:00,72252.4,134,66097.08,92701.04
2025-05-29 04:00:00,72496.29,147,66149.7,92664.05
2025-05-29 05:00:00,72328.27,143,66132.6,92504.18
2025-05-29 06:00:00,72172.56,148,66108.54,92607.03
2025-05-29 07:00:00,72149.96,155,66117.73,92534.16
2025-05-29 08:00:00,72312.03,146,66147.67,92494.02
2025-05-29 09:00:00,72342.67,147,66144.46,92554.56
2025-05-29 10:00:00,72092.18,162,66163.45,92765.04
2025-05-29 11:00:00,72034.96,168,66170.56,92673.21
2025-05-29 12:00:00,72018.1,169,66156.02,92665.16
2025-05-29 13:00:00,71876.76,171,66150.63,92305.67
2025-05-29 14:00:00,71844.2,163,66170.73,92223.61
2025-05-29 15:00:00,72243.44,160,66178.66,92219.15
2025-05-29 16:00:00,72219.01,146,66200.19,92233.81
2025-05-29 17:00:00,72391.75,144,66193.05,91937.83
2025-05-29 18:00:00,72468.31,131,66228.87,91908.0
2025-05-29 19:00:00,72646.81,116,66257.6,91774.28
2025-05-29 20:00:00,72671.06,113,66195.77,91818.09
2025-05-29 21:00:00,72833.26,110,66179.16,92123.83
2025-05-29 22:00:00,72841.36,102,66159.14,92142.55
2025-05-29 23:00:00,73067.31,99,66134.05,92030.31
2025-05-30 00:00:00,73098.21,104,66122.88,91952.15
2025-05-30 01:00:00,73457.56,112,66128.83,91788.42
2025-05-30 02:00:00,73337.94,112,66193.4,92037.25
2025-05-30 03:00:00,73184.31,117,66164.39,91887.95
2025-05-30 04:00:00,73308.45,124,66153.42,91704.17
2025-05-30 05:00:00,73115.77,132,66161.35,91786.08
2025-05-30 06:00:00,73468.72,146,66112.22,92024.97
2025-05-30 07:00:00,73388.05,151,66151.76,92061.95
2025-05-30 08:00:00,73303.84,146,66180.97,92260.04
2025-05-30 09:00:00,73102.15,156,66151.17,92404.92
2025-05-30 10:00:00,72971.61,147,66153.01,92152.85
2025-05-30 11:00:00,73213.53,147,66138.02,92390.25
2025-05-30 12:00:00,73214.34,152,66150.75,92107.67
2025-05-30 13:00:00,73000.85,139,66137.04,92090.55
2025-05-30 14:00:00,73092.74,139,66118.18,91740.23
2025-05-30 15:00:00,73201.38,133,66138.41,91913.89
2025-05-30 16:00:00,73437.03,129,66115.39,91933.32
2025-05-30 17:00:00,73314.02,128,66167.21,91980.25
2025-05-30 18:00:00,73351.56,117,66150.6,91912.55
2025-05-30 19:00:00,73919.56,113,66133.28,92067.61
2025-05-30 20:00:00,74159.53,97,66096.88,92092.43
2025-05-30 21:00:00,74116.72,99,66087.42,92157.2
2025-05-30 22:00:00,73872.78,94,66080.64,92270.6
2025-05-30 23:00:00,73987.45,105,66116.93,92444.8
2025-05-31 00:00:00,73941.81,103,66102.1,92400.72
2025-05-31 01:00:00,73767.7,106,66131.05,92564.53
2025-05-31 02:00:00,73981.68,116,66126.88,92609.24
2025-05-31 03:00:00,73692.71,100,66117.76,92390.0
2025-05-31 04:00:00,73682.13,100,66121.02,92361.5
2025-05-31 05:00:00,73581.95,103,66099.36,92203.08
2025-05-31 06:00:00,73702.71,120,66079.62,92123.41
2025-05-31 07:00:00,73653.31,115,66091.03,91861.34
2025-05-31 08:00:00,73755.04,132,66105.95,91948.72
2025-05-31 09:00:00,73355.29,142,66094.89,91991.35
2025-05-31 10:00:00,73700.47,130,66091.57,91877.25
2025-05-31 11:00:00,73531.26,129,66118.77,91607.89
2025-05-31 12:00:00,73471.2,135,66105.26,91542.7
2025-05-31 13:00:00,73798.96,140,66070.3,91449.66
2025-05-31 14:00:00,73670.66,130,66054.92,91420.24
2025-05-31 15:00:00,73656.2,122,66023.54,91370.03
2025-05-31 16:00:00,73912.18,121,65991.03,91293.54
2025-05-31 17:00:00,73994.04,119,66011.55,91158.72
2025-05-31 18:00:00,74162.15,108,66030.7,91031.3
2025-05-31 19:00:00,74326.67,114,66031.08,91149.41
2025-05-31 20:00:00,74147.35,99,66011.65,90839.61
2025-05-31 21:00:00,74055.31,102,66004.51,90838.21
2025-05-31 22:00:00,73943.7,105,66056.19,90851.64
2025-05-31 23:00:00,73971.74,103,66058.37,91170.36
2025-06-01 00:00:00,73814.28,105,66098.19,91319.16
2025-06-01 01:00:00,73659.34,89,66080.09,91148.61
2025-06-01 02:00:00,73429.57,86,66053.28,91259.36
2025-06-01 03:00:00,73305.29,95,66065.81,91145.23
2025-06-01 04:00:00,73296.71,117,66095.73,91131.65
2025-06-01 05:00:00,72990.63,114,66064.78,91111.65
2025-06-01 06:00:00,72687.34,122,66043.81,91225.76
2025-06-01 07:00:00,72709.08,127,66070.42,91421.12
2025-06-01 08:00:00,72662.0,135,66045.14,91355.78
2025-06-01 09:00:00,72937.34,128,66045.49,91226.58
2025-06-01 10:00:00,72853.37,138,66016.95,91026.09
2025-06-01 11:00:00,72557.59,139,65984.7,90913.01
2025-06-01 12:00:00,72511.56,131,65999.53,90873.5
2025-06-01 13:00:00,72411.75,136,66052.88,90925.73
2025-06-01 14:00:00,72479.83,145,66003.35,90919.3
2025-06-01 15:00:00,72604.09,134,66031.8,90803.99
2025-06-01 16:00:00,72561.0,112,66019.68,91052.88
2025-06-01 17:00:00,72654.89,120,66012.39,90851.04
2025-06-01 18:00:00,72670.63,110,65994.92,90744.83
2025-06-01 19:00:00,72860.35,96,66003.64,90443.08
2025-06-01 20:00:00,73037.35,104,66046.88,90285.24
2025-06-01 21:00:00,72849.41,100,66003.82,90143.9
2025-06-01 22:00:00,72718.71,90,66023.6,90181.64
2025-06-01 23:00:00,72702.7,102,65996.68,90391.96
2025-06-02 00:00:00,72605.07,97,65979.69,90376.37
2025-06-02 01:00:00,71955.86,103,65965.65,90313.38
2025-06-02 02:00:00,72135.56,96,65947.94,90189.48
2025-06-02 03:00:00,72014.79,106,65963.94,90099.21
2025-06-02 04:00:00,72190.12,117,65962.37,90296.09
2025-06-02 05:00:00,72340.16,119,65909.6,90471.13
2025-06-02 06:00:00,72370.8,124,65863.11,90721.12
2025-06-02 07:00:00,72354.59,117,65841.38,90654.26
2025-06-02 08:00:00,72316.83,126,65811.92,90739.15
2025-06-02 09:00:00,72379.72,144,65800.34,90607.78
2025-06-02 10:00:00,72462.63,145,65821.62,90711.73
2025-06-02 11:00:00,72666.99,139,65766.64,90643.98
2025-06-02 12:00:00,72907.58,136,65743.7,90539.09
2025-06-02 13:00:00,73155.53,136,65709.85,90398.08
2025-06-02 14:00:00,72962.85,140,65691.41,90545.31
2025-06-02 15:00:00,73034.21,123,65691.0,90749.47
2025-06-02 16:00:00,73081.24,129,65667.95,90754.42
2025-06-02 17:00:00,73372.21,123,65669.87,90449.33
2025-06-02 18:00:00,73550.75,113,65639.04,90464.87
2025-06-02 19:00:00,73497.06,116,65618.07,90358.33
2025-06-02 20:00:00,73178.24,105,65585.49,90471.36
2025-06-02 21:00:00,73115.28,114,65585.52,90639.48
2025-06-02 22:00:00,73200.03,108,65575.73,90646.2
2025-06-02 23:00:00,73101.76,120,65547.51,90600.74
2025-06-03 00:00:00,73273.23,119,65549.71,90536.54
2025-06-03 01:00:00,73780.6,115,65488.67,90515.89
2025-06-03 02:00:00,73965.75,110,65455.78,90657.24
2025-06-03 03:00:00,73939.0,116,65401.92,90672.13
2025-06-03 04:00:00,73963.02,116,65394.56,90735.47
2025-06-03 05:00:00,73747.56,130,65349.48,90868.9
2025-06-03 06:00:00,73561.93,143,65286.02,91044.81
2025-06-03 07:00:00,73415.01,141,65328.77,90963.8
2025-06-03 08:00:00,73402.09,153,65333.21,91000.14
2025-06-03 09:00:00,73667.81,143,65300.94,91119.36
2025-06-03 10:00:00,73812.35,148,65353.37,91058.16
2025-06-03 11:00:00,73964.72,138,65335.64,91024.34
2025-06-03 12:00:00,73939.13,141,65309.09,90919.74
2025-06-03 13:00:00,73775.57,150,65302.78,91158.71
2025-06-03 14:00:00,73380.06,145,65327.44,91307.81
2025-06-03 15:00:00,73375.81,138,65315.55,91264.33
2025-06-03 16:00:00,73165.5,143,65267.39,91412.78
2025-06-03 17:00:00,73092.23,141,65221.09,91385.77
2025-06-03 18:00:00,72744.79,140,65225.9,91521.75
2025-06-03 19:00:00,72844.53,131,65231.4,91694.93
2025-06-03 20:00:00,72465.04,113,65238.38,91864.02
2025-06-03 21:00:00,72785.11,103,65260.21,91760.03
2025-06-03 22:00:00,72724.51,112,65211.2,91832.73
2025-06-03 23:00:00,72465.43,107,65211.3,91883.45
2025-06-04 00:00:00,72492.47,111,65204.7,91818.73
2025-06-04 01:00:00,72751.89,117,65158.39,92048.16
2025-06-04 02:00:00,72739.39,126,65121.61,92087.51
2025-06-04 03:00:00,72853.62,130,65112.61,92198.73
2025-06-04 04:00:00,72755.86,134,65139.97,92368.15
2025-06-04 05:00:00,72837.24,128,65113.85,92399.07
2025-06-04 06:00:00,72934.32,123,65160.15,92543.99
2025-06-04 07:00:00,72996.67,137,65141.71,92523.81
2025-06-04 08:00:00,72869.25,148,65148.84,92511.66
2025-06-04 09:00:00,72378.86,151,65145.31,92565.65
2025-06-04 10:00:00,72458.52,160,65169.18,92518.75
2025-06-04 11:00:00,72386.8,164,65154.72,92634.52
2025-06-04 12:00:00,72820.98,152,65145.74,92436.82
2025-06-04 13:00:00,72673.45,155,65175.98,92489.76
2025-06-04 14:00:00,72979.1,144,65164.88,92512.06
2025-06-04 15:00:00,72930.83,131,65193.83,92701.18
2025-06-04 16:00:00,72756.83,138,65202.09,92754.35
2025-06-04 17:00:00,72621.59,125,65233.18,93076.24
2025-06-04 18:00:00,72670.16,130,65252.01,92948.49
2025-06-04 19:00:00,72565.3,128,65231.16,92808.39
2025-06-04 20:00:00,72942.21,133,65228.9,92679.54
2025-06-04 21:00:00,73164.35,126,65184.16,92542.93
2025-06-04 22:00:00,72790.32,120,65176.81,92560.61
2025-06-04 23:00:00,72580.62,123,65117.71,92711.3
2025-06-05 00:00:00,72767.0,134,65109.5,92792.05
2025-06-05 01:00:00,72951.38,135,65083.59,93018.66
2025-06-05 02:00:00,73000.06,129,65073.71,93075.85
2025-06-05 03:00:00,73189.15,125,65054.12,92807.15
2025-06-05 04:00:00,72876.08,127,65027.18,92900.75
2025-06-05 05:00:00,72892.77,136,65016.91,92696.67
2025-06-05 06:00:00,72700.1,129,64978.61,92667.7
2025-06-05 07:00:00,72669.92,139,64971.62,92863.3
2025-06-05 08:00:00,72489.85,159,64986.49,93003.25
2025-06-05 09:00:00,72588.74,153,64957.11,93258.44
2025-06-05 10:00:00,72547.52,164,65008.27,93441.38
2025-06-05 11:00:00,72704.89,157,64985.4,93363.23
2025-06-05 12:00:00,72752.16,167,64997.95,93424.01
2025-06-05 13:00:00,72498.51,165,64985.42,93448.87
2025-06-05 14:00:00,72691.36,157,64985.13,93349.61
2025-06-05 15:00:00,72810.7,159,64958.6,93332.17
2025-06-05 16:00:00,72525.24,145,64971.64,93567.43
2025-06-05 17:00:00,72658.54,143,64955.34,93642.3
2025-06-05 18:00:00,72941.58,131,64974.34,93867.98
2025-06-05 19:00:00,73055.74,133,64953.51,93865.37
2025-06-05 20:00:00,73172.73,125,64929.31,93792.82
2025-06-05 21:00:00,73268.34,123,64953.99,93552.34
2025-06-05 22:00:00,73239.35,132,64954.81,93591.58
2025-06-05 23:00:00,73074.53,120,64916.72,93683.86
2025-06-06 00:00:00,73220.77,111,64938.25,93599.49
2025-06-06 01:00:00,72937.23,118,64936.77,93746.36
2025-06-06 02:00:00,73120.6,115,64938.86,93836.17
2025-06-06 03:00:00,73031.36,110,64902.34,93833.07
2025-06-06 04:00:00,72934.05,100,64895.63,93969.05
2025-06-06 05:00:00,72568.76,106,64903.02,94208.78
2025-06-06 06:00:00,72586.69,132,64913.4,94011.16
2025-06-06 07:00:00,72522.69,145,64926.27,94186.22
2025-06-06 08:00:00,72622.65,137,64940.61,94314.0
2025-06-06 09:00:00,72973.42,145,64921.06,94297.71
2025-06-06 10:00:00,73023.81,163,64923.74,94014.95
2025-06-06 11:00:00,73041.71,155,64906.15,94241.87
2025-06-06 12:00:00,72781.72,151,64885.51,94163.82
2025-06-06 13:00:00,72973.06,136,64837.58,94379.68
2025-06-06 14:00:00,72982.74,143,64818.76,94118.35
2025-06-06 15:00:00,72910.08,138,64841.58,94023.68
2025-06-06 16:00:00,72466.27,134,64775.4,93911.55
2025-06-06 17:00:00,72449.41,126,64790.28,94110.9
2025-06-06 18:00:00,72540.5,113,64746.42,94209.03
2025-06-06 19:00:00,72731.23,114,64760.29,94011.21
2025-06-06 20:00:00,72939.49,109,64840.93,93640.11
2025-06-06 21:00:00,73423.51,107,64838.24,93523.13
2025-06-06 22:00:00,73476.11,105,64844.41,93387.46
2025-06-06 23:00:00,73315.29,114,64862.53,93193.84
2025-06-07 00:00:00,73474.33,102,64884.23,93229.33
2025-06-07 01:00:00,73461.37,102,64886.95,93596.23
2025-06-07 02:00:00,73346.18,96,64864.71,93678.26
2025-06-07 03:00:00,73209.52,109,64820.52,93749.01
2025-06-07 04:00:00,73077.8,121,64827.0,93561.19
2025-06-07 05:00:00,73035.87,122,64843.36,93421.82
2025-06-07 06:00:00,73109.51,117,64831.7,93234.66
2025-06-07 07:00:00,72978.09,137,64866.4,93102.09
2025-06-07 08:00:00,73099.76,135,64907.73,93274.31
2025-06-07 09:00:00,73158.98,137,64888.71,93379.4
2025-06-07 10:00:00,73040.76,138,64882.59,93500.48
2025-06-07 11:00:00,73042.8,130,64868.61,93503.16
2025-06-07 12:00:00,72907.02,131,64807.38,93323.19
2025-06-07 13:00:00,72967.44,127,64769.06,93299.16
2025-06-07 14:00:00,73154.74,135,64769.34,93473.27
2025-06-07 15:00:00,73616.25,119,64754.81,93480.41
2025-06-07 16:00:00,73370.88,128,64710.73,93655.15
2025-06-07 17:00:00,73060.9,113,64679.58,93627.5
2025-06-07 18:00:00,73141.46,108,64671.35,93344.23
2025-06-07 19:00:00,73169.0,101,64728.48,93210.25
2025-06-07 20:00:00,72948.47,102,64699.62,93305.2
2025-06-07 21:00:00,73120.89,86,64696.76,93425.09
2025-06-07 22:00:00,73537.47,97,64658.6,93350.58
2025-06-07 23:00:00,73368.05,100,64674.36,93352.41
2025-06-08 00:00:00,73134.47,107,64646.65,93016.34
2025-06-08 01:00:00,73013.95,103,64648.87,92810.31
2025-06-08 02:00:00,72719.63,106,64679.25,92655.47
2025-06-08 03:00:00,72973.17,111,64664.71,92711.8
2025-06-08 04:00:00,72876.03,120,64654.99,92567.81
2025-06-08 05:00:00,73125.44,109,64606.55,92118.05
2025-06-08 06:00:00,73260.34,110,64592.33,92077.84
2025-06-08 07:00:00,73239.54,125,64582.1,92134.98
2025-06-08 08:00:00,73609.89,124,64583.15,92102.94
2025-06-08 09:00:00,73369.64,109,64595.2,91884.07
2025-06-08 10:00:00,73454.58,123,64636.52,91632.16
2025-06-08 11:00:00,73170.13,132,64667.82,91633.47
2025-06-08 12:00:00,72995.32,136,64610.5,91569.54
2025-06-08 13:00:00,73052.53,142,64623.51,91479.33
2025-06-08 14:00:00,73394.14,131,64544.69,91422.65
2025-06-08 15:00:00,73382.96,127,64533.29,91357.31
2025-06-08 16:00:00,73311.13,119,64553.83,91436.76
2025-06-08 17:00:00,73283.52,110,64528.63,91533.68
2025-06-08 18:00:00,72872.51,99,64533.0,91865.67
2025-06-08 19:00:00,72921.98,98,64537.55,91982.09
2025-06-08 20:00:00,72981.13,97,64562.93,91868.3
2025-06-08 21:00:00,73203.48,101,64567.76,91887.43
2025-06-08 22:00:00,73410.53,102,64552.25,91858.05
2025-06-08 23:00:00,73002.16,84,64568.95,91922.06
2025-06-09 00:00:00,72631.38,86,64550.7,91972.34
2025-06-09 01:00:00,73080.22,74,64535.4,91854.53
2025-06-09 02:00:00,72829.56,85,64553.57,91760.16
2025-06-09 03:00:00,72818.84,96,64578.11,91872.08
2025-06-09 04:00:00,72735.14,94,64585.88,91722.35
2025-06-09 05:00:00,72940.9,105,64601.39,91856.2
2025-06-09 06:00:00,73355.45,119,64556.59,91725.53
2025-06-09 07:00:00,73627.43,120,64589.8,91848.16
2025-06-09 08:00:00,73581.52,140,64574.19,91460.98
2025-06-09 09:00:00,73617.22,145,64590.34,91315.59
2025-06-09 10:00:00,73432.65,147,64583.25,91406.49
2025-06-09 11:00:00,73447.53,148,64555.16,91280.71
2025-06-09 12:00:00,73618.3,148,64571.04,91174.0
2025-06-09 13:00:00,73951.8,138,64541.99,91209.7
2025-06-09 14:00:00,73805.04,131,64566.09,90985.32
2025-06-09 15:00:00,73732.8,141,64516.12,91041.26
2025-06-09 16:00:00,73458.55,131,64483.6,90726.63
2025-06-09 17:00:00,73222.23,117,64475.81,90815.66
2025-06-09 18:00:00,73109.31,117,64457.87,90925.07
2025-06-09 19:00:00,73160.15,116,64495.78,90899.76
2025-06-09 20:00:00,72887.42,97,64482.66,90718.15
2025-06-09 21:00:00,72798.82,99,64449.08,91005.5
2025-06-09 22:00:00,72579.45,91,64475.2,91156.14
2025-06-09 23:00:00,72782.61,102,64499.93,91315.07
2025-06-10 00:00:00,72628.38,101,64505.36,91328.55
2025-06-10 01:00:00,72620.31,93,64508.02,91405.62
2025-06-10 02:00:00,72952.33,108,64501.7,91477.89
2025-06-10 03:00:00,73181.77,114,64488.32,91660.08
2025-06-10 04:00:00,73326.66,127,64468.32,91675.03
2025-06-10 05:00:00,73535.37,129,64431.18,91629.26
2025-06-10 06:00:00,73673.65,133,64411.9,91782.16
2025-06-10 07:00:00,73820.19,129,64393.51,91852.02
2025-06-10 08:00:00,73785.84,142,64409.51,91773.73
2025-06-10 09:00:00,73763.26,147,64405.05,91875.11
2025-06-10 10:00:00,73591.34,155,64420.9,91824.28
2025-06-10 11:00:00,73555.99,155,64397.91,91997.89
2025-06-10 12:00:00,73448.51,155,64424.28,91999.67
2025-06-10 13:00:00,72926.68,148,64434.02,92238.37
2025-06-10 14:00:00,73032.29,139,64456.32,92135.84
2025-06-10 15:00:00,73279.53,139,64429.35,92418.31
2025-06-10 16:00:00,72920.46,141,64433.92,92524.2
2025-06-10 17:00:00,72758.98,137,64448.09,92480.4
2025-06-10 18:00:00,72839.0,113,64465.04,92483.77
2025-06-10 19:00:00,72977.29,112,64509.1,92583.18
2025-06-10 20:00:00,73002.23,107,64497.99,92499.09
2025-06-10 21:00:00,72862.7,115,64442.33,92467.61
2025-06-10 22:00:00,72905.13,116,64478.26,92408.75
2025-06-10 23:00:00,73226.22,115,64465.65,91965.62
2025-06-11 00:00:00,73197.96,115,64543.5,91722.2
2025-06-11 01:00:00,73353.15,108,64532.41,91769.96
2025-06-11 02:00:00,73790.35,112,64496.34,92097.75
2025-06-11 03:00:00,73502.37,108,64477.82,92028.37
2025-06-11 04:00:00,73811.56,110,64443.52,91935.77
2025-06-11 05:00:00,73472.52,117,64479.03,92003.25
2025-06-11 06:00:00,73627.98,132,64467.99,91833.76
2025-06-11 07:00:00,73832.24,140,64478.07,91755.79
2025-06-11 08:00:00,73537.62,151,64486.14,91649.9
2025-06-11 09:00:00,73043.09,157,64456.49,91919.64
2025-06-11 10:00:00,72862.12,153,64448.11,91902.55
2025-06-11 11:00:00,73024.67,148,64422.36,91843.57
2025-06-11 12:00:00,73193.77,160,64360.6,91645.85
2025-06-11 13:00:00,73117.89,153,64328.82,91625.25
2025-06-11 14:00:00,73443.68,161,64315.43,91860.74
2025-06-11 15:00:00,73522.87,159,64309.11,91634.56
2025-06-11 16:00:00,73531.69,142,64283.22,91851.38
2025-06-11 17:00:00,73572.51,142,64338.24,92223.31
2025-06-11 18:00:00,73727.29,147,64330.0,92183.99
2025-06-11 19:00:00,73674.63,129,64348.8,92271.91
2025-06-11 20:00:00,73479.09,123,64360.61,92315.89
2025-06-11 21:00:00,73463.65,122,64337.25,92142.55
2025-06-11 22:00:00,73153.51,114,64332.08,92012.51
2025-06-11 23:00:00,72876.09,110,64309.46,92160.15
2025-06-12 00:00:00,72972.14,118,64297.88,92375.9
2025-06-12 01:00:00,72966.12,117,64302.12,92540.39
2025-06-12 02:00:00,72520.72,119,64346.46,92606.87
2025-06-12 03:00:00,72534.38,126,64365.01,92665.67
2025-06-12 04:00:00,72453.17,125,64385.3,92917.06
2025-06-12 05:00:00,72293.69,126,64406.05,92896.4
2025-06-12 06:00:00,72500.7,137,64464.18,92937.14
2025-06-12 07:00:00,72622.89,138,64491.79,93031.22
2025-06-12 08:00:00,72448.84,140,64525.0,92958.56
2025-06-12 09:00:00,72610.17,157,64593.11,93009.77
2025-06-12 10:00:00,73150.69,137,64572.94,93205.06
2025-06-12 11:00:00,73011.07,145,64595.11,93277.26
2025-06-12 12:00:00,72747.5,151,64600.93,93336.79
2025-06-12 13:00:00,72741.21,153,64596.41,93221.5
2025-06-12 14:00:00,72596.93,154,64546.76,93195.41
2025-06-12 15:00:00,72396.17,145,64525.24,93181.4
2025-06-12 16:00:00,72644.86,146,64504.72,93139.54
2025-06-12 17:00:00,72821.33,139,64513.0,93183.8
2025-06-12 18:00:00,73206.29,126,64544.74,93413.83
2025-06-12 19:00:00,72867.63,124,64588.28,93163.94
2025-06-12 20:00:00,72876.76,110,64548.04,93302.97
2025-06-12 21:00:00,72699.86,108,64601.19,93257.53
2025-06-12 22:00:00,72434.31,120,64583.75,93067.06
2025-06-12 23:00:00,72225.53,118,64574.55,93148.64
2025-06-13 00:00:00,72400.09,110,64627.65,93385.37
2025-06-13 01:00:00,72680.51,105,64556.67,93545.07
2025-06-13 02:00:00,72648.79,121,64515.38,93432.15
2025-06-13 03:00:00,72932.41,136,64519.91,93542.49
2025-06-13 04:00:00,72848.6,133,64503.71,93404.31
2025-06-13 05:00:00,73197.49,129,64479.84,93255.24
2025-06-13 06:00:00,73478.36,131,64496.91,93214.94
2025-06-13 07:00:00,73085.24,139,64498.17,93335.56
2025-06-13 08:00:00,73144.08,145,64505.94,93321.35
2025-06-13 09:00:00,73388.96,154,64518.91,93343.5
2025-06-13 10:00:00,73533.64,152,64539.55,93197.51
2025-06-13 11:00:00,73253.49,151,64538.17,93180.59
2025-06-13 12:00:00,73206.49,152,64520.96,92923.41
2025-06-13 13:00:00,73249.74,152,64493.05,92755.32
2025-06-13 14:00:00,73163.94,162,64453.17,93029.01
2025-06-13 15:00:00,73201.28,158,64451.83,92719.35
2025-06-13 16:00:00,73429.24,129,64516.64,92711.62
2025-06-13 17:00:00,73415.84,113,64485.95,92613.57
2025-06-13 18:00:00,73199.92,122,64513.71,92717.0
2025-06-13 19:00:00,73096.61,105,64553.83,92803.61
2025-06-13 20:00:00,73000.07,100,64615.12,93045.2
2025-06-13 21:00:00,72934.73,99,64600.96,92966.94
2025-06-13 22:00:00,72792.76,98,64621.49,93128.88
2025-06-13 23:00:00,73099.36,82,64628.17,93195.99
2025-06-14 00:00:00,73150.38,87,64655.98,93260.91
2025-06-14 01:00:00,73660.78,104,64646.89,93098.41
2025-06-14 02:00:00,73456.14,112,64655.38,93138.11
2025-06-14 03:00:00,73122.98,100,64601.11,92838.91
2025-06-14 04:00:00,73188.73,103,64638.61,92778.93
2025-06-14 05:00:00,73133.93,114,64577.78,92860.34
2025-06-14 06:00:00,72711.9,129,64531.51,92972.4
2025-06-14 07:00:00,72519.62,132,64516.76,92680.65
2025-06-14 08:00:00,72254.97,140,64507.91,92601.89
2025-06-14 09:00:00,72040.85,140,64508.04,92767.54
2025-06-14 10:00:00,72059.74,140,64498.5,92806.39
2025-06-14 11:00:00,72087.09,139,64441.59,92476.88
2025-06-14 12:00:00,72637.68,134,64482.27,92415.63
2025-06-14 13:00:00,72639.06,129,64469.33,92509.77
2025-06-14 14:00:00,72483.07,122,64487.91,92389.08
2025-06-14 15:00:00,72132.35,117,64469.1,92371.09
2025-06-14 16:00:00,72396.94,114,64414.25,92065.78
2025-06-14 17:00:00,72796.21,105,64423.2,92125.07
2025-06-14 18:00:00,72753.78,96,64421.97,92004.0
2025-06-14 19:00:00,72979.83,88,64401.56,91731.84
2025-06-14 20:00:00,72751.83,91,64423.05,91535.82
2025-06-14 21:00:00,73004.93,87,64433.41,91565.52
2025-06-14 22:00:00,72714.6,85,64447.96,91418.85
2025-06-14 23:00:00,72526.02,89,64484.6,91532.44
2025-06-15 00:00:00,72698.79,83,64472.69,91331.59
2025-06-15 01:00:00,73058.93,92,64472.61,91251.81
2025-06-15 02:00:00,72985.33,107,64470.27,91207.65
2025-06-15 03:00:00,72873.92,117,64531.82,91128.93
2025-06-15 04:00:00,72697.33,107,64523.75,91318.44
2025-06-15 05:00:00,72434.02,116,64513.39,91450.01
2025-06-15 06:00:00,72677.03,130,64507.7,91320.2
2025-06-15 07:00:00,72670.95,125,64532.17,91114.21
2025-06-15 08:00:00,72636.96,127,64538.27,91203.47
2025-06-15 09:00:00,72476.03,134,64517.57,91367.44
2025-06-15 10:00:00,72375.34,129,64510.78,91601.35
2025-06-15 11:00:00,72349.52,118,64543.81,91743.01
2025-06-15 12:00:00,72431.07,126,64521.77,91464.62
2025-06-15 13:00:00,72491.29,126,64515.82,91208.41
2025-06-15 14:00:00,72721.55,133,64512.71,91168.89
2025-06-15 15:00:00,72726.75,132,64459.41,91288.79
2025-06-15 16:00:00,72889.47,131,64471.07,91307.78
2025-06-15 17:00:00,73168.07,132,64424.07,91116.98
2025-06-15 18:00:00,72903.61,118,64420.79,91137.68
2025-06-15 19:00:00,73561.25,117,64381.49,91125.22
2025-06-15 20:00:00,73630.41,105,64332.36,91049.12
2025-06-15 21:00:00,73749.19,84,64356.7,91153.28
2025-06-15 22:00:00,73995.48,79,64331.27,91100.89
2025-06-15 23:00:00,73911.49,83,64365.52,90929.48
2025-06-16 00:00:00,73873.48,74,64384.86,90841.8
2025-06-16 01:00:00,73775.22,94,64370.52,90846.66
2025-06-16 02:00:00,73795.76,98,64359.82,91142.07
2025-06-16 03:00:00,73485.23,118,64375.13,91393.32
2025-06-16 04:00:00,73558.96,110,64320.91,91300.51
2025-06-16 05:00:00,73564.61,114,64343.56,91154.69
2025-06-16 06:00:00,73748.95,132,64345.91,91024.81
2025-06-16 07:00:00,73439.59,140,64320.13,91213.22
2025-06-16 08:00:00,73244.31,136,64331.66,91199.66
2025-06-16 09:00:00,73496.43,136,64261.43,90852.6
2025-06-16 10:00:00,73592.43,133,64264.69,90823.38
2025-06-16 11:00:00,73311.25,130,64269.44,90834.14
2025-06-16 12:00:00,73261.0,129,64234.71,90766.79
2025-06-16 13:00:00,73283.89,131,64274.4,90629.77
2025-06-16 14:00:00,73356.66,131,64233.52,90532.52
2025-06-16 15:00:00,73233.55,131,64278.76,90532.77
2025-06-16 16:00:00,72918.06,132,64299.92,90274.75
2025-06-16 17:00:00,73061.46,126,64261.92,90142.22
2025-06-16 18:00:00,73014.63,140,64237.5,89963.64
2025-06-16 19:00:00,72680.79,124,64260.22,90152.2
2025-06-16 20:00:00,72713.9,122,64260.24,90076.32
2025-06-16 21:00:00,72614.27,109,64267.07,89976.88
2025-06-16 22:00:00,72729.36,99,64268.01,89944.89
2025-06-16 23:00:00,72840.43,105,64275.72,90059.96
2025-06-17 00:00:00,72812.06,115,64242.27,90160.03
2025-06-17 01:00:00,73072.93,109,64166.59,90108.12
2025-06-17 02:00:00,73237.2,111,64173.05,89886.3
2025-06-17 03:00:00,73421.81,121,64156.63,89904.14
2025-06-17 04:00:00,73471.79,114,64195.73,89840.39
2025-06-17 05:00:00,73335.41,118,64201.28,89766.85
2025-06-17 06:00:00,73427.29,113,64191.92,89939.93
2025-06-17 07:00:00,73382.19,138,64203.52,89965.64
2025-06-17 08:00:00,73549.06,137,64150.86,90037.46
2025-06-17 09:00:00,73477.16,139,64167.93,90127.28
2025-06-17 10:00:00,73361.23,152,64143.33,90335.24
2025-06-17 11:00:00,73031.08,148,64150.41,90245.05
2025-06-17 12:00:00,73226.71,164,64154.11,90052.58
2025-06-17 13:00:00,73390.26,158,64208.05,90317.33
2025-06-17 14:00:00,73498.43,158,64229.42,90406.16
2025-06-17 15:00:00,73331.77,150,64238.1,90573.45
2025-06-17 16:00:00,73699.91,139,64223.22,90540.43
2025-06-17 17:00:00,73631.79,121,64267.98,90718.27
2025-06-17 18:00:00,73460.91,120,64287.78,90897.82
2025-06-17 19:00:00,73360.8,136,64296.97,90738.36
2025-06-17 20:00:00,73438.14,122,64279.04,90629.54
2025-06-17 21:00:00,73576.52,117,64291.94,90627.74
2025-06-17 22:00:00,74149.61,115,64344.36,90336.23
2025-06-17 23:00:00,74366.37,114,64355.39,90524.87
2025-06-18 00:00:00,74424.17,106,64345.34,90330.39
2025-06-18 01:00:00,74140.41,100,64381.0,90709.62
2025-06-18 02:00:00,74062.8,108,64409.0,90783.11
2025-06-18 03:00:00,74058.2,124,64421.18,90779.42
2025-06-18 04:00:00,74302.2,141,64413.92,90842.17
2025-06-18 05:00:00,74424.06,132,64450.26,90730.7
2025-06-18 06:00:00,74133.5,134,64452.49,90813.05
2025-06-18 07:00:00,74086.04,136,64424.58,90844.24
2025-06-18 08:00:00,74108.71,148,64436.02,90759.52
2025-06-18 09:00:00,74259.36,159,64420.02,91107.95
2025-06-18 10:00:00,73938.0,151,64479.85,91141.2
2025-06-18 11:00:00,73909.04,157,64483.46,90902.24
2025-06-18 12:00:00,73722.03,169,64502.68,91004.31
2025-06-18 13:00:00,73635.17,157,64515.4,91180.15
2025-06-18 14:00:00,73547.92,154,64513.48,90820.9
2025-06-18 15:00:00,73388.32,151,64498.98,90943.16
2025-06-18 16:00:00,73458.19,146,64512.04,90839.97
2025-06-18 17:00:00,73651.79,147,64526.48,90871.51
2025-06-18 18:00:00,73303.05,136,64497.94,91108.8
2025-06-18 19:00:00,73569.56,124,64475.35,91089.51
2025-06-18 20:00:00,73458.57,112,64421.1,90998.1
2025-06-18 21:00:00,73421.5,129,64364.57,91026.71
2025-06-18 22:00:00,73250.16,119,64356.6,90923.62
2025-06-18 23:00:00,73480.08,117,64356.84,91248.62
2025-06-19 00:00:00,73533.51,112,64348.87,91347.37
2025-06-19 01:00:00,73411.89,126,64373.17,91351.44
2025-06-19 02:00:00,72957.51,116,64332.53,91179.26
2025-06-19 03:00:00,72958.63,117,64420.42,91523.49
2025-06-19 04:00:00,73080.61,126,64436.55,91623.93
2025-06-19 05:00:00,73104.42,133,64431.67,91801.35
2025-06-19 06:00:00,73098.72,135,64443.82,91939.15
2025-06-19 07:00:00,73346.58,140,64437.3,91999.77
2025-06-19 08:00:00,73363.74,137,64463.84,91982.59
2025-06-19 09:00:00,73614.39,159,64456.46,92005.32
2025-06-19 10:00:00,73533.63,149,64462.43,91655.89
2025-06-19 11:00:00,73344.36,149,64490.38,91845.72
2025-06-19 12:00:00,73477.57,158,64478.73,91813.96
2025-06-19 13:00:00,73291.87,151,64481.98,91756.17
2025-06-19 14:00:00,73177.79,140,64453.74,91752.13
2025-06-19 15:00:00,73174.06,137,64463.69,91627.95
2025-06-19 16:00:00,73227.42,130,64492.09,91744.42
2025-06-19 17:00:00,73212.55,112,64519.97,91519.82
2025-06-19 18:00:00,73115.92,113,64562.84,91405.06
2025-06-19 19:00:00,73271.5,113,64564.5,91316.6
2025-06-19 20:00:00,73267.97,116,64546.39,91587.79
2025-06-19 21:00:00,73038.31,111,64531.19,91554.75
2025-06-19 22:00:00,72992.42,109,64525.8,91666.02
2025-06-19 23:00:00,72733.8,126,64487.76,91755.93
2025-06-20 00:00:00,73051.2,116,64515.02,91377.91
2025-06-20 01:00:00,73080.4,124,64521.09,91649.14
2025-06-20 02:00:00,73180.04,122,64524.33,91422.28
2025-06-20 03:00:00,73135.55,116,64518.27,91619.56
2025-06-20 04:00:00,73294.04,109,64443.83,91517.37
2025-06-20 05:00:00,73230.84,124,64416.54,91395.96
2025-06-20 06:00:00,73368.07,122,64468.53,91460.48
2025-06-20 07:00:00,73300.03,128,64446.41,91616.69
2025-06-20 08:00:00,73865.79,146,64463.37,91676.09
2025-06-20 09:00:00,73555.78,140,64483.89,91535.37
2025-06-20 10:00:00,73565.01,156,64465.65,91523.08
2025-06-20 11:00:00,73455.04,149,64450.67,91642.36
2025-06-20 12:00:00,73134.35,156,64448.18,91457.4
2025-06-20 13:00:00,72979.11,140,64461.94,91772.27
2025-06-20 14:00:00,73030.35,145,64504.8,91853.51
2025-06-20 15:00:00,72590.21,133,64491.88,91738.32
2025-06-20 16:00:00,72604.6,133,64519.66,91615.21
2025-06-20 17:00:00,72596.72,117,64517.32,91451.19
2025-06-20 18:00:00,72529.1,103,64550.52,91456.27
2025-06-20 19:00:00,72937.18,97,64543.43,91610.04
2025-06-20 20:00:00,72759.09,93,64561.2,91670.6
2025-06-20 21:00:00,73066.86,92,64561.33,91305.35
2025-06-20 22:00:00,73230.29,95,64514.32,91094.37
2025-06-20 23:00:00,73075.17,102,64506.16,91081.26
2025-06-21 00:00:00,73031.36,104,64468.63,91104.74
2025-06-21 01:00:00,73098.43,94,64432.7,91342.66
2025-06-21 02:00:00,73263.76,96,64425.54,91420.31
2025-06-21 03:00:00,73271.87,91,64423.66,91469.77
2025-06-21 04:00:00,73204.03,109,64413.68,91478.88
2025-06-21 05:00:00,73170.08,108,64488.9,91300.7
2025-06-21 06:00:00,72768.91,107,64488.02,91304.09
2025-06-21 07:00:00,73022.52,113,64514.99,91487.14
2025-06-21 08:00:00,72985.39,118,64496.43,91752.58
2025-06-21 09:00:00,72582.12,128,64514.18,91815.6
2025-06-21 10:00:00,72832.23,128,64470.96,92042.76
2025-06-21 11:00:00,72974.38,127,64466.49,92195.21
2025-06-21 12:00:00,73039.11,129,64474.62,92298.7
2025-06-21 13:00:00,73386.21,136,64466.32,91995.99
2025-06-21 14:00:00,73394.01,133,64434.77,92025.4
2025-06-21 15:00:00,73354.38,123,64460.96,91823.16
2025-06-21 16:00:00,73156.23,126,64416.48,91985.43
2025-06-21 17:00:00,73349.92,114,64399.04,91817.75
2025-06-21 18:00:00,73142.85,117,64383.25,91758.03
2025-06-21 19:00:00,73124.69,117,64398.73,91801.41
2025-06-21 20:00:00,72951.35,106,64408.19,91760.95
2025-06-21 21:00:00,73189.22,97,64387.33,91696.52
2025-06-21 22:00:00,73550.06,96,64339.23,91754.34
2025-06-21 23:00:00,73418.72,95,64358.3,91643.57
2025-06-22 00:00:00,73554.17,90,64328.08,91610.15
2025-06-22 01:00:00,73325.34,88,64330.88,91541.93
2025-06-22 02:00:00,73288.02,91,64281.02,91927.59
2025-06-22 03:00:00,73199.33,99,64260.45,91725.5
2025-06-22 04:00:00,73182.17,110,64264.18,91661.5
2025-06-22 05:00:00,73238.91,102,64282.55,91699.08
2025-06-22 06:00:00,73656.25,111,64302.67,91971.14
2025-06-22 07:00:00,73930.1,122,64304.83,91808.29
2025-06-22 08:00:00,73817.62,131,64279.07,91910.44
2025-06-22 09:00:00,73802.63,132,64241.38,91916.45
2025-06-22 10:00:00,73767.5,133,64202.17,91557.99
2025-06-22 11:00:00,73382.71,134,64225.32,91596.21
2025-06-22 12:00:00,73307.91,136,64256.26,91547.88
2025-06-22 13:00:00,73215.91,133,64238.52,91292.7
2025-06-22 14:00:00,73001.01,142,64268.36,91297.05
2025-06-22 15:00:00,72856.08,127,64264.33,91304.31
2025-06-22 16:00:00,73031.93,118,64269.2,91273.34
2025-06-22 17:00:00,72802.37,107,64292.09,90981.5
2025-06-22 18:00:00,72794.82,101,64279.1,91142.86
2025-06-22 19:00:00,72715.9,99,64330.15,91224.92
2025-06-22 20:00:00,72686.94,101,64307.28,90803.31
2025-06-22 21:00:00,72656.58,91,64296.25,90604.43
2025-06-22 22:00:00,72850.85,83,64283.0,90582.86
2025-06-22 23:00:00,72996.89,97,64263.53,90368.97
2025-06-23 00:00:00,72893.76,86,64252.19,90479.44
2025-06-23 01:00:00,72624.47,95,64258.86,90584.84
2025-06-23 02:00:00,72678.62,99,64245.32,90385.11
2025-06-23 03:00:00,72734.85,113,64235.98,90314.33
2025-06-23 04:00:00,72562.42,107,64234.76,90305.93
2025-06-23 05:00:00,72769.33,106,64214.26,90306.69
2025-06-23 06:00:00,73108.89,120,64187.66,90219.26
2025-06-23 07:00:00,73061.34,126,64214.57,90192.33
2025-06-23 08:00:00,72520.21,144,64195.2,90292.77
2025-06-23 09:00:00,72782.66,150,64173.86,90441.88
2025-06-23 10:00:00,73069.58,138,64168.62,90361.74
2025-06-23 11:00:00,73123.41,148,64167.0,90246.2
2025-06-23 12:00:00,73141.64,137,64164.3,90308.42
2025-06-23 13:00:00,73092.9,147,64140.15,90177.71
2025-06-23 14:00:00,73286.65,141,64134.57,90062.84
2025-06-23 15:00:00,73341.39,142,64109.25,90084.4
2025-06-23 16:00:00,73408.11,130,64139.91,90044.13
2025-06-23 17:00:00,73336.13,125,64144.49,90023.1
2025-06-23 18:00:00,73486.1,111,64178.51,90154.23
2025-06-23 19:00:00,73594.78,92,64141.06,90290.26
2025-06-23 20:00:00,73580.84,97,64094.17,90339.21
2025-06-23 21:00:00,73585.04,106,64157.68,90566.16
2025-06-23 22:00:00,73640.15,104,64161.74,90655.92
2025-06-23 23:00:00,73659.51,105,64199.45,90607.17
2025-06-24 00:00:00,73777.9,99,64187.69,90498.56
2025-06-24 01:00:00,73980.84,99,64187.81,90672.07
2025-06-24 02:00:00,74152.22,117,64173.56,90426.61
2025-06-24 03:00:00,74059.05,119,64132.87,90375.8
2025-06-24 04:00:00,74059.71,130,64159.6,90554.76
2025-06-24 05:00:00,73999.22,135,64157.2,90462.93
2025-06-24 06:00:00,73947.51,153,64229.32,90588.35
2025-06-24 07:00:00,73672.56,143,64202.88,90640.41
2025-06-24 08:00:00,73334.57,134,64228.47,90808.87
2025-06-24 09:00:00,73493.56,140,64221.03,90678.06
2025-06-24 10:00:00,73778.77,131,64256.63,90749.55
2025-06-24 11:00:00,73511.0,137,64223.59,90634.85
2025-06-24 12:00:00,73523.7,144,64267.34,90306.35
2025-06-24 13:00:00,73472.88,142,64248.62,90375.5
2025-06-24 14:00:00,73471.14,145,64295.37,90354.28
2025-06-24 15:00:00,73756.39,134,64309.18,90447.88
2025-06-24 16:00:00,73688.64,139,64308.38,90410.42
2025-06-24 17:00:00,73662.0,141,64350.13,90305.17
2025-06-24 18:00:00,73699.22,146,64351.92,90167.53
2025-06-24 19:00:00,73276.6,131,64342.87,90425.31
2025-06-24 20:00:00,73364.75,116,64338.22,90355.74
2025-06-24 21:00:00,73081.63,105,64357.59,90273.94
2025-06-24 22:00:00,72944.73,124,64357.23,90276.45
2025-06-24 23:00:00,72849.74,112,64394.61,90417.97
2025-06-25 00:00:00,72702.29,106,64402.12,90558.95
2025-06-25 01:00:00,72965.97,107,64434.8,90542.92
2025-06-25 02:00:00,72795.16,127,64392.74,90653.31
2025-06-25 03:00:00,72424.12,135,64385.26,90611.97
2025-06-25 04:00:00,72495.44,139,64346.41,90791.99
2025-06-25 05:00:00,72194.67,133,64316.77,91059.92
2025-06-25 06:00:00,72129.16,132,64288.38,90786.05
2025-06-25 07:00:00,72648.54,139,64314.49,90756.85
2025-06-25 08:00:00,72211.25,150,64298.56,90659.34
2025-06-25 09:00:00,72360.15,155,64246.86,90680.58
2025-06-25 10:00:00,72359.34,154,64241.66,90479.81
2025-06-25 11:00:00,72526.58,154,64211.42,90468.33
2025-06-25 12:00:00,72462.36,139,64250.26,90453.29
2025-06-25 13:00:00,72444.99,134,64222.1,90701.36
2025-06-25 14:00:00,72792.85,139,64257.26,90773.62
2025-06-25 15:00:00,72755.38,141,64251.6,90851.18
2025-06-25 16:00:00,72852.09,132,64247.71,90902.76
2025-06-25 17:00:00,72938.33,129,64220.16,91033.46
2025-06-25 18:00:00,73230.88,132,64212.0,91262.94
2025-06-25 19:00:00,73199.79,124,64268.25,91295.97
2025-06-25 20:00:00,73286.24,116,64306.54,91302.97
2025-06-25 21:00:00,72866.84,126,64359.24,91187.52
2025-06-25 22:00:00,73095.69,107,64370.29,91135.86
2025-06-25 23:00:00,72946.83,98,64398.02,91262.74
2025-06-26 00:00:00,73021.2,108,64393.92,91270.42
2025-06-26 01:00:00,73028.74,108,64350.96,91421.43
2025-06-26 02:00:00,73080.81,118,64387.22,91527.53
2025-06-26 03:00:00,73166.5,130,64372.95,91844.7
2025-06-26 04:00:00,73366.16,135,64383.2,91910.48
2025-06-26 05:00:00,73145.06,138,64376.61,92027.54
2025-06-26 06:00:00,73085.51,134,64418.93,92072.83
2025-06-26 07:00:00,73142.89,139,64415.05,91896.48
2025-06-26 08:00:00,73183.46,154,64461.26,92133.01
2025-06-26 09:00:00,73076.58,137,64464.1,91912.2
2025-06-26 10:00:00,73287.02,149,64461.5,91846.09
2025-06-26 11:00:00,73378.76,159,64447.91,91797.19
2025-06-26 12:00:00,73621.39,152,64436.09,91763.46
2025-06-26 13:00:00,73374.61,154,64500.01,91650.31
2025-06-26 14:00:00,73249.08,153,64501.89,91802.43
2025-06-26 15:00:00,73578.1,158,64522.93,91954.45
2025-06-26 16:00:00,73372.19,162,64488.48,91953.92
2025-06-26 17:00:00,73129.75,145,64454.37,92030.58
2025-06-26 18:00:00,73090.69,133,64432.47,92023.22
2025-06-26 19:00:00,73121.18,117,64426.68,92022.38
2025-06-26 20:00:00,73444.05,112,64453.84,92182.14
2025-06-26 21:00:00,73295.01,117,64471.28,92114.47
2025-06-26 22:00:00,72839.04,115,64446.71,92193.21
2025-06-26 23:00:00,72715.85,117,64454.93,92329.93
2025-06-27 00:00:00,72641.66,103,64458.77,92437.13
2025-06-27 01:00:00,72783.3,103,64474.35,92442.53
2025-06-27 02:00:00,72613.34,103,64458.29,92355.74
2025-06-27 03:00:00,72402.9,97,64444.48,92430.52
2025-06-27 04:00:00,72566.31,113,64496.66,92604.21
2025-06-27 05:00:00,72972.57,119,64462.72,92692.08
2025-06-27 06:00:00,73130.48,129,64484.82,92845.01
2025-06-27 07:00:00,73086.27,129,64447.03,92662.57
2025-06-27 08:00:00,73158.69,133,64435.67,92597.24
2025-06-27 09:00:00,73282.25,153,64474.27,92678.39
2025-06-27 10:00:00,73572.88,150,64456.01,92639.67
2025-06-27 11:00:00,73389.11,146,64488.4,92571.22
2025-06-27 12:00:00,73356.86,148,64455.4,92661.1
2025-06-27 13:00:00,73059.74,144,64438.83,92712.81
2025-06-27 14:00:00,72616.51,124,64500.97,92637.06
2025-06-27 15:00:00,72704.79,130,64500.62,92644.28
2025-06-27 16:00:00,72790.36,125,64509.38,92697.51
2025-06-27 17:00:00,72847.56,114,64476.45,92622.79
2025-06-27 18:00:00,72712.92,115,64436.84,92668.71
2025-06-27 19:00:00,72846.6,108,64453.3,92440.78
2025-06-27 20:00:00,73238.85,108,64474.45,92151.92
2025-06-27 21:00:00,73342.25,114,64477.27,92245.21
2025-06-27 22:00:00,73384.41,104,64502.67,92219.22
2025-06-27 23:00:00,72908.12,113,64508.97,92232.66
2025-06-28 00:00:00,72863.34,94,64520.71,92487.99
2025-06-28 01:00:00,73283.13,93,64550.44,92428.23
2025-06-28 02:00:00,73331.16,101,64505.36,92448.01
2025-06-28 03:00:00,73127.33,106,64541.21,92309.11
2025-06-28 04:00:00,72959.17,111,64567.05,92303.38
2025-06-28 05:00:00,72873.73,116,64583.23,92389.3
2025-06-28 06:00:00,72655.55,127,64631.91,92472.91
2025-06-28 07:00:00,72584.46,122,64594.5,92120.89
2025-06-28 08:00:00,72706.66,126,64590.69,92088.59
2025-06-28 09:00:00,72426.43,138,64571.66,91954.07
2025-06-28 10:00:00,72360.0,121,64589.82,91927.85
2025-06-28 11:00:00,72332.17,131,64547.58,91822.53
2025-06-28 12:00:00,72545.03,132,64561.96,92137.33
2025-06-28 13:00:00,72277.23,137,64556.65,92328.15
2025-06-28 14:00:00,72186.15,133,64563.22,92490.02
2025-06-28 15:00:00,72097.95,129,64555.29,92198.97
2025-06-28 16:00:00,71940.44,109,64645.2,92301.6
2025-06-28 17:00:00,72201.84,112,64625.92,92390.63
2025-06-28 18:00:00,72086.43,100,64616.78,92310.06
2025-06-28 19:00:00,72360.94,104,64628.94,92404.48
2025-06-28 20:00:00,72107.08,88,64660.63,92260.5
2025-06-28 21:00:00,72224.25,95,64662.35,92077.21
2025-06-28 22:00:00,72124.86,92,64637.32,92142.01
2025-06-28 23:00:00,72270.53,84,64640.44,92114.99
2025-06-29 00:00:00,72262.85,87,64619.42,92245.62
2025-06-29 01:00:00,72269.59,86,64610.17,92306.29
2025-06-29 02:00:00,72214.55,90,64653.45,92490.65
2025-06-29 03:00:00,72269.88,96,64675.06,92664.04
2025-06-29 04:00:00,72293.81,97,64694.49,92705.51
2025-06-29 05:00:00,72165.34,96,64673.57,92731.62
2025-06-29 06:00:00,72187.49,88,64713.43,92448.91
2025-06-29 07:00:00,72380.51,112,64685.69,92642.59
2025-06-29 08:00:00,72855.13,118,64662.2,92592.46
2025-06-29 09:00:00,73073.52,122,64651.97,92550.52
2025-06-29 10:00:00,72729.22,125,64653.9,92381.8
2025-06-29 11:00:00,72775.61,122,64646.13,92384.48
2025-06-29 12:00:00,72712.14,139,64647.86,92289.66
2025-06-29 13:00:00,72814.36,137,64707.65,92060.59
2025-06-29 14:00:00,72971.79,133,64672.88,91844.25
2025-06-29 15:00:00,72983.98,132,64692.71,91782.39
2025-06-29 16:00:00,72807.26,130,64697.65,91767.19
2025-06-29 17:00:00,72744.77,115,64669.82,91651.0
2025-06-29 18:00:00,72769.96,119,64661.95,91504.96
2025-06-29 19:00:00,72583.04,117,64667.87,91429.59
2025-06-29 20:00:00,72551.37,107,64657.01,91335.68
2025-06-29 21:00:00,72542.41,96,64669.9,91477.29
2025-06-29 22:00:00,72234.85,94,64659.24,91207.84
2025-06-29 23:00:00,72414.79,99,64661.29,91329.68
2025-06-30 00:00:00,72286.68,88,64675.76,91159.4
2025-06-30 01:00:00,72435.97,95,64635.25,90874.94
2025-06-30 02:00:00,72731.34,99,64632.38,90989.33
2025-06-30 03:00:00,72368.49,92,64649.09,90930.23
2025-06-30 04:00:00,72175.16,96,64644.33,90877.78
2025-06-30 05:00:00,72113.35,104,64660.5,90778.53
2025-06-30 06:00:00,72414.4,109,64658.3,90883.57
2025-06-30 07:00:00,72535.81,127,64645.39,90849.58
2025-06-30 08:00:00,72599.55,128,64675.39,90812.39
2025-06-30 09:00:00,72362.98,132,64679.89,90452.88
2025-06-30 10:00:00,72451.44,128,64694.91,90411.33
2025-06-30 11:00:00,72390.49,130,64688.12,90228.74
2025-06-30 12:00:00,72520.99,132,64691.28,90235.84
2025-06-30 13:00:00,72482.49,130,64635.26,90017.87
2025-06-30 14:00:00,72520.56,124,64574.16,90185.66
2025-06-30 15:00:00,72623.14,128,64590.81,90204.91
2025-06-30 16:00:00,72485.65,120,64605.63,90248.35
2025-06-30 17:00:00,72705.35,124,64606.01,90139.08
2025-06-30 18:00:00,72673.1,126,64571.72,90244.9
2025-06-30 19:00:00,72653.95,103,64546.27,90491.05
2025-06-30 20:00:00,72582.41,120,64561.24,90481.32
2025-06-30 21:00:00,72930.45,97,64578.25,90512.73
2025-06-30 22:00:00,72839.94,109,64605.59,90591.45
2025-06-30 23:00:00,72766.37,94,64630.47,90537.98
2025-07-01 00:00:00,73121.13,110,64617.49,90571.93
2025-07-01 01:00:00,72650.83,112,64614.36,90751.33
2025-07-01 02:00:00,72714.84,114,64672.34,90720.04
2025-07-01 03:00:00,72779.36,120,64686.29,90797.82
2025-07-01 04:00:00,72716.34,119,64731.48,90612.66
2025-07-01 05:00:00,72730.77,122,64752.47,90645.8
2025-07-01 06:00:00,72530.26,137,64703.83,90820.43
2025-07-01 07:00:00,72518.73,150,64724.39,90773.18
2025-07-01 08:00:00,72615.23,141,64703.61,90983.46
2025-07-01 09:00:00,72840.83,142,64726.92,91054.3
2025-07-01 10:00:00,72432.48,131,64717.38,90998.44
2025-07-01 11:00:00,72466.7,140,64711.09,91064.67
2025-07-01 12:00:00,72500.48,137,64678.81,91028.84
2025-07-01 13:00:00,72674.19,139,64687.0,90704.39
2025-07-01 14:00:00,72686.15,148,64672.81,90787.25
2025-07-01 15:00:00,72702.17,121,64653.9,90738.86
2025-07-01 16:00:00,72866.42,126,64629.72,90495.77
2025-07-01 17:00:00,72995.66,124,64616.89,90377.26
2025-07-01 18:00:00,72834.06,115,64643.51,89968.36
2025-07-01 19:00:00,72845.16,112,64670.49,89813.77
2025-07-01 20:00:00,73039.28,118,64681.63,89759.26
2025-07-01 21:00:00,72839.25,118,64674.07,89878.9
2025-07-01 22:00:00,72701.96,120,64654.28,90062.15
2025-07-01 23:00:00,72862.56,122,64678.59,89984.92
2025-07-02 00:00:00,73222.06,113,64703.51,90122.57
2025-07-02 01:00:00,73252.68,111,64645.67,90161.19
2025-07-02 02:00:00,73492.33,116,64645.49,90111.14
2025-07-02 03:00:00,73684.14,124,64620.81,90013.33
2025-07-02 04:00:00,74029.86,131,64653.24,89842.24
2025-07-02 05:00:00,74238.71,125,64655.54,90035.65
2025-07-02 06:00:00,74327.51,137,64647.84,89914.63
2025-07-02 07:00:00,74217.02,143,64624.52,89909.48
2025-07-02 08:00:00,74007.98,152,64646.58,89922.23
2025-07-02 09:00:00,74106.07,164,64646.24,89955.2
2025-07-02 10:00:00,74009.61,161,64637.78,89979.33
2025-07-02 11:00:00,73627.56,160,64642.24,90194.04
2025-07-02 12:00:00,73223.01,161,64605.86,90283.23
2025-07-02 13:00:00,73359.65,158,64651.86,90328.93
2025-07-02 14:00:00,73458.94,156,64645.97,90056.7
2025-07-02 15:00:00,73288.3,151,64643.49,90048.57
2025-07-02 16:00:00,73234.38,148,64621.14,89921.08
2025-07-02 17:00:00,73211.7,137,64597.49,89989.92
2025-07-02 18:00:00,73057.73,128,64644.26,90113.11
2025-07-02 19:00:00,73241.7,132,64651.7,90198.9
2025-07-02 20:00:00,73423.41,127,64660.96,90021.23
2025-07-02 21:00:00,73473.5,122,64682.7,89962.93
2025-07-02 22:00:00,73616.65,125,64710.95,89975.23
2025-07-02 23:00:00,73569.95,116,64709.87,89953.33
2025-07-03 00:00:00,73387.09,111,64666.44,89777.89
2025-07-03 01:00:00,73393.35,103,64726.1,89981.45
2025-07-03 02:00:00,73354.66,106,64706.71,89919.91
2025-07-03 03:00:00,73360.7,124,64650.65,89806.35
2025-07-03 04:00:00,73335.73,124,64650.82,89895.35
2025-07-03 05:00:00,73442.95,134,64684.01,89953.06
2025-07-03 06:00:00,73463.43,145,64666.95,89885.87
2025-07-03 07:00:00,73728.36,142,64685.63,90129.66
2025-07-03 08:00:00,73331.92,146,64709.31,90266.15
2025-07-03 09:00:00,73463.26,152,64759.21,90398.82
2025-07-03 10:00:00,73264.99,160,64759.45,90467.91
2025-07-03 11:00:00,73397.02,165,64795.63,90673.79
2025-07-03 12:00:00,73182.28,162,64821.0,90752.03
2025-07-03 13:00:00,72976.12,154,64825.87,90595.5
2025-07-03 14:00:00,73094.37,155,64829.22,90620.8
2025-07-03 15:00:00,72954.24,147,64810.03,90668.71
2025-07-03 16:00:00,72828.09,136,64828.13,90737.94
2025-07-03 17:00:00,72800.21,124,64791.82,90513.41
2025-07-03 18:00:00,72734.37,121,64756.39,90665.23
2025-07-03 19:00:00,72744.28,108,64796.93,90540.46
2025-07-03 20:00:00,72639.26,108,64813.72,90582.94
2025-07-03 21:00:00,72630.39,102,64780.12,90713.17
2025-07-03 22:00:00,72724.79,105,64787.29,90910.49
2025-07-03 23:00:00,72551.13,88,64819.29,90958.93
2025-07-04 00:00:00,72615.85,92,64795.69,90919.48
2025-07-04 01:00:00,72480.39,93,64786.75,90862.12
2025-07-04 02:00:00,72563.41,103,64828.25,90706.4
2025-07-04 03:00:00,72573.96,110,64836.57,90709.76
2025-07-04 04:00:00,72701.3,125,64835.13,90509.31
2025-07-04 05:00:00,72951.69,136,64864.15,90525.71
2025-07-04 06:00:00,72881.74,127,64891.37,90630.32
2025-07-04 07:00:00,72839.17,128,64872.8,90573.11
2025-07-04 08:00:00,72988.33,139,64852.52,90299.28
2025-07-04 09:00:00,73060.02,145,64844.47,90161.5
2025-07-04 10:00:00,72968.77,140,64831.75,89954.2
2025-07-04 11:00:00,73258.86,139,64797.24,89902.35
2025-07-04 12:00:00,73284.22,142,64789.6,90020.82
2025-07-04 13:00:00,73006.33,136,64773.1,90048.33
2025-07-04 14:00:00,72953.12,129,64827.4,90086.94
2025-07-04 15:00:00,72887.47,130,64845.4,89855.1
2025-07-04 16:00:00,72841.78,118,64798.66,89727.18
2025-07-04 17:00:00,73037.38,121,64823.16,89872.48
2025-07-04 18:00:00,72963.61,107,64824.36,89879.9
2025-07-04 19:00:00,73188.58,101,64793.09,89932.42
2025-07-04 20:00:00,72804.05,96,64795.72,89850.71
2025-07-04 21:00:00,72671.42,83,64802.67,89927.66
2025-07-04 22:00:00,72497.01,84,64765.29,89921.6
2025-07-04 23:00:00,72326.31,82,64772.76,89714.01
2025-07-05 00:00:00,72377.12,78,64775.05,89683.21
2025-07-05 01:00:00,72248.48,100,64767.28,89839.95
2025-07-05 02:00:00,72179.37,104,64739.95,89829.67
2025-07-05 03:00:00,72075.36,98,64751.57,89744.42
2025-07-05 04:00:00,72349.86,107,64716.76,89755.4
2025-07-05 05:00:00,72479.81,127,64676.96,89532.76
2025-07-05 06:00:00,72818.04,124,64676.35,89528.54
2025-07-05 07:00:00,72668.4,130,64747.38,89251.6
2025-07-05 08:00:00,72508.02,136,64758.4,89163.58
2025-07-05 09:00:00,72496.93,137,64813.85,89061.46
2025-07-05 10:00:00,72436.44,143,64781.27,89106.88
2025-07-05 11:00:00,72163.04,132,64782.4,89108.55
2025-07-05 12:00:00,72418.03,129,64782.03,89123.94
2025-07-05 13:00:00,72234.4,127,64816.13,89015.8
2025-07-05 14:00:00,72679.76,116,64830.76,89114.04
2025-07-05 15:00:00,72619.81,127,64861.87,89186.82
2025-07-05 16:00:00,72615.16,120,64828.68,88915.52
2025-07-05 17:00:00,72798.18,116,64848.89,88944.93
2025-07-05 18:00:00,72776.85,115,64790.42,88966.13
2025-07-05 19:00:00,72579.02,99,64770.05,88849.26
2025-07-05 20:00:00,72754.14,99,64749.61,88798.35
2025-07-05 21:00:00,72772.54,87,64783.76,88864.37
2025-07-05 22:00:00,72409.99,73,64768.16,88805.16
2025-07-05 23:00:00,72003.12,87,64743.11,88985.12
2025-07-06 00:00:00,72311.74,87,64771.98,89088.31
2025-07-06 01:00:00,72271.73,88,64793.18,89189.2
2025-07-06 02:00:00,72474.12,83,64758.4,89357.57
2025-07-06 03:00:00,72243.57,91,64792.49,89183.62
2025-07-06 04:00:00,72571.53,98,64811.29,89150.86
2025-07-06 05:00:00,72817.92,109,64823.15,89108.59
2025-07-06 06:00:00,72755.27,112,64839.98,89283.1
2025-07-06 07:00:00,72817.45,117,64865.47,89091.46
2025-07-06 08:00:00,72811.08,120,64880.61,89105.76
2025-07-06 09:00:00,72711.67,114,64910.94,89123.29
2025-07-06 10:00:00,72641.46,124,64922.78,89056.04
2025-07-06 11:00:00,72921.56,129,64926.87,88946.96
2025-07-06 12:00:00,72873.33,129,64916.69,88926.57
2025-07-06 13:00:00,72967.78,122,64899.38,89001.76
2025-07-06 14:00:00,73257.32,117,64887.3,89261.37
2025-07-06 15:00:00,73404.55,109,64901.74,89257.12
2025-07-06 16:00:00,73204.4,105,64887.26,89146.87
2025-07-06 17:00:00,72828.89,94,64839.41,89017.43
2025-07-06 18:00:00,72937.24,99,64844.34,89069.51
2025-07-06 19:00:00,72921.84,92,64837.92,88830.02
2025-07-06 20:00:00,72788.18,109,64848.08,88746.83
2025-07-06 21:00:00,72822.02,101,64832.09,88659.04
2025-07-06 22:00:00,72767.61,99,64781.08,88439.66
2025-07-06 23:00:00,72490.36,99,64707.31,88679.65
2025-07-07 00:00:00,72462.06,99,64764.03,88915.06
2025-07-07 01:00:00,72360.51,88,64813.27,88868.85
2025-07-07 02:00:00,72593.55,86,64847.78,88667.55
2025-07-07 03:00:00,72830.19,105,64862.69,88634.19
2025-07-07 04:00:00,72902.47,98,64875.12,88783.17
2025-07-07 05:00:00,72853.3,107,64884.75,88612.2
2025-07-07 06:00:00,72979.4,115,64848.66,88468.84
2025-07-07 07:00:00,72993.1,119,64829.58,88541.23
2025-07-07 08:00:00,73010.94,127,64820.86,88458.88
2025-07-07 09:00:00,72956.92,120,64848.94,88377.07
2025-07-07 10:00:00,72854.89,126,64856.65,88076.78
2025-07-07 11:00:00,72916.84,130,64880.84,88406.79
2025-07-07 12:00:00,72791.41,127,64894.8,88699.34
2025-07-07 13:00:00,72897.11,130,64892.57,88786.16
2025-07-07 14:00:00,73186.34,136,64906.47,88665.98
2025-07-07 15:00:00,73475.22,128,64892.34,88569.83
2025-07-07 16:00:00,73527.11,119,64879.45,88651.09
2025-07-07 17:00:00,73443.82,116,64896.39,88539.53
2025-07-07 18:00:00,73466.81,113,64905.5,88483.16
2025-07-07 19:00:00,73277.2,109,64908.12,88705.13
2025-07-07 20:00:00,73504.03,111,64908.67,88757.19
2025-07-07 21:00:00,73607.09,105,64930.76,88841.0
2025-07-07 22:00:00,73744.28,90,64955.22,89035.52
2025-07-07 23:00:00,73953.11,77,64993.02,88752.15
2025-07-08 00:00:00,73927.9,82,65049.35,88844.04
2025-07-08 01:00:00,74146.4,88,65063.74,88741.31
2025-07-08 02:00:00,74033.5,89,65053.46,88721.39
2025-07-08 03:00:00,73992.91,95,65093.67,88984.31
2025-07-08 04:00:00,74374.26,102,65067.59,88820.7
2025-07-08 05:00:00,74561.19,104,65071.63,88688.06
2025-07-08 06:00:00,74596.17,126,65071.71,88921.56
2025-07-08 07:00:00,74264.7,136,65057.28,89004.82
2025-07-08 08:00:00,74213.7,134,65063.03,88966.87
2025-07-08 09:00:00,74256.71,135,65076.21,88868.56
2025-07-08 10:00:00,74476.14,143,65033.58,88696.62
2025-07-08 11:00:00,74198.26,152,65077.93,88747.73
2025-07-08 12:00:00,74061.59,146,65085.41,88721.71
2025-07-08 13:00:00,74033.09,151,65108.96,88673.73
2025-07-08 14:00:00,73850.3,144,65089.46,88528.33
2025-07-08 15:00:00,73731.86,149,65050.56,88540.27
2025-07-08 16:00:00,73744.85,147,65034.69,88653.48
2025-07-08 17:00:00,73626.51,148,65043.89,88535.15
2025-07-08 18:00:00,73263.78,127,65045.9,88545.09
2025-07-08 19:00:00,73274.34,118,65036.44,88726.53
2025-07-08 20:00:00,73001.79,118,65001.08,88832.42
2025-07-08 21:00:00,73182.22,124,64918.32,88837.13
2025-07-08 22:00:00,73309.2,111,64909.02,88741.2
2025-07-08 23:00:00,73398.88,112,64879.02,88637.69
2025-07-09 00:00:00,73139.82,118,64854.16,88744.29
2025-07-09 01:00:00,73380.96,121,64878.55,88611.24
2025-07-09 02:00:00,73116.46,121,64868.45,88486.06
2025-07-09 03:00:00,73095.53,122,64917.93,88500.56
2025-07-09 04:00:00,73045.05,120,64897.47,88595.82
2025-07-09 05:00:00,73170.31,124,64865.93,88740.57
2025-07-09 06:00:00,73546.06,125,64800.48,88919.88
2025-07-09 07:00:00,73601.41,131,64807.79,89331.9
2025-07-09 08:00:00,73516.66,139,64797.93,89499.93
2025-07-09 09:00:00,73337.14,133,64827.91,89362.7
2025-07-09 10:00:00,73300.62,132,64830.72,89579.82
2025-07-09 11:00:00,73361.41,151,64818.27,89683.93
2025-07-09 12:00:00,73448.91,153,64820.6,89749.61
2025-07-09 13:00:00,73344.93,149,64771.47,89772.26
2025-07-09 14:00:00,73409.46,154,64797.59,89740.85
2025-07-09 15:00:00,73347.31,145,64781.55,89707.24
2025-07-09 16:00:00,73162.38,133,64777.9,89839.32
2025-07-09 17:00:00,73615.27,135,64800.82,89737.59
2025-07-09 18:00:00,73362.06,139,64799.67,89949.4
2025-07-09 19:00:00,73313.76,137,64803.52,89946.25
2025-07-09 20:00:00,72993.96,134,64827.5,89989.88
2025-07-09 21:00:00,72673.69,134,64779.28,90027.11
2025-07-09 22:00:00,72753.86,121,64795.71,89972.75
2025-07-09 23:00:00,73008.95,114,64801.99,90035.92
2025-07-10 00:00:00,73203.22,116,64835.06,89978.44
2025-07-10 01:00:00,73100.71,121,64794.93,89923.92
2025-07-10 02:00:00,73547.46,120,64811.14,90138.09
2025-07-10 03:00:00,73332.02,122,64837.09,90246.34
2025-07-10 04:00:00,73535.22,114,64867.88,90488.69
2025-07-10 05:00:00,73633.91,125,64881.79,90448.53
2025-07-10 06:00:00,73674.92,133,64882.77,90516.18
2025-07-10 07:00:00,73523.01,129,64907.87,90490.7
2025-07-10 08:00:00,73278.88,136,64898.58,90781.94
2025-07-10 09:00:00,73089.48,154,64855.66,90789.22
2025-07-10 10:00:00,72730.27,147,64882.12,90717.28
2025-07-10 11:00:00,72632.21,157,64890.48,90731.57
2025-07-10 12:00:00,72474.49,154,64917.45,90684.52
2025-07-10 13:00:00,72532.96,158,64943.98,90456.64
2025-07-10 14:00:00,72405.45,139,64957.18,90563.55
2025-07-10 15:00:00,72753.42,129,64979.67,90848.96
2025-07-10 16:00:00,72511.46,126,64931.34,90812.17
2025-07-10 17:00:00,72241.77,122,64931.12,90740.05
2025-07-10 18:00:00,72051.68,118,64911.9,91068.6
2025-07-10 19:00:00,72403.8,119,64953.86,91054.18
2025-07-10 20:00:00,72170.85,113,64923.51,91089.81
2025-07-10 21:00:00,72077.03,103,64939.69,91195.89
2025-07-10 22:00:00,71768.24,96,64914.83,91327.6
2025-07-10 23:00:00,71995.49,98,64876.9,91171.61
2025-07-11 00:00:00,72041.31,94,64840.41,91058.54
2025-07-11 01:00:00,72252.64,87,64865.96,90976.63
2025-07-11 02:00:00,72343.92,98,64880.84,91037.64
2025-07-11 03:00:00,72522.31,117,64897.42,91125.63
2025-07-11 04:00:00,72402.85,119,64904.09,91396.32
2025-07-11 05:00:00,72394.51,118,64937.91,91599.72
2025-07-11 06:00:00,72512.57,132,64897.96,91585.87
2025-07-11 07:00:00,72604.45,135,64847.53,91637.44
2025-07-11 08:00:00,72400.13,145,64860.22,91750.44
2025-07-11 09:00:00,72602.13,155,64890.3,91826.72
2025-07-11 10:00:00,72867.86,151,64890.89,91799.28
2025-07-11 11:00:00,72911.08,148,64913.52,91672.77
2025-07-11 12:00:00,73015.45,152,64883.78,91409.72
2025-07-11 13:00:00,73367.15,150,64872.32,91357.91
2025-07-11 14:00:00,72965.74,141,64882.9,91377.38
2025-07-11 15:00:00,72725.6,130,64860.4,91199.74
2025-07-11 16:00:00,72907.88,128,64823.0,91123.83
2025-07-11 17:00:00,72902.53,131,64872.41,91248.81
2025-07-11 18:00:00,72962.73,124,64889.52,91274.11
2025-07-11 19:00:00,72830.87,108,64887.47,91260.43
2025-07-11 20:00:00,72956.64,108,64850.14,91369.41
2025-07-11 21:00:00,73111.3,111,64818.75,91557.59
2025-07-11 22:00:00,72796.08,107,64884.81,91488.96
2025-07-11 23:00:00,72857.94,109,64801.77,91699.01
2025-07-12 00:00:00,72923.66,91,64785.44,91837.73
2025-07-12 01:00:00,72957.81,94,64817.34,91937.52
2025-07-12 02:00:00,72733.5,100,64809.34,91675.01
2025-07-12 03:00:00,72849.54,93,64793.07,91501.82
2025-07-12 04:00:00,73031.46,110,64790.99,91445.39
2025-07-12 05:00:00,73274.98,113,64812.34,91439.4
2025-07-12 06:00:00,72888.65,117,64802.64,91320.1
2025-07-12 07:00:00,72924.59,123,64811.19,91187.41
2025-07-12 08:00:00,72822.48,134,64735.72,91239.71
2025-07-12 09:00:00,72870.35,130,64786.69,91244.26
2025-07-12 10:00:00,72905.34,128,64801.55,91130.03
2025-07-12 11:00:00,73033.92,133,64791.76,91026.0
2025-07-12 12:00:00,72962.5,125,64772.84,91175.57
2025-07-12 13:00:00,72943.17,121,64757.27,91096.9
2025-07-12 14:00:00,72831.96,116,64714.54,91106.75
2025-07-12 15:00:00,72769.12,111,64683.27,91135.32
2025-07-12 16:00:00,72558.17,120,64661.81,91026.88
2025-07-12 17:00:00,72717.58,107,64678.66,90938.81
2025-07-12 18:00:00,72769.8,96,64659.7,90936.87
2025-07-12 19:00:00,73032.13,92,64640.45,90907.25
2025-07-12 20:00:00,73122.81,101,64612.41,90888.69
2025-07-12 21:00:00,73183.88,91,64628.37,90897.86
2025-07-12 22:00:00,73369.02,88,64633.54,90819.61
2025-07-12 23:00:00,73314.37,85,64649.75,90883.05
2025-07-13 00:00:00,73095.28,84,64656.09,90958.95
2025-07-13 01:00:00,73335.58,91,64659.98,90733.65
2025-07-13 02:00:00,73344.51,94,64636.33,90663.95
2025-07-13 03:00:00,73217.27,96,64611.33,90783.66
2025-07-13 04:00:00,72967.79,103,64617.56,90699.35
2025-07-13 05:00:00,73300.21,109,64666.73,90971.94
2025-07-13 06:00:00,73383.53,97,64689.84,90977.6
2025-07-13 07:00:00,73630.53,106,64664.92,91160.76
2025-07-13 08:00:00,73573.85,118,64629.92,91019.32
2025-07-13 09:00:00,73596.69,133,64675.15,91011.53
2025-07-13 10:00:00,73462.9,140,64627.6,90837.5
2025-07-13 11:00:00,73288.9,141,64659.1,90860.68
2025-07-13 12:00:00,73518.9,125,64695.22,90805.12
2025-07-13 13:00:00,73526.44,122,64728.9,90648.65
2025-07-13 14:00:00,73404.62,114,64711.06,90427.3
2025-07-13 15:00:00,73318.85,122,64717.04,90532.62
2025-07-13 16:00:00,73194.48,112,64723.8,90786.92
2025-07-13 17:00:00,73142.35,110,64717.75,90928.21
2025-07-13 18:00:00,73261.11,110,64676.75,90960.38
2025-07-13 19:00:00,73439.74,103,64689.15,90927.06
2025-07-13 20:00:00,73397.13,101,64682.41,91006.65
2025-07-13 21:00:00,73283.32,94,64668.39,91005.26
2025-07-13 22:00:00,73239.77,79,64642.49,91078.63
2025-07-13 23:00:00,73105.27,82,64622.29,90987.54
2025-07-14 00:00:00,73157.64,77,64619.12,91092.03
2025-07-14 01:00:00,73315.29,82,64611.99,90864.76
2025-07-14 02:00:00,73499.46,90,64635.38,90708.19
2025-07-14 03:00:00,73695.9,95,64617.63,90400.36
2025-07-14 04:00:00,73412.67,111,64636.69,90508.43
2025-07-14 05:00:00,73418.06,103,64646.22,90436.31
2025-07-14 06:00:00,73437.84,98,64638.05,90636.89
2025-07-14 07:00:00,73402.3,112,64610.94,90692.41
2025-07-14 08:00:00,73204.23,116,64632.55,90612.23
2025-07-14 09:00:00,73210.46,123,64601.22,90704.71
2025-07-14 10:00:00,73394.2,128,64591.41,90758.97
2025-07-14 11:00:00,73251.9,126,64589.46,90693.47
2025-07-14 12:00:00,73054.87,136,64611.24,90541.62
2025-07-14 13:00:00,72957.62,123,64604.6,90526.54
2025-07-14 14:00:00,72983.02,122,64620.36,90580.35
2025-07-14 15:00:00,72950.26,126,64618.82,90654.98
2025-07-14 16:00:00,73005.94,127,64621.72,90483.43
2025-07-14 17:00:00,72758.18,119,64591.22,90483.05
2025-07-14 18:00:00,72565.38,111,64624.36,90436.4
2025-07-14 19:00:00,72238.58,97,64599.97,90528.67
2025-07-14 20:00:00,71976.88,96,64613.69,90874.67
2025-07-14 21:00:00,71758.96,86,64614.87,90555.27
2025-07-14 22:00:00,72035.33,83,64574.44,90542.03
2025-07-14 23:00:00,71882.72,95,64572.72,90326.08
2025-07-15 00:00:00,72029.73,98,64557.81,90327.26
2025-07-15 01:00:00,71938.34,98,64566.35,90359.88
2025-07-15 02:00:00,71995.58,86,64590.31,90219.03
2025-07-15 03:00:00,72237.68,98,64586.87,90294.88
2025-07-15 04:00:00,72312.3,110,64545.84,90354.57
2025-07-15 05:00:00,72870.85,116,64547.16,90292.5
2025-07-15 06:00:00,72769.25,138,64591.91,90579.28
2025-07-15 07:00:00,72513.28,148,64620.7,90571.04
2025-07-15 08:00:00,72297.42,147,64581.48,90677.82
2025-07-15 09:00:00,72049.7,154,64648.21,90699.5
2025-07-15 10:00:00,71899.85,152,64641.49,90692.21
2025-07-15 11:00:00,72121.55,141,64646.15,90764.69
2025-07-15 12:00:00,72291.51,152,64633.33,90740.78
2025-07-15 13:00:00,72433.6,145,64611.4,90883.27
2025-07-15 14:00:00,72295.13,142,64596.14,90775.41
2025-07-15 15:00:00,72293.97,137,64576.71,90745.38
2025-07-15 16:00:00,72324.96,134,64637.89,90992.48
2025-07-15 17:00:00,72269.66,124,64615.52,90948.75
2025-07-15 18:00:00,72546.26,123,64613.69,91017.68
2025-07-15 19:00:00,72252.51,121,64579.9,90973.59
2025-07-15 20:00:00,72101.89,111,64606.85,90985.36
2025-07-15 21:00:00,72044.0,110,64593.61,91164.45
2025-07-15 22:00:00,72193.11,105,64596.75,91154.65
2025-07-15 23:00:00,71977.66,97,64575.05,90907.73
2025-07-16 00:00:00,72470.97,85,64559.03,90819.42
2025-07-16 01:00:00,72650.03,92,64540.29,90760.89
2025-07-16 02:00:00,72848.28,99,64548.3,90835.23
2025-07-16 03:00:00,72954.99,114,64598.91,90712.31
2025-07-16 04:00:00,73023.04,114,64592.25,90663.56
2025-07-16 05:00:00,73327.53,136,64590.03,90576.58
2025-07-16 06:00:00,73451.27,160,64626.98,90601.74
2025-07-16 07:00:00,73201.31,155,64669.11,90801.05
2025-07-16 08:00:00,72871.97,168,64691.48,91104.08
2025-07-16 09:00:00,72866.64,163,64702.8,91025.78
2025-07-16 10:00:00,72853.31,160,64652.74,91026.1
2025-07-16 11:00:00,73108.44,151,64652.87,90865.27
2025-07-16 12:00:00,72810.15,154,64648.44,91149.85
2025-07-16 13:00:00,73022.4,157,64698.9,90784.17
2025-07-16 14:00:00,72690.02,145,64711.42,90906.57
2025-07-16 15:00:00,73026.44,139,64722.82,90980.8
2025-07-16 16:00:00,73352.53,137,64718.49,91139.1
2025-07-16 17:00:00,73316.87,132,64723.18,91080.23
2025-07-16 18:00:00,73238.8,124,64725.66,91264.92
2025-07-16 19:00:00,72842.76,133,64739.77,91315.54
2025-07-16 20:00:00,72945.98,120,64678.36,91414.93
2025-07-16 21:00:00,72876.78,108,64612.65,91572.02
2025-07-16 22:00:00,72936.98,102,64623.45,91713.96
2025-07-16 23:00:00,72755.09,100,64682.3,91796.39
2025-07-17 00:00:00,73170.01,97,64719.44,91882.14
2025-07-17 01:00:00,73106.11,111,64691.52,91796.29
2025-07-17 02:00:00,73058.61,112,64655.88,91939.26
2025-07-17 03:00:00,73048.26,122,64646.17,91889.21
2025-07-17 04:00:00,73359.26,119,64698.46,92148.74
2025-07-17 05:00:00,73277.47,128,64714.57,92237.84
2025-07-17 06:00:00,73248.34,135,64652.73,92211.32
2025-07-17 07:00:00,73232.95,147,64659.93,92304.93
2025-07-17 08:00:00,73201.22,149,64655.8,92353.68
2025-07-17 09:00:00,73025.46,150,64657.21,92157.56
2025-07-17 10:00:00,73102.95,154,64606.14,92120.01
2025-07-17 11:00:00,73072.15,157,64622.74,92180.91
2025-07-17 12:00:00,72811.29,165,64631.09,92116.87
2025-07-17 13:00:00,72797.4,163,64617.0,92200.34
2025-07-17 14:00:00,72777.41,161,64579.2,92408.58
2025-07-17 15:00:00,73201.79,149,64541.94,92564.5
2025-07-17 16:00:00,73118.88,133,64543.85,92340.38
2025-07-17 17:00:00,72889.63,123,64553.21,92268.47
2025-07-17 18:00:00,72533.24,114,64614.25,92298.42
2025-07-17 19:00:00,72745.67,107,64599.87,92381.1
2025-07-17 20:00:00,72909.87,113,64609.39,92260.99
2025-07-17 21:00:00,72753.14,113,64611.52,92106.82
2025-07-17 22:00:00,72905.05,115,64606.48,92057.08
2025-07-17 23:00:00,72908.05,102,64617.33,92046.53
2025-07-18 00:00:00,72959.22,108,64590.67,92111.97
2025-07-18 01:00:00,72808.86,114,64575.4,92006.98
2025-07-18 02:00:00,72959.41,108,64548.2,92089.54
2025-07-18 03:00:00,72972.04,106,64594.7,91993.22
2025-07-18 04:00:00,72759.79,122,64612.31,92172.61
2025-07-18 05:00:00,72649.04,113,64588.05,92028.43
2025-07-18 06:00:00,72871.38,143,64643.58,91914.68
2025-07-18 07:00:00,73266.86,147,64607.7,91911.7
2025-07-18 08:00:00,73272.57,149,64639.47,91924.98
2025-07-18 09:00:00,73177.97,152,64649.44,91802.65
2025-07-18 10:00:00,73192.35,144,64632.76,91734.16
2025-07-18 11:00:00,73312.68,143,64679.85,91791.41
2025-07-18 12:00:00,73166.84,145,64630.95,91608.08
2025-07-18 13:00:00,73199.07,144,64661.47,91750.84
2025-07-18 14:00:00,72975.51,134,64663.16,91733.81
2025-07-18 15:00:00,73362.22,142,64680.04,91727.32
2025-07-18 16:00:00,73508.08,129,64648.15,91762.27
2025-07-18 17:00:00,73401.51,107,64645.52,91760.43
2025-07-18 18:00:00,73335.02,103,64648.79,91546.99
2025-07-18 19:00:00,73311.83,104,64649.85,91339.03
2025-07-18 20:00:00,73158.94,85,64624.82,91277.94
2025-07-18 21:00:00,72983.53,84,64609.37,91066.95
2025-07-18 22:00:00,73089.82,87,64602.69,91239.79
2025-07-18 23:00:00,73302.45,86,64607.68,90961.63
2025-07-19 00:00:00,73088.8,82,64696.64,91170.72
2025-07-19 01:00:00,73527.12,99,64739.74,91200.8
2025-07-19 02:00:00,73727.17,102,64784.84,91367.86
2025-07-19 03:00:00,73731.19,98,64741.53,91167.7
2025-07-19 04:00:00,73569.66,105,64768.59,91187.99
2025-07-19 05:00:00,73523.72,96,64755.02,91081.91
2025-07-19 06:00:00,73595.06,104,64804.42,90943.58
2025-07-19 07:00:00,73671.3,116,64799.07,90974.35
2025-07-19 08:00:00,73531.49,120,64827.06,91056.18
2025-07-19 09:00:00,73724.65,135,64846.36,91049.62
2025-07-19 10:00:00,73820.27,140,64846.33,91037.33
2025-07-19 11:00:00,73532.82,137,64844.48,91200.57
2025-07-19 12:00:00,73479.05,142,64870.42,91433.61
2025-07-19 13:00:00,73328.46,140,64890.46,91249.54
2025-07-19 14:00:00,73546.54,130,64877.28,91045.05
2025-07-19 15:00:00,73272.76,131,64875.99,91224.59
2025-07-19 16:00:00,73387.36,112,64903.99,91137.89
2025-07-19 17:00:00,73114.26,113,64954.66,91059.96
2025-07-19 18:00:00,73066.37,110,64939.82,91178.78
2025-07-19 19:00:00,73159.36,110,64933.77,91333.96
2025-07-19 20:00:00,73179.57,93,64953.47,91046.57
2025-07-19 21:00:00,73249.9,87,64943.72,90906.51
2025-07-19 22:00:00,73209.78,100,64928.96,91091.36
2025-07-19 23:00:00,73175.35,87,64946.64,91013.64
2025-07-20 00:00:00,73403.85,86,64961.23,91014.75
2025-07-20 01:00:00,73101.22,79,64973.88,90958.06
2025-07-20 02:00:00,73288.68,84,64946.03,90801.76
2025-07-20 03:00:00,73117.48,99,64916.1,90843.84
2025-07-20 04:00:00,72967.87,96,64912.22,90819.35
2025-07-20 05:00:00,73036.68,110,64909.18,90779.99
2025-07-20 06:00:00,73062.95,108,64859.26,90904.4
2025-07-20 07:00:00,72956.18,115,64854.97,90781.69
2025-07-20 08:00:00,72717.79,124,64891.4,90604.06
2025-07-20 09:00:00,72913.93,129,64882.96,90532.47
2025-07-20 10:00:00,73069.64,121,64897.43,90505.97
2025-07-20 11:00:00,73027.55,120,64885.49,90607.77
2025-07-20 12:00:00,72614.84,120,64861.72,90774.83
2025-07-20 13:00:00,72809.14,110,64882.28,90613.18
2025-07-20 14:00:00,72436.73,113,64855.29,90727.92
2025-07-20 15:00:00,72603.46,108,64822.77,90703.23
2025-07-20 16:00:00,72700.02,104,64844.4,90579.65
2025-07-20 17:00:00,72460.25,101,64849.88,90658.0
2025-07-20 18:00:00,72415.73,100,64830.52,90535.99
2025-07-20 19:00:00,72447.38,89,64796.2,90701.4
2025-07-20 20:00:00,72792.78,78,64776.28,90790.97
2025-07-20 21:00:00,72695.55,85,64780.87,90573.68
2025-07-20 22:00:00,72786.48,89,64766.17,90489.38
2025-07-20 23:00:00,72715.91,88,64754.36,90346.36
2025-07-21 00:00:00,72666.53,90,64728.67,90339.05
2025-07-21 01:00:00,72885.45,99,64681.41,90190.61
2025-07-21 02:00:00,72979.41,97,64726.79,90097.29
2025-07-21 03:00:00,72886.85,98,64746.85,89995.36
2025-07-21 04:00:00,72991.28,105,64758.39,90060.31
2025-07-21 05:00:00,72827.78,110,64752.86,90220.4
2025-07-21 06:00:00,72885.4,119,64781.07,90229.05
2025-07-21 07:00:00,72727.66,133,64726.81,90331.23
2025-07-21 08:00:00,72873.81,133,64719.33,90257.87
2025-07-21 09:00:00,72879.2,139,64687.9,90032.98
2025-07-21 10:00:00,72943.14,151,64653.2,89825.6
2025-07-21 11:00:00,72849.61,158,64695.33,89762.06
2025-07-21 12:00:00,72821.22,140,64699.02,90093.78
2025-07-21 13:00:00,73092.84,138,64694.54,90002.03
2025-07-21 14:00:00,72973.08,135,64688.06,89982.16
2025-07-21 15:00:00,73020.63,110,64718.91,90110.83
2025-07-21 16:00:00,72873.76,111,64688.0,89930.66
2025-07-21 17:00:00,72681.43,123,64697.08,89888.44
2025-07-21 18:00:00,72711.06,108,64670.91,89814.43
2025-07-21 19:00:00,72811.66,103,64657.42,89868.62
2025-07-21 20:00:00,72791.38,102,64613.28,89951.17
2025-07-21 21:00:00,72882.45,104,64607.04,89722.67
2025-07-21 22:00:00,72823.2,102,64600.26,89717.34
2025-07-21 23:00:00,72522.06,93,64587.62,89929.98
2025-07-22 00:00:00,72448.76,94,64616.76,90016.58
2025-07-22 01:00:00,72382.89,93,64622.56,90142.58
2025-07-22 02:00:00,72630.43,106,64666.95,89985.53
2025-07-22 03:00:00,72352.2,96,64635.64,90034.61
2025-07-22 04:00:00,72284.83,103,64627.78,90302.8
2025-07-22 05:00:00,72195.96,116,64628.68,90209.31
2025-07-22 06:00:00,72388.88,133,64658.88,90390.9
2025-07-22 07:00:00,72292.5,140,64617.09,90236.8
2025-07-22 08:00:00,72629.6,134,64611.61,90187.85
2025-07-22 09:00:00,72567.88,137,64588.94,90715.38
2025-07-22 10:00:00,72372.11,136,64562.3,90624.3
2025-07-22 11:00:00,72395.77,124,64520.38,90440.8
2025-07-22 12:00:00,72449.29,111,64503.58,90490.94
2025-07-22 13:00:00,72333.22,122,64571.17,90641.29
2025-07-22 14:00:00,72556.59,131,64568.94,90422.74
2025-07-22 15:00:00,72476.38,127,64558.39,90411.74
2025-07-22 16:00:00,72903.11,123,64610.06,90428.45
2025-07-22 17:00:00,73112.03,123,64639.28,90420.96
2025-07-22 18:00:00,73366.09,126,64678.34,90594.11
2025-07-22 19:00:00,73361.96,126,64676.03,90568.48
2025-07-22 20:00:00,73340.91,122,64699.1,90785.26
2025-07-22 21:00:00,73426.97,118,64724.64,90528.07
2025-07-22 22:00:00,73123.74,106,64698.23,90343.16
2025-07-22 23:00:00,73164.14,99,64729.42,90256.88
2025-07-23 00:00:00,73251.48,107,64718.84,90067.64
2025-07-23 01:00:00,73407.69,108,64715.5,90196.95
2025-07-23 02:00:00,73496.62,107,64741.68,90050.74
2025-07-23 03:00:00,73490.37,101,64757.9,90145.42
2025-07-23 04:00:00,73654.79,115,64698.78,90162.3
2025-07-23 05:00:00,73613.33,126,64683.15,90084.38
2025-07-23 06:00:00,73695.71,131,64682.09,90095.06
2025-07-23 07:00:00,73357.41,137,64651.52,89961.98
2025-07-23 08:00:00,73251.8,140,64672.38,89456.43
2025-07-23 09:00:00,73413.42,155,64647.68,89432.44
2025-07-23 10:00:00,73391.28,159,64608.72,89824.23
2025-07-23 11:00:00,73050.34,148,64638.56,89709.37
2025-07-23 12:00:00,73013.78,138,64659.85,89583.41
2025-07-23 13:00:00,73363.5,152,64664.4,89572.46
2025-07-23 14:00:00,73250.65,142,64655.55,89668.42
2025-07-23 15:00:00,73301.58,138,64637.03,89480.92
2025-07-23 16:00:00,73276.97,116,64575.55,89591.56
2025-07-23 17:00:00,73176.93,129,64582.44,89769.94
2025-07-23 18:00:00,73005.17,116,64586.37,89842.88
2025-07-23 19:00:00,73118.5,117,64624.49,89969.55
2025-07-23 20:00:00,72845.38,112,64602.34,89811.12
2025-07-23 21:00:00,72632.59,104,64608.77,89864.36
2025-07-23 22:00:00,72504.47,116,64615.33,89985.83
2025-07-23 23:00:00,72703.28,121,64566.69,90151.62
2025-07-24 00:00:00,72458.04,103,64582.37,90176.39
2025-07-24 01:00:00,72499.69,102,64606.6,90085.57
2025-07-24 02:00:00,72633.93,114,64581.93,90227.3
2025-07-24 03:00:00,72633.48,116,64578.8,90308.81
2025-07-24 04:00:00,72562.07,124,64598.04,90123.28
2025-07-24 05:00:00,72407.75,138,64628.61,90304.1
2025-07-24 06:00:00,72419.78,145,64603.06,90398.62
2025-07-24 07:00:00,72413.3,151,64595.71,90520.85
2025-07-24 08:00:00,72030.4,165,64615.78,90550.51
2025-07-24 09:00:00,71860.69,163,64642.27,90776.9
2025-07-24 10:00:00,71716.43,159,64640.13,90765.02
2025-07-24 11:00:00,71817.22,158,64650.04,90795.3
2025-07-24 12:00:00,72163.09,150,64648.8,90764.44
2025-07-24 13:00:00,72204.47,153,64634.38,90770.4
2025-07-24 14:00:00,72335.62,132,64641.28,90935.36
2025-07-24 15:00:00,72084.76,131,64610.6,90931.04
2025-07-24 16:00:00,71884.58,135,64564.28,91033.65
2025-07-24 17:00:00,71786.69,123,64546.37,90904.49
2025-07-24 18:00:00,71865.62,123,64552.43,90933.71
2025-07-24 19:00:00,71900.04,114,64538.92,91002.27
2025-07-24 20:00:00,71930.34,101,64539.47,91068.01
2025-07-24 21:00:00,71974.07,114,64487.99,90879.75
2025-07-24 22:00:00,71977.43,96,64491.98,90858.58
2025-07-24 23:00:00,72054.29,111,64492.33,90781.94
2025-07-25 00:00:00,71874.23,104,64499.11,90697.98
2025-07-25 01:00:00,71702.24,100,64531.14,90512.7
2025-07-25 02:00:00,71772.41,110,64502.79,90641.26
2025-07-25 03:00:00,71939.89,118,64536.9,90360.79
2025-07-25 04:00:00,72103.6,126,64527.26,90199.38
2025-07-25 05:00:00,72091.47,134,64502.42,90176.61
2025-07-25 06:00:00,72356.62,121,64497.54,90123.31
2025-07-25 07:00:00,72146.58,128,64463.21,89960.06
2025-07-25 08:00:00,72453.79,136,64495.42,90003.41
2025-07-25 09:00:00,72521.51,145,64481.03,90088.18
2025-07-25 10:00:00,72565.4,138,64457.97,90224.78
2025-07-25 11:00:00,72798.08,128,64439.31,89922.14
2025-07-25 12:00:00,72743.79,146,64491.17,90203.34
2025-07-25 13:00:00,73140.59,147,64506.27,90303.0
2025-07-25 14:00:00,73158.34,134,64559.88,90404.89
2025-07-25 15:00:00,73125.26,136,64563.02,90351.73
2025-07-25 16:00:00,73447.11,137,64553.79,90057.21
2025-07-25 17:00:00,73473.98,131,64547.67,90057.56
2025-07-25 18:00:00,73424.66,132,64501.64,90026.31
2025-07-25 19:00:00,73273.92,108,64540.09,89968.32
2025-07-25 20:00:00,73414.68,101,64541.99,89714.32
2025-07-25 21:00:00,73346.01,84,64564.71,89716.51
2025-07-25 22:00:00,73460.73,86,64551.26,89765.74
2025-07-25 23:00:00,73734.09,77,64527.3,89860.9
2025-07-26 00:00:00,73801.71,79,64488.3,89727.34
2025-07-26 01:00:00,73427.78,91,64453.48,89516.86
2025-07-26 02:00:00,73638.29,96,64457.47,89405.25
2025-07-26 03:00:00,73622.54,105,64427.97,89103.94
2025-07-26 04:00:00,73839.52,98,64416.44,89180.42
2025-07-26 05:00:00,73885.86,118,64417.46,89321.6
2025-07-26 06:00:00,73961.26,117,64371.61,89502.2
2025-07-26 07:00:00,73805.91,125,64383.99,89413.44
2025-07-26 08:00:00,73766.1,131,64357.42,89236.18
2025-07-26 09:00:00,73897.44,131,64360.34,89419.78
2025-07-26 10:00:00,73973.33,140,64309.5,89540.23
2025-07-26 11:00:00,74078.83,131,64333.44,89743.86
2025-07-26 12:00:00,74415.51,140,64292.86,89816.86
2025-07-26 13:00:00,74324.72,129,64297.47,89553.71
2025-07-26 14:00:00,74060.87,123,64292.39,89626.53
2025-07-26 15:00:00,73964.61,116,64338.73,89671.78
2025-07-26 16:00:00,73463.99,105,64316.85,89811.08
2025-07-26 17:00:00,73477.4,93,64324.06,90183.9
2025-07-26 18:00:00,73477.83,85,64326.42,90004.19
2025-07-26 19:00:00,73436.96,85,64295.68,90070.05
2025-07-26 20:00:00,73510.37,90,64324.35,90330.79
2025-07-26 21:00:00,73371.34,80,64365.62,90427.49
2025-07-26 22:00:00,73477.69,86,64348.62,90543.42
2025-07-26 23:00:00,73389.13,90,64396.83,90424.16
2025-07-27 00:00:00,73461.01,95,64374.06,90665.89
2025-07-27 01:00:00,73329.01,90,64371.29,90606.67
2025-07-27 02:00:00,73556.95,96,64308.85,90524.82
2025-07-27 03:00:00,73344.1,96,64283.08,90557.9
2025-07-27 04:00:00,73258.18,92,64296.77,90626.57
2025-07-27 05:00:00,73130.86,102,64306.33,90797.65
2025-07-27 06:00:00,72815.49,108,64343.03,90599.13
2025-07-27 07:00:00,72802.95,103,64331.36,90648.04
2025-07-27 08:00:00,72626.65,109,64330.07,90679.13
2025-07-27 09:00:00,72447.42,115,64357.31,90843.13
2025-07-27 10:00:00,72426.15,127,64366.61,90937.97
2025-07-27 11:00:00,72395.36,133,64304.99,90937.92
2025-07-27 12:00:00,72184.25,130,64353.11,91233.49
2025-07-27 13:00:00,72205.95,117,64334.91,91110.61
2025-07-27 14:00:00,72313.15,116,64336.73,90852.26
2025-07-27 15:00:00,72637.74,106,64325.48,90980.97
2025-07-27 16:00:00,72576.29,105,64277.24,91050.49
2025-07-27 17:00:00,72712.64,95,64261.36,91192.52
2025-07-27 18:00:00,72918.83,97,64255.91,90944.33
2025-07-27 19:00:00,73123.17,85,64266.06,90936.57
2025-07-27 20:00:00,73062.6,79,64295.09,90810.68
2025-07-27 21:00:00,73051.32,96,64268.02,90723.35
2025-07-27 22:00:00,73265.8,93,64248.56,90655.51
2025-07-27 23:00:00,73302.37,93,64252.75,90530.97
2025-07-28 00:00:00,73210.83,74,64227.44,90480.32
2025-07-28 01:00:00,72826.98,81,64225.99,90455.74
2025-07-28 02:00:00,72659.56,90,64245.5,90275.94
2025-07-28 03:00:00,72655.33,101,64246.32,90093.84
2025-07-28 04:00:00,72712.71,109,64235.74,90117.61
2025-07-28 05:00:00,73070.23,107,64244.93,89947.42
2025-07-28 06:00:00,73041.74,108,64227.66,89736.12
2025-07-28 07:00:00,72934.35,115,64197.96,90090.61
2025-07-28 08:00:00,72863.18,123,64163.04,90023.44
2025-07-28 09:00:00,72944.36,132,64173.33,89884.76
2025-07-28 10:00:00,72524.34,120,64121.62,90065.11
2025-07-28 11:00:00,72522.52,119,64111.1,90232.96
2025-07-28 12:00:00,72482.59,127,64088.7,90189.68
2025-07-28 13:00:00,72470.31,123,64113.27,90298.9
2025-07-28 14:00:00,72687.05,121,64132.44,90048.34
2025-07-28 15:00:00,72728.16,127,64131.75,89790.97
2025-07-28 16:00:00,72662.49,116,64116.26,89947.61
2025-07-28 17:00:00,72605.35,115,64109.29,90198.52
2025-07-28 18:00:00,73046.78,104,64109.31,90053.22
2025-07-28 19:00:00,73025.28,88,64071.02,89811.1
2025-07-28 20:00:00,72690.14,93,64106.97,89827.57
2025-07-28 21:00:00,72883.18,95,64110.52,89839.77
2025-07-28 22:00:00,72909.24,90,64125.22,89758.99
2025-07-28 23:00:00,72612.88,90,64146.65,89716.1
2025-07-29 00:00:00,72689.8,95,64160.47,89626.15
2025-07-29 01:00:00,72649.6,92,64154.72,89619.35
2025-07-29 02:00:00,72933.29,97,64128.62,89442.03
2025-07-29 03:00:00,72825.92,96,64168.66,89392.93
2025-07-29 04:00:00,72792.34,114,64180.05,89232.81
2025-07-29 05:00:00,72914.54,120,64210.58,89420.25
2025-07-29 06:00:00,72880.69,127,64234.5,89600.37
2025-07-29 07:00:00,72654.2,139,64250.98,89843.28
2025-07-29 08:00:00,72833.33,142,64248.69,89951.95
2025-07-29 09:00:00,72704.45,144,64215.46,89996.94
2025-07-29 10:00:00,72570.97,150,64186.83,89673.98
2025-07-29 11:00:00,72497.91,165,64166.72,89671.45
2025-07-29 12:00:00,72527.14,150,64172.42,89632.82
2025-07-29 13:00:00,72416.87,139,64151.81,89444.68
2025-07-29 14:00:00,72631.46,153,64156.4,89521.86
2025-07-29 15:00:00,72581.97,140,64160.2,89483.93
2025-07-29 16:00:00,72426.78,131,64138.54,89437.93
2025-07-29 17:00:00,72412.96,127,64164.36,89252.42
2025-07-29 18:00:00,72794.9,129,64227.5,89401.98
2025-07-29 19:00:00,72795.34,122,64234.32,89180.56
2025-07-29 20:00:00,72501.3,111,64185.15,89291.03
2025-07-29 21:00:00,72189.33,117,64212.55,89387.89
2025-07-29 22:00:00,72353.26,118,64208.08,89709.59
2025-07-29 23:00:00,72300.59,104,64199.78,89709.59
2025-07-30 00:00:00,72408.02,118,64213.06,89667.68
2025-07-30 01:00:00,72500.61,134,64211.25,89668.77
2025-07-30 02:00:00,72601.97,118,64200.49,89549.7
2025-07-30 03:00:00,72773.81,126,64178.23,89570.79
2025-07-30 04:00:00,72819.27,125,64150.59,89658.41
2025-07-30 05:00:00,72876.64,130,64200.38,89590.75
2025-07-30 06:00:00,72997.25,149,64174.38,89286.61
2025-07-30 07:00:00,72965.16,160,64181.96,89514.27
2025-07-30 08:00:00,72953.95,178,64165.52,89656.67
2025-07-30 09:00:00,72988.54,185,64171.03,89791.34
2025-07-30 10:00:00,73077.31,161,64152.31,89883.16
2025-07-30 11:00:00,72982.9,153,64081.64,89986.66
2025-07-30 12:00:00,73041.52,165,64086.9,90276.89
2025-07-30 13:00:00,72971.91,149,64062.84,90441.18
2025-07-30 14:00:00,73334.0,143,64041.24,90553.82
2025-07-30 15:00:00,73365.69,142,64012.81,90324.83
2025-07-30 16:00:00,73507.18,139,64036.47,90295.09
2025-07-30 17:00:00,73579.58,139,64016.73,90198.3
2025-07-30 18:00:00,73590.31,127,64006.18,89988.19
2025-07-30 19:00:00,73700.13,116,64032.63,89861.49
2025-07-30 20:00:00,73413.31,122,64020.75,89844.33
2025-07-30 21:00:00,73318.37,107,64073.27,89658.41
2025-07-30 22:00:00,73452.91,104,64073.05,89854.04
2025-07-30 23:00:00,73499.81,100,64025.69,89795.29
2025-07-31 00:00:00,73614.54,97,63999.16,89927.56
2025-07-31 01:00:00,73380.87,101,63969.35,90042.89
2025-07-31 02:00:00,73206.54,97,63967.96,90043.72
2025-07-31 03:00:00,73270.78,110,64000.43,89887.0
2025-07-31 04:00:00,73403.26,118,64030.72,90133.25
2025-07-31 05:00:00,73075.26,124,64037.06,90178.15
2025-07-31 06:00:00,72777.44,129,64058.87,90148.31
2025-07-31 07:00:00,72943.44,145,64097.76,90148.24
2025-07-31 08:00:00,72643.75,145,64092.53,90173.61
2025-07-31 09:00:00,72734.22,155,64113.17,90023.5
2025-07-31 10:00:00,72521.03,168,64098.82,89811.96
2025-07-31 11:00:00,72514.9,156,64085.51,89919.48
2025-07-31 12:00:00,72461.39,153,64033.47,89883.78
2025-07-31 13:00:00,72567.8,154,64078.16,90084.72
2025-07-31 14:00:00,72880.55,134,64072.86,90171.51
2025-07-31 15:00:00,72724.93,142,64051.75,90305.07
2025-07-31 16:00:00,72838.52,129,63997.53,90287.07
2025-07-31 17:00:00,72925.85,134,63973.68,90520.12
2025-07-31 18:00:00,72738.23,129,63961.21,90431.35
2025-07-31 19:00:00,72819.21,122,63955.58,90619.45
2025-07-31 20:00:00,72602.64,117,63916.02,90754.36
2025-07-31 21:00:00,72924.21,103,63928.58,90812.42
2025-07-31 22:00:00,72775.78,101,63929.81,90421.45
2025-07-31 23:00:00,72520.6,107,63892.66,90406.07
2025-08-01 00:00:00,72846.13,102,63943.79,90623.43
2025-08-01 01:00:00,72632.36,101,63960.14,90873.03
2025-08-01 02:00:00,72808.79,104,63973.35,90752.75
2025-08-01 03:00:00,72747.63,100,63962.9,90567.97
2025-08-01 04:00:00,72617.3,101,63959.21,90390.41
2025-08-01 05:00:00,72439.5,107,63961.38,90546.55
2025-08-01 06:00:00,72513.74,120,63970.94,90410.38
2025-08-01 07:00:00,72761.62,113,63998.76,90192.24
2025-08-01 08:00:00,72718.41,124,63963.52,90157.17
2025-08-01 09:00:00,72526.34,134,63938.34,90147.28
2025-08-01 10:00:00,72923.73,146,63966.1,90274.46
2025-08-01 11:00:00,72699.48,141,63958.23,90100.91
2025-08-01 12:00:00,72182.23,145,64013.6,89825.06
2025-08-01 13:00:00,71973.02,142,63987.0,89901.22
2025-08-01 14:00:00,71699.88,148,63955.13,89975.91
2025-08-01 15:00:00,71928.78,140,63991.87,89914.73
2025-08-01 16:00:00,71935.8,137,63945.98,89846.09
2025-08-01 17:00:00,72577.22,123,63876.96,89783.12
2025-08-01 18:00:00,72634.9,117,63910.68,89681.35
2025-08-01 19:00:00,72389.06,109,63905.6,89664.96
2025-08-01 20:00:00,72594.31,100,63955.42,89632.38
2025-08-01 21:00:00,72453.97,105,63944.3,89518.56
2025-08-01 22:00:00,72381.06,94,63968.97,89521.92
2025-08-01 23:00:00,72125.66,80,63986.46,89567.94
2025-08-02 00:00:00,72409.95,88,63967.78,89600.25
2025-08-02 01:00:00,72320.34,93,63975.82,89663.48
2025-08-02 02:00:00,72539.83,90,63940.3,89779.06
2025-08-02 03:00:00,72927.06,91,63936.14,89804.5
2025-08-02 04:00:00,73118.1,91,63966.39,89829.05
2025-08-02 05:00:00,73206.92,105,63969.98,89907.99
2025-08-02 06:00:00,73068.11,115,63971.23,89880.42
2025-08-02 07:00:00,73354.5,121,63999.9,89741.52
2025-08-02 08:00:00,73101.7,122,63984.16,89786.95
2025-08-02 09:00:00,73059.65,128,63953.97,89803.89
2025-08-02 10:00:00,73025.36,127,63977.05,89650.7
2025-08-02 11:00:00,72897.98,134,64004.59,89694.78
2025-08-02 12:00:00,72896.09,132,64008.57,89736.44
2025-08-02 13:00:00,73079.16,129,64022.96,89602.77
2025-08-02 14:00:00,73251.29,135,64053.59,89693.03
2025-08-02 15:00:00,73130.49,122,64075.24,89974.85
2025-08-02 16:00:00,73189.89,123,64042.52,89971.91
2025-08-02 17:00:00,73355.69,105,64011.68,90297.16
2025-08-02 18:00:00,73264.8,104,63968.91,90237.32
2025-08-02 19:00:00,73465.68,101,63927.91,90228.73
2025-08-02 20:00:00,73565.54,97,63962.82,89946.98
2025-08-02 21:00:00,73651.85,80,63930.04,89882.24
2025-08-02 22:00:00,73564.05,79,63913.49,89526.55
2025-08-02 23:00:00,73296.39,92,63932.01,89380.92
2025-08-03 00:00:00,73090.96,93,63925.46,89353.31
2025-08-03 01:00:00,73271.03,85,63912.22,89456.28
2025-08-03 02:00:00,73134.26,82,63880.26,89504.11
2025-08-03 03:00:00,72842.21,92,63891.91,89200.65
2025-08-03 04:00:00,72854.78,111,63864.93,89221.89
2025-08-03 05:00:00,73004.83,100,63867.42,89156.71
2025-08-03 06:00:00,73040.83,114,63876.44,88927.03
2025-08-03 07:00:00,73170.79,120,63876.84,89237.94
2025-08-03 08:00:00,73375.73,120,63882.99,89260.44
2025-08-03 09:00:00,73471.56,136,63881.94,89232.25
2025-08-03 10:00:00,73778.52,144,63891.7,89163.67
2025-08-03 11:00:00,74012.42,141,63925.36,89162.39
2025-08-03 12:00:00,74088.83,124,63890.3,89069.24
2025-08-03 13:00:00,74061.27,125,63896.16,88910.67
2025-08-03 14:00:00,73948.73,126,63874.11,88818.6
2025-08-03 15:00:00,73844.36,121,63892.57,88826.01
2025-08-03 16:00:00,73763.7,111,63856.34,88839.23
2025-08-03 17:00:00,73685.31,112,63834.82,88581.56
2025-08-03 18:00:00,73635.97,112,63868.06,88347.69
2025-08-03 19:00:00,73590.06,95,63839.87,88374.66
2025-08-03 20:00:00,73490.08,86,63860.86,88505.76
2025-08-03 21:00:00,73816.33,86,63859.08,88599.93
2025-08-03 22:00:00,73878.54,82,63849.97,88461.01
2025-08-03 23:00:00,73781.1,85,63827.46,88314.88
2025-08-04 00:00:00,74113.11,87,63847.75,88405.03
2025-08-04 01:00:00,74089.89,84,63892.76,88084.98
2025-08-04 02:00:00,73474.16,90,63876.5,87912.53
2025-08-04 03:00:00,73526.73,93,63811.09,87724.86
2025-08-04 04:00:00,73302.1,110,63823.15,87791.28
2025-08-04 05:00:00,73315.27,115,63805.62,87957.37
2025-08-04 06:00:00,72886.4,125,63805.44,87907.55
2025-08-04 07:00:00,73235.78,124,63783.61,88177.01
2025-08-04 08:00:00,72975.77,131,63827.61,87851.58
2025-08-04 09:00:00,72610.31,132,63794.31,87851.88
2025-08-04 10:00:00,72419.87,131,63790.2,88170.81
2025-08-04 11:00:00,72481.73,134,63795.67,88283.94
2025-08-04 12:00:00,72248.37,134,63723.3,88335.59
2025-08-04 13:00:00,72181.16,128,63697.46,88400.24
2025-08-04 14:00:00,72158.48,130,63766.57,88262.26
2025-08-04 15:00:00,72436.32,119,63816.48,88163.32
2025-08-04 16:00:00,72544.66,113,63810.59,88063.67
2025-08-04 17:00:00,72439.36,114,63803.86,87904.23
2025-08-04 18:00:00,72271.46,94,63801.28,88045.95
2025-08-04 19:00:00,72144.29,89,63787.41,87996.72
2025-08-04 20:00:00,72273.29,89,63785.05,87905.2
2025-08-04 21:00:00,72185.46,85,63840.69,87775.58
2025-08-04 22:00:00,72359.52,88,63835.05,87795.97
2025-08-04 23:00:00,72225.05,85,63848.74,87480.79
2025-08-05 00:00:00,72141.95,92,63845.12,87686.13
2025-08-05 01:00:00,71921.86,94,63817.72,87716.84
2025-08-05 02:00:00,72177.96,101,63781.89,87667.54
2025-08-05 03:00:00,72415.35,93,63799.65,87609.98
2025-08-05 04:00:00,72551.15,116,63834.98,87532.2
2025-08-05 05:00:00,72515.86,113,63832.32,87375.2
2025-08-05 06:00:00,72613.44,123,63862.85,87211.79
2025-08-05 07:00:00,72775.69,142,63830.2,87267.49
2025-08-05 08:00:00,72752.1,136,63801.43,87350.24
2025-08-05 09:00:00,72617.13,138,63760.43,87426.01
2025-08-05 10:00:00,72373.08,141,63744.99,87344.38
2025-08-05 11:00:00,72321.93,136,63686.58,87520.84
2025-08-05 12:00:00,72498.55,129,63706.59,87455.41
2025-08-05 13:00:00,72640.96,123,63726.01,87427.94
2025-08-05 14:00:00,72940.14,136,63713.83,87452.88
2025-08-05 15:00:00,73453.79,133,63719.51,87380.09
2025-08-05 16:00:00,73390.47,143,63677.96,87449.74
2025-08-05 17:00:00,73278.12,142,63696.48,87677.53
2025-08-05 18:00:00,72915.07,128,63675.49,87721.83
2025-08-05 19:00:00,72799.37,121,63720.14,88026.83
2025-08-05 20:00:00,73178.91,115,63691.38,88037.29
2025-08-05 21:00:00,73475.91,99,63639.98,88131.13
2025-08-05 22:00:00,73558.38,100,63631.52,88227.79
2025-08-05 23:00:00,73489.07,94,63628.58,88035.54
2025-08-06 00:00:00,73201.28,104,63611.15,88586.84
2025-08-06 01:00:00,72998.25,110,63613.24,88424.49
2025-08-06 02:00:00,73183.27,113,63603.48,88326.51
2025-08-06 03:00:00,73348.61,123,63593.74,88378.41
2025-08-06 04:00:00,73102.49,121,63606.71,88386.0
2025-08-06 05:00:00,72651.74,118,63627.46,88387.0
2025-08-06 06:00:00,72582.09,127,63644.83,88456.97
2025-08-06 07:00:00,72624.76,131,63600.79,88451.26
2025-08-06 08:00:00,72677.31,143,63597.13,88440.93
2025-08-06 09:00:00,72657.07,150,63577.87,88231.12
2025-08-06 10:00:00,72799.47,146,63565.85,88256.31
2025-08-06 11:00:00,72824.2,151,63575.96,88402.78
2025-08-06 12:00:00,72985.45,155,63544.33,88479.7
2025-08-06 13:00:00,72973.34,161,63565.87,88632.6
2025-08-06 14:00:00,72893.28,152,63561.47,88638.73
2025-08-06 15:00:00,72897.98,158,63565.01,88563.92
2025-08-06 16:00:00,72942.57,137,63575.67,88523.57
2025-08-06 17:00:00,73182.16,122,63582.17,88510.27
2025-08-06 18:00:00,73084.54,127,63604.85,88711.76
2025-08-06 19:00:00,72965.43,121,63576.26,88459.73
2025-08-06 20:00:00,72515.19,104,63629.84,88549.85
2025-08-06 21:00:00,72574.12,100,63616.79,88570.11
2025-08-06 22:00:00,72798.57,92,63616.33,88685.04
2025-08-06 23:00:00,72737.71,95,63592.77,88626.27
2025-08-07 00:00:00,72627.25,108,63567.01,88692.85
2025-08-07 01:00:00,72869.6,119,63582.55,88683.25
2025-08-07 02:00:00,73145.14,114,63581.61,88572.96
2025-08-07 03:00:00,73071.29,114,63547.67,88449.2
2025-08-07 04:00:00,73189.91,103,63532.18,88593.75
2025-08-07 05:00:00,73171.4,115,63570.93,88594.85
2025-08-07 06:00:00,73294.39,126,63632.84,88755.39
2025-08-07 07:00:00,73170.57,138,63672.57,88426.09
2025-08-07 08:00:00,72952.62,135,63666.42,88409.58
2025-08-07 09:00:00,72795.13,143,63669.54,88255.76
2025-08-07 10:00:00,72799.5,143,63644.54,88547.77
2025-08-07 11:00:00,72981.26,142,63627.61,88640.79
2025-08-07 12:00:00,72695.44,153,63618.27,88604.26
2025-08-07 13:00:00,72544.45,150,63613.61,88642.63
2025-08-07 14:00:00,72725.5,141,63646.32,88714.43
2025-08-07 15:00:00,72642.67,146,63605.0,89059.09
2025-08-07 16:00:00,72650.95,134,63556.01,89188.45
2025-08-07 17:00:00,72810.91,128,63514.16,89526.65
2025-08-07 18:00:00,72626.57,122,63484.81,89597.38
2025-08-07 19:00:00,72806.99,124,63455.97,89641.23
2025-08-07 20:00:00,72929.29,115,63427.99,89706.3
2025-08-07 21:00:00,72725.61,112,63412.9,89827.79
2025-08-07 22:00:00,73062.33,108,63435.71,89642.74
2025-08-07 23:00:00,73279.78,117,63419.58,89438.31
2025-08-08 00:00:00,73261.41,128,63405.3,89475.02
2025-08-08 01:00:00,73317.54,124,63350.28,89420.66
2025-08-08 02:00:00,73343.76,106,63342.99,89485.26
2025-08-08 03:00:00,73471.4,117,63319.81,89502.82
2025-08-08 04:00:00,73510.95,120,63351.71,89387.07
2025-08-08 05:00:00,73045.44,120,63393.03,89257.81
2025-08-08 06:00:00,73483.16,125,63373.98,89276.81
2025-08-08 07:00:00,73457.63,144,63345.38,89279.7
2025-08-08 08:00:00,73459.15,144,63324.96,89422.74
2025-08-08 09:00:00,73515.74,139,63324.52,89547.08
2025-08-08 10:00:00,73432.66,146,63322.1,89334.5
2025-08-08 11:00:00,73649.54,150,63279.59,89390.87
2025-08-08 12:00:00,73513.89,160,63276.82,89457.81
2025-08-08 13:00:00,73452.36,154,63264.65,89431.9
2025-08-08 14:00:00,73294.19,141,63331.17,89322.96
2025-08-08 15:00:00,73204.77,132,63317.23,89013.5
2025-08-08 16:00:00,73227.09,135,63360.46,88944.7
2025-08-08 17:00:00,72992.87,139,63349.5,89059.67
2025-08-08 18:00:00,73147.9,118,63337.2,89060.45
2025-08-08 19:00:00,72937.69,121,63292.33,89029.39
2025-08-08 20:00:00,73064.18,117,63233.94,89245.04
2025-08-08 21:00:00,73378.5,114,63180.48,88962.37
2025-08-08 22:00:00,73304.44,106,63148.55,89017.93
2025-08-08 23:00:00,73463.27,99,63203.04,89043.87
2025-08-09 00:00:00,73256.76,95,63196.23,88914.86
2025-08-09 01:00:00,73109.81,98,63218.35,89034.72
2025-08-09 02:00:00,73039.22,99,63205.0,89251.49
2025-08-09 03:00:00,73060.88,113,63198.84,89270.66
2025-08-09 04:00:00,73378.7,102,63192.3,89416.86
2025-08-09 05:00:00,73425.65,97,63182.14,89280.91
2025-08-09 06:00:00,73197.09,117,63227.37,89308.34
2025-08-09 07:00:00,73405.99,112,63249.36,89044.45
2025-08-09 08:00:00,73538.38,111,63312.92,88770.46
2025-08-09 09:00:00,73479.5,120,63302.24,88614.72
2025-08-09 10:00:00,73221.66,112,63311.45,88720.64
2025-08-09 11:00:00,73455.26,120,63380.83,88806.03
2025-08-09 12:00:00,73601.45,120,63372.49,88855.68
2025-08-09 13:00:00,73524.05,118,63335.29,88847.41
2025-08-09 14:00:00,73636.83,121,63296.5,88775.32
2025-08-09 15:00:00,73546.93,118,63302.61,88845.97
2025-08-09 16:00:00,73688.46,110,63309.01,88644.76
2025-08-09 17:00:00,73380.86,92,63338.28,88492.38
2025-08-09 18:00:00,73511.78,93,63345.9,88402.26
2025-08-09 19:00:00,73121.24,92,63335.15,88308.55
2025-08-09 20:00:00,73359.62,81,63360.65,88176.57
2025-08-09 21:00:00,73451.51,84,63298.54,88150.75
2025-08-09 22:00:00,73286.92,88,63289.12,88021.8
2025-08-09 23:00:00,73503.34,95,63285.26,87782.04
2025-08-10 00:00:00,73394.02,84,63299.79,87612.35
2025-08-10 01:00:00,73536.63,82,63291.79,87523.39
2025-08-10 02:00:00,73422.69,75,63267.13,87334.48
2025-08-10 03:00:00,73396.1,90,63311.03,87271.61
2025-08-10 04:00:00,72962.61,92,63217.64,87210.96
2025-08-10 05:00:00,73231.08,107,63208.35,86920.59
2025-08-10 06:00:00,73255.02,111,63219.7,86810.87
2025-08-10 07:00:00,72930.41,110,63166.71,86684.73
2025-08-10 08:00:00,72737.04,114,63201.32,86860.13
2025-08-10 09:00:00,72809.85,113,63231.62,86923.44
2025-08-10 10:00:00,72507.36,133,63240.83,86649.1
2025-08-10 11:00:00,72297.82,137,63245.85,86533.84
2025-08-10 12:00:00,72334.41,115,63248.35,86473.78
2025-08-10 13:00:00,72299.97,110,63234.49,86259.19
2025-08-10 14:00:00,72216.09,115,63195.24,86113.86
2025-08-10 15:00:00,72362.81,109,63205.57,86070.97
2025-08-10 16:00:00,72058.51,107,63234.06,85973.97
2025-08-10 17:00:00,72199.66,108,63217.66,86034.9
2025-08-10 18:00:00,72149.03,109,63222.93,85937.49
2025-08-10 19:00:00,72638.4,97,63213.87,85907.28
2025-08-10 20:00:00,73034.4,87,63235.31,85793.23
2025-08-10 21:00:00,72923.59,108,63263.98,85798.33
2025-08-10 22:00:00,72787.01,110,63252.72,85632.66
2025-08-10 23:00:00,72702.28,113,63258.86,85286.54
2025-08-11 00:00:00,72697.63,99,63289.65,85271.55
2025-08-11 01:00:00,72909.47,96,63310.88,85274.25
2025-08-11 02:00:00,72413.54,99,63324.45,85378.86
2025-08-11 03:00:00,72235.45,93,63314.05,85478.85
2025-08-11 04:00:00,72371.88,101,63258.04,85355.12
2025-08-11 05:00:00,72355.32,91,63268.92,85299.75
2025-08-11 06:00:00,72470.92,108,63258.17,85407.83
2025-08-11 07:00:00,72769.56,116,63313.69,85360.79
2025-08-11 08:00:00,72488.63,123,63352.19,85178.36
2025-08-11 09:00:00,72745.16,122,63338.19,85104.76
2025-08-11 10:00:00,72366.24,126,63338.22,85038.37
2025-08-11 11:00:00,72480.19,127,63331.45,85115.01
2025-08-11 12:00:00,72704.9,130,63344.32,84991.54
2025-08-11 13:00:00,72824.91,132,63304.2,84760.85
2025-08-11 14:00:00,72993.37,127,63279.51,84620.84
2025-08-11 15:00:00,72953.51,119,63284.02,84229.01
2025-08-11 16:00:00,73338.28,109,63299.04,84315.88
2025-08-11 17:00:00,73418.06,101,63327.05,84379.32
2025-08-11 18:00:00,73340.07,113,63305.38,84501.82
2025-08-11 19:00:00,73404.81,103,63254.22,84332.35
2025-08-11 20:00:00,73455.84,100,63253.11,84289.1
2025-08-11 21:00:00,73163.72,94,63233.25,84211.04
2025-08-11 22:00:00,73046.8,93,63270.1,84293.77
2025-08-11 23:00:00,72902.25,101,63278.53,84173.45
2025-08-12 00:00:00,73379.23,91,63254.59,84081.35
2025-08-12 01:00:00,73064.39,98,63206.83,84038.65
2025-08-12 02:00:00,73130.56,99,63189.33,83921.41
2025-08-12 03:00:00,73355.07,107,63195.92,84124.99
2025-08-12 04:00:00,73457.93,113,63177.89,84117.48
2025-08-12 05:00:00,73427.65,115,63175.62,84077.38
2025-08-12 06:00:00,73263.34,131,63188.7,84353.82
2025-08-12 07:00:00,73212.34,136,63178.45,84310.02
2025-08-12 08:00:00,73143.21,124,63186.46,84514.48
2025-08-12 09:00:00,73019.89,145,63222.48,84629.73
2025-08-12 10:00:00,73078.83,151,63229.92,84492.91
2025-08-12 11:00:00,73640.49,163,63228.04,84437.22
2025-08-12 12:00:00,73330.17,153,63229.16,84516.45
2025-08-12 13:00:00,73773.81,148,63208.59,84413.93
2025-08-12 14:00:00,73655.77,144,63194.55,84145.81
2025-08-12 15:00:00,73786.71,138,63211.57,84092.66
2025-08-12 16:00:00,73454.63,130,63253.52,84215.55
2025-08-12 17:00:00,73228.56,134,63273.04,84185.54
2025-08-12 18:00:00,72926.46,122,63260.56,84152.03
2025-08-12 19:00:00,72701.15,109,63236.8,84152.66
2025-08-12 20:00:00,72560.33,106,63190.87,84148.66
2025-08-12 21:00:00,72213.83,102,63171.05,84352.3
2025-08-12 22:00:00,72183.9,103,63200.93,84215.28
2025-08-12 23:00:00,71876.69,102,63197.55,84519.34
2025-08-13 00:00:00,71542.24,95,63209.11,84610.14
2025-08-13 01:00:00,71698.72,102,63188.04,84416.15
2025-08-13 02:00:00,71597.22,100,63140.65,84509.68
2025-08-13 03:00:00,71726.05,114,63192.67,84585.16
2025-08-13 04:00:00,71884.03,116,63188.82,84663.56
2025-08-13 05:00:00,72036.92,125,63193.05,84514.1
2025-08-13 06:00:00,72221.72,143,63244.0,84496.22
2025-08-13 07:00:00,72618.93,151,63213.34,84604.47
2025-08-13 08:00:00,72786.06,150,63198.96,84727.81
2025-08-13 09:00:00,72839.6,166,63179.26,85009.92
2025-08-13 10:00:00,73053.57,162,63210.93,85147.24
2025-08-13 11:00:00,72993.48,153,63151.95,85245.31
2025-08-13 12:00:00,73252.5,168,63124.02,85104.28
2025-08-13 13:00:00,73194.56,160,63102.55,85185.91
2025-08-13 14:00:00,73241.3,150,63100.85,85072.25
2025-08-13 15:00:00,72946.37,153,63095.94,85217.54
2025-08-13 16:00:00,72951.91,147,63128.94,85364.42
2025-08-13 17:00:00,72929.77,141,63114.9,85391.56
2025-08-13 18:00:00,72814.28,136,63152.64,85290.16
2025-08-13 19:00:00,72975.34,127,63112.29,85178.15
2025-08-13 20:00:00,73205.64,130,63081.28,85085.11
2025-08-13 21:00:00,73117.71,119,63083.24,85407.24
2025-08-13 22:00:00,72632.87,110,63074.13,85369.31
2025-08-13 23:00:00,72518.2,109,63110.44,85532.86
2025-08-14 00:00:00,72475.9,109,63071.86,85428.4
2025-08-14 01:00:00,72420.89,109,63027.19,85620.88
2025-08-14 02:00:00,72577.35,119,63012.76,85652.2
2025-08-14 03:00:00,72896.82,119,62988.97,85676.01
2025-08-14 04:00:00,73211.69,118,62987.38,85595.94
2025-08-14 05:00:00,73371.02,120,62972.23,85568.42
2025-08-14 06:00:00,73295.78,135,62963.9,85622.5
2025-08-14 07:00:00,73239.7,133,62975.04,85910.36
2025-08-14 08:00:00,73277.26,132,62983.64,85707.0
2025-08-14 09:00:00,73109.93,131,62954.16,85492.54
2025-08-14 10:00:00,73395.62,130,62949.26,85266.61
2025-08-14 11:00:00,73512.28,127,62893.84,85310.6
2025-08-14 12:00:00,73463.56,137,62894.88,85523.45
2025-08-14 13:00:00,73471.63,144,62875.4,85552.15
2025-08-14 14:00:00,73413.26,139,62913.47,85912.51
2025-08-14 15:00:00,73375.39,141,62884.16,85778.95
2025-08-14 16:00:00,73510.38,144,62835.29,86024.12
2025-08-14 17:00:00,73754.91,132,62863.98,86012.07
2025-08-14 18:00:00,73555.32,130,62874.7,86183.6
2025-08-14 19:00:00,73497.44,116,62862.22,86378.97
2025-08-14 20:00:00,73460.94,116,62860.21,86453.92
2025-08-14 21:00:00,73645.12,101,62803.32,86517.48
2025-08-14 22:00:00,73475.43,95,62802.25,86603.65
2025-08-14 23:00:00,73315.27,99,62808.28,86559.23
2025-08-15 00:00:00,73475.85,102,62812.01,86590.32
2025-08-15 01:00:00,73175.91,108,62787.39,86758.86
2025-08-15 02:00:00,73049.14,106,62764.66,86879.77
2025-08-15 03:00:00,73035.73,104,62799.82,86927.51
2025-08-15 04:00:00,73184.44,125,62781.47,87054.07
2025-08-15 05:00:00,73128.66,130,62770.63,86917.05
2025-08-15 06:00:00,73193.94,136,62769.86,86776.09
2025-08-15 07:00:00,72929.44,130,62798.58,86614.56
2025-08-15 08:00:00,72690.21,122,62823.78,86679.93
2025-08-15 09:00:00,72810.95,130,62810.28,86544.33
2025-08-15 10:00:00,72862.6,144,62829.63,86417.68
2025-08-15 11:00:00,73010.31,139,62786.99,86576.12
2025-08-15 12:00:00,73275.9,142,62779.84,86397.35
2025-08-15 13:00:00,73165.17,130,62802.92,86589.1
2025-08-15 14:00:00,73215.39,125,62832.5,86413.61
2025-08-15 15:00:00,73115.87,127,62799.5,86455.14
2025-08-15 16:00:00,73020.7,132,62800.67,86635.74
2025-08-15 17:00:00,73274.62,129,62839.45,86621.1
2025-08-15 18:00:00,73160.31,127,62820.93,86642.54
2025-08-15 19:00:00,72823.05,110,62826.15,86688.36
2025-08-15 20:00:00,73567.34,117,62812.95,86522.78
2025-08-15 21:00:00,73918.76,107,62798.12,86542.08
2025-08-15 22:00:00,73702.96,96,62785.21,86400.1
2025-08-15 23:00:00,73550.64,96,62748.4,86360.52
2025-08-16 00:00:00,73577.93,84,62788.73,86444.27
2025-08-16 01:00:00,73502.52,99,62748.75,86104.07
2025-08-16 02:00:00,73660.85,104,62746.64,86081.76
2025-08-16 03:00:00,73669.0,112,62694.5,86027.45
2025-08-16 04:00:00,73589.71,103,62718.44,85894.04
2025-08-16 05:00:00,73205.48,108,62729.6,85742.35
2025-08-16 06:00:00,73315.08,123,62688.57,85715.41
2025-08-16 07:00:00,73356.96,119,62691.8,85629.02
2025-08-16 08:00:00,73334.62,134,62727.86,85800.08
2025-08-16 09:00:00,73471.19,135,62715.63,86042.24
2025-08-16 10:00:00,73550.5,141,62685.75,86108.9
2025-08-16 11:00:00,73488.27,145,62705.97,85976.04
2025-08-16 12:00:00,73723.54,135,62711.87,86026.87
2025-08-16 13:00:00,73697.48,131,62681.22,85882.13
2025-08-16 14:00:00,73697.91,122,62658.55,86264.24
2025-08-16 15:00:00,73722.01,118,62653.84,86389.0
2025-08-16 16:00:00,73562.94,107,62655.31,86258.79
2025-08-16 17:00:00,73580.37,100,62653.66,86232.08
2025-08-16 18:00:00,73187.04,96,62650.89,86101.05
2025-08-16 19:00:00,73184.56,97,62643.88,85925.47
2025-08-16 20:00:00,73350.3,95,62636.45,85612.55
2025-08-16 21:00:00,73437.67,93,62608.35,85579.88
2025-08-16 22:00:00,73716.58,84,62557.72,85614.72
2025-08-16 23:00:00,73606.73,91,62559.7,85868.79
2025-08-17 00:00:00,73548.29,85,62563.99,85869.2
2025-08-17 01:00:00,73703.84,94,62570.73,85719.44
2025-08-17 02:00:00,73601.09,96,62499.82,85508.47
2025-08-17 03:00:00,73709.11,101,62470.96,85525.65
2025-08-17 04:00:00,73743.15,106,62482.73,85411.67
2025-08-17 05:00:00,73953.13,108,62519.0,85475.79
2025-08-17 06:00:00,73966.87,110,62569.1,85756.71
2025-08-17 07:00:00,73892.11,114,62516.68,85398.32
2025-08-17 08:00:00,73532.27,110,62543.24,85187.65
2025-08-17 09:00:00,73337.53,114,62516.5,85017.3
2025-08-17 10:00:00,73610.85,131,62510.61,84965.18
2025-08-17 11:00:00,73209.6,118,62524.6,84932.63
2025-08-17 12:00:00,73062.44,118,62576.99,84988.45
2025-08-17 13:00:00,73032.65,116,62565.26,84860.19
2025-08-17 14:00:00,73107.58,127,62584.08,84805.95
2025-08-17 15:00:00,72859.42,124,62588.99,84630.6
2025-08-17 16:00:00,72558.03,109,62619.68,84643.29
2025-08-17 17:00:00,72992.43,117,62651.64,84730.78
2025-08-17 18:00:00,73131.13,100,62671.04,84658.17
2025-08-17 19:00:00,72981.56,93,62644.47,84547.15
2025-08-17 20:00:00,73098.02,83,62602.16,84425.17
2025-08-17 21:00:00,73090.52,90,62605.07,84388.01
2025-08-17 22:00:00,73164.19,83,62564.62,84408.74
2025-08-17 23:00:00,73099.9,83,62496.9,84343.42
2025-08-18 00:00:00,73205.14,86,62466.46,84065.78
2025-08-18 01:00:00,73154.18,85,62467.22,84083.08
2025-08-18 02:00:00,73159.55,96,62479.96,84066.48
2025-08-18 03:00:00,73087.63,86,62485.23,84137.79
2025-08-18 04:00:00,73217.13,105,62458.82,84142.68
2025-08-18 05:00:00,73317.93,109,62454.0,84119.55
2025-08-18 06:00:00,73026.06,108,62461.27,84207.38
2025-08-18 07:00:00,73109.25,125,62499.08,84146.23
2025-08-18 08:00:00,73155.61,132,62512.45,84195.96
2025-08-18 09:00:00,73333.59,130,62516.72,84329.65
2025-08-18 10:00:00,73202.42,131,62494.3,84153.89
2025-08-18 11:00:00,73152.11,132,62454.38,83939.59
2025-08-18 12:00:00,73459.97,133,62469.32,83862.83
2025-08-18 13:00:00,73166.36,132,62455.05,83802.79
2025-08-18 14:00:00,73214.27,137,62491.32,83616.9
2025-08-18 15:00:00,73431.45,118,62489.19,83472.78
2025-08-18 16:00:00,73516.82,125,62529.22,83478.29
2025-08-18 17:00:00,73694.29,111,62552.54,83423.48
2025-08-18 18:00:00,73560.44,104,62519.23,83372.56
2025-08-18 19:00:00,73496.06,100,62530.63,83292.04
2025-08-18 20:00:00,73501.94,97,62532.72,83178.92
2025-08-18 21:00:00,73858.57,94,62543.26,83099.83
2025-08-18 22:00:00,73702.14,100,62557.7,83160.93
2025-08-18 23:00:00,74124.59,95,62536.64,83274.87
2025-08-19 00:00:00,74569.32,105,62548.98,83405.8
2025-08-19 01:00:00,74782.29,97,62569.31,83540.29
2025-08-19 02:00:00,74627.36,105,62596.39,83365.4
2025-08-19 03:00:00,74316.59,111,62579.36,83264.05
2025-08-19 04:00:00,73860.57,114,62543.31,83429.23
2025-08-19 05:00:00,74073.32,112,62499.5,83265.49
2025-08-19 06:00:00,73726.13,121,62534.27,83397.77
2025-08-19 07:00:00,73721.98,124,62483.25,83475.14
2025-08-19 08:00:00,73550.78,138,62454.26,83437.23
2025-08-19 09:00:00,73229.95,142,62441.58,83741.14
2025-08-19 10:00:00,72994.86,148,62481.74,83846.97
2025-08-19 11:00:00,73214.43,148,62492.22,83768.27
2025-08-19 12:00:00,73174.0,143,62447.57,83868.73
2025-08-19 13:00:00,72848.13,136,62416.42,83846.73
2025-08-19 14:00:00,72807.82,135,62398.14,83841.14
2025-08-19 15:00:00,72951.31,130,62429.98,83822.09
2025-08-19 16:00:00,73001.9,133,62429.54,83973.74
2025-08-19 17:00:00,72763.27,133,62377.94,84102.77
2025-08-19 18:00:00,72673.27,117,62350.64,83956.92
2025-08-19 19:00:00,72383.32,102,62299.13,83796.46
2025-08-19 20:00:00,72512.63,94,62327.32,83884.6
2025-08-19 21:00:00,72451.38,81,62345.98,83888.41
2025-08-19 22:00:00,72670.76,91,62354.74,83972.4
2025-08-19 23:00:00,72686.78,94,62366.36,83730.3
2025-08-20 00:00:00,72672.41,109,62403.96,83889.39
2025-08-20 01:00:00,72874.99,112,62382.68,83722.19
2025-08-20 02:00:00,72918.97,131,62404.22,83696.36
2025-08-20 03:00:00,72698.27,130,62407.13,83704.6
2025-08-20 04:00:00,72632.83,124,62380.04,83695.41
2025-08-20 05:00:00,72789.41,134,62390.68,83768.72
2025-08-20 06:00:00,73172.26,142,62380.17,84098.71
2025-08-20 07:00:00,73058.53,141,62378.32,84063.42
2025-08-20 08:00:00,72798.8,143,62406.05,83986.78
2025-08-20 09:00:00,72720.98,146,62401.42,84198.35
2025-08-20 10:00:00,72739.96,138,62424.64,83962.78
2025-08-20 11:00:00,72797.16,135,62465.09,83879.93
2025-08-20 12:00:00,73201.11,147,62448.69,84009.73
2025-08-20 13:00:00,73185.15,149,62444.27,83954.52
2025-08-20 14:00:00,73415.49,143,62422.79,83936.79
2025-08-20 15:00:00,73364.43,149,62430.87,83765.37
2025-08-20 16:00:00,73609.72,131,62463.79,83992.45
2025-08-20 17:00:00,73480.77,127,62452.78,84160.35
2025-08-20 18:00:00,73586.5,114,62444.71,84182.07
2025-08-20 19:00:00,73350.38,98,62444.96,84210.65
2025-08-20 20:00:00,72970.77,119,62485.04,84263.84
2025-08-20 21:00:00,72571.95,118,62492.56,84512.81
2025-08-20 22:00:00,72521.54,108,62511.97,84572.95
2025-08-20 23:00:00,72785.11,105,62484.18,84679.18
2025-08-21 00:00:00,73029.84,101,62500.88,84684.02
2025-08-21 01:00:00,73237.36,108,62511.48,84684.29
2025-08-21 02:00:00,73289.11,111,62522.7,84597.1
2025-08-21 03:00:00,73244.45,124,62520.17,84547.48
2025-08-21 04:00:00,73141.3,123,62509.6,84726.92
2025-08-21 05:00:00,73103.72,130,62492.98,84956.19
2025-08-21 06:00:00,73129.29,141,62456.13,85084.93
2025-08-21 07:00:00,73303.87,138,62469.09,85200.1
2025-08-21 08:00:00,73393.72,142,62440.56,85242.67
2025-08-21 09:00:00,73368.39,152,62446.17,85164.13
2025-08-21 10:00:00,73356.21,139,62412.79,85361.88
2025-08-21 11:00:00,73046.16,148,62468.54,85512.91
2025-08-21 12:00:00,72979.77,138,62453.76,85637.85
2025-08-21 13:00:00,72725.97,134,62508.2,85493.08
2025-08-21 14:00:00,72779.71,133,62520.21,85528.07
2025-08-21 15:00:00,72880.29,125,62502.74,85725.91
2025-08-21 16:00:00,72918.47,132,62547.3,85667.68
2025-08-21 17:00:00,72952.6,117,62569.15,85556.96
2025-08-21 18:00:00,72856.12,119,62550.51,85585.76
2025-08-21 19:00:00,73016.99,115,62537.01,85686.09
2025-08-21 20:00:00,73058.65,113,62511.57,85844.45
2025-08-21 21:00:00,72637.44,107,62484.83,85823.23
2025-08-21 22:00:00,72834.59,109,62454.27,85701.54
2025-08-21 23:00:00,72633.3,115,62392.2,85642.31
2025-08-22 00:00:00,72941.21,102,62406.67,85743.33
2025-08-22 01:00:00,73117.72,108,62437.23,85825.09
2025-08-22 02:00:00,73158.6,111,62384.16,85750.26
2025-08-22 03:00:00,73132.87,103,62403.25,85846.53
2025-08-22 04:00:00,72848.02,104,62435.43,85770.75
2025-08-22 05:00:00,72601.01,108,62461.24,85785.71
2025-08-22 06:00:00,72621.52,110,62397.86,85705.47
2025-08-22 07:00:00,72591.19,124,62441.95,85582.17
2025-08-22 08:00:00,72640.29,132,62447.46,85582.78
2025-08-22 09:00:00,72736.72,148,62428.72,85383.48
2025-08-22 10:00:00,72631.24,146,62446.71,85482.29
2025-08-22 11:00:00,72604.7,138,62425.69,85464.11
2025-08-22 12:00:00,72694.29,141,62377.06,85258.75
2025-08-22 13:00:00,72378.59,136,62453.34,85235.84
2025-08-22 14:00:00,72610.28,134,62448.99,85119.31
2025-08-22 15:00:00,72870.23,132,62490.0,85320.04
2025-08-22 16:00:00,72884.16,127,62449.8,85353.51
2025-08-22 17:00:00,72979.41,112,62492.08,85217.58
2025-08-22 18:00:00,73043.06,90,62486.93,85139.48
2025-08-22 19:00:00,73226.95,97,62452.51,85047.41
2025-08-22 20:00:00,73237.33,100,62422.44,84928.31
2025-08-22 21:00:00,73068.93,84,62439.23,85172.7
2025-08-22 22:00:00,73392.54,74,62447.09,85385.4
2025-08-22 23:00:00,73394.24,74,62425.04,85129.82
2025-08-23 00:00:00,73423.78,71,62422.41,85223.12
2025-08-23 01:00:00,73067.59,79,62437.02,85269.48
2025-08-23 02:00:00,72619.83,87,62389.09,85023.31
2025-08-23 03:00:00,72771.64,104,62375.77,85218.6
2025-08-23 04:00:00,72750.65,110,62348.39,85072.02
2025-08-23 05:00:00,72613.5,123,62384.08,85172.31
2025-08-23 06:00:00,72529.44,119,62427.34,84952.66
2025-08-23 07:00:00,72827.02,109,62417.92,84984.08
2025-08-23 08:00:00,72880.23,125,62426.23,85100.61
2025-08-23 09:00:00,72952.86,111,62406.73,84907.13
2025-08-23 10:00:00,72989.23,122,62376.39,84836.42
2025-08-23 11:00:00,73114.46,126,62349.4,84518.28
2025-08-23 12:00:00,73053.95,129,62399.23,84641.07
2025-08-23 13:00:00,73188.66,115,62421.48,84210.87
2025-08-23 14:00:00,73016.42,122,62416.54,84003.04
2025-08-23 15:00:00,73184.71,119,62383.46,84049.84
2025-08-23 16:00:00,73041.27,111,62449.94,83938.68
2025-08-23 17:00:00,73066.46,114,62480.85,84087.52
2025-08-23 18:00:00,72966.23,110,62493.19,83972.66
2025-08-23 19:00:00,73019.42,93,62494.64,83959.05
2025-08-23 20:00:00,72908.26,67,62515.23,84093.85
2025-08-23 21:00:00,72919.26,75,62522.33,83963.58
2025-08-23 22:00:00,73086.99,74,62520.19,83722.59
2025-08-23 23:00:00,73234.12,80,62529.76,83653.03
2025-08-24 00:00:00,73339.36,77,62534.28,83650.12
2025-08-24 01:00:00,73055.06,78,62574.1,83651.86
2025-08-24 02:00:00,73019.96,89,62583.06,83700.18
2025-08-24 03:00:00,72692.61,90,62571.77,83717.41
2025-08-24 04:00:00,72593.71,106,62554.24,83646.35
2025-08-24 05:00:00,72728.39,101,62510.63,83607.52
2025-08-24 06:00:00,72577.46,105,62478.44,83556.61
2025-08-24 07:00:00,72488.95,120,62441.58,83746.21
2025-08-24 08:00:00,72650.29,127,62429.55,83665.58
2025-08-24 09:00:00,72610.02,114,62438.22,83659.97
2025-08-24 10:00:00,72399.52,117,62458.61,83446.17
2025-08-24 11:00:00,72396.32,129,62493.61,83220.14
2025-08-24 12:00:00,72156.03,137,62473.07,83109.21
2025-08-24 13:00:00,72345.3,123,62468.52,83260.14
2025-08-24 14:00:00,72776.36,111,62445.94,83171.87
2025-08-24 15:00:00,72829.5,104,62444.05,83086.94
2025-08-24 16:00:00,72802.66,107,62465.88,82966.25
2025-08-24 17:00:00,72594.15,114,62441.94,82669.35
2025-08-24 18:00:00,72793.57,106,62434.62,82986.36
2025-08-24 19:00:00,73033.0,108,62434.17,82856.62
2025-08-24 20:00:00,73101.67,94,62421.09,82600.82
2025-08-24 21:00:00,72999.16,83,62427.6,82564.51
2025-08-24 22:00:00,72901.09,84,62392.12,82688.15
2025-08-24 23:00:00,72875.79,85,62372.52,82660.9
2025-08-25 00:00:00,72664.55,82,62338.53,82831.34
2025-08-25 01:00:00,72994.62,88,62365.96,82839.87
2025-08-25 02:00:00,72933.68,93,62382.22,82863.42
2025-08-25 03:00:00,72887.96,79,62425.48,83029.68
2025-08-25 04:00:00,72718.32,85,62387.31,82934.42
2025-08-25 05:00:00,72452.06,94,62418.51,82864.92
2025-08-25 06:00:00,72528.89,113,62447.01,82902.51
2025-08-25 07:00:00,72587.67,135,62499.28,82767.41
2025-08-25 08:00:00,72663.94,133,62482.58,82702.67
2025-08-25 09:00:00,72605.08,134,62504.08,82592.89
2025-08-25 10:00:00,72868.99,136,62450.0,82275.83
2025-08-25 11:00:00,72780.16,136,62478.54,82234.43
2025-08-25 12:00:00,72554.06,133,62434.86,82474.94
2025-08-25 13:00:00,72692.29,139,62375.72,82700.78
2025-08-25 14:00:00,72976.74,133,62394.23,82838.12
2025-08-25 15:00:00,73020.41,118,62419.95,83102.51
2025-08-25 16:00:00,72790.3,112,62457.67,83126.18
2025-08-25 17:00:00,73243.46,110,62457.44,83100.15
2025-08-25 18:00:00,73073.82,104,62463.29,83168.15
2025-08-25 19:00:00,72840.06,93,62482.71,83400.64
2025-08-25 20:00:00,73040.06,98,62516.74,83541.12
2025-08-25 21:00:00,73054.05,85,62484.74,83654.48
2025-08-25 22:00:00,73099.59,81,62441.32,83657.62
2025-08-25 23:00:00,73039.4,85,62399.87,83642.42
2025-08-26 00:00:00,72969.26,98,62470.43,83796.01
2025-08-26 01:00:00,72971.22,101,62452.4,83566.05
2025-08-26 02:00:00,72644.22,109,62437.53,83681.62
2025-08-26 03:00:00,72757.57,107,62407.06,83586.21
2025-08-26 04:00:00,72598.8,108,62363.17,83671.71
2025-08-26 05:00:00,72668.03,107,62361.17,83635.8
2025-08-26 06:00:00,73056.12,120,62370.51,83518.84
2025-08-26 07:00:00,73189.52,118,62330.91,83449.46
2025-08-26 08:00:00,73220.54,121,62327.01,83495.35
2025-08-26 09:00:00,73302.69,129,62331.95,83485.56
2025-08-26 10:00:00,72889.95,140,62295.78,83558.31
2025-08-26 11:00:00,73112.2,148,62259.56,83782.0
2025-08-26 12:00:00,72741.46,152,62307.16,83680.3
2025-08-26 13:00:00,72836.63,137,62298.01,83782.29
2025-08-26 14:00:00,73251.86,137,62306.47,83879.55
2025-08-26 15:00:00,73114.65,125,62260.3,83961.69
2025-08-26 16:00:00,73011.78,119,62238.08,84215.68
2025-08-26 17:00:00,72980.91,116,62239.79,84348.35
2025-08-26 18:00:00,73387.02,120,62240.66,84339.93
2025-08-26 19:00:00,73509.19,119,62214.4,84367.88
2025-08-26 20:00:00,73558.34,125,62233.48,84490.59
2025-08-26 21:00:00,73628.11,123,62157.74,84584.84
2025-08-26 22:00:00,73511.31,100,62122.68,84558.75
2025-08-26 23:00:00,73339.05,104,62143.96,84676.6
2025-08-27 00:00:00,73227.66,113,62120.82,84586.19
2025-08-27 01:00:00,73195.34,110,62098.96,84544.81
2025-08-27 02:00:00,73094.55,102,62100.06,84283.99
2025-08-27 03:00:00,73327.06,113,62087.69,84442.83
2025-08-27 04:00:00,73195.61,124,62075.38,84367.5
2025-08-27 05:00:00,73166.17,130,62098.11,84507.16
2025-08-27 06:00:00,73395.47,133,62140.15,84526.91
2025-08-27 07:00:00,73232.14,140,62114.13,84344.93
2025-08-27 08:00:00,73274.88,137,62061.27,84506.68
2025-08-27 09:00:00,73409.58,147,62061.97,84770.59
2025-08-27 10:00:00,73734.86,150,62030.66,84589.12
2025-08-27 11:00:00,73353.34,137,62040.2,84819.08
2025-08-27 12:00:00,73369.21,140,62038.45,84899.65
2025-08-27 13:00:00,73324.79,135,62022.73,85065.76
2025-08-27 14:00:00,72872.5,142,62008.89,84947.92
2025-08-27 15:00:00,72477.8,135,62043.02,85108.43
2025-08-27 16:00:00,72466.13,124,61989.37,84813.12
2025-08-27 17:00:00,72328.33,128,61924.61,85133.14
2025-08-27 18:00:00,72174.61,121,61899.35,85229.41
2025-08-27 19:00:00,72127.02,120,61917.08,85376.39
2025-08-27 20:00:00,72089.45,103,61867.39,85334.76
2025-08-27 21:00:00,72167.43,102,61806.24,85184.22
2025-08-27 22:00:00,72254.82,100,61793.54,85116.23
2025-08-27 23:00:00,72109.41,106,61811.69,85032.84
2025-08-28 00:00:00,72398.41,118,61860.44,84918.08
2025-08-28 01:00:00,72354.41,119,61814.31,84844.59
2025-08-28 02:00:00,72083.2,118,61811.41,84991.09
2025-08-28 03:00:00,72251.19,124,61810.91,84977.92
2025-08-28 04:00:00,72638.52,133,61805.17,84979.34
2025-08-28 05:00:00,72520.97,138,61825.3,85173.06
2025-08-28 06:00:00,72337.86,139,61796.98,85123.9
2025-08-28 07:00:00,72618.6,127,61770.41,85096.79
2025-08-28 08:00:00,72390.73,154,61735.49,85175.32
2025-08-28 09:00:00,72604.74,169,61723.43,85254.67
2025-08-28 10:00:00,72765.42,162,61723.99,85111.28
2025-08-28 11:00:00,72697.22,147,61746.51,85324.22
2025-08-28 12:00:00,73081.86,139,61728.7,85537.6
2025-08-28 13:00:00,73108.06,154,61709.1,85497.02
2025-08-28 14:00:00,73092.4,139,61695.25,85510.29
2025-08-28 15:00:00,73345.92,136,61733.65,85649.97
2025-08-28 16:00:00,72989.03,135,61731.04,85748.55
2025-08-28 17:00:00,73399.54,114,61785.19,85686.64
2025-08-28 18:00:00,73897.68,109,61760.62,85527.87
2025-08-28 19:00:00,73700.96,104,61708.12,85659.57
2025-08-28 20:00:00,73652.13,101,61726.08,86005.38
2025-08-28 21:00:00,73671.5,100,61661.56,86052.52
2025-08-28 22:00:00,73691.76,102,61668.94,85757.74
2025-08-28 23:00:00,73735.32,97,61714.59,85951.78
2025-08-29 00:00:00,73785.8,97,61734.94,85826.45
2025-08-29 01:00:00,73619.06,106,61746.11,86165.18
2025-08-29 02:00:00,73578.87,98,61676.66,85946.88
2025-08-29 03:00:00,73903.9,112,61651.95,85930.39
2025-08-29 04:00:00,73718.75,126,61623.64,85762.58
2025-08-29 05:00:00,73557.03,137,61652.98,85663.54
2025-08-29 06:00:00,73330.26,130,61640.43,85654.17
2025-08-29 07:00:00,73129.94,129,61627.45,85498.62
2025-08-29 08:00:00,73274.05,134,61640.45,85538.91
2025-08-29 09:00:00,73029.61,132,61713.32,85665.25
2025-08-29 10:00:00,73033.67,130,61756.46,85694.04
2025-08-29 11:00:00,73032.48,136,61751.44,85767.73
2025-08-29 12:00:00,72987.28,139,61773.68,86020.13
2025-08-29 13:00:00,72953.58,144,61748.92,85859.27
2025-08-29 14:00:00,72731.44,130,61774.94,85926.08
2025-08-29 15:00:00,72732.25,126,61831.81,85824.08
2025-08-29 16:00:00,72932.25,120,61836.75,85638.99
2025-08-29 17:00:00,73109.43,119,61827.91,85743.74
2025-08-29 18:00:00,73098.49,112,61813.17,85619.93
2025-08-29 19:00:00,73061.43,106,61829.22,85956.2
2025-08-29 20:00:00,73242.26,105,61785.96,85796.71
2025-08-29 21:00:00,73115.9,103,61793.89,85635.57
2025-08-29 22:00:00,73405.6,85,61825.72,85495.57
2025-08-29 23:00:00,73527.22,88,61835.78,85593.55
2025-08-30 00:00:00,73296.23,93,61825.06,85649.27
2025-08-30 01:00:00,73292.54,90,61849.39,85643.62
2025-08-30 02:00:00,73224.58,90,61842.35,85508.19
2025-08-30 03:00:00,72808.87,89,61842.43,85263.09
2025-08-30 04:00:00,72867.93,122,61787.13,85205.63
2025-08-30 05:00:00,72797.8,125,61772.77,85167.37
2025-08-30 06:00:00,72913.62,121,61779.58,85130.28
2025-08-30 07:00:00,72799.4,129,61765.44,85163.2
2025-08-30 08:00:00,72922.21,129,61751.93,85209.8
2025-08-30 09:00:00,72986.85,125,61742.45,85055.46
2025-08-30 10:00:00,73065.54,126,61764.79,84787.99
2025-08-30 11:00:00,72893.88,124,61765.74,84780.87
2025-08-30 12:00:00,73140.21,119,61772.03,84633.56
2025-08-30 13:00:00,73381.31,117,61760.21,84608.55
2025-08-30 14:00:00,73081.77,126,61801.71,84563.01
2025-08-30 15:00:00,73610.43,122,61768.2,84483.39
2025-08-30 16:00:00,73400.89,109,61745.43,84380.57
2025-08-30 17:00:00,73117.44,112,61738.01,84245.29
2025-08-30 18:00:00,73039.04,102,61737.12,84169.83
2025-08-30 19:00:00,73016.35,94,61712.07,84138.84
2025-08-30 20:00:00,73530.45,92,61695.6,84235.51
2025-08-30 21:00:00,73854.76,89,61691.67,84338.59
2025-08-30 22:00:00,73818.43,89,61735.21,84192.06
2025-08-30 23:00:00,73796.64,96,61731.69,84246.91
2025-08-31 00:00:00,73940.05,78,61720.8,84076.99
2025-08-31 01:00:00,73681.7,92,61717.62,84264.45
2025-08-31 02:00:00,73623.08,87,61694.67,84287.7
2025-08-31 03:00:00,73687.26,85,61692.6,84474.15
2025-08-31 04:00:00,73433.3,99,61720.96,84582.32
2025-08-31 05:00:00,73419.45,110,61724.84,84487.97
2025-08-31 06:00:00,73120.86,111,61703.62,84432.89
2025-08-31 07:00:00,73147.49,117,61657.49,84576.46
2025-08-31 08:00:00,73139.84,114,61649.69,84592.39
2025-08-31 09:00:00,72915.71,126,61664.91,84424.52
2025-08-31 10:00:00,73021.1,118,61681.2,84416.34
2025-08-31 11:00:00,72993.72,124,61655.94,84597.31
2025-08-31 12:00:00,72974.93,120,61685.28,84659.22
2025-08-31 13:00:00,73009.2,124,61716.57,84638.11
2025-08-31 14:00:00,72957.3,129,61735.51,84446.99
2025-08-31 15:00:00,72961.28,127,61711.09,84320.87
2025-08-31 16:00:00,72630.07,114,61692.6,84192.75
2025-08-31 17:00:00,72902.78,104,61724.6,84272.29
2025-08-31 18:00:00,72718.77,96,61768.75,84048.1
2025-08-31 19:00:00,72500.3,94,61773.56,84143.08
2025-08-31 20:00:00,72427.71,89,61731.39,84350.57
2025-08-31 21:00:00,72117.59,86,61710.5,84512.87
2025-08-31 22:00:00,71892.49,90,61659.93,84396.63
2025-08-31 23:00:00,71535.99,89,61666.8,84318.89
2025-09-01 00:00:00,71792.0,84,61653.82,84159.73
2025-09-01 01:00:00,71719.72,85,61715.98,84120.0
2025-09-01 02:00:00,71639.86,83,61706.9,84088.49
2025-09-01 03:00:00,71841.12,84,61713.98,84372.47
2025-09-01 04:00:00,71988.86,82,61715.04,84118.81
2025-09-01 05:00:00,72252.63,88,61721.29,83897.39
2025-09-01 06:00:00,72428.42,100,61702.6,83794.63
2025-09-01 07:00:00,72708.59,114,61728.73,83669.46
2025-09-01 08:00:00,72607.99,121,61655.48,83727.33
2025-09-01 09:00:00,72959.56,127,61651.89,83927.88
2025-09-01 10:00:00,73155.22,129,61629.48,84010.83
2025-09-01 11:00:00,73318.42,136,61685.96,83904.27
2025-09-01 12:00:00,73421.67,136,61721.02,84053.1
2025-09-01 13:00:00,73238.22,131,61720.03,83964.41
2025-09-01 14:00:00,73341.95,118,61681.81,83911.17
2025-09-01 15:00:00,73573.57,120,61703.6,83916.08
2025-09-01 16:00:00,73779.89,120,61699.63,83937.89
2025-09-01 17:00:00,73839.81,108,61726.72,83991.53
2025-09-01 18:00:00,74207.61,110,61684.77,83811.56
2025-09-01 19:00:00,74160.97,104,61649.97,83671.35
2025-09-01 20:00:00,74336.72,96,61665.8,83584.01
2025-09-01 21:00:00,74083.77,99,61657.34,83736.69
2025-09-01 22:00:00,74135.13,94,61699.04,83979.25
2025-09-01 23:00:00,73886.94,107,61740.22,84126.36
2025-09-02 00:00:00,74025.7,100,61728.55,84254.61
2025-09-02 01:00:00,74253.34,91,61713.13,84427.88
2025-09-02 02:00:00,74166.83,99,61679.57,84207.06
2025-09-02 03:00:00,73911.56,109,61641.47,84092.74
2025-09-02 04:00:00,74012.7,116,61587.18,83811.82
2025-09-02 05:00:00,74029.69,127,61587.71,83896.55
2025-09-02 06:00:00,73885.56,120,61543.82,84004.45
2025-09-02 07:00:00,74317.11,126,61559.83,84202.83
2025-09-02 08:00:00,74291.94,131,61593.84,84340.86
2025-09-02 09:00:00,74274.71,148,61589.53,84396.75
2025-09-02 10:00:00,74291.28,152,61552.01,84262.6
2025-09-02 11:00:00,74276.25,140,61556.51,84282.75
2025-09-02 12:00:00,74035.86,136,61610.71,84304.45
2025-09-02 13:00:00,74005.29,122,61606.78,84282.56
2025-09-02 14:00:00,74048.24,117,61578.98,84284.82
2025-09-02 15:00:00,73856.24,139,61631.96,84402.73
2025-09-02 16:00:00,73802.5,130,61615.79,84646.76
2025-09-02 17:00:00,73866.65,112,61663.95,84814.16
2025-09-02 18:00:00,73766.22,111,61649.31,84723.99
2025-09-02 19:00:00,73844.28,111,61679.47,84828.29
2025-09-02 20:00:00,73582.38,111,61694.58,84773.29
2025-09-02 21:00:00,73585.3,102,61704.11,84912.13
2025-09-02 22:00:00,73474.15,97,61725.99,84890.16
2025-09-02 23:00:00,72857.93,106,61745.99,85234.64
2025-09-03 00:00:00,72869.07,95,61758.27,85297.51
2025-09-03 01:00:00,72650.77,106,61770.56,85232.09
2025-09-03 02:00:00,72807.75,108,61733.16,85282.26
2025-09-03 03:00:00,72755.69,114,61722.24,85450.8
2025-09-03 04:00:00,72789.71,117,61727.99,85806.98
2025-09-03 05:00:00,72742.79,118,61700.91,86005.31
2025-09-03 06:00:00,72832.51,126,61714.32,85920.47
2025-09-03 07:00:00,72833.55,149,61676.92,85690.9
2025-09-03 08:00:00,72496.78,146,61672.58,85775.11
2025-09-03 09:00:00,72378.19,142,61595.0,85945.36
2025-09-03 10:00:00,72375.36,152,61576.35,85858.04
2025-09-03 11:00:00,72419.97,147,61600.9,85837.29
2025-09-03 12:00:00,71986.44,157,61589.89,85715.66
2025-09-03 13:00:00,71872.75,171,61619.66,85647.26
2025-09-03 14:00:00,72019.49,157,61609.86,85625.68
2025-09-03 15:00:00,72131.85,142,61638.93,85377.31
2025-09-03 16:00:00,72445.26,134,61616.15,85363.57
2025-09-03 17:00:00,72728.74,121,61645.17,85407.56
2025-09-03 18:00:00,72725.89,113,61633.08,85529.99
2025-09-03 19:00:00,72732.22,119,61626.66,85476.31
2025-09-03 20:00:00,72729.96,115,61602.55,85673.91
2025-09-03 21:00:00,72868.17,107,61613.69,85427.01
2025-09-03 22:00:00,72855.86,109,61636.2,85281.79
2025-09-03 23:00:00,72691.43,98,61645.73,85207.07
2025-09-04 00:00:00,72813.25,93,61600.42,85274.08
2025-09-04 01:00:00,72889.97,97,61566.87,85497.29
2025-09-04 02:00:00,73207.92,107,61576.54,85480.17
2025-09-04 03:00:00,73373.3,123,61573.35,85687.51
2025-09-04 04:00:00,73495.92,116,61508.59,85459.32
2025-09-04 05:00:00,73534.11,129,61498.64,85504.73
2025-09-04 06:00:00,73422.73,138,61469.94,85464.41
2025-09-04 07:00:00,73621.46,145,61473.79,85556.57
2025-09-04 08:00:00,73489.9,142,61487.99,85676.39
2025-09-04 09:00:00,73341.83,143,61479.93,85585.8
2025-09-04 10:00:00,73351.3,142,61518.65,85558.65
2025-09-04 11:00:00,73499.61,157,61473.98,85419.78
2025-09-04 12:00:00,73593.8,145,61493.45,85503.15
2025-09-04 13:00:00,73668.74,134,61486.49,85246.6
2025-09-04 14:00:00,73751.85,137,61517.97,85039.13
2025-09-04 15:00:00,73787.64,138,61482.12,85087.66
2025-09-04 16:00:00,73704.26,142,61468.88,85116.51
2025-09-04 17:00:00,73654.88,127,61489.96,85044.9
2025-09-04 18:00:00,73991.04,119,61506.96,84785.76
2025-09-04 19:00:00,73903.86,117,61547.94,84873.39
2025-09-04 20:00:00,73550.11,127,61539.71,84896.52
2025-09-04 21:00:00,73361.51,114,61564.71,84867.36
2025-09-04 22:00:00,73152.59,99,61581.65,85087.19
2025-09-04 23:00:00,73530.68,103,61620.07,85262.5
2025-09-05 00:00:00,73669.94,106,61586.09,85295.04
2025-09-05 01:00:00,73712.02,108,61589.96,85234.54
2025-09-05 02:00:00,73742.66,117,61565.03,85411.78
2025-09-05 03:00:00,73732.14,112,61594.32,85458.79
2025-09-05 04:00:00,73771.82,120,61610.69,85432.99
2025-09-05 05:00:00,73649.15,126,61617.79,85613.81
2025-09-05 06:00:00,73833.9,128,61617.81,85562.48
2025-09-05 07:00:00,73618.0,134,61605.35,85562.38
2025-09-05 08:00:00,73375.03,143,61603.97,85547.29
2025-09-05 09:00:00,73279.8,145,61629.2,85529.55
2025-09-05 10:00:00,72987.17,147,61623.17,85544.34
2025-09-05 11:00:00,73027.16,149,61661.19,85440.09
2025-09-05 12:00:00,72524.31,148,61684.79,85692.78
2025-09-05 13:00:00,72350.38,129,61708.24,85774.35
2025-09-05 14:00:00,72408.77,135,61699.49,85667.32
2025-09-05 15:00:00,72483.37,127,61720.49,85660.61
2025-09-05 16:00:00,72329.65,121,61726.65,85631.06
2025-09-05 17:00:00,72561.09,111,61723.79,85734.1
2025-09-05 18:00:00,72214.07,110,61737.19,85843.63
2025-09-05 19:00:00,72410.12,97,61739.54,85620.63
2025-09-05 20:00:00,72350.92,97,61752.8,85633.94
2025-09-05 21:00:00,71983.26,91,61750.52,85694.53
2025-09-05 22:00:00,72024.6,92,61802.42,85796.11
2025-09-05 23:00:00,71938.64,93,61790.53,85681.45
2025-09-06 00:00:00,71560.05,84,61752.41,85582.57
2025-09-06 01:00:00,71758.79,86,61722.92,85488.49
2025-09-06 02:00:00,72161.35,95,61736.69,85563.21
2025-09-06 03:00:00,72401.13,96,61728.51,85440.32
2025-09-06 04:00:00,72395.44,104,61771.24,85132.07
2025-09-06 05:00:00,72515.74,111,61746.38,84899.48
2025-09-06 06:00:00,72614.56,122,61728.03,85001.1
2025-09-06 07:00:00,72998.42,131,61712.91,84862.65
2025-09-06 08:00:00,72635.83,122,61737.02,85080.98
2025-09-06 09:00:00,72970.25,136,61716.59,85124.08
2025-09-06 10:00:00,72914.32,144,61744.04,84965.14
2025-09-06 11:00:00,73102.24,141,61755.26,84807.09
2025-09-06 12:00:00,73116.69,140,61677.41,84875.21
2025-09-06 13:00:00,72863.88,133,61657.61,84767.74
2025-09-06 14:00:00,72826.55,110,61618.44,84756.77
2025-09-06 15:00:00,72939.72,115,61608.53,84868.65
2025-09-06 16:00:00,73116.07,109,61600.09,84906.7
2025-09-06 17:00:00,72981.67,111,61606.4,84774.59
2025-09-06 18:00:00,72905.22,99,61555.7,84826.1
2025-09-06 19:00:00,72749.83,81,61559.12,84634.26
2025-09-06 20:00:00,72636.22,83,61577.82,84582.19
2025-09-06 21:00:00,72557.4,88,61591.77,84587.08
2025-09-06 22:00:00,72856.07,90,61573.1,84440.81
2025-09-06 23:00:00,72793.54,91,61586.7,84698.93
2025-09-07 00:00:00,72853.21,81,61564.71,84727.24
2025-09-07 01:00:00,72577.74,82,61523.1,84524.65
2025-09-07 02:00:00,72859.34,80,61483.05,84462.08
2025-09-07 03:00:00,72571.57,74,61479.94,84556.61
2025-09-07 04:00:00,72456.98,93,61483.11,84456.82
2025-09-07 05:00:00,72370.99,107,61484.28,84254.92
2025-09-07 06:00:00,72140.6,128,61505.56,84029.6
2025-09-07 07:00:00,72216.07,115,61529.03,84067.48
2025-09-07 08:00:00,72300.88,115,61508.44,84057.67
2025-09-07 09:00:00,72140.4,122,61453.02,84168.93
2025-09-07 10:00:00,72326.43,135,61488.3,83773.94
2025-09-07 11:00:00,72099.94,127,61481.61,83803.13
2025-09-07 12:00:00,71907.85,123,61458.93,83752.1
2025-09-07 13:00:00,72089.3,126,61465.95,83763.95
2025-09-07 14:00:00,72204.83,121,61466.46,83681.16
2025-09-07 15:00:00,71959.81,112,61427.78,83572.09
2025-09-07 16:00:00,71730.45,112,61371.89,83491.15
2025-09-07 17:00:00,71663.89,105,61373.93,83475.24
2025-09-07 18:00:00,71866.66,101,61405.11,83303.93
2025-09-07 19:00:00,72086.69,89,61425.38,82848.12
2025-09-07 20:00:00,72408.08,97,61434.66,83087.45
2025-09-07 21:00:00,72384.52,92,61412.12,83087.8
2025-09-07 22:00:00,72482.18,83,61407.37,83126.3
2025-09-07 23:00:00,72496.77,87,61411.84,83083.63
2025-09-08 00:00:00,72652.93,89,61419.91,83014.85
2025-09-08 01:00:00,72662.19,90,61407.93,82975.82
2025-09-08 02:00:00,72819.54,91,61438.2,82858.68
2025-09-08 03:00:00,72847.94,89,61403.68,82731.22
2025-09-08 04:00:00,73015.74,101,61409.81,82539.54
2025-09-08 05:00:00,73327.86,103,61432.86,82330.76
2025-09-08 06:00:00,73547.42,110,61402.57,82428.72
2025-09-08 07:00:00,73372.47,113,61379.55,82710.45
2025-09-08 08:00:00,73322.48,115,61382.79,82817.52
2025-09-08 09:00:00,73388.0,120,61341.32,82676.44
2025-09-08 10:00:00,73403.46,112,61370.88,82554.74
2025-09-08 11:00:00,73597.57,125,61346.32,82748.46
2025-09-08 12:00:00,73697.1,143,61348.91,82764.64
2025-09-08 13:00:00,73821.81,144,61336.09,82975.78
2025-09-08 14:00:00,73890.09,135,61284.01,82769.02
2025-09-08 15:00:00,73787.36,133,61280.46,82978.73
2025-09-08 16:00:00,74021.11,113,61280.73,83090.48
2025-09-08 17:00:00,74033.52,128,61286.64,83364.9
2025-09-08 18:00:00,74004.24,109,61258.99,83207.94
2025-09-08 19:00:00,73945.35,112,61260.57,83138.34
2025-09-08 20:00:00,74306.95,115,61186.28,83064.84
2025-09-08 21:00:00,73804.65,104,61160.11,82947.99
2025-09-08 22:00:00,73929.71,105,61196.99,82734.41
2025-09-08 23:00:00,73741.37,97,61209.68,82767.33
2025-09-09 00:00:00,73691.66,94,61189.03,82763.74
2025-09-09 01:00:00,73422.26,83,61223.71,82970.39
2025-09-09 02:00:00,73298.67,108,61234.9,82987.09
2025-09-09 03:00:00,73122.12,100,61212.6,83025.69
2025-09-09 04:00:00,72907.29,110,61198.61,82882.83
2025-09-09 05:00:00,72783.72,108,61171.01,82874.55
2025-09-09 06:00:00,72584.61,108,61182.83,82896.48
2025-09-09 07:00:00,72550.73,118,61137.9,82902.06
2025-09-09 08:00:00,72649.91,123,61173.4,83138.05
2025-09-09 09:00:00,72423.8,139,61176.53,83084.0
2025-09-09 10:00:00,72212.75,146,61193.67,83215.76
2025-09-09 11:00:00,72048.69,145,61245.72,83043.07
2025-09-09 12:00:00,72027.88,152,61228.17,83205.61
2025-09-09 13:00:00,72510.04,150,61228.01,83255.61
2025-09-09 14:00:00,72474.87,145,61224.8,83123.79
2025-09-09 15:00:00,72445.46,140,61243.28,83073.07
2025-09-09 16:00:00,72345.47,132,61232.54,82946.17
2025-09-09 17:00:00,72475.91,126,61171.74,83115.15
2025-09-09 18:00:00,72611.75,119,61103.11,83319.05
2025-09-09 19:00:00,72742.0,114,61078.53,83339.9
2025-09-09 20:00:00,72555.32,99,61135.89,83394.7
2025-09-09 21:00:00,72687.78,110,61113.32,83435.9
2025-09-09 22:00:00,72446.35,101,61151.21,83109.84
2025-09-09 23:00:00,72474.43,110,61100.09,83037.7
2025-09-10 00:00:00,72626.09,104,61056.23,83120.95
2025-09-10 01:00:00,72767.68,113,61115.41,83263.54
2025-09-10 02:00:00,72802.41,115,61147.04,83475.11
2025-09-10 03:00:00,73155.84,119,61175.0,83437.02
2025-09-10 04:00:00,73189.02,131,61186.94,83588.82
2025-09-10 05:00:00,73335.87,131,61195.88,83579.22
2025-09-10 06:00:00,73265.19,127,61241.72,83782.91
2025-09-10 07:00:00,73236.99,138,61252.88,83821.59
2025-09-10 08:00:00,72995.89,135,61263.41,83732.81
2025-09-10 09:00:00,72802.11,152,61302.64,83665.61
2025-09-10 10:00:00,72728.13,157,61285.42,83635.3
2025-09-10 11:00:00,72909.92,158,61342.6,83608.12
2025-09-10 12:00:00,72917.22,160,61378.75,83548.0
2025-09-10 13:00:00,73176.1,149,61329.65,83709.15
2025-09-10 14:00:00,73270.11,154,61308.38,83710.46
2025-09-10 15:00:00,73174.48,144,61329.49,83879.93
2025-09-10 16:00:00,73091.13,152,61337.97,83797.74
2025-09-10 17:00:00,73012.3,135,61326.03,83940.44
2025-09-10 18:00:00,73061.12,135,61260.68,84111.58
2025-09-10 19:00:00,72744.42,126,61255.74,84347.8
2025-09-10 20:00:00,72863.46,122,61225.31,84424.45
2025-09-10 21:00:00,73000.27,111,61234.49,84260.07
2025-09-10 22:00:00,72716.05,107,61233.59,84263.34
2025-09-10 23:00:00,72557.15,107,61248.08,84240.73
2025-09-11 00:00:00,72646.39,106,61266.27,84117.51
2025-09-11 01:00:00,72572.85,121,61261.7,84267.45
2025-09-11 02:00:00,72554.26,119,61270.42,84087.05
2025-09-11 03:00:00,72413.3,113,61320.63,84060.7
2025-09-11 04:00:00,72360.6,125,61401.76,84053.33
2025-09-11 05:00:00,72537.03,120,61371.9,84234.41
2025-09-11 06:00:00,72367.23,119,61357.83,84258.9
2025-09-11 07:00:00,72349.63,138,61372.84,84475.51
2025-09-11 08:00:00,72341.61,144,61375.92,84348.31
2025-09-11 09:00:00,71816.66,144,61390.14,84405.79
2025-09-11 10:00:00,71612.05,159,61423.65,84430.55
2025-09-11 11:00:00,71837.7,163,61408.4,84533.08
2025-09-11 12:00:00,71624.47,159,61370.13,84408.5
2025-09-11 13:00:00,71455.8,141,61379.43,84587.66
2025-09-11 14:00:00,71715.78,136,61412.1,84743.75
2025-09-11 15:00:00,71698.74,142,61372.96,84565.16
2025-09-11 16:00:00,72071.87,139,61391.89,84698.33
2025-09-11 17:00:00,72360.86,130,61394.58,85010.77
2025-09-11 18:00:00,72317.95,113,61384.01,84827.5
2025-09-11 19:00:00,72361.97,107,61390.84,84645.17
2025-09-11 20:00:00,72149.85,98,61381.87,84908.4
2025-09-11 21:00:00,72492.08,95,61363.99,84875.79
2025-09-11 22:00:00,72688.94,104,61381.69,84907.5
2025-09-11 23:00:00,72771.37,99,61402.98,84893.21
2025-09-12 00:00:00,72741.38,115,61434.38,84775.75
2025-09-12 01:00:00,72784.68,110,61435.44,84653.39
2025-09-12 02:00:00,72692.52,112,61422.86,84563.81
2025-09-12 03:00:00,72693.78,122,61431.77,84527.12
2025-09-12 04:00:00,72440.38,115,61451.78,84712.92
2025-09-12 05:00:00,72316.12,127,61444.14,84794.32
2025-09-12 06:00:00,72097.78,122,61437.16,84780.04
2025-09-12 07:00:00,72142.42,131,61411.31,84891.66
2025-09-12 08:00:00,72364.07,136,61401.53,84980.07
2025-09-12 09:00:00,72211.56,150,61426.62,85124.54
2025-09-12 10:00:00,72174.46,146,61458.25,85085.53
2025-09-12 11:00:00,72391.5,154,61437.55,85078.82
2025-09-12 12:00:00,72525.41,152,61377.91,84918.07
2025-09-12 13:00:00,72601.05,142,61369.26,84908.9
2025-09-12 14:00:00,72317.82,138,61308.3,84660.93
2025-09-12 15:00:00,72051.17,129,61306.75,84499.85
2025-09-12 16:00:00,71976.53,116,61321.34,84923.21
2025-09-12 17:00:00,71747.22,111,61291.67,85060.01
2025-09-12 18:00:00,72047.99,108,61248.66,85250.83
2025-09-12 19:00:00,72037.77,95,61226.59,85041.05
2025-09-12 20:00:00,71972.6,102,61223.4,84967.27
2025-09-12 21:00:00,71877.92,90,61242.86,84817.4
2025-09-12 22:00:00,71988.88,93,61254.71,84748.0
2025-09-12 23:00:00,71728.84,89,61284.62,84859.49
2025-09-13 00:00:00,71936.75,88,61304.49,84845.61
2025-09-13 01:00:00,72163.53,96,61324.63,84888.11
2025-09-13 02:00:00,72435.88,86,61342.82,84625.01
2025-09-13 03:00:00,72186.69,86,61406.56,84565.01
2025-09-13 04:00:00,72515.29,88,61450.26,84685.32
2025-09-13 05:00:00,72687.41,99,61474.18,84640.21
2025-09-13 06:00:00,72751.29,123,61491.98,84418.45
2025-09-13 07:00:00,73101.39,121,61555.61,84253.18
2025-09-13 08:00:00,72997.61,135,61502.32,84195.63
2025-09-13 09:00:00,73075.06,134,61498.42,84330.56
2025-09-13 10:00:00,73213.79,121,61501.0,84411.56
2025-09-13 11:00:00,73294.3,127,61532.95,84473.67
2025-09-13 12:00:00,73532.91,115,61519.96,84139.36
2025-09-13 13:00:00,73378.87,125,61523.6,84352.67
2025-09-13 14:00:00,73792.65,127,61510.11,84280.28
2025-09-13 15:00:00,73628.85,124,61520.95,84095.83
2025-09-13 16:00:00,73426.88,132,61556.16,84050.23
2025-09-13 17:00:00,73469.71,119,61533.37,84324.96
2025-09-13 18:00:00,73387.94,114,61538.99,84119.36
2025-09-13 19:00:00,73628.45,99,61525.99,84263.39
2025-09-13 20:00:00,73909.27,81,61539.04,84280.29
2025-09-13 21:00:00,73978.4,82,61583.79,84303.92
2025-09-13 22:00:00,73830.83,77,61581.83,84311.36
2025-09-13 23:00:00,73983.83,73,61574.9,84249.64
2025-09-14 00:00:00,73753.45,66,61640.84,84130.3
2025-09-14 01:00:00,73539.18,74,61633.34,84128.86
2025-09-14 02:00:00,73295.12,73,61639.96,84277.85
2025-09-14 03:00:00,73371.81,86,61680.07,84402.01
2025-09-14 04:00:00,73501.7,103,61685.26,84384.14
2025-09-14 05:00:00,73394.13,111,61676.42,84366.8
2025-09-14 06:00:00,73609.01,107,61651.38,84609.81
2025-09-14 07:00:00,73507.01,108,61687.67,84568.7
2025-09-14 08:00:00,73490.53,110,61665.33,84488.25
2025-09-14 09:00:00,73149.25,104,61700.93,84317.4
2025-09-14 10:00:00,73161.67,129,61680.03,84112.51
2025-09-14 11:00:00,72899.92,129,61724.78,84367.68
2025-09-14 12:00:00,72849.77,132,61720.14,84183.69
2025-09-14 13:00:00,72935.79,118,61711.29,83876.24
2025-09-14 14:00:00,72805.31,115,61702.39,83828.24
2025-09-14 15:00:00,72863.99,109,61735.7,83785.06
2025-09-14 16:00:00,73181.35,106,61720.72,83787.27
2025-09-14 17:00:00,73576.12,114,61695.32,83741.01
2025-09-14 18:00:00,73599.79,102,61703.36,83691.08
2025-09-14 19:00:00,73866.69,107,61742.61,83685.17
2025-09-14 20:00:00,73684.36,108,61743.28,83709.32
2025-09-14 21:00:00,73488.87,90,61734.98,83828.36
2025-09-14 22:00:00,73670.79,79,61699.84,83977.23
2025-09-14 23:00:00,73791.59,84,61713.7,83948.83
2025-09-15 00:00:00,73698.02,92,61692.52,83970.5
2025-09-15 01:00:00,73794.76,84,61679.62,83890.47
2025-09-15 02:00:00,73732.49,81,61688.87,83958.63
2025-09-15 03:00:00,73513.21,83,61669.16,83744.9
2025-09-15 04:00:00,73228.72,98,61704.61,83838.77
2025-09-15 05:00:00,73262.7,99,61743.23,83981.86
2025-09-15 06:00:00,73199.75,109,61717.01,83897.49
2025-09-15 07:00:00,73432.49,109,61718.8,83615.96
2025-09-15 08:00:00,73665.05,128,61750.5,83596.49
2025-09-15 09:00:00,73403.66,134,61823.81,83439.74
2025-09-15 10:00:00,73380.26,128,61825.9,83568.13
2025-09-15 11:00:00,73575.03,119,61774.82,83744.03
2025-09-15 12:00:00,73259.06,125,61733.45,84043.3
2025-09-15 13:00:00,73334.67,144,61726.3,84177.73
2025-09-15 14:00:00,72939.1,131,61700.39,84058.79
2025-09-15 15:00:00,73147.35,124,61702.86,84263.14
2025-09-15 16:00:00,73237.63,120,61709.2,84225.13
2025-09-15 17:00:00,73100.22,124,61698.67,84395.3
2025-09-15 18:00:00,72937.71,113,61663.02,84608.12
2025-09-15 19:00:00,72812.8,101,61653.28,84620.6
2025-09-15 20:00:00,72681.74,105,61643.37,84620.08
2025-09-15 21:00:00,72559.65,91,61631.35,84584.7
2025-09-15 22:00:00,72504.44,82,61630.59,84488.34
2025-09-15 23:00:00,72438.57,85,61613.21,84636.92
2025-09-16 00:00:00,72029.4,80,61596.72,84874.52
2025-09-16 01:00:00,71949.58,84,61571.61,84895.85
2025-09-16 02:00:00,71845.16,98,61565.81,84556.29
2025-09-16 03:00:00,71967.45,99,61568.36,84657.1
2025-09-16 04:00:00,72418.76,118,61517.1,84803.92
2025-09-16 05:00:00,72298.2,117,61503.55,84893.98
2025-09-16 06:00:00,72572.67,122,61484.59,84759.44
2025-09-16 07:00:00,72350.5,127,61472.06,84783.05
2025-09-16 08:00:00,72143.99,133,61453.3,84980.56
2025-09-16 09:00:00,72427.31,130,61454.0,85131.81
2025-09-16 10:00:00,72523.47,147,61503.16,85200.16
2025-09-16 11:00:00,72645.34,159,61535.33,85166.25
2025-09-16 12:00:00,72980.68,153,61544.68,85296.88
2025-09-16 13:00:00,73546.43,146,61539.71,85287.46
2025-09-16 14:00:00,73382.94,141,61549.71,85206.48
2025-09-16 15:00:00,73160.83,123,61553.44,85316.16
2025-09-16 16:00:00,73279.44,121,61576.45,85475.31
2025-09-16 17:00:00,73124.38,125,61603.05,85404.72
2025-09-16 18:00:00,73036.04,127,61649.76,85349.53
2025-09-16 19:00:00,73327.6,125,61661.6,85419.72
2025-09-16 20:00:00,73543.25,107,61702.34,85458.75
2025-09-16 21:00:00,73408.89,102,61705.2,85430.52
2025-09-16 22:00:00,73498.79,102,61710.04,85472.69
2025-09-16 23:00:00,73668.71,101,61662.5,85158.1
2025-09-17 00:00:00,73517.76,96,61643.54,85338.25
2025-09-17 01:00:00,73313.15,97,61721.23,85370.98
2025-09-17 02:00:00,73146.04,105,61700.34,85650.62
2025-09-17 03:00:00,72848.27,99,61675.04,85578.69
2025-09-17 04:00:00,73100.11,99,61657.77,85594.25
2025-09-17 05:00:00,73207.66,106,61700.4,85822.42
2025-09-17 06:00:00,73276.85,131,61657.74,85800.93
2025-09-17 07:00:00,73442.89,142,61674.86,85841.76
2025-09-17 08:00:00,73254.13,145,61669.99,85953.33
2025-09-17 09:00:00,73095.86,144,61683.35,85858.18
2025-09-17 10:00:00,73048.1,160,61653.55,86088.23
2025-09-17 11:00:00,73165.03,158,61655.74,86076.18
2025-09-17 12:00:00,72802.95,169,61645.87,85880.35
2025-09-17 13:00:00,72898.66,169,61687.1,85751.72
2025-09-17 14:00:00,73072.43,166,61690.0,85758.56
2025-09-17 15:00:00,72837.06,166,61701.97,86013.33
2025-09-17 16:00:00,72659.94,148,61691.18,86111.86
2025-09-17 17:00:00,72404.01,154,61690.72,85902.66
2025-09-17 18:00:00,72267.59,143,61733.92,85972.05
2025-09-17 19:00:00,72294.33,148,61781.44,86016.87
2025-09-17 20:00:00,72466.36,121,61773.07,85981.22
2025-09-17 21:00:00,72161.56,111,61767.11,85902.86
2025-09-17 22:00:00,71983.49,92,61808.34,85763.7
2025-09-17 23:00:00,72204.83,90,61851.28,85865.04
2025-09-18 00:00:00,72332.34,109,61868.42,85768.96
2025-09-18 01:00:00,72008.5,104,61883.97,85832.54
2025-09-18 02:00:00,72083.25,110,61900.46,85865.25
2025-09-18 03:00:00,71937.04,113,61866.38,86044.31
2025-09-18 04:00:00,71830.69,133,61816.29,86017.77
2025-09-18 05:00:00,72046.91,123,61862.98,85897.83
2025-09-18 06:00:00,72112.43,134,61857.99,85850.26
2025-09-18 07:00:00,71984.37,136,61896.08,85887.36
2025-09-18 08:00:00,71944.91,147,61934.25,85618.15
2025-09-18 09:00:00,72324.83,152,61948.04,85855.54
2025-09-18 10:00:00,72088.31,152,61994.43,86156.38
2025-09-18 11:00:00,71885.96,161,61917.91,85881.02
2025-09-18 12:00:00,71572.6,152,61914.4,85890.45
2025-09-18 13:00:00,71714.06,161,61908.61,86187.35
2025-09-18 14:00:00,71835.37,146,61916.22,86392.27
2025-09-18 15:00:00,71860.85,143,61898.94,86371.44
2025-09-18 16:00:00,71898.98,133,61892.68,86232.36
2025-09-18 17:00:00,72112.73,134,61847.61,86333.93
2025-09-18 18:00:00,72259.87,115,61837.76,86550.65
2025-09-18 19:00:00,72300.59,118,61819.53,86374.47
2025-09-18 20:00:00,72264.41,107,61799.95,86504.31
2025-09-18 21:00:00,72436.54,115,61772.03,86684.32
2025-09-18 22:00:00,72287.26,104,61755.63,86826.5
2025-09-18 23:00:00,71898.89,107,61772.15,87000.79
2025-09-19 00:00:00,71996.42,96,61759.1,87152.66
2025-09-19 01:00:00,71958.25,101,61770.09,87138.56
2025-09-19 02:00:00,71723.64,97,61711.49,87029.76
2025-09-19 03:00:00,71646.41,109,61694.0,86885.66
2025-09-19 04:00:00,71915.08,110,61704.16,86799.81
2025-09-19 05:00:00,72160.87,124,61706.06,86909.14
2025-09-19 06:00:00,71869.54,120,61733.93,86914.16
2025-09-19 07:00:00,71869.73,121,61750.45,86913.54
2025-09-19 08:00:00,71797.76,122,61795.77,86812.27
2025-09-19 09:00:00,71724.76,131,61765.17,86832.4
2025-09-19 10:00:00,71596.46,128,61732.5,86912.53
2025-09-19 11:00:00,71630.05,123,61673.1,87013.66
2025-09-19 12:00:00,71989.44,118,61673.9,87174.74
2025-09-19 13:00:00,72139.46,122,61665.08,86998.66
2025-09-19 14:00:00,72571.97,135,61703.41,86771.66
2025-09-19 15:00:00,72593.17,137,61699.17,86610.27
2025-09-19 16:00:00,72181.21,127,61687.79,86366.55
2025-09-19 17:00:00,72109.51,114,61645.68,86422.17
2025-09-19 18:00:00,72250.57,103,61666.57,86231.17
2025-09-19 19:00:00,72495.33,111,61697.29,86311.13
2025-09-19 20:00:00,72442.38,99,61714.56,86312.2
2025-09-19 21:00:00,72692.27,105,61712.97,85998.57
2025-09-19 22:00:00,72682.84,87,61674.97,85743.39
2025-09-19 23:00:00,72540.5,87,61694.83,85747.0
2025-09-20 00:00:00,72305.01,71,61684.23,85619.52
2025-09-20 01:00:00,72242.27,83,61708.19,85590.39
2025-09-20 02:00:00,72004.64,96,61704.74,85454.37
2025-09-20 03:00:00,72220.13,95,61721.99,85648.76
2025-09-20 04:00:00,72400.58,94,61703.37,85454.23
2025-09-20 05:00:00,72467.71,116,61688.37,85435.03
2025-09-20 06:00:00,72374.39,123,61698.59,85675.43
2025-09-20 07:00:00,72663.16,128,61643.33,85635.26
2025-09-20 08:00:00,72394.8,134,61713.88,85760.19
2025-09-20 09:00:00,72345.06,120,61706.65,85987.41
2025-09-20 10:00:00,71943.21,139,61693.56,85800.88
2025-09-20 11:00:00,72159.11,142,61709.63,85686.47
2025-09-20 12:00:00,72091.21,138,61732.45,85525.8
2025-09-20 13:00:00,72339.92,124,61734.14,85782.7
2025-09-20 14:00:00,72206.69,131,61751.55,85889.11
2025-09-20 15:00:00,72329.07,122,61727.14,85768.44
2025-09-20 16:00:00,72173.15,115,61738.05,85608.55
2025-09-20 17:00:00,72192.35,102,61733.36,85536.66
2025-09-20 18:00:00,72029.17,90,61762.28,85509.49
2025-09-20 19:00:00,71856.76,94,61817.78,85438.91
2025-09-20 20:00:00,71834.24,84,61834.45,85279.46
2025-09-20 21:00:00,72059.94,94,61801.88,85412.49
2025-09-20 22:00:00,72102.29,83,61788.27,85284.19
2025-09-20 23:00:00,71975.78,81,61782.25,85152.61
2025-09-21 00:00:00,71869.03,83,61804.62,85282.11
2025-09-21 01:00:00,71752.19,82,61836.81,85238.43
2025-09-21 02:00:00,71381.15,89,61808.18,85359.79
2025-09-21 03:00:00,71787.44,93,61812.85,85291.3
2025-09-21 04:00:00,71690.73,87,61799.15,85300.67
2025-09-21 05:00:00,72041.8,105,61783.15,85252.47
2025-09-21 06:00:00,72354.05,105,61818.26,84959.49
2025-09-21 07:00:00,72166.03,126,61856.55,84861.51
2025-09-21 08:00:00,72068.35,117,61883.88,84937.47
2025-09-21 09:00:00,72332.43,119,61963.53,84973.54
2025-09-21 10:00:00,72167.31,134,61957.14,84888.82
2025-09-21 11:00:00,72381.68,138,61954.06,85098.95
2025-09-21 12:00:00,71997.66,123,61994.33,85340.77
2025-09-21 13:00:00,72014.91,117,61954.88,85222.2
2025-09-21 14:00:00,72356.97,117,61946.47,85347.63
2025-09-21 15:00:00,72451.89,106,61924.34,85456.52
2025-09-21 16:00:00,72798.26,118,61913.07,85667.69
2025-09-21 17:00:00,72863.58,106,61929.73,85568.5
2025-09-21 18:00:00,73109.13,108,61960.47,85201.5
2025-09-21 19:00:00,72858.13,107,61919.91,85392.53
2025-09-21 20:00:00,73083.97,98,61898.26,85246.32
2025-09-21 21:00:00,73277.41,84,61923.13,85118.96
2025-09-21 22:00:00,73394.07,79,61900.19,85215.38
2025-09-21 23:00:00,73684.64,80,61876.58,85122.54
2025-09-22 00:00:00,73684.66,83,61900.36,85221.37
2025-09-22 01:00:00,73900.71,70,61877.23,85097.77
2025-09-22 02:00:00,73831.21,79,61864.3,85086.68
2025-09-22 03:00:00,73878.83,104,61889.13,84979.03
2025-09-22 04:00:00,73981.2,117,61909.49,85003.55
2025-09-22 05:00:00,73964.39,122,61897.66,85076.7
2025-09-22 06:00:00,73937.56,122,61884.16,85238.51
2025-09-22 07:00:00,74210.49,132,61898.73,85377.04
2025-09-22 08:00:00,73670.94,114,61954.01,85237.42
2025-09-22 09:00:00,73631.37,119,61996.87,85043.3
2025-09-22 10:00:00,73924.46,125,61994.99,85081.56
2025-09-22 11:00:00,73611.5,126,62029.06,85023.32
2025-09-22 12:00:00,73818.7,134,62058.49,85000.32
2025-09-22 13:00:00,73884.18,126,62050.55,85185.99
2025-09-22 14:00:00,73761.82,116,62043.48,85180.24
2025-09-22 15:00:00,73524.31,118,62043.71,85296.19
2025-09-22 16:00:00,73190.51,112,62049.69,85342.32
2025-09-22 17:00:00,73261.12,112,62008.0,85210.96
2025-09-22 18:00:00,73236.5,114,62011.95,85365.4
2025-09-22 19:00:00,73539.4,115,62022.07,85264.86
2025-09-22 20:00:00,73607.5,102,62008.76,85456.05
2025-09-22 21:00:00,73224.88,103,62015.58,85270.56
2025-09-22 22:00:00,73213.68,100,61977.89,85281.28
2025-09-22 23:00:00,73021.33,95,61975.27,85267.57
2025-09-23 00:00:00,72996.75,102,61980.81,84722.23
2025-09-23 01:00:00,73393.98,102,62018.27,84651.73
2025-09-23 02:00:00,73185.75,102,62028.14,84824.6
2025-09-23 03:00:00,73073.8,100,62025.51,84944.26
2025-09-23 04:00:00,73114.91,102,62022.46,85085.51
2025-09-23 05:00:00,72867.99,119,62009.68,84907.33
2025-09-23 06:00:00,72901.98,124,62015.15,84953.38
2025-09-23 07:00:00,73088.4,140,62050.43,84950.37
2025-09-23 08:00:00,73366.8,132,62048.07,84861.54
2025-09-23 09:00:00,73323.48,139,62053.77,84912.52
2025-09-23 10:00:00,73210.41,148,62051.59,84767.51
2025-09-23 11:00:00,73147.91,144,62040.31,84907.86
2025-09-23 12:00:00,73112.53,150,62096.18,84839.44
2025-09-23 13:00:00,72955.44,139,62147.16,84810.67
2025-09-23 14:00:00,73174.36,135,62136.25,84786.49
2025-09-23 15:00:00,73179.86,134,62148.56,84872.72
2025-09-23 16:00:00,73121.79,131,62139.02,84798.55
2025-09-23 17:00:00,73047.23,121,62116.34,84854.89
2025-09-23 18:00:00,72792.71,120,62068.79,84887.38
2025-09-23 19:00:00,72841.27,108,62073.66,85011.94
2025-09-23 20:00:00,72633.8,97,62120.93,84859.52
2025-09-23 21:00:00,72858.89,104,62143.18,85048.05
2025-09-23 22:00:00,73127.96,102,62175.32,85164.59
2025-09-23 23:00:00,73429.82,96,62172.39,85068.83
2025-09-24 00:00:00,73267.66,98,62178.66,85207.39
2025-09-24 01:00:00,73006.4,106,62148.5,85185.43
2025-09-24 02:00:00,72865.13,118,62141.36,85444.56
2025-09-24 03:00:00,72870.38,115,62157.41,85453.15
2025-09-24 04:00:00,72844.99,113,62145.65,85323.55
2025-09-24 05:00:00,72921.95,121,62118.18,85400.87
2025-09-24 06:00:00,73228.62,129,62145.9,85536.77
2025-09-24 07:00:00,73198.26,137,62152.89,85542.84
2025-09-24 08:00:00,73084.89,150,62193.64,85699.94
2025-09-24 09:00:00,73041.65,163,62256.86,85595.69
2025-09-24 10:00:00,73188.81,161,62274.36,85698.07
2025-09-24 11:00:00,73230.88,160,62210.16,85717.57
2025-09-24 12:00:00,73549.58,144,62233.88,85813.86
2025-09-24 13:00:00,73537.74,144,62215.68,85774.48
2025-09-24 14:00:00,73534.36,150,62211.15,85928.9
2025-09-24 15:00:00,73548.69,146,62220.64,85809.91
2025-09-24 16:00:00,73619.59,145,62228.92,85447.83
2025-09-24 17:00:00,73658.5,144,62239.13,85521.91
2025-09-24 18:00:00,73245.48,135,62307.05,85694.77
2025-09-24 19:00:00,73333.4,129,62348.26,85575.8
2025-09-24 20:00:00,73381.35,129,62346.0,85614.35
2025-09-24 21:00:00,73332.27,108,62330.08,85694.86
2025-09-24 22:00:00,73129.11,109,62347.74,85800.93
2025-09-24 23:00:00,73244.13,115,62326.44,85814.39
2025-09-25 00:00:00,73038.21,111,62365.49,85975.64
2025-09-25 01:00:00,72974.4,110,62345.08,85886.01
2025-09-25 02:00:00,73145.71,109,62336.15,86109.29
2025-09-25 03:00:00,72838.28,100,62326.97,86117.45
2025-09-25 04:00:00,72580.99,110,62340.25,85968.55
2025-09-25 05:00:00,72439.72,118,62376.97,85960.51
2025-09-25 06:00:00,72396.34,119,62414.7,86094.02
2025-09-25 07:00:00,72679.94,135,62385.21,86051.48
2025-09-25 08:00:00,72638.67,135,62373.27,86068.18
2025-09-25 09:00:00,72400.83,147,62378.41,85949.24
2025-09-25 10:00:00,72292.74,149,62399.28,85776.16
2025-09-25 11:00:00,72209.82,153,62392.75,85771.83
2025-09-25 12:00:00,72242.31,138,62392.51,85751.44
2025-09-25 13:00:00,72340.41,144,62388.53,85677.7
2025-09-25 14:00:00,72596.58,155,62361.3,85665.92
2025-09-25 15:00:00,72546.84,154,62395.84,85689.37
2025-09-25 16:00:00,72506.26,139,62380.39,85581.84
2025-09-25 17:00:00,72695.45,136,62364.36,85512.32
2025-09-25 18:00:00,72926.95,131,62390.73,85574.09
2025-09-25 19:00:00,72690.36,122,62434.41,85589.28
2025-09-25 20:00:00,72744.69,130,62433.72,85761.16
2025-09-25 21:00:00,72807.44,111,62430.41,85883.97
2025-09-25 22:00:00,72574.52,101,62409.21,86018.63
2025-09-25 23:00:00,72626.83,102,62420.79,85922.41
2025-09-26 00:00:00,72727.04,87,62428.87,85812.99
2025-09-26 01:00:00,72743.14,83,62425.45,85673.91
2025-09-26 02:00:00,72953.9,97,62435.58,85661.49
2025-09-26 03:00:00,72748.34,107,62382.22,85795.65
2025-09-26 04:00:00,72624.81,116,62384.02,85961.97
2025-09-26 05:00:00,72684.99,122,62371.75,86162.21
2025-09-26 06:00:00,72823.63,119,62323.53,86268.02
2025-09-26 07:00:00,73013.99,123,62312.65,86317.26
2025-09-26 08:00:00,73045.3,124,62352.08,86397.92
2025-09-26 09:00:00,73193.66,128,62361.95,86245.48
2025-09-26 10:00:00,73191.5,130,62357.26,86558.75
2025-09-26 11:00:00,73279.95,138,62358.99,86651.79
2025-09-26 12:00:00,73501.97,133,62294.98,86418.96
2025-09-26 13:00:00,73626.41,119,62314.59,86242.39
2025-09-26 14:00:00,73329.16,116,62309.77,86138.16
2025-09-26 15:00:00,73205.27,116,62322.55,86295.81
2025-09-26 16:00:00,73240.57,120,62308.91,86033.68
2025-09-26 17:00:00,73331.43,118,62302.22,86151.99
2025-09-26 18:00:00,73423.83,113,62368.89,86055.93
2025-09-26 19:00:00,73514.26,102,62366.55,86231.95
2025-09-26 20:00:00,72853.6,114,62374.05,86473.51
2025-09-26 21:00:00,72494.66,110,62402.61,86481.94
2025-09-26 22:00:00,72178.71,91,62382.07,86527.88
2025-09-26 23:00:00,72398.57,86,62440.97,86480.99
2025-09-27 00:00:00,72411.79,94,62477.03,86259.12
2025-09-27 01:00:00,72343.75,100,62478.52,86116.68
2025-09-27 02:00:00,72558.67,97,62444.81,86241.52
2025-09-27 03:00:00,72393.59,103,62440.5,86050.17
2025-09-27 04:00:00,72499.14,95,62476.93,86327.17
2025-09-27 05:00:00,72333.88,103,62511.2,86280.69
2025-09-27 06:00:00,72154.01,115,62536.16,86304.58
2025-09-27 07:00:00,72179.17,117,62511.34,86366.79
2025-09-27 08:00:00,72466.18,118,62514.8,86592.36
2025-09-27 09:00:00,72381.89,116,62519.22,86689.21
2025-09-27 10:00:00,72171.49,132,62503.0,86722.88
2025-09-27 11:00:00,72027.15,136,62495.18,86518.37
2025-09-27 12:00:00,72135.09,135,62508.58,86445.08
2025-09-27 13:00:00,71896.57,124,62484.25,86183.04
2025-09-27 14:00:00,71928.0,121,62522.82,86179.79
2025-09-27 15:00:00,71786.77,129,62499.95,86212.98
2025-09-27 16:00:00,72071.11,116,62520.87,86393.74
2025-09-27 17:00:00,72298.68,112,62527.09,86393.35
2025-09-27 18:00:00,72376.56,100,62556.94,86477.83
2025-09-27 19:00:00,72478.15,93,62552.55,86295.13
2025-09-27 20:00:00,72376.55,93,62547.63,86258.86
2025-09-27 21:00:00,72669.99,99,62549.53,86478.28
2025-09-27 22:00:00,72313.25,102,62542.77,86254.98
2025-09-27 23:00:00,72375.07,99,62521.46,86256.97
2025-09-28 00:00:00,72252.93,79,62545.04,86079.17
2025-09-28 01:00:00,72457.19,69,62522.57,86111.77
2025-09-28 02:00:00,72470.41,83,62527.19,86258.45
2025-09-28 03:00:00,72115.97,97,62514.89,86098.05
2025-09-28 04:00:00,72219.92,101,62568.66,86048.33
2025-09-28 05:00:00,72385.94,105,62528.03,85829.23
2025-09-28 06:00:00,72133.29,125,62527.56,85943.43
2025-09-28 07:00:00,72338.08,122,62495.0,85961.67
2025-09-28 08:00:00,72260.18,133,62509.24,86019.97
2025-09-28 09:00:00,72047.9,145,62509.32,86164.34
2025-09-28 10:00:00,72293.38,156,62480.79,86273.58
2025-09-28 11:00:00,72509.07,145,62446.69,86469.09
2025-09-28 12:00:00,72518.6,131,62455.6,86424.03
2025-09-28 13:00:00,72540.45,117,62486.54,86158.43
2025-09-28 14:00:00,72619.31,107,62479.53,86458.37
2025-09-28 15:00:00,72511.42,98,62440.45,86373.6
2025-09-28 16:00:00,72728.15,100,62432.07,86175.51
2025-09-28 17:00:00,72579.74,84,62449.37,86207.37
2025-09-28 18:00:00,72589.62,95,62458.42,86198.89
2025-09-28 19:00:00,72820.43,93,62473.59,86317.8
2025-09-28 20:00:00,73183.71,88,62512.29,86117.67
2025-09-28 21:00:00,73189.92,86,62489.8,86135.28
2025-09-28 22:00:00,73321.12,91,62514.69,85993.32
2025-09-28 23:00:00,72972.45,87,62475.1,85989.78
2025-09-29 00:00:00,72895.0,85,62448.72,86105.28
2025-09-29 01:00:00,72625.77,101,62431.93,85948.67
2025-09-29 02:00:00,72720.58,97,62401.03,86228.97
2025-09-29 03:00:00,72179.94,103,62386.69,86220.99
2025-09-29 04:00:00,72449.44,102,62420.83,86483.04
2025-09-29 05:00:00,72466.74,107,62422.53,86692.51
2025-09-29 06:00:00,72715.29,112,62428.46,86918.33
2025-09-29 07:00:00,72513.48,132,62408.55,86765.73
2025-09-29 08:00:00,72484.75,124,62447.36,86444.87
2025-09-29 09:00:00,72604.79,128,62452.14,86245.3
2025-09-29 10:00:00,72556.7,130,62483.44,86286.07
2025-09-29 11:00:00,72570.63,116,62459.29,86278.95
2025-09-29 12:00:00,72818.17,131,62475.48,86367.5
2025-09-29 13:00:00,73002.85,135,62529.29,86358.68
2025-09-29 14:00:00,72931.33,137,62565.65,86436.81
2025-09-29 15:00:00,73205.96,127,62594.0,86584.19
2025-09-29 16:00:00,73182.65,123,62577.05,86656.72
2025-09-29 17:00:00,73640.11,133,62577.98,86736.79
2025-09-29 18:00:00,73782.39,111,62607.62,86436.67
2025-09-29 19:00:00,73547.19,111,62603.32,86388.04
2025-09-29 20:00:00,73259.39,102,62619.85,86461.86
2025-09-29 21:00:00,73357.41,92,62609.09,86162.04
2025-09-29 22:00:00,73184.62,86,62558.29,86238.25
2025-09-29 23:00:00,72896.05,84,62605.21,86303.43
2025-09-30 00:00:00,73048.63,86,62580.24,86305.06
2025-09-30 01:00:00,73024.7,92,62558.52,86203.5
2025-09-30 02:00:00,73110.17,93,62519.59,86206.63
2025-09-30 03:00:00,72848.0,94,62513.42,85991.56
2025-09-30 04:00:00,72902.34,113,62507.93,85971.78
2025-09-30 05:00:00,72692.46,119,62521.04,85619.24
2025-09-30 06:00:00,72562.91,126,62482.79,85757.93
2025-09-30 07:00:00,72506.64,123,62505.04,86008.81
2025-09-30 08:00:00,72644.33,130,62502.99,86135.02
2025-09-30 09:00:00,72451.49,134,62499.94,86316.99
2025-09-30 10:00:00,72358.25,136,62499.87,86020.35
2025-09-30 11:00:00,72365.87,134,62489.72,85798.85
2025-09-30 12:00:00,72362.16,138,62502.31,85889.34
2025-09-30 13:00:00,72885.26,133,62522.19,85833.09
2025-09-30 14:00:00,73011.09,135,62570.25,85721.37
2025-09-30 15:00:00,73181.99,127,62580.04,85840.87
2025-09-30 16:00:00,73302.84,118,62604.67,86036.91
2025-09-30 17:00:00,73503.54,121,62563.73,86123.94
2025-09-30 18:00:00,73232.92,109,62535.83,86373.17
2025-09-30 19:00:00,73212.59,112,62560.29,86303.98
2025-09-30 20:00:00,72773.44,102,62533.98,86332.14
2025-09-30 21:00:00,72636.46,102,62477.44,86380.96
2025-09-30 22:00:00,72627.56,101,62426.74,86193.86
2025-09-30 23:00:00,72287.81,98,62443.23,86271.64
2025-10-01 00:00:00,72674.42,94,62439.22,86196.17
2025-10-01 01:00:00,72770.69,101,62483.21,86146.07
2025-10-01 02:00:00,72539.52,108,62494.42,86297.8
2025-10-01 03:00:00,72689.61,108,62448.37,86106.35
2025-10-01 04:00:00,72896.2,124,62463.48,86176.1
2025-10-01 05:00:00,72694.05,131,62447.55,86250.33
2025-10-01 06:00:00,72664.93,138,62490.82,86284.58
2025-10-01 07:00:00,72850.17,142,62508.53,86392.03
2025-10-01 08:00:00,72702.36,152,62517.48,86425.81
2025-10-01 09:00:00,72812.39,163,62537.4,86649.57
2025-10-01 10:00:00,72781.65,152,62564.78,86681.32
2025-10-01 11:00:00,72942.27,153,62555.11,86539.25
2025-10-01 12:00:00,72932.69,148,62614.3,86490.04
2025-10-01 13:00:00,73011.5,133,62576.25,86472.26
2025-10-01 14:00:00,72864.18,138,62591.43,86483.53
2025-10-01 15:00:00,72727.73,131,62691.4,86556.09
2025-10-01 16:00:00,72918.22,137,62669.28,86727.05
2025-10-01 17:00:00,72694.22,117,62660.38,86732.32
2025-10-01 18:00:00,72709.64,109,62671.16,86496.01
2025-10-01 19:00:00,72398.52,120,62707.85,86627.13
2025-10-01 20:00:00,72496.83,114,62703.37,86607.36
2025-10-01 21:00:00,72310.14,124,62626.6,86837.03
2025-10-01 22:00:00,72477.25,115,62602.07,86743.32
2025-10-01 23:00:00,72169.09,110,62580.4,86811.09
2025-10-02 00:00:00,72100.99,114,62586.31,86896.56
2025-10-02 01:00:00,72300.21,112,62606.61,86817.61
2025-10-02 02:00:00,72169.82,126,62657.3,86716.71
2025-10-02 03:00:00,72071.48,121,62662.18,86874.11
2025-10-02 04:00:00,72129.14,132,62696.16,86752.85
2025-10-02 05:00:00,72041.57,135,62649.4,86961.11
2025-10-02 06:00:00,71912.19,141,62592.25,86945.69
2025-10-02 07:00:00,71984.7,145,62605.86,86624.42
2025-10-02 08:00:00,72162.95,145,62601.8,86768.56
2025-10-02 09:00:00,72402.13,145,62535.32,86963.64
2025-10-02 10:00:00,72440.35,140,62491.69,86916.76
2025-10-02 11:00:00,72489.06,138,62536.9,86708.69
2025-10-02 12:00:00,72299.38,143,62534.18,86398.87
2025-10-02 13:00:00,72103.24,152,62527.23,86449.33
2025-10-02 14:00:00,72209.64,162,62513.45,86465.47
2025-10-02 15:00:00,71994.14,154,62485.83,86563.26
2025-10-02 16:00:00,71926.2,140,62464.41,86597.21
2025-10-02 17:00:00,71779.46,124,62462.24,86550.81
2025-10-02 18:00:00,71549.29,129,62479.52,86855.48
2025-10-02 19:00:00,71527.14,117,62479.68,86860.71
2025-10-02 20:00:00,71573.06,113,62464.37,87008.68
2025-10-02 21:00:00,71763.9,108,62445.32,86822.53
2025-10-02 22:00:00,71747.81,106,62477.56,86937.28
2025-10-02 23:00:00,71573.02,101,62445.6,86942.53
2025-10-03 00:00:00,71964.23,112,62450.7,86622.06
2025-10-03 01:00:00,71826.36,105,62486.63,86843.91
2025-10-03 02:00:00,72259.67,110,62492.23,86987.69
2025-10-03 03:00:00,72132.4,104,62511.15,86923.81
2025-10-03 04:00:00,72229.98,106,62546.08,86830.93
2025-10-03 05:00:00,72041.64,117,62579.51,86721.64
2025-10-03 06:00:00,71737.02,122,62587.8,86529.62
2025-10-03 07:00:00,71770.5,123,62557.44,86535.94
2025-10-03 08:00:00,71850.16,124,62560.06,86932.2
2025-10-03 09:00:00,72017.29,136,62545.67,86794.32
2025-10-03 10:00:00,72179.65,141,62525.19,86641.81
2025-10-03 11:00:00,71927.93,130,62508.2,86519.96
2025-10-03 12:00:00,71861.88,130,62484.94,86253.04
2025-10-03 13:00:00,72060.03,128,62463.78,86128.35
2025-10-03 14:00:00,72142.43,126,62446.03,86027.37
2025-10-03 15:00:00,72066.43,122,62465.67,85895.08
2025-10-03 16:00:00,72253.49,128,62449.26,85494.41
2025-10-03 17:00:00,72380.68,126,62503.7,85524.32
2025-10-03 18:00:00,72679.85,117,62496.81,85305.55
2025-10-03 19:00:00,72710.3,95,62460.63,85402.28
2025-10-03 20:00:00,72827.55,93,62528.81,85372.07
2025-10-03 21:00:00,72712.58,81,62543.24,85664.94
2025-10-03 22:00:00,72881.1,84,62562.26,85721.65
2025-10-03 23:00:00,73265.05,99,62570.74,85525.75
2025-10-04 00:00:00,73306.02,98,62574.83,85532.06
2025-10-04 01:00:00,73310.33,96,62579.92,85607.94
2025-10-04 02:00:00,73305.38,90,62616.05,85461.61
2025-10-04 03:00:00,73041.75,92,62599.59,85403.5
2025-10-04 04:00:00,72728.63,110,62600.66,85452.44
2025-10-04 05:00:00,72921.42,110,62612.67,85402.14
2025-10-04 06:00:00,72852.2,126,62607.22,85270.84
2025-10-04 07:00:00,72886.11,124,62564.24,85158.86
2025-10-04 08:00:00,72702.98,133,62535.81,85030.84
2025-10-04 09:00:00,72823.99,138,62476.82,84926.59
2025-10-04 10:00:00,72644.29,140,62468.73,84954.27
2025-10-04 11:00:00,72856.72,136,62485.58,84874.89
2025-10-04 12:00:00,72875.23,130,62483.15,84703.17
2025-10-04 13:00:00,72844.24,135,62483.43,84556.24
2025-10-04 14:00:00,72726.49,126,62503.89,84648.51
2025-10-04 15:00:00,72681.12,116,62519.46,84659.21
2025-10-04 16:00:00,73037.35,99,62555.22,84667.24
2025-10-04 17:00:00,72956.6,105,62548.87,84696.9
2025-10-04 18:00:00,72945.35,98,62555.14,84921.3
2025-10-04 19:00:00,72555.55,98,62599.86,84857.06
2025-10-04 20:00:00,72642.71,94,62592.93,84925.35
2025-10-04 21:00:00,72821.35,90,62569.09,84930.67
2025-10-04 22:00:00,72905.05,83,62571.38,84918.75
2025-10-04 23:00:00,73106.69,83,62602.6,84806.56
2025-10-05 00:00:00,73221.02,77,62536.49,85091.78
2025-10-05 01:00:00,73184.19,71,62516.58,85187.74
2025-10-05 02:00:00,73349.36,73,62442.13,85141.79
2025-10-05 03:00:00,73278.92,86,62434.16,85119.01
2025-10-05 04:00:00,72869.05,96,62437.95,84979.76
2025-10-05 05:00:00,73106.45,95,62519.97,85123.37
2025-10-05 06:00:00,73169.57,112,62513.24,85045.36
2025-10-05 07:00:00,73044.85,133,62508.14,85218.61
2025-10-05 08:00:00,73407.76,121,62512.9,85291.66
2025-10-05 09:00:00,73422.54,128,62530.12,85329.24
2025-10-05 10:00:00,73488.79,127,62596.98,85360.86
2025-10-05 11:00:00,73550.28,130,62601.84,85334.97
2025-10-05 12:00:00,73334.39,128,62577.4,85300.18
2025-10-05 13:00:00,73331.28,125,62535.05,85172.48
2025-10-05 14:00:00,73196.99,135,62573.33,85107.7
2025-10-05 15:00:00,73154.11,120,62567.49,85163.92
2025-10-05 16:00:00,72879.15,120,62524.66,85287.57
2025-10-05 17:00:00,73022.58,104,62519.05,85317.14
2025-10-05 18:00:00,73079.45,109,62485.56,85292.01
2025-10-05 19:00:00,73295.08,99,62493.16,85633.09
2025-10-05 20:00:00,73380.79,102,62484.75,85594.31
2025-10-05 21:00:00,73518.02,89,62468.62,85489.12
2025-10-05 22:00:00,73427.41,94,62475.36,85148.88
2025-10-05 23:00:00,73563.76,80,62509.32,85000.74
2025-10-06 00:00:00,73756.32,83,62542.31,84990.59
2025-10-06 01:00:00,73667.31,80,62563.97,85231.42
2025-10-06 02:00:00,73388.54,86,62585.32,85233.02
2025-10-06 03:00:00,73605.51,83,62577.39,85233.99
2025-10-06 04:00:00,73470.15,101,62591.81,85133.87
2025-10-06 05:00:00,73240.2,103,62598.74,85194.58
2025-10-06 06:00:00,73073.93,108,62610.64,85344.66
2025-10-06 07:00:00,73063.97,112,62623.68,85376.3
2025-10-06 08:00:00,73105.35,127,62638.02,85533.36
2025-10-06 09:00:00,73329.89,131,62615.74,85615.45
2025-10-06 10:00:00,73083.78,150,62588.03,85754.67
2025-10-06 11:00:00,72991.81,128,62635.36,85780.41
2025-10-06 12:00:00,72772.03,137,62622.09,85899.01
2025-10-06 13:00:00,72963.23,142,62595.35,85969.47
2025-10-06 14:00:00,73005.3,128,62624.42,85951.94
2025-10-06 15:00:00,72658.46,134,62634.45,86129.12
2025-10-06 16:00:00,72847.65,118,62636.71,86107.8
2025-10-06 17:00:00,72862.9,116,62620.27,86085.15
2025-10-06 18:00:00,73091.55,101,62626.72,86087.73
2025-10-06 19:00:00,73232.49,99,62604.5,85997.86
2025-10-06 20:00:00,73806.1,87,62604.17,85820.97
2025-10-06 21:00:00,73806.03,84,62591.03,85997.05
2025-10-06 22:00:00,73440.26,73,62612.07,85909.38
2025-10-06 23:00:00,73609.1,74,62637.13,85996.53
2025-10-07 00:00:00,73304.53,71,62598.22,86052.28
2025-10-07 01:00:00,73658.96,79,62639.69,86141.97
2025-10-07 02:00:00,73889.53,95,62625.72,86048.19
2025-10-07 03:00:00,73913.1,101,62677.59,86089.33
2025-10-07 04:00:00,73960.6,115,62751.52,86276.76
2025-10-07 05:00:00,74025.38,120,62804.84,86150.89
2025-10-07 06:00:00,74060.48,122,62764.81,86266.77
2025-10-07 07:00:00,73967.66,127,62802.31,86293.0
2025-10-07 08:00:00,73730.78,127,62837.08,86261.65
2025-10-07 09:00:00,73849.71,119,62870.56,86172.66
2025-10-07 10:00:00,73705.31,146,62855.17,86401.86
2025-10-07 11:00:00,73509.1,144,62851.0,86447.66
2025-10-07 12:00:00,73571.87,150,62880.86,86207.08
2025-10-07 13:00:00,73231.39,151,62909.53,86200.0
2025-10-07 14:00:00,73107.29,140,62934.61,86151.79
2025-10-07 15:00:00,72986.97,146,62920.72,86303.22
2025-10-07 16:00:00,73226.94,141,62923.56,86239.18
2025-10-07 17:00:00,73077.85,128,62937.44,86573.54
2025-10-07 18:00:00,73353.15,117,62931.01,86650.06
2025-10-07 19:00:00,73132.09,113,62916.62,86820.71
2025-10-07 20:00:00,73286.22,98,62891.07,87018.62
2025-10-07 21:00:00,73425.33,87,62859.42,86895.44
2025-10-07 22:00:00,73629.35,101,62825.83,86937.04
2025-10-07 23:00:00,73624.08,109,62851.22,87110.43
2025-10-08 00:00:00,73400.23,106,62819.72,87052.02
2025-10-08 01:00:00,73197.52,99,62857.18,87046.35
2025-10-08 02:00:00,73391.98,109,62878.15,87040.71
2025-10-08 03:00:00,73282.86,108,62859.91,87136.74
2025-10-08 04:00:00,73212.82,118,62898.58,87168.24
2025-10-08 05:00:00,73397.56,112,62887.89,87156.61
2025-10-08 06:00:00,73113.04,117,62890.99,87382.43
2025-10-08 07:00:00,73104.16,125,62878.45,87151.61
2025-10-08 08:00:00,73014.49,133,62875.91,87041.68
2025-10-08 09:00:00,72796.65,143,62879.51,87163.09
2025-10-08 10:00:00,72844.12,142,62871.51,87140.72
2025-10-08 11:00:00,72531.36,137,62869.54,87187.33
2025-10-08 12:00:00,72385.05,152,62861.69,87304.51
2025-10-08 13:00:00,72342.84,160,62835.95,87433.54
2025-10-08 14:00:00,72307.94,159,62838.11,87216.26
2025-10-08 15:00:00,72446.14,139,62833.63,87187.62
2025-10-08 16:00:00,72481.15,143,62852.51,87211.91
2025-10-08 17:00:00,72556.33,139,62838.11,87075.67
2025-10-08 18:00:00,72333.01,119,62813.49,87028.25
2025-10-08 19:00:00,72646.41,112,62844.29,87128.15
2025-10-08 20:00:00,72935.77,118,62857.15,87175.03
2025-10-08 21:00:00,72828.08,115,62854.96,87158.41
2025-10-08 22:00:00,72987.18,124,62875.86,87309.93
2025-10-08 23:00:00,72891.36,128,62851.64,87302.28
2025-10-09 00:00:00,72668.92,133,62818.97,87394.67
2025-10-09 01:00:00,72649.49,119,62763.13,87090.19
2025-10-09 02:00:00,72467.68,116,62782.47,86874.9
2025-10-09 03:00:00,72374.34,124,62762.06,86999.88
2025-10-09 04:00:00,72596.12,124,62820.87,86933.53
2025-10-09 05:00:00,72579.16,118,62840.86,87040.21
2025-10-09 06:00:00,72462.79,120,62836.34,87072.17
2025-10-09 07:00:00,72417.33,129,62812.67,87395.76
2025-10-09 08:00:00,72596.45,138,62875.17,87256.45
2025-10-09 09:00:00,72499.45,152,62864.94,87267.01
2025-10-09 10:00:00,72785.63,163,62838.51,87367.52
2025-10-09 11:00:00,72746.66,144,62828.67,87505.55
2025-10-09 12:00:00,72507.5,142,62853.36,87640.6
2025-10-09 13:00:00,72622.17,151,62830.47,87371.08
2025-10-09 14:00:00,72615.46,143,62807.57,87353.95
2025-10-09 15:00:00,73117.97,134,62821.76,87366.72
2025-10-09 16:00:00,73124.34,132,62834.39,87256.15
2025-10-09 17:00:00,73249.05,129,62891.69,87373.03
2025-10-09 18:00:00,73541.86,124,62891.22,87196.48
2025-10-09 19:00:00,73595.83,113,62886.99,87230.54
2025-10-09 20:00:00,73622.25,102,62943.15,87436.37
2025-10-09 21:00:00,73583.44,102,62945.78,87394.27
2025-10-09 22:00:00,73831.99,107,62964.01,87471.38
2025-10-09 23:00:00,73612.04,121,62977.44,87525.28
2025-10-10 00:00:00,73571.99,134,63005.48,87523.84
2025-10-10 01:00:00,73355.75,123,62945.35,87557.95
2025-10-10 02:00:00,73578.98,105,62967.51,87526.55
2025-10-10 03:00:00,73600.47,110,63010.77,87469.57
2025-10-10 04:00:00,73635.04,118,62986.58,87741.94
2025-10-10 05:00:00,73750.55,117,62968.87,87504.31
2025-10-10 06:00:00,73908.69,131,62968.32,87347.55
2025-10-10 07:00:00,73794.66,129,62922.49,87309.02
2025-10-10 08:00:00,74224.27,137,62896.26,87167.19
2025-10-10 09:00:00,74141.51,123,62976.47,87135.49
2025-10-10 10:00:00,74051.43,129,62973.85,87160.48
2025-10-10 11:00:00,74178.82,147,62985.48,87354.82
2025-10-10 12:00:00,73872.59,141,63004.2,87350.6
2025-10-10 13:00:00,74068.31,135,63021.95,87303.27
2025-10-10 14:00:00,74089.71,130,63051.48,87278.56
2025-10-10 15:00:00,73982.33,127,63055.53,87180.25
2025-10-10 16:00:00,73915.05,125,63071.61,87032.89
2025-10-10 17:00:00,74198.01,113,63079.56,86950.59
2025-10-10 18:00:00,74315.2,100,63039.22,87106.85
2025-10-10 19:00:00,74200.71,101,63024.15,86806.5
2025-10-10 20:00:00,74078.77,107,63033.28,86956.35
2025-10-10 21:00:00,74276.53,101,63070.43,86845.96
2025-10-10 22:00:00,74534.23,90,63015.2,86890.72
2025-10-10 23:00:00,74321.06,92,62998.18,86967.05
2025-10-11 00:00:00,74175.73,80,63016.43,86686.94
2025-10-11 01:00:00,73983.35,92,63019.13,86828.34
2025-10-11 02:00:00,73756.6,98,63040.12,86850.57
2025-10-11 03:00:00,73469.07,110,63075.44,86774.8
2025-10-11 04:00:00,73581.19,100,63094.09,86509.53
2025-10-11 05:00:00,73672.27,95,63066.49,86697.91
2025-10-11 06:00:00,73545.42,118,63090.84,86909.6
2025-10-11 07:00:00,73618.91,132,63103.35,87016.35
2025-10-11 08:00:00,73752.14,131,63088.76,86937.2
2025-10-11 09:00:00,73639.57,135,63094.79,87063.95
2025-10-11 10:00:00,73269.96,132,63104.13,87120.73
2025-10-11 11:00:00,73505.45,128,63144.7,87142.96
2025-10-11 12:00:00,73450.71,136,63142.99,86947.63
2025-10-11 13:00:00,73356.57,136,63192.21,87127.79
2025-10-11 14:00:00,73466.74,139,63209.67,87084.52
2025-10-11 15:00:00,73366.91,134,63223.37,87245.13
2025-10-11 16:00:00,73504.14,120,63213.54,87249.47
2025-10-11 17:00:00,73007.4,116,63280.64,87106.45
2025-10-11 18:00:00,73220.23,101,63238.21,87122.9
2025-10-11 19:00:00,73149.31,94,63297.39,87075.5
2025-10-11 20:00:00,73364.44,91,63284.92,86992.13
2025-10-11 21:00:00,73298.45,81,63299.75,86859.44
2025-10-11 22:00:00,73557.83,68,63305.08,87053.09
2025-10-11 23:00:00,73531.36,68,63334.81,87073.89
2025-10-12 00:00:00,73509.85,75,63303.18,87094.97
2025-10-12 01:00:00,73743.63,78,63330.11,87216.17
2025-10-12 02:00:00,73637.47,76,63326.92,87322.51
2025-10-12 03:00:00,73705.39,82,63338.69,87462.06
2025-10-12 04:00:00,73720.46,98,63305.38,87392.9
2025-10-12 05:00:00,73580.35,101,63255.7,87392.59
2025-10-12 06:00:00,73719.43,117,63297.76,87415.68
2025-10-12 07:00:00,73486.58,115,63290.57,87422.61
2025-10-12 08:00:00,73278.25,125,63277.68,87370.6
2025-10-12 09:00:00,73009.24,127,63245.01,87334.1
2025-10-12 10:00:00,72789.43,129,63284.0,87720.01
2025-10-12 11:00:00,72819.15,130,63257.47,87641.81
2025-10-12 12:00:00,72727.64,129,63248.29,87617.69
2025-10-12 13:00:00,72451.3,126,63234.36,87429.62
2025-10-12 14:00:00,72501.55,105,63275.76,87209.08
2025-10-12 15:00:00,72556.29,112,63326.61,87091.7
2025-10-12 16:00:00,72839.64,116,63308.73,87108.72
2025-10-12 17:00:00,72667.37,107,63327.61,87090.8
2025-10-12 18:00:00,72712.25,102,63289.04,87272.05
2025-10-12 19:00:00,72663.39,94,63280.78,87236.99
2025-10-12 20:00:00,72426.15,95,63248.17,87080.57
2025-10-12 21:00:00,72317.79,83,63292.0,86637.9
2025-10-12 22:00:00,72388.83,82,63255.5,86557.59
2025-10-12 23:00:00,72299.67,87,63243.95,86378.35
2025-10-13 00:00:00,72149.71,89,63261.67,86498.3
2025-10-13 01:00:00,71955.35,83,63273.79,86619.33
2025-10-13 02:00:00,71721.55,98,63268.07,86764.53
2025-10-13 03:00:00,71829.44,88,63261.74,86538.74
2025-10-13 04:00:00,72134.31,90,63273.17,86461.4
2025-10-13 05:00:00,72180.38,110,63275.71,86150.53
2025-10-13 06:00:00,72254.72,121,63285.76,86342.69
2025-10-13 07:00:00,72364.88,127,63325.83,86207.82
2025-10-13 08:00:00,72476.51,138,63379.17,86229.12
2025-10-13 09:00:00,72758.97,136,63412.52,86142.2
2025-10-13 10:00:00,72804.39,142,63408.82,86011.14
2025-10-13 11:00:00,72829.38,138,63412.81,86104.96
2025-10-13 12:00:00,73021.47,132,63392.62,86028.22
2025-10-13 13:00:00,73304.61,130,63428.26,86051.47
2025-10-13 14:00:00,73382.65,133,63468.11,85974.15
2025-10-13 15:00:00,73385.83,129,63462.57,85883.63
2025-10-13 16:00:00,73063.08,120,63431.31,85979.37
2025-10-13 17:00:00,73134.5,113,63447.7,85928.43
2025-10-13 18:00:00,73101.91,106,63461.51,85844.81
2025-10-13 19:00:00,73030.92,99,63475.28,85915.63
2025-10-13 20:00:00,72800.17,99,63465.73,86024.4
2025-10-13 21:00:00,72140.49,98,63456.93,86131.06
2025-10-13 22:00:00,72340.01,98,63494.09,86131.74
2025-10-13 23:00:00,72718.75,94,63482.19,86188.82
2025-10-14 00:00:00,72674.9,91,63484.19,86167.32
2025-10-14 01:00:00,72793.37,101,63445.58,86239.43
2025-10-14 02:00:00,73031.15,111,63460.25,86119.59
2025-10-14 03:00:00,73214.98,120,63423.86,86023.14
2025-10-14 04:00:00,73206.32,132,63432.54,86176.21
2025-10-14 05:00:00,72976.48,128,63448.09,86080.39
2025-10-14 06:00:00,73096.85,130,63443.06,86074.93
2025-10-14 07:00:00,73273.74,129,63499.76,86206.7
2025-10-14 08:00:00,73343.14,123,63501.23,86233.68
2025-10-14 09:00:00,73103.81,134,63485.03,86264.84
2025-10-14 10:00:00,73296.64,127,63521.75,86178.8
2025-10-14 11:00:00,73385.63,126,63577.73,86201.95
2025-10-14 12:00:00,73377.66,132,63540.78,86273.77
2025-10-14 13:00:00,73102.71,142,63557.02,86356.65
2025-10-14 14:00:00,73091.75,139,63534.24,86257.37
2025-10-14 15:00:00,73134.07,129,63583.51,86067.35
2025-10-14 16:00:00,73003.89,119,63600.79,86089.75
2025-10-14 17:00:00,73008.19,123,63629.82,86064.3
2025-10-14 18:00:00,72875.62,119,63621.14,86125.33
2025-10-14 19:00:00,72774.57,121,63661.98,86085.91
2025-10-14 20:00:00,72825.18,104,63716.19,85956.4
2025-10-14 21:00:00,72826.59,103,63700.96,85863.08
2025-10-14 22:00:00,72650.38,105,63682.96,86089.88
2025-10-14 23:00:00,72690.63,101,63715.76,86325.65
2025-10-15 00:00:00,72752.99,99,63700.59,86375.21
2025-10-15 01:00:00,72948.74,95,63719.13,86319.77
2025-10-15 02:00:00,73034.03,114,63745.42,86314.04
2025-10-15 03:00:00,73152.28,125,63731.12,86008.65
2025-10-15 04:00:00,73147.79,120,63744.7,86049.75
2025-10-15 05:00:00,73121.12,114,63737.91,86194.09
2025-10-15 06:00:00,73406.67,125,63714.78,86439.69
2025-10-15 07:00:00,73138.16,130,63687.57,86375.03
2025-10-15 08:00:00,72902.61,133,63660.53,86500.52
2025-10-15 09:00:00,72924.31,136,63642.29,86586.72
2025-10-15 10:00:00,72616.7,146,63671.88,86793.75
2025-10-15 11:00:00,72796.66,133,63711.23,86643.17
2025-10-15 12:00:00,72894.71,151,63723.6,86817.03
2025-10-15 13:00:00,73077.15,159,63739.47,86804.64
2025-10-15 14:00:00,72889.25,155,63719.09,86776.43
2025-10-15 15:00:00,72981.32,146,63703.19,86641.73
2025-10-15 16:00:00,73011.78,127,63702.17,86659.17
2025-10-15 17:00:00,73086.54,120,63678.44,86894.88
2025-10-15 18:00:00,73137.02,134,63704.59,86806.42
2025-10-15 19:00:00,72942.78,122,63763.63,86891.74
2025-10-15 20:00:00,72769.72,116,63751.55,86733.77
2025-10-15 21:00:00,72898.79,112,63741.82,86937.4
2025-10-15 22:00:00,72671.16,108,63681.56,86788.4
2025-10-15 23:00:00,72704.48,115,63680.3,86854.23
2025-10-16 00:00:00,72657.34,103,63694.0,86915.5
2025-10-16 01:00:00,72557.48,105,63681.22,87043.43
2025-10-16 02:00:00,72388.09,115,63637.07,87135.74
2025-10-16 03:00:00,72614.89,120,63656.75,87209.75
2025-10-16 04:00:00,72898.06,117,63617.51,87121.09
2025-10-16 05:00:00,72894.5,120,63642.87,87085.98
2025-10-16 06:00:00,72851.86,129,63620.19,87158.91
2025-10-16 07:00:00,72548.42,139,63632.35,87251.62
2025-10-16 08:00:00,72560.35,150,63602.63,87336.33
2025-10-16 09:00:00,72631.03,164,63615.88,87275.1
2025-10-16 10:00:00,72480.29,158,63589.06,87202.84
2025-10-16 11:00:00,72354.17,154,63575.55,87302.15
2025-10-16 12:00:00,72661.43,150,63552.63,87417.28
2025-10-16 13:00:00,72704.03,146,63499.26,87468.46
2025-10-16 14:00:00,72578.03,148,63538.85,87260.38
2025-10-16 15:00:00,72254.56,155,63555.83,87268.47
2025-10-16 16:00:00,72123.1,145,63537.86,87181.31
2025-10-16 17:00:00,71972.62,139,63578.71,87233.18
2025-10-16 18:00:00,71742.75,136,63622.14,87281.84
2025-10-16 19:00:00,71834.53,121,63596.13,87234.53
2025-10-16 20:00:00,71919.06,116,63567.15,87354.87
2025-10-16 21:00:00,71665.8,112,63563.95,87341.06
2025-10-16 22:00:00,71656.89,98,63567.32,87412.15
2025-10-16 23:00:00,72027.43,95,63578.17,87419.1
2025-10-17 00:00:00,71915.43,102,63620.33,87426.03
2025-10-17 01:00:00,72187.3,110,63621.66,87536.92
2025-10-17 02:00:00,72092.24,111,63682.11,87545.57
2025-10-17 03:00:00,72410.91,112,63689.67,87497.2
2025-10-17 04:00:00,72544.59,105,63712.39,87702.26
2025-10-17 05:00:00,72530.01,110,63705.68,87745.13
2025-10-17 06:00:00,72546.89,110,63688.62,87778.23
2025-10-17 07:00:00,72484.5,111,63644.92,87736.73
2025-10-17 08:00:00,72962.83,123,63620.31,87754.61
2025-10-17 09:00:00,73379.82,129,63614.24,87862.8
2025-10-17 10:00:00,73205.49,121,63626.98,87648.4
2025-10-17 11:00:00,73290.91,131,63647.04,87411.29
2025-10-17 12:00:00,73108.63,122,63619.54,87262.14
2025-10-17 13:00:00,72922.36,137,63588.29,87391.75
2025-10-17 14:00:00,72831.26,137,63592.78,87221.9
2025-10-17 15:00:00,73360.48,130,63573.18,87006.15
2025-10-17 16:00:00,73467.63,121,63545.69,86825.45
2025-10-17 17:00:00,73304.04,114,63571.2,87050.16
2025-10-17 18:00:00,73264.46,112,63572.32,86887.97
2025-10-17 19:00:00,73594.57,104,63597.94,86984.58
2025-10-17 20:00:00,73417.41,90,63585.55,86865.82
2025-10-17 21:00:00,73452.62,82,63574.61,86663.59
2025-10-17 22:00:00,73029.23,91,63598.66,86726.15
2025-10-17 23:00:00,72963.61,93,63614.24,86567.58
2025-10-18 00:00:00,72892.09,94,63659.23,86424.67
2025-10-18 01:00:00,73176.56,90,63693.19,86438.02
2025-10-18 02:00:00,73237.12,102,63684.19,86280.82
2025-10-18 03:00:00,72809.51,104,63694.01,86132.0
2025-10-18 04:00:00,72904.32,104,63725.55,85933.01
2025-10-18 05:00:00,73037.79,108,63704.1,86073.23
2025-10-18 06:00:00,72867.7,107,63711.67,85941.4
2025-10-18 07:00:00,72958.71,115,63689.38,85981.15
2025-10-18 08:00:00,72651.46,112,63665.25,86161.67
2025-10-18 09:00:00,72257.95,121,63662.42,86482.74
2025-10-18 10:00:00,72209.69,120,63677.76,86653.84
2025-10-18 11:00:00,72042.9,107,63658.01,86663.19
2025-10-18 12:00:00,71645.0,123,63630.72,86702.47
2025-10-18 13:00:00,71581.78,125,63658.63,86703.79
2025-10-18 14:00:00,71582.1,121,63688.01,86467.93
2025-10-18 15:00:00,71590.04,115,63664.08,86486.6
2025-10-18 16:00:00,71417.07,112,63642.51,86357.31
2025-10-18 17:00:00,71218.31,105,63580.36,86365.25
2025-10-18 18:00:00,71603.03,102,63533.27,86420.5
2025-10-18 19:00:00,72172.78,98,63522.0,86412.66
2025-10-18 20:00:00,72347.16,92,63553.26,86380.51
2025-10-18 21:00:00,72380.06,91,63569.46,86541.42
2025-10-18 22:00:00,72163.99,94,63513.9,86381.14
2025-10-18 23:00:00,72130.26,85,63516.44,86204.75
2025-10-19 00:00:00,72030.98,78,63537.79,86220.1
2025-10-19 01:00:00,71952.2,75,63487.05,86278.46
2025-10-19 02:00:00,71933.91,86,63542.73,86567.35
2025-10-19 03:00:00,72092.03,96,63578.9,86470.26
2025-10-19 04:00:00,72495.85,110,63545.06,86631.37
2025-10-19 05:00:00,72580.28,120,63518.1,86614.87
2025-10-19 06:00:00,72875.43,118,63502.62,86674.43
2025-10-19 07:00:00,73027.56,113,63513.62,86501.52
2025-10-19 08:00:00,72945.16,121,63534.98,86450.61
2025-10-19 09:00:00,72972.86,115,63550.88,86560.1
2025-10-19 10:00:00,73036.22,126,63510.93,86547.42
2025-10-19 11:00:00,73402.15,140,63563.23,86658.27
2025-10-19 12:00:00,73652.64,123,63586.16,86505.8
2025-10-19 13:00:00,73587.8,126,63551.1,86466.03
2025-10-19 14:00:00,73446.92,122,63528.24,86638.06
2025-10-19 15:00:00,73494.33,110,63512.87,86655.87
2025-10-19 16:00:00,73383.62,109,63515.92,86479.55
2025-10-19 17:00:00,73321.88,113,63569.43,86475.37
2025-10-19 18:00:00,73317.99,109,63567.72,86441.98
2025-10-19 19:00:00,73324.47,101,63602.52,86510.43
2025-10-19 20:00:00,73292.01,98,63645.41,86528.59
2025-10-19 21:00:00,73257.22,98,63657.29,86660.92
2025-10-19 22:00:00,73310.1,85,63660.52,86439.6
2025-10-19 23:00:00,73102.19,86,63600.79,86355.78
2025-10-20 00:00:00,73128.74,82,63635.28,86311.2
2025-10-20 01:00:00,73157.84,92,63637.67,86425.13
2025-10-20 02:00:00,73449.24,85,63596.44,86107.48
2025-10-20 03:00:00,73641.33,81,63575.97,86101.35
2025-10-20 04:00:00,73427.65,94,63561.78,86133.3
2025-10-20 05:00:00,73028.69,105,63547.65,86236.04
2025-10-20 06:00:00,73088.05,115,63516.28,86140.8
2025-10-20 07:00:00,72863.39,124,63526.53,86241.58
2025-10-20 08:00:00,72805.38,123,63513.38,86233.7
2025-10-20 09:00:00,72452.94,118,63457.03,86226.12
2025-10-20 10:00:00,72568.68,130,63445.15,86275.05
2025-10-20 11:00:00,72375.2,132,63485.28,86261.26
2025-10-20 12:00:00,72334.1,128,63459.26,86318.97
2025-10-20 13:00:00,72324.24,120,63434.74,86442.82
2025-10-20 14:00:00,72181.83,122,63467.21,86383.32
2025-10-20 15:00:00,72312.68,133,63519.56,86356.27
2025-10-20 16:00:00,71869.28,129,63553.49,86401.62
2025-10-20 17:00:00,72088.93,110,63551.7,86248.09
2025-10-20 18:00:00,71999.62,103,63541.99,86040.64
2025-10-20 19:00:00,72322.39,99,63523.78,86298.08
2025-10-20 20:00:00,72432.06,86,63507.21,86259.59
2025-10-20 21:00:00,72875.09,88,63531.74,86313.24
2025-10-20 22:00:00,73097.46,88,63487.73,86295.2
2025-10-20 23:00:00,73276.49,88,63447.48,86239.38
2025-10-21 00:00:00,73259.31,88,63434.03,86116.76
2025-10-21 01:00:00,72866.95,89,63450.58,86241.5
2025-10-21 02:00:00,72821.54,101,63475.05,86205.15
2025-10-21 03:00:00,72876.54,106,63456.51,86116.71
2025-10-21 04:00:00,72837.19,108,63482.9,86032.77
2025-10-21 05:00:00,72942.52,114,63503.58,86020.05
2025-10-21 06:00:00,72808.46,118,63507.5,85887.03
2025-10-21 07:00:00,73005.98,125,63505.58,85941.54
2025-10-21 08:00:00,73196.65,135,63469.17,86056.16
2025-10-21 09:00:00,73086.33,138,63477.03,86166.44
2025-10-21 10:00:00,73075.14,140,63447.16,86032.0
2025-10-21 11:00:00,73083.94,140,63445.67,86017.01
2025-10-21 12:00:00,73035.5,139,63480.91,86236.77
2025-10-21 13:00:00,73179.67,138,63524.49,86195.75
2025-10-21 14:00:00,73428.44,143,63516.97,86222.17
2025-10-21 15:00:00,73393.31,140,63461.44,86365.88
2025-10-21 16:00:00,73503.14,129,63446.5,86545.82
2025-10-21 17:00:00,73784.85,118,63426.24,86480.69
2025-10-21 18:00:00,73807.97,112,63408.99,86614.42
2025-10-21 19:00:00,73905.49,99,63405.76,86774.72
2025-10-21 20:00:00,73772.36,107,63404.81,86691.89
2025-10-21 21:00:00,73787.99,94,63394.28,86563.55
2025-10-21 22:00:00,73522.29,97,63414.46,86680.35
2025-10-21 23:00:00,73469.26,115,63419.69,86806.48
2025-10-22 00:00:00,73329.23,123,63410.94,87194.12
2025-10-22 01:00:00,73243.86,120,63368.41,87229.94
2025-10-22 02:00:00,72947.98,118,63388.51,87260.0
2025-10-22 03:00:00,73046.03,118,63373.3,87543.8
2025-10-22 04:00:00,72983.78,125,63400.2,87504.01
2025-10-22 05:00:00,73192.95,137,63393.3,87541.19
2025-10-22 06:00:00,73154.63,142,63379.55,87759.7
2025-10-22 07:00:00,73182.37,144,63381.6,87745.49
2025-10-22 08:00:00,73254.55,142,63414.96,87810.26
2025-10-22 09:00:00,73296.63,146,63432.09,87626.59
2025-10-22 10:00:00,72966.2,152,63443.17,87971.65
2025-10-22 11:00:00,72956.68,164,63442.81,88051.16
2025-10-22 12:00:00,72843.39,161,63490.04,88018.38
2025-10-22 13:00:00,72922.57,152,63478.69,87913.13
2025-10-22 14:00:00,72811.76,157,63509.66,87812.61
2025-10-22 15:00:00,73082.39,144,63477.35,87768.2
2025-10-22 16:00:00,73186.75,145,63422.63,87994.7
2025-10-22 17:00:00,73292.27,123,63446.15,87886.68
2025-10-22 18:00:00,73356.55,112,63457.48,87924.9
2025-10-22 19:00:00,73470.36,118,63490.32,87934.88
2025-10-22 20:00:00,73717.81,108,63457.53,87801.69
2025-10-22 21:00:00,73583.28,104,63497.43,87866.76
2025-10-22 22:00:00,73453.63,102,63461.43,87988.43
2025-10-22 23:00:00,73425.1,104,63472.12,88333.38
2025-10-23 00:00:00,73485.15,104,63467.2,88646.8
2025-10-23 01:00:00,73708.93,101,63472.55,88670.17
2025-10-23 02:00:00,74007.78,116,63477.1,88859.56
2025-10-23 03:00:00,73682.86,116,63532.89,89024.05
2025-10-23 04:00:00,73878.87,121,63578.63,88996.72
2025-10-23 05:00:00,74102.65,142,63639.18,89286.75
2025-10-23 06:00:00,73949.13,149,63634.02,89341.93
2025-10-23 07:00:00,73773.43,163,63632.52,89554.85
2025-10-23 08:00:00,73530.79,175,63604.54,89416.19
2025-10-23 09:00:00,73284.94,167,63568.85,89563.14
2025-10-23 10:00:00,73365.31,165,63577.67,89736.01
2025-10-23 11:00:00,73731.8,154,63550.41,89507.85
2025-10-23 12:00:00,73831.76,151,63543.39,89588.29
2025-10-23 13:00:00,73674.3,146,63540.47,89383.6
2025-10-23 14:00:00,73694.25,142,63559.98,89332.95
2025-10-23 15:00:00,73625.31,133,63546.08,89508.3
2025-10-23 16:00:00,73646.07,127,63510.34,89661.14
2025-10-23 17:00:00,73814.94,130,63491.86,89762.34
2025-10-23 18:00:00,73639.67,106,63472.69,89523.12
2025-10-23 19:00:00,73651.11,98,63552.8,89113.56
2025-10-23 20:00:00,73735.54,94,63564.77,89112.82
2025-10-23 21:00:00,73769.58,99,63559.74,89356.46
2025-10-23 22:00:00,73795.1,104,63578.64,89255.45
2025-10-23 23:00:00,73932.33,112,63566.23,89337.57
2025-10-24 00:00:00,74196.91,109,63539.26,89470.19
2025-10-24 01:00:00,73618.28,116,63573.05,89565.82
2025-10-24 02:00:00,73429.93,106,63600.23,89584.34
2025-10-24 03:00:00,73250.46,112,63578.69,89541.46
2025-10-24 04:00:00,73309.89,100,63576.51,89456.89
2025-10-24 05:00:00,73390.47,121,63601.4,89324.82
2025-10-24 06:00:00,73399.78,126,63591.53,89200.33
2025-10-24 07:00:00,73663.99,123,63584.61,89038.64
2025-10-24 08:00:00,73610.75,131,63559.24,89180.91
2025-10-24 09:00:00,73470.03,136,63579.13,89375.24
2025-10-24 10:00:00,73470.53,146,63549.26,89253.93
2025-10-24 11:00:00,73317.66,154,63578.59,89217.2
2025-10-24 12:00:00,73500.69,140,63536.62,89136.04
2025-10-24 13:00:00,73981.84,140,63486.78,89104.02
2025-10-24 14:00:00,74075.25,135,63493.26,88968.7
2025-10-24 15:00:00,73734.38,133,63492.85,88917.21
2025-10-24 16:00:00,73781.2,133,63483.13,89111.06
2025-10-24 17:00:00,73429.2,117,63501.08,89147.94
2025-10-24 18:00:00,73227.42,106,63497.29,89251.18
2025-10-24 19:00:00,73205.42,109,63428.75,89068.16
2025-10-24 20:00:00,73179.51,117,63424.26,89101.2
2025-10-24 21:00:00,73261.75,102,63415.57,89026.42
2025-10-24 22:00:00,73398.47,85,63410.69,89069.82
2025-10-24 23:00:00,72989.45,83,63385.24,88983.06
2025-10-25 00:00:00,72945.63,88,63402.42,88970.12
2025-10-25 01:00:00,72492.07,91,63424.54,89097.59
2025-10-25 02:00:00,72526.0,107,63393.61,89017.23
2025-10-25 03:00:00,72740.78,100,63462.57,89190.62
2025-10-25 04:00:00,72757.8,106,63431.48,89124.47
2025-10-25 05:00:00,72492.44,115,63430.58,89289.38
2025-10-25 06:00:00,72067.97,134,63456.63,89356.88
2025-10-25 07:00:00,72521.05,134,63470.17,89285.69
2025-10-25 08:00:00,72532.42,135,63440.34,89296.66
2025-10-25 09:00:00,72535.28,133,63421.9,89212.62
2025-10-25 10:00:00,72235.47,141,63417.1,89198.67
2025-10-25 11:00:00,72614.24,141,63375.34,89027.05
2025-10-25 12:00:00,72760.37,147,63348.85,89037.73
2025-10-25 13:00:00,72806.05,127,63357.95,88929.18
2025-10-25 14:00:00,72673.42,129,63345.37,88948.82
2025-10-25 15:00:00,72946.27,125,63354.19,88869.61
2025-10-25 16:00:00,73030.53,118,63388.72,88710.89
2025-10-25 17:00:00,72920.27,112,63337.17,88632.27
2025-10-25 18:00:00,72973.58,90,63361.75,88583.03
2025-10-25 19:00:00,73126.41,102,63350.43,88456.83
2025-10-25 20:00:00,73078.04,102,63339.1,88395.32
2025-10-25 21:00:00,72772.86,101,63339.84,88200.94
2025-10-25 22:00:00,72681.0,94,63300.98,88250.99
2025-10-25 23:00:00,72880.42,88,63308.67,88405.43
2025-10-26 00:00:00,72835.75,79,63276.75,88356.7
2025-10-26 01:00:00,72758.63,79,63253.45,88281.76
2025-10-26 02:00:00,72802.56,83,63288.02,88190.39
2025-10-26 03:00:00,72584.4,93,63253.3,88037.57
2025-10-26 04:00:00,72706.93,90,63273.97,88024.53
2025-10-26 05:00:00,72784.07,112,63259.15,87825.05
2025-10-26 06:00:00,72519.17,122,63283.11,87825.6
2025-10-26 07:00:00,72484.59,122,63277.46,87964.35
2025-10-26 08:00:00,72541.99,115,63284.35,87865.92
2025-10-26 09:00:00,72474.9,126,63318.2,88004.53
2025-10-26 10:00:00,72073.89,142,63341.22,87792.13
2025-10-26 11:00:00,71805.13,136,63331.6,87790.74
2025-10-26 12:00:00,71706.51,140,63378.77,87673.22
2025-10-26 13:00:00,71946.82,133,63358.42,87771.4
2025-10-26 14:00:00,72182.06,138,63362.34,87626.5
2025-10-26 15:00:00,72133.05,126,63345.57,87508.5
2025-10-26 16:00:00,72027.01,113,63345.48,87369.75
2025-10-26 17:00:00,71899.22,111,63347.67,87220.93
2025-10-26 18:00:00,72194.99,101,63409.13,87179.42
2025-10-26 19:00:00,72113.92,93,63430.6,87015.94
2025-10-26 20:00:00,72093.41,91,63457.71,87180.08
2025-10-26 21:00:00,71987.47,88,63474.68,87149.79
2025-10-26 22:00:00,71948.24,81,63469.76,87353.69
2025-10-26 23:00:00,72119.28,105,63496.5,87591.98
2025-10-27 00:00:00,71998.03,95,63537.23,87331.31
2025-10-27 01:00:00,71896.39,104,63534.48,87428.77
2025-10-27 02:00:00,71742.31,101,63555.74,87440.79
2025-10-27 03:00:00,71764.18,96,63590.24,87332.26
2025-10-27 04:00:00,71965.73,100,63658.81,87598.43
2025-10-27 05:00:00,72198.44,115,63657.38,87436.85
2025-10-27 06:00:00,72099.93,118,63618.3,87258.14
2025-10-27 07:00:00,72269.4,114,63603.55,87025.92
2025-10-27 08:00:00,72172.21,120,63622.17,86867.87
2025-10-27 09:00:00,72568.08,122,63616.7,86640.13
2025-10-27 10:00:00,72494.65,128,63668.58,86283.2
2025-10-27 11:00:00,72366.69,136,63659.85,86152.29
2025-10-27 12:00:00,72705.46,138,63640.56,86190.45
2025-10-27 13:00:00,72407.95,141,63615.84,85952.04
2025-10-27 14:00:00,72606.37,130,63649.63,85853.45
2025-10-27 15:00:00,72589.61,127,63608.17,85946.6
2025-10-27 16:00:00,72849.34,127,63598.0,86020.54
2025-10-27 17:00:00,72703.63,122,63601.53,85985.17
2025-10-27 18:00:00,72674.85,103,63552.11,86262.65
2025-10-27 19:00:00,72758.49,94,63552.56,86422.76
2025-10-27 20:00:00,72489.25,87,63519.81,86441.0
2025-10-27 21:00:00,72446.44,91,63543.5,86534.69
2025-10-27 22:00:00,72253.86,86,63560.72,86482.5
2025-10-27 23:00:00,72153.79,88,63590.02,86420.15
2025-10-28 00:00:00,72163.53,96,63562.4,86434.68
2025-10-28 01:00:00,72312.76,97,63528.3,86155.82
2025-10-28 02:00:00,72504.4,82,63509.2,86221.89
2025-10-28 03:00:00,72734.69,102,63502.27,86182.75
2025-10-28 04:00:00,72579.7,122,63548.51,86395.15
2025-10-28 05:00:00,72478.04,114,63541.9,86408.56
2025-10-28 06:00:00,72133.81,126,63542.5,86523.48
2025-10-28 07:00:00,71999.32,123,63531.55,86451.81
2025-10-28 08:00:00,71652.4,138,63544.89,86524.81
2025-10-28 09:00:00,71678.28,138,63558.98,86369.22
2025-10-28 10:00:00,71793.16,139,63564.25,86600.14
2025-10-28 11:00:00,71999.27,146,63549.92,86482.52
2025-10-28 12:00:00,72131.16,156,63567.44,86363.55
2025-10-28 13:00:00,72273.08,144,63579.33,86343.18
2025-10-28 14:00:00,72514.18,140,63550.47,86217.63
2025-10-28 15:00:00,72548.86,124,63580.11,86405.92
2025-10-28 16:00:00,72678.3,118,63554.79,86369.69
2025-10-28 17:00:00,72885.46,108,63530.11,86674.48
2025-10-28 18:00:00,73227.88,112,63531.46,86733.24
2025-10-28 19:00:00,72949.69,126,63492.59,86751.99
2025-10-28 20:00:00,72855.14,115,63467.21,86744.12
2025-10-28 21:00:00,72710.19,118,63409.87,86897.6
2025-10-28 22:00:00,72404.36,120,63382.34,86954.38
2025-10-28 23:00:00,72362.91,116,63391.7,86924.3
2025-10-29 00:00:00,72081.93,118,63376.62,86809.68
2025-10-29 01:00:00,72000.9,130,63405.51,86657.31
2025-10-29 02:00:00,71913.9,134,63445.34,86569.0
2025-10-29 03:00:00,72090.4,125,63434.14,86761.05
2025-10-29 04:00:00,72422.94,132,63404.54,86949.39
2025-10-29 05:00:00,72443.48,120,63379.35,86824.6
2025-10-29 06:00:00,72504.38,133,63400.1,86873.03
2025-10-29 07:00:00,72389.13,145,63383.08,86853.31
2025-10-29 08:00:00,72590.99,160,63406.76,86975.66
2025-10-29 09:00:00,72914.27,147,63371.39,86977.46
2025-10-29 10:00:00,72992.63,149,63362.86,87138.79
2025-10-29 11:00:00,72852.08,156,63403.4,87072.43
2025-10-29 12:00:00,72845.6,153,63403.67,87065.11
2025-10-29 13:00:00,73267.4,150,63404.82,87218.41
2025-10-29 14:00:00,73545.96,137,63325.43,87121.73
2025-10-29 15:00:00,73397.45,138,63312.94,87061.01
2025-10-29 16:00:00,73434.85,143,63345.66,87152.9
2025-10-29 17:00:00,73320.02,143,63339.77,86834.76
2025-10-29 18:00:00,73349.71,140,63306.13,86879.32
2025-10-29 19:00:00,73243.83,120,63280.65,86688.42
2025-10-29 20:00:00,73260.99,109,63228.29,86496.46
2025-10-29 21:00:00,72868.99,108,63286.22,86618.98
2025-10-29 22:00:00,72801.53,95,63247.46,86637.89
2025-10-29 23:00:00,72878.25,107,63221.68,86510.27
2025-10-30 00:00:00,72911.0,98,63238.56,86533.65
2025-10-30 01:00:00,73167.63,116,63208.27,86374.29
2025-10-30 02:00:00,73712.14,104,63232.33,86361.97
2025-10-30 03:00:00,73864.97,128,63200.62,86513.06
2025-10-30 04:00:00,73919.05,117,63212.85,86842.59
2025-10-30 05:00:00,73976.54,134,63197.68,86794.8
2025-10-30 06:00:00,74155.3,135,63210.66,87105.73
2025-10-30 07:00:00,74200.39,130,63206.02,87135.78
2025-10-30 08:00:00,74271.12,145,63178.64,86923.67
2025-10-30 09:00:00,74514.41,148,63174.45,87012.13
2025-10-30 10:00:00,74574.11,143,63153.97,87036.1
2025-10-30 11:00:00,74408.27,158,63078.35,87205.45
2025-10-30 12:00:00,74063.24,153,63054.19,87344.2
2025-10-30 13:00:00,74291.83,157,63077.6,87646.32
2025-10-30 14:00:00,74192.63,159,63103.23,87419.38
2025-10-30 15:00:00,74164.1,152,63080.55,87254.58
2025-10-30 16:00:00,74060.27,138,63064.56,87335.4
2025-10-30 17:00:00,73978.63,141,63048.85,87371.3
2025-10-30 18:00:00,74102.1,132,63038.51,87438.74
2025-10-30 19:00:00,74153.08,116,63060.95,87420.02
2025-10-30 20:00:00,74289.67,113,63059.45,87625.4
2025-10-30 21:00:00,74269.74,118,63081.49,87621.37
2025-10-30 22:00:00,74368.83,110,63076.1,87406.43
2025-10-30 23:00:00,74310.1,95,63083.31,87180.55
2025-10-31 00:00:00,74510.6,96,63096.64,87211.54
2025-10-31 01:00:00,74409.47,109,63134.97,87291.71
2025-10-31 02:00:00,74531.67,102,63107.94,87425.39
2025-10-31 03:00:00,74333.37,113,63104.69,87422.71
2025-10-31 04:00:00,74226.22,122,63096.55,87413.84
2025-10-31 05:00:00,74132.5,118,63127.57,87288.01
2025-10-31 06:00:00,74164.76,122,63142.29,87211.03
2025-10-31 07:00:00,74124.9,129,63156.55,87253.98
2025-10-31 08:00:00,73986.45,131,63174.95,87393.13
2025-10-31 09:00:00,74076.93,133,63194.64,87225.32
2025-10-31 10:00:00,73914.63,145,63162.14,87093.53
2025-10-31 11:00:00,73527.43,149,63174.31,86994.92
2025-10-31 12:00:00,73437.08,154,63185.37,87108.7
2025-10-31 13:00:00,73658.45,159,63182.92,86973.35
2025-10-31 14:00:00,73855.46,153,63179.32,87162.05
2025-10-31 15:00:00,73712.94,143,63246.61,87192.79
2025-10-31 16:00:00,73605.28,131,63242.11,87176.1
2025-10-31 17:00:00,73640.57,121,63241.97,87212.66
2025-10-31 18:00:00,73814.13,116,63241.56,86952.36
2025-10-31 19:00:00,73986.48,91,63248.91,86882.59
2025-10-31 20:00:00,73538.04,103,63215.0,86906.12
2025-10-31 21:00:00,73561.6,102,63221.53,87026.89
2025-10-31 22:00:00,73620.95,105,63236.21,86919.06
2025-10-31 23:00:00,73758.34,105,63268.69,86948.25
2025-11-01 00:00:00,73710.75,99,63275.8,87044.39
2025-11-01 01:00:00,73333.77,100,63318.67,87185.76
2025-11-01 02:00:00,73193.47,95,63361.09,87103.63
2025-11-01 03:00:00,73231.17,102,63344.39,87075.8
2025-11-01 04:00:00,73255.18,92,63327.88,86991.53
2025-11-01 05:00:00,73315.9,95,63311.77,86897.03
2025-11-01 06:00:00,73396.55,117,63324.56,87141.43
2025-11-01 07:00:00,73445.52,120,63301.16,87119.71
2025-11-01 08:00:00,73534.93,130,63299.13,87391.23
2025-11-01 09:00:00,73574.89,132,63294.23,87188.68
2025-11-01 10:00:00,73121.83,135,63297.89,87182.64
2025-11-01 11:00:00,72972.26,129,63324.15,87222.65
2025-11-01 12:00:00,73106.24,125,63327.54,87279.54
2025-11-01 13:00:00,73353.24,136,63294.95,87366.28
2025-11-01 14:00:00,73474.76,127,63320.93,87307.53
2025-11-01 15:00:00,73400.34,123,63328.93,87219.58
2025-11-01 16:00:00,73530.33,118,63308.8,87157.87
2025-11-01 17:00:00,73294.21,107,63279.58,87193.96
2025-11-01 18:00:00,73044.8,108,63334.73,87188.7
2025-11-01 19:00:00,72825.43,119,63380.11,87213.67
2025-11-01 20:00:00,72955.36,96,63361.48,87394.18
2025-11-01 21:00:00,72851.9,91,63368.95,87309.19
2025-11-01 22:00:00,72598.41,96,63349.4,87386.69
2025-11-01 23:00:00,73098.04,91,63325.98,87265.68
2025-11-02 00:00:00,73171.92,80,63345.85,87409.58
2025-11-02 01:00:00,72899.21,91,63323.44,87567.62
2025-11-02 02:00:00,72841.3,87,63345.44,87580.85
2025-11-02 03:00:00,73072.86,86,63302.13,87622.94
2025-11-02 04:00:00,73231.38,104,63280.51,87560.89
2025-11-02 05:00:00,73019.47,102,63292.61,87315.83
2025-11-02 06:00:00,72776.39,107,63340.77,87440.6
2025-11-02 07:00:00,72747.4,116,63324.2,87458.09
2025-11-02 08:00:00,72651.54,123,63329.12,87290.9
2025-11-02 09:00:00,72515.98,125,63315.97,87308.97
2025-11-02 10:00:00,72320.43,116,63328.26,87133.76
2025-11-02 11:00:00,72982.08,127,63316.94,86900.19
2025-11-02 12:00:00,72874.65,114,63286.33,87042.81
2025-11-02 13:00:00,73207.29,124,63277.96,86965.96
2025-11-02 14:00:00,73042.91,136,63286.44,86742.22
2025-11-02 15:00:00,72884.61,133,63287.27,86649.16
2025-11-02 16:00:00,72836.46,119,63337.01,86532.01
2025-11-02 17:00:00,73009.45,113,63352.48,86497.06
2025-11-02 18:00:00,73112.12,98,63361.35,86466.98
2025-11-02 19:00:00,72996.22,104,63337.58,86594.16
2025-11-02 20:00:00,73067.81,108,63325.21,86452.52
2025-11-02 21:00:00,72957.4,86,63311.2,86397.43
2025-11-02 22:00:00,72983.34,81,63334.49,86312.91
2025-11-02 23:00:00,73005.44,75,63258.84,86187.85
2025-11-03 00:00:00,72946.35,72,63259.6,86221.91
2025-11-03 01:00:00,72806.11,84,63231.03,86146.39
2025-11-03 02:00:00,73001.61,104,63240.17,86154.25
2025-11-03 03:00:00,73030.9,111,63281.56,86231.86
2025-11-03 04:00:00,73225.9,106,63311.34,86382.07
2025-11-03 05:00:00,73162.02,107,63297.8,86559.28
2025-11-03 06:00:00,72843.76,113,63235.11,86470.2
2025-11-03 07:00:00,73071.76,105,63225.52,86574.73
2025-11-03 08:00:00,72990.84,116,63246.93,86430.96
2025-11-03 09:00:00,72987.04,127,63244.77,86282.06
2025-11-03 10:00:00,72613.52,141,63282.94,86122.48
2025-11-03 11:00:00,72870.08,138,63253.12,85997.36
2025-11-03 12:00:00,72662.76,145,63247.36,86115.98
2025-11-03 13:00:00,72434.21,126,63210.17,86310.75
2025-11-03 14:00:00,72303.11,113,63201.81,86469.6
2025-11-03 15:00:00,72073.09,137,63172.2,86580.58
2025-11-03 16:00:00,72051.99,137,63173.69,86454.91
2025-11-03 17:00:00,72166.44,130,63146.32,86569.67
2025-11-03 18:00:00,72192.04,110,63103.66,86553.2
2025-11-03 19:00:00,72749.54,106,63058.58,86346.45
2025-11-03 20:00:00,72736.13,112,63035.53,86433.07
2025-11-03 21:00:00,72616.98,97,63007.63,86481.12
2025-11-03 22:00:00,72521.21,85,63004.76,86481.35
2025-11-03 23:00:00,72501.27,88,63003.63,86619.91
2025-11-04 00:00:00,72456.3,87,63038.5,86754.72
2025-11-04 01:00:00,72507.85,97,63034.39,86672.22
2025-11-04 02:00:00,72588.42,84,63026.12,86687.99
2025-11-04 03:00:00,72768.36,89,63015.74,86583.5
2025-11-04 04:00:00,72821.96,100,63057.67,86699.59
2025-11-04 05:00:00,72822.01,113,63044.61,86612.18
2025-11-04 06:00:00,72885.54,119,63016.54,86668.53
2025-11-04 07:00:00,72820.17,137,63021.84,86481.76
2025-11-04 08:00:00,72904.15,133,63036.61,86228.18
2025-11-04 09:00:00,72933.89,135,63087.57,86232.59
2025-11-04 10:00:00,72757.28,137,63089.31,86079.9
2025-11-04 11:00:00,72487.1,155,63112.92,86435.47
2025-11-04 12:00:00,72917.36,148,63102.3,86688.43
2025-11-04 13:00:00,72941.26,164,63086.76,86607.76
2025-11-04 14:00:00,72909.35,158,63091.99,86712.27
2025-11-04 15:00:00,73175.62,148,63088.93,86715.33
2025-11-04 16:00:00,73133.32,131,63094.62,86621.57
2025-11-04 17:00:00,73002.78,126,63060.16,86505.43
2025-11-04 18:00:00,72975.34,124,63037.65,86125.36
2025-11-04 19:00:00,72964.3,112,63036.31,86015.69
2025-11-04 20:00:00,73011.07,97,63032.96,86023.56
2025-11-04 21:00:00,72908.05,105,63057.57,86214.56
2025-11-04 22:00:00,73126.09,110,63105.37,86368.58
2025-11-04 23:00:00,73478.42,107,63115.68,86528.16
2025-11-05 00:00:00,73323.45,111,63112.79,87014.27
2025-11-05 01:00:00,73422.74,114,63153.24,87139.29
2025-11-05 02:00:00,73169.4,114,63088.04,87460.67
2025-11-05 03:00:00,73157.27,124,63054.82,87497.15
2025-11-05 04:00:00,73390.4,119,63043.44,87612.21
2025-11-05 05:00:00,73166.72,125,63083.03,87666.41
2025-11-05 06:00:00,73512.07,114,63066.28,87737.34
2025-11-05 07:00:00,72954.68,120,63083.6,87946.98
2025-11-05 08:00:00,72917.13,141,63082.17,88029.18
2025-11-05 09:00:00,73066.6,154,63056.71,88040.3
2025-11-05 10:00:00,72828.52,150,63058.61,88019.73
2025-11-05 11:00:00,72898.67,156,62998.78,88291.0
2025-11-05 12:00:00,72772.26,144,63031.85,88354.37
2025-11-05 13:00:00,72655.99,157,63035.66,88498.72
2025-11-05 14:00:00,72530.93,146,63056.29,88390.17
2025-11-05 15:00:00,72221.09,141,63019.43,88427.04
2025-11-05 16:00:00,72192.32,155,62991.39,88484.08
2025-11-05 17:00:00,71888.1,155,62966.13,88391.43
2025-11-05 18:00:00,71815.49,141,62953.51,88248.67
2025-11-05 19:00:00,71744.0,139,62982.11,88317.51
2025-11-05 20:00:00,71892.31,127,62972.15,88329.97
2025-11-05 21:00:00,71906.04,119,62971.82,88239.63
2025-11-05 22:00:00,72108.25,120,63018.1,88256.9
2025-11-05 23:00:00,72065.05,107,62998.36,88291.49
2025-11-06 00:00:00,72150.25,111,62997.55,88044.19
2025-11-06 01:00:00,72345.4,112,62942.45,88176.12
2025-11-06 02:00:00,72524.03,117,62892.69,88137.98
2025-11-06 03:00:00,72540.09,122,62906.53,88280.01
2025-11-06 04:00:00,72514.87,123,62867.93,88126.22
2025-11-06 05:00:00,72274.37,137,62852.65,88210.7
2025-11-06 06:00:00,72218.62,142,62864.59,88234.49
2025-11-06 07:00:00,72396.44,142,62852.77,88413.44
2025-11-06 08:00:00,72249.36,153,62806.26,88428.1
2025-11-06 09:00:00,72071.69,146,62809.08,88502.47
2025-11-06 10:00:00,71880.23,149,62842.67,88461.83
2025-11-06 11:00:00,72130.1,159,62825.63,88495.97
2025-11-06 12:00:00,72347.97,171,62832.06,88498.64
2025-11-06 13:00:00,72330.86,166,62826.54,88419.95
2025-11-06 14:00:00,72237.98,141,62850.79,88410.41
2025-11-06 15:00:00,71860.52,143,62818.28,88488.45
2025-11-06 16:00:00,72037.84,144,62833.11,88240.51
2025-11-06 17:00:00,72220.38,134,62883.41,88156.63
2025-11-06 18:00:00,72066.26,132,62922.89,88066.4
2025-11-06 19:00:00,72279.69,123,62915.78,87949.29
2025-11-06 20:00:00,72321.45,115,62943.02,87976.03
2025-11-06 21:00:00,72861.07,107,62962.17,88028.33
2025-11-06 22:00:00,73058.99,114,62939.59,88313.05
2025-11-06 23:00:00,73117.78,102,62998.99,88215.82
2025-11-07 00:00:00,73079.1,106,62983.19,88294.29
2025-11-07 01:00:00,73355.93,109,62997.2,88313.66
2025-11-07 02:00:00,73045.37,122,63027.65,88370.87
2025-11-07 03:00:00,73104.68,120,62999.62,88189.58
2025-11-07 04:00:00,73163.36,125,63023.38,88055.11
2025-11-07 05:00:00,73175.73,134,63014.13,88281.23
2025-11-07 06:00:00,73289.28,152,63041.02,88304.7
2025-11-07 07:00:00,73430.27,139,63045.07,88377.23
2025-11-07 08:00:00,73778.5,147,63047.28,88197.65
2025-11-07 09:00:00,73832.35,146,63058.16,88151.96
2025-11-07 10:00:00,73951.52,142,63066.31,88202.17
2025-11-07 11:00:00,73926.5,141,63020.28,88279.66
2025-11-07 12:00:00,74108.1,145,62942.79,88278.37
2025-11-07 13:00:00,74103.9,138,62937.24,88272.88
2025-11-07 14:00:00,74085.38,128,62936.99,88631.19
2025-11-07 15:00:00,73839.35,118,62898.73,88587.22
2025-11-07 16:00:00,73485.9,122,62915.02,88315.7
2025-11-07 17:00:00,73485.4,117,62927.99,88375.4
2025-11-07 18:00:00,73544.47,114,62941.1,88479.55
2025-11-07 19:00:00,73387.85,101,62965.71,88671.45
2025-11-07 20:00:00,73247.15,117,62946.67,88590.38
2025-11-07 21:00:00,73180.12,117,62957.63,88593.25
2025-11-07 22:00:00,73357.16,99,62986.72,88570.75
2025-11-07 23:00:00,73418.38,84,62984.79,88423.9
2025-11-08 00:00:00,73317.07,73,62979.24,88433.84
2025-11-08 01:00:00,73492.66,76,62996.92,88238.34
2025-11-08 02:00:00,73318.22,72,63036.04,88194.5
2025-11-08 03:00:00,73088.8,97,63055.12,88239.14
2025-11-08 04:00:00,73021.8,93,63086.2,88132.99
2025-11-08 05:00:00,73051.3,109,63105.78,87950.96
2025-11-08 06:00:00,72823.48,106,63079.31,87735.54
2025-11-08 07:00:00,72979.3,120,63065.92,87825.05
2025-11-08 08:00:00,72909.81,131,63122.35,88221.22
2025-11-08 09:00:00,73091.41,131,63109.35,88067.32
2025-11-08 10:00:00,73187.51,136,63079.71,87915.69
2025-11-08 11:00:00,73530.44,136,63059.95,87779.9
2025-11-08 12:00:00,73132.2,144,63059.63,87623.11
2025-11-08 13:00:00,73163.53,141,63084.04,87578.81
2025-11-08 14:00:00,73086.5,142,63053.98,87572.12
2025-11-08 15:00:00,73403.69,130,62998.79,87628.02
2025-11-08 16:00:00,73574.64,124,63038.11,87605.42
2025-11-08 17:00:00,73722.02,117,62994.99,87755.69
2025-11-08 18:00:00,73350.58,104,62931.25,87820.19
2025-11-08 19:00:00,73339.65,99,62897.48,87851.75
2025-11-08 20:00:00,73535.58,92,62882.36,87802.71
2025-11-08 21:00:00,73613.85,90,62870.54,87894.17
2025-11-08 22:00:00,73528.45,86,62877.39,88032.36
2025-11-08 23:00:00,73231.05,90,62881.16,87774.64
2025-11-09 00:00:00,72949.16,86,62870.01,87792.06
2025-11-09 01:00:00,72954.81,86,62845.76,87825.49
2025-11-09 02:00:00,72626.72,92,62802.72,87635.31
2025-11-09 03:00:00,72764.98,88,62758.8,87567.75
2025-11-09 04:00:00,72985.25,92,62741.63,87472.47
2025-11-09 05:00:00,73241.47,90,62754.39,87315.5
2025-11-09 06:00:00,73081.81,92,62777.94,87343.36
2025-11-09 07:00:00,72928.17,91,62747.43,87363.43
2025-11-09 08:00:00,73150.15,114,62757.65,87514.8
2025-11-09 09:00:00,72957.09,112,62736.52,87601.75
2025-11-09 10:00:00,73170.75,107,62721.93,87623.46
2025-11-09 11:00:00,73178.74,114,62762.01,87677.02
2025-11-09 12:00:00,73406.17,113,62786.89,87736.51
2025-11-09 13:00:00,73661.69,123,62769.36,87603.97
2025-11-09 14:00:00,73725.63,131,62795.68,87718.8
2025-11-09 15:00:00,74025.93,130,62820.35,87772.17
2025-11-09 16:00:00,74307.65,131,62829.33,87627.7
2025-11-09 17:00:00,73935.36,109,62809.91,87591.42
2025-11-09 18:00:00,73746.74,103,62840.23,87401.58
2025-11-09 19:00:00,73352.02,92,62821.67,87476.86
2025-11-09 20:00:00,73447.34,95,62815.0,87476.74
2025-11-09 21:00:00,73395.77,90,62789.36,87490.85
2025-11-09 22:00:00,73404.23,85,62794.8,87283.0
2025-11-09 23:00:00,73155.8,76,62791.14,87324.56
2025-11-10 00:00:00,73223.91,77,62815.81,87310.62
2025-11-10 01:00:00,73452.82,86,62775.45,87228.7
2025-11-10 02:00:00,73693.01,94,62777.45,87294.33
2025-11-10 03:00:00,73284.11,97,62746.32,87230.9
2025-11-10 04:00:00,73475.74,93,62728.27,87198.46
2025-11-10 05:00:00,73251.92,98,62716.13,87258.82
2025-11-10 06:00:00,73464.78,99,62684.45,87113.04
2025-11-10 07:00:00,73413.0,117,62670.93,87291.09
2025-11-10 08:00:00,73326.31,130,62700.26,87390.85
2025-11-10 09:00:00,73470.62,123,62701.53,87330.72
2025-11-10 10:00:00,73168.41,120,62683.49,87459.94
2025-11-10 11:00:00,73111.35,120,62679.08,87361.92
2025-11-10 12:00:00,73090.36,141,62657.39,87336.04
2025-11-10 13:00:00,73017.61,124,62642.7,87249.68
2025-11-10 14:00:00,72902.7,119,62688.78,87043.74
2025-11-10 15:00:00,72818.98,119,62725.46,86680.73
2025-11-10 16:00:00,72927.82,132,62703.87,86703.72
2025-11-10 17:00:00,73038.51,129,62685.41,86732.06
2025-11-10 18:00:00,72993.84,129,62689.78,86639.33
2025-11-10 19:00:00,73011.79,121,62679.82,86451.74
2025-11-10 20:00:00,73070.77,102,62601.5,86436.57
2025-11-10 21:00:00,72997.65,93,62587.55,86340.29
2025-11-10 22:00:00,73377.96,98,62531.45,86247.23
2025-11-10 23:00:00,73289.28,95,62509.26,86491.43
2025-11-11 00:00:00,73217.04,95,62555.54,86368.47
2025-11-11 01:00:00,73304.6,98,62517.9,86492.69
2025-11-11 02:00:00,73096.27,115,62486.11,86608.75
2025-11-11 03:00:00,72976.98,109,62490.65,86701.1
2025-11-11 04:00:00,72916.83,113,62560.35,86820.85
2025-11-11 05:00:00,72788.74,124,62571.95,87075.13
2025-11-11 06:00:00,72765.29,135,62553.36,87145.78
2025-11-11 07:00:00,72629.01,128,62567.05,87282.15
2025-11-11 08:00:00,72916.6,132,62537.94,87058.35
2025-11-11 09:00:00,72564.02,142,62554.54,86980.75
2025-11-11 10:00:00,72529.95,141,62564.47,87184.65
2025-11-11 11:00:00,72700.54,138,62502.87,87501.05
2025-11-11 12:00:00,72570.46,151,62498.61,87559.79
2025-11-11 13:00:00,72657.93,149,62477.38,87461.17
2025-11-11 14:00:00,72894.43,141,62479.57,87239.44
2025-11-11 15:00:00,72467.3,132,62444.53,87548.0
2025-11-11 16:00:00,72692.07,131,62453.18,87653.65
2025-11-11 17:00:00,72738.74,126,62439.96,87628.46
2025-11-11 18:00:00,72969.45,120,62450.95,87620.48
2025-11-11 19:00:00,73152.86,100,62432.41,87449.94
2025-11-11 20:00:00,73533.01,86,62415.41,87443.69
2025-11-11 21:00:00,73834.06,88,62419.18,87367.98
2025-11-11 22:00:00,73911.32,95,62426.1,87411.46
2025-11-11 23:00:00,74080.53,102,62424.05,87502.41
2025-11-12 00:00:00,73800.46,123,62435.69,87337.55
2025-11-12 01:00:00,73803.6,127,62501.43,87269.1
2025-11-12 02:00:00,73935.53,125,62538.74,87288.29
2025-11-12 03:00:00,73953.71,108,62537.47,87307.5
2025-11-12 04:00:00,73509.31,124,62573.22,87390.14
2025-11-12 05:00:00,73398.59,127,62577.78,87343.48
2025-11-12 06:00:00,73454.89,125,62589.29,87317.13
2025-11-12 07:00:00,73732.1,142,62598.87,87209.14
2025-11-12 08:00:00,73336.31,137,62639.27,87036.95
2025-11-12 09:00:00,73027.64,145,62615.7,87300.15
2025-11-12 10:00:00,73035.42,160,62598.66,87188.88
2025-11-12 11:00:00,73215.93,160,62580.93,87456.86
2025-11-12 12:00:00,73226.04,156,62577.14,87277.78
2025-11-12 13:00:00,73443.92,156,62581.86,87094.08
2025-11-12 14:00:00,73048.98,157,62652.47,87190.38
2025-11-12 15:00:00,73143.7,161,62621.12,87289.03
2025-11-12 16:00:00,73043.54,144,62566.74,87302.76
2025-11-12 17:00:00,73027.14,130,62537.36,87175.97
2025-11-12 18:00:00,73123.76,121,62585.35,87294.84
2025-11-12 19:00:00,73268.27,115,62541.89,87346.23
2025-11-12 20:00:00,73420.39,109,62543.33,87538.46
2025-11-12 21:00:00,73524.15,116,62590.86,87547.9
2025-11-12 22:00:00,73266.55,108,62547.45,87548.63
2025-11-12 23:00:00,73317.48,110,62539.97,87603.47
2025-11-13 00:00:00,73418.76,121,62513.66,87407.93
2025-11-13 01:00:00,73664.72,122,62512.27,87434.29
2025-11-13 02:00:00,73575.57,117,62488.6,87338.91
2025-11-13 03:00:00,73496.66,116,62540.38,87685.47
2025-11-13 04:00:00,73648.96,122,62577.39,87939.19
2025-11-13 05:00:00,73608.99,132,62634.02,87822.83
2025-11-13 06:00:00,73621.16,129,62643.05,87791.19
2025-11-13 07:00:00,73431.18,143,62604.74,88131.41
2025-11-13 08:00:00,73454.35,160,62620.46,88134.14
2025-11-13 09:00:00,73533.44,162,62531.78,88178.86
2025-11-13 10:00:00,73544.79,158,62503.83,88074.36
2025-11-13 11:00:00,73615.71,166,62465.07,88128.49
2025-11-13 12:00:00,73685.39,160,62491.12,88072.81
2025-11-13 13:00:00,73444.13,153,62461.19,87980.46
2025-11-13 14:00:00,73516.66,151,62432.62,88193.88
2025-11-13 15:00:00,73658.24,149,62354.15,88361.89
2025-11-13 16:00:00,73753.84,142,62386.81,88141.98
2025-11-13 17:00:00,73640.28,122,62364.37,88211.19
2025-11-13 18:00:00,73470.47,123,62397.2,88265.07
2025-11-13 19:00:00,73049.93,105,62431.9,88409.77
2025-11-13 20:00:00,73018.11,101,62456.78,88449.64
2025-11-13 21:00:00,72829.15,108,62488.49,88465.25
2025-11-13 22:00:00,72888.12,107,62490.74,88592.14
2025-11-13 23:00:00,72619.54,98,62501.6,88649.35
2025-11-14 00:00:00,72522.89,101,62519.39,88692.4
2025-11-14 01:00:00,72853.81,113,62556.7,88914.96
2025-11-14 02:00:00,72943.46,114,62577.46,88965.65
2025-11-14 03:00:00,72936.73,123,62603.21,89137.91
2025-11-14 04:00:00,73378.5,124,62583.01,89187.82
2025-11-14 05:00:00,73277.03,124,62574.04,88954.54
2025-11-14 06:00:00,73499.41,125,62593.14,88935.31
2025-11-14 07:00:00,73329.98,132,62586.04,88839.69
2025-11-14 08:00:00,72875.44,135,62613.38,88688.69
2025-11-14 09:00:00,72921.4,144,62596.46,88734.17
2025-11-14 10:00:00,72996.2,149,62595.49,88550.6
2025-11-14 11:00:00,72930.56,150,62610.91,88374.19
2025-11-14 12:00:00,73034.91,133,62595.71,88354.58
2025-11-14 13:00:00,72891.48,131,62560.19,88492.88
2025-11-14 14:00:00,72961.03,147,62555.74,88621.37
2025-11-14 15:00:00,72797.26,138,62523.49,88431.14
2025-11-14 16:00:00,72994.79,119,62500.85,88719.94
2025-11-14 17:00:00,72914.03,111,62521.06,88651.29
2025-11-14 18:00:00,73002.21,102,62497.64,88475.62
2025-11-14 19:00:00,72884.5,98,62476.79,88399.82
2025-11-14 20:00:00,72936.44,106,62479.69,88336.27
2025-11-14 21:00:00,72757.2,96,62471.77,88444.17
2025-11-14 22:00:00,72562.57,94,62475.51,88582.19
2025-11-14 23:00:00,72734.78,87,62459.61,88654.73
2025-11-15 00:00:00,72883.35,80,62443.99,88799.58
2025-11-15 01:00:00,72668.69,88,62422.91,88885.16
2025-11-15 02:00:00,72784.97,103,62467.55,88969.71
2025-11-15 03:00:00,72700.97,99,62473.12,89109.12
2025-11-15 04:00:00,72755.76,92,62442.23,89062.49
2025-11-15 05:00:00,73033.94,110,62448.75,88943.45
2025-11-15 06:00:00,73022.27,119,62426.87,89006.29
2025-11-15 07:00:00,72929.77,132,62443.6,89145.08
2025-11-15 08:00:00,72802.67,122,62443.8,89137.51
2025-11-15 09:00:00,72726.83,122,62425.72,89117.42
2025-11-15 10:00:00,73030.51,130,62438.14,89202.42
2025-11-15 11:00:00,73075.98,138,62424.61,89227.1
2025-11-15 12:00:00,73268.38,144,62461.1,89173.97
2025-11-15 13:00:00,73460.37,131,62490.09,89011.25
2025-11-15 14:00:00,73276.05,129,62497.0,88705.58
2025-11-15 15:00:00,73468.5,128,62467.3,88643.36
2025-11-15 16:00:00,73352.17,118,62459.34,88857.13
2025-11-15 17:00:00,73663.64,114,62485.66,88900.32
2025-11-15 18:00:00,73693.29,88,62481.71,89110.72
2025-11-15 19:00:00,73771.78,103,62527.59,89028.16
2025-11-15 20:00:00,73856.05,113,62533.99,88970.33
2025-11-15 21:00:00,73753.41,118,62530.79,88863.24
2025-11-15 22:00:00,73738.3,125,62574.97,88915.94
2025-11-15 23:00:00,73698.2,111,62603.93,88823.43
2025-11-16 00:00:00,73745.42,97,62560.44,88633.27
2025-11-16 01:00:00,73922.65,98,62544.26,88641.68
2025-11-16 02:00:00,73795.71,83,62530.32,88790.69
2025-11-16 03:00:00,73641.34,90,62522.11,88731.24
2025-11-16 04:00:00,73749.9,92,62494.56,88539.95
2025-11-16 05:00:00,73508.91,100,62465.44,88507.65
2025-11-16 06:00:00,73402.88,109,62455.89,88371.54
2025-11-16 07:00:00,73415.12,118,62425.13,88375.15
2025-11-16 08:00:00,73516.46,128,62456.78,88214.45
2025-11-16 09:00:00,73581.48,131,62471.9,87945.84
2025-11-16 10:00:00,73404.81,137,62398.59,88019.41
2025-11-16 11:00:00,73497.08,143,62410.41,88370.8
2025-11-16 12:00:00,73408.85,144,62407.25,88241.76
2025-11-16 13:00:00,73681.71,125,62416.73,88029.37
2025-11-16 14:00:00,73526.7,135,62427.24,88098.55
2025-11-16 15:00:00,73432.33,132,62416.19,88056.72
2025-11-16 16:00:00,73309.33,115,62409.88,88190.48
2025-11-16 17:00:00,73087.5,105,62393.6,88093.3
2025-11-16 18:00:00,73338.92,102,62385.24,88071.26
2025-11-16 19:00:00,73156.02,97,62372.4,88317.69
2025-11-16 20:00:00,73581.1,97,62282.94,88308.49
2025-11-16 21:00:00,73688.3,84,62279.75,88418.26
2025-11-16 22:00:00,73652.03,85,62261.67,88512.39
2025-11-16 23:00:00,73796.24,79,62287.78,88735.91
2025-11-17 00:00:00,73927.77,82,62269.68,88602.23
2025-11-17 01:00:00,73826.47,76,62252.98,88609.34
2025-11-17 02:00:00,73580.55,85,62254.64,88210.98
2025-11-17 03:00:00,73432.2,95,62164.65,88197.07
2025-11-17 04:00:00,73281.39,106,62137.4,88194.38
2025-11-17 05:00:00,72890.85,105,62195.65,88286.48
2025-11-17 06:00:00,72872.83,101,62214.97,88253.04
2025-11-17 07:00:00,72670.28,126,62225.76,88376.23
2025-11-17 08:00:00,72582.34,141,62233.47,88397.42
2025-11-17 09:00:00,72871.5,141,62214.17,88373.39
2025-11-17 10:00:00,73049.33,143,62227.33,88257.31
2025-11-17 11:00:00,72663.87,146,62237.87,88355.62
2025-11-17 12:00:00,72927.92,121,62227.96,88376.54
2025-11-17 13:00:00,73189.2,116,62233.72,88277.3
2025-11-17 14:00:00,73092.26,115,62204.42,88342.17
2025-11-17 15:00:00,73401.7,117,62229.99,88106.88
2025-11-17 16:00:00,73065.38,115,62225.5,87974.35
2025-11-17 17:00:00,73126.66,104,62250.74,87809.68
2025-11-17 18:00:00,72833.09,103,62179.05,87411.8
2025-11-17 19:00:00,72907.8,106,62186.96,87419.2
2025-11-17 20:00:00,72900.91,111,62218.14,87404.53
2025-11-17 21:00:00,73219.9,113,62236.18,87354.17
2025-11-17 22:00:00,73229.48,94,62212.27,87304.38
2025-11-17 23:00:00,73287.19,93,62172.82,87421.22
2025-11-18 00:00:00,73120.3,107,62144.67,87241.89
2025-11-18 01:00:00,72977.5,103,62083.68,87367.26
2025-11-18 02:00:00,72864.21,110,62080.48,87508.2
2025-11-18 03:00:00,72858.61,110,62119.99,87560.86
2025-11-18 04:00:00,72995.28,127,62113.77,87844.92
2025-11-18 05:00:00,72829.45,123,62115.02,88018.86
2025-11-18 06:00:00,72776.11,116,62099.3,88160.44
2025-11-18 07:00:00,72227.75,132,62075.06,88415.77
2025-11-18 08:00:00,72181.98,134,62055.99,88482.4
2025-11-18 09:00:00,72430.4,131,62049.49,88486.5
2025-11-18 10:00:00,72644.95,131,62064.36,88514.79
2025-11-18 11:00:00,72600.96,134,62068.59,88535.6
2025-11-18 12:00:00,72282.31,143,62042.59,88644.78
2025-11-18 13:00:00,72518.22,140,62069.13,88770.35
2025-11-18 14:00:00,72469.97,142,62033.9,88671.89
2025-11-18 15:00:00,72494.29,145,62015.63,88232.59
2025-11-18 16:00:00,72209.06,141,62058.8,88098.02
2025-11-18 17:00:00,72130.5,137,62063.49,88213.78
2025-11-18 18:00:00,72568.49,127,62069.67,88054.4
2025-11-18 19:00:00,72589.32,119,62040.26,87943.97
2025-11-18 20:00:00,72908.03,116,62033.27,88052.43
2025-11-18 21:00:00,72692.05,112,62006.14,88167.33
2025-11-18 22:00:00,72947.48,113,62023.53,88064.19
2025-11-18 23:00:00,73087.1,120,61988.66,88120.88
2025-11-19 00:00:00,72865.07,112,61992.21,87974.76
2025-11-19 01:00:00,72900.81,113,61975.18,88123.31
2025-11-19 02:00:00,73166.93,116,61950.17,88043.79
2025-11-19 03:00:00,72679.39,126,61934.72,87864.74
2025-11-19 04:00:00,72769.9,120,61942.05,87847.9
2025-11-19 05:00:00,72789.5,127,61939.89,87942.88
2025-11-19 06:00:00,72863.89,120,61911.98,87856.41
2025-11-19 07:00:00,72586.36,134,61902.79,87827.95
2025-11-19 08:00:00,72494.91,153,61904.84,87831.81
2025-11-19 09:00:00,72453.35,152,61913.09,88109.45
2025-11-19 10:00:00,72425.94,156,61954.8,87883.02
2025-11-19 11:00:00,72304.79,152,61950.64,88060.59
2025-11-19 12:00:00,72296.48,161,61925.29,88090.93
2025-11-19 13:00:00,72454.16,162,61941.55,88396.02
2025-11-19 14:00:00,71945.17,137,61957.26,88279.28
2025-11-19 15:00:00,71860.04,138,61960.79,88284.93
2025-11-19 16:00:00,71618.85,138,61965.82,88342.51
2025-11-19 17:00:00,71677.59,130,61987.07,88464.1
2025-11-19 18:00:00,71866.69,124,61999.83,88403.28
2025-11-19 19:00:00,72101.62,128,61980.23,88372.67
2025-11-19 20:00:00,71809.41,112,61959.01,88155.95
2025-11-19 21:00:00,71757.35,116,61981.69,87916.3
2025-11-19 22:00:00,71834.52,113,61988.52,87852.24
2025-11-19 23:00:00,72173.89,114,61913.74,87805.29
2025-11-20 00:00:00,71876.44,112,61958.24,88010.39
2025-11-20 01:00:00,71793.36,126,61992.68,87866.56
2025-11-20 02:00:00,71890.34,120,61993.4,87494.66
2025-11-20 03:00:00,71832.36,121,62037.91,87559.74
2025-11-20 04:00:00,71834.32,121,62060.76,87502.2
2025-11-20 05:00:00,72075.52,130,62080.57,87655.18
2025-11-20 06:00:00,71886.46,134,62071.9,87617.24
2025-11-20 07:00:00,72287.98,141,62067.64,87853.98
2025-11-20 08:00:00,72048.93,137,62079.27,87830.43
2025-11-20 09:00:00,71958.78,154,62045.73,87677.26
2025-11-20 10:00:00,72381.09,152,62073.58,87816.06
2025-11-20 11:00:00,72606.25,148,62062.32,87909.58
2025-11-20 12:00:00,72521.09,143,62088.6,87956.82
2025-11-20 13:00:00,72410.69,152,62106.86,87755.7
2025-11-20 14:00:00,72763.36,151,62114.49,87858.72
2025-11-20 15:00:00,72790.13,143,62126.98,88175.79
2025-11-20 16:00:00,72943.89,152,62150.63,88173.19
2025-11-20 17:00:00,73169.91,134,62165.6,88095.68
2025-11-20 18:00:00,73258.31,137,62142.65,88006.17
2025-11-20 19:00:00,73255.74,137,62108.49,87886.87
2025-11-20 20:00:00,73176.58,126,62107.66,87811.56
2025-11-20 21:00:00,73326.3,104,62089.53,88054.62
2025-11-20 22:00:00,73415.51,100,62087.76,88150.94
2025-11-20 23:00:00,73631.84,106,62134.73,88179.05
2025-11-21 00:00:00,73717.32,118,62121.93,88481.13
2025-11-21 01:00:00,73569.87,121,62120.34,88635.94
2025-11-21 02:00:00,73607.96,109,62119.82,88299.94
2025-11-21 03:00:00,73724.13,108,62130.3,88227.37
2025-11-21 04:00:00,73501.36,105,62140.82,88257.38
2025-11-21 05:00:00,73761.84,125,62149.89,88348.49
2025-11-21 06:00:00,73510.28,134,62142.4,88237.71
2025-11-21 07:00:00,73859.37,119,62123.82,88196.98
2025-11-21 08:00:00,73518.17,135,62072.96,88206.65
2025-11-21 09:00:00,73642.8,140,62055.16,88404.08
2025-11-21 10:00:00,73407.83,154,62044.98,88472.12
2025-11-21 11:00:00,73002.53,152,62053.68,88590.9
2025-11-21 12:00:00,73015.44,157,62066.2,88653.49
2025-11-21 13:00:00,73096.31,152,62036.98,88758.58
2025-11-21 14:00:00,73250.78,145,62031.44,88661.23
2025-11-21 15:00:00,73486.29,138,62027.04,88832.52
2025-11-21 16:00:00,73376.91,117,62021.54,88801.78
2025-11-21 17:00:00,73440.89,107,62019.78,88875.97
2025-11-21 18:00:00,73167.1,99,62012.37,88885.42
2025-11-21 19:00:00,73018.88,97,61974.52,88909.66
2025-11-21 20:00:00,72804.89,106,61996.12,88753.58
2025-11-21 21:00:00,73022.47,107,62020.09,88821.27
2025-11-21 22:00:00,73237.18,112,62016.32,88606.6
2025-11-21 23:00:00,73323.56,95,61982.44,88649.87
2025-11-22 00:00:00,73473.2,83,62029.62,88721.87
2025-11-22 01:00:00,73552.94,84,62033.3,88451.04
2025-11-22 02:00:00,73396.5,89,62027.18,88448.41
2025-11-22 03:00:00,73508.42,99,62045.73,88363.39
2025-11-22 04:00:00,73498.63,102,62023.18,88413.09
2025-11-22 05:00:00,73462.81,118,62013.22,88605.08
2025-11-22 06:00:00,73438.46,125,62011.14,88527.46
2025-11-22 07:00:00,73405.12,125,62012.56,88525.12
2025-11-22 08:00:00,73266.06,128,62017.47,88558.15
2025-11-22 09:00:00,73168.36,121,62076.5,88512.05
2025-11-22 10:00:00,72930.41,124,62092.23,88440.21
2025-11-22 11:00:00,72622.98,128,62060.29,88193.73
2025-11-22 12:00:00,72609.52,131,62063.27,87854.68
2025-11-22 13:00:00,72243.07,128,62084.52,87829.57
2025-11-22 14:00:00,72104.51,137,62090.42,87911.2
2025-11-22 15:00:00,72171.98,145,62033.02,87697.08
2025-11-22 16:00:00,72148.03,126,62064.19,87440.97
2025-11-22 17:00:00,72137.65,115,62040.26,87470.81
2025-11-22 18:00:00,71970.94,106,62023.28,87432.4
2025-11-22 19:00:00,72150.18,95,62085.67,87422.04
2025-11-22 20:00:00,72450.12,87,62084.37,87368.54
2025-11-22 21:00:00,72690.92,76,62063.56,87280.79
2025-11-22 22:00:00,72912.81,88,62105.66,87043.37
2025-11-22 23:00:00,72740.92,95,62097.65,87051.53
2025-11-23 00:00:00,72528.49,93,62125.29,86927.29
2025-11-23 01:00:00,72845.98,94,62122.38,87014.35
2025-11-23 02:00:00,72990.96,101,62188.62,87042.95
2025-11-23 03:00:00,73412.03,113,62188.07,87051.57
2025-11-23 04:00:00,73392.04,106,62135.44,87277.96
2025-11-23 05:00:00,73512.13,108,62088.54,87414.05
2025-11-23 06:00:00,73670.78,116,62070.86,87394.52
2025-11-23 07:00:00,73674.94,120,62129.89,87617.19
2025-11-23 08:00:00,73878.23,136,62177.38,87618.3
2025-11-23 09:00:00,73898.65,119,62261.24,87447.54
2025-11-23 10:00:00,73831.8,118,62269.07,87654.63
2025-11-23 11:00:00,73728.25,113,62285.52,87635.13
2025-11-23 12:00:00,73501.44,121,62318.02,87758.79
2025-11-23 13:00:00,73212.46,128,62318.89,87783.67
2025-11-23 14:00:00,72805.64,126,62319.11,87749.1
2025-11-23 15:00:00,72773.55,108,62289.66,87555.1
2025-11-23 16:00:00,72871.73,108,62304.46,87437.55
2025-11-23 17:00:00,72569.26,97,62295.49,87666.41
2025-11-23 18:00:00,72619.48,91,62321.92,87692.98
2025-11-23 19:00:00,72814.78,80,62295.99,87607.82
2025-11-23 20:00:00,72546.29,92,62273.39,87420.81
2025-11-23 21:00:00,72603.53,82,62290.14,87571.4
2025-11-23 22:00:00,72700.17,81,62323.65,87578.25
2025-11-23 23:00:00,72856.15,82,62346.12,87575.7
2025-11-24 00:00:00,72775.15,93,62393.31,87378.23
2025-11-24 01:00:00,72756.91,89,62437.96,87301.22
2025-11-24 02:00:00,72367.46,98,62436.48,87351.39
2025-11-24 03:00:00,72519.16,110,62466.72,87356.67
2025-11-24 04:00:00,72511.22,114,62486.32,87202.57
2025-11-24 05:00:00,72553.32,99,62467.68,87201.3
2025-11-24 06:00:00,72794.47,107,62462.36,87430.83
2025-11-24 07:00:00,72927.78,116,62468.74,87238.96
2025-11-24 08:00:00,72743.19,117,62481.67,87314.54
2025-11-24 09:00:00,72917.31,127,62490.65,87240.48
2025-11-24 10:00:00,73069.73,141,62487.77,87250.89
2025-11-24 11:00:00,73064.38,140,62478.92,87224.49
2025-11-24 12:00:00,73556.44,133,62447.16,87022.56
2025-11-24 13:00:00,73552.7,123,62446.54,87010.15
2025-11-24 14:00:00,73954.46,129,62501.14,87031.72
2025-11-24 15:00:00,73812.19,132,62519.16,86812.31
2025-11-24 16:00:00,73951.57,123,62486.36,86795.43
2025-11-24 17:00:00,74034.08,122,62516.44,86548.7
2025-11-24 18:00:00,73993.4,121,62572.94,86741.74
2025-11-24 19:00:00,73459.98,107,62540.83,86936.04
2025-11-24 20:00:00,73522.12,97,62580.81,87133.11
2025-11-24 21:00:00,73569.85,82,62587.78,87188.38
2025-11-24 22:00:00,73569.16,100,62559.16,87245.48
2025-11-24 23:00:00,73623.71,100,62589.32,87282.9
2025-11-25 00:00:00,73369.11,107,62619.49,87385.32
2025-11-25 01:00:00,73517.29,100,62579.27,87265.82
2025-11-25 02:00:00,73373.1,101,62548.64,87101.83
2025-11-25 03:00:00,73333.74,101,62500.09,87336.02
2025-11-25 04:00:00,73184.04,120,62482.01,87405.13
2025-11-25 05:00:00,73151.61,128,62459.91,87326.23
2025-11-25 06:00:00,73139.09,123,62488.18,87313.72
2025-11-25 07:00:00,73319.69,133,62506.44,87708.64
2025-11-25 08:00:00,73062.01,143,62512.81,87757.32
2025-11-25 09:00:00,73400.77,143,62514.88,87822.88
2025-11-25 10:00:00,73393.95,139,62512.74,87984.48
2025-11-25 11:00:00,73408.29,142,62474.93,88107.98
2025-11-25 12:00:00,73479.79,152,62513.16,88167.54
2025-11-25 13:00:00,73308.46,140,62510.87,88041.23
2025-11-25 14:00:00,72949.98,132,62499.17,88178.05
2025-11-25 15:00:00,72917.98,134,62473.91,88039.43
2025-11-25 16:00:00,72762.32,137,62478.87,88253.83
2025-11-25 17:00:00,73298.54,132,62476.21,88161.05
2025-11-25 18:00:00,73089.75,115,62479.7,88336.44
2025-11-25 19:00:00,72984.09,108,62433.18,88400.26
2025-11-25 20:00:00,73145.31,105,62414.49,88189.23
2025-11-25 21:00:00,72992.29,103,62406.77,88202.95
2025-11-25 22:00:00,73192.3,111,62417.21,88205.31
2025-11-25 23:00:00,73513.96,110,62418.36,88015.35
2025-11-26 00:00:00,73483.98,111,62431.4,88020.46
2025-11-26 01:00:00,73517.76,121,62353.22,88142.74
2025-11-26 02:00:00,73752.96,131,62377.17,88179.14
2025-11-26 03:00:00,73699.3,132,62425.59,88089.98
2025-11-26 04:00:00,73872.9,126,62485.38,87956.46
2025-11-26 05:00:00,73984.45,136,62476.17,87882.08
2025-11-26 06:00:00,73721.68,138,62469.1,88012.48
2025-11-26 07:00:00,73960.97,138,62482.2,87799.63
2025-11-26 08:00:00,74136.59,149,62460.15,87864.23
2025-11-26 09:00:00,73721.86,157,62467.97,88057.17
2025-11-26 10:00:00,73520.43,146,62418.96,87875.27
2025-11-26 11:00:00,73473.34,145,62415.66,87712.37
2025-11-26 12:00:00,73305.16,161,62422.31,87801.95
2025-11-26 13:00:00,73175.56,154,62364.39,87702.85
2025-11-26 14:00:00,73236.61,151,62388.4,87830.64
2025-11-26 15:00:00,73534.0,146,62356.07,88024.0
2025-11-26 16:00:00,73667.72,135,62366.53,88019.52
2025-11-26 17:00:00,73377.36,137,62357.76,87979.2
2025-11-26 18:00:00,73320.66,130,62392.49,87901.98
2025-11-26 19:00:00,73411.51,128,62409.51,88029.0
2025-11-26 20:00:00,73301.58,128,62438.41,88167.9
2025-11-26 21:00:00,73310.95,111,62485.94,88284.93
2025-11-26 22:00:00,73161.74,110,62483.42,88228.64
2025-11-26 23:00:00,73426.34,112,62472.69,88212.2
2025-11-27 00:00:00,73446.64,124,62504.63,88356.56
2025-11-27 01:00:00,73241.73,125,62475.97,88530.17
2025-11-27 02:00:00,72965.03,125,62481.17,88340.38
2025-11-27 03:00:00,73138.97,122,62461.55,88419.5
2025-11-27 04:00:00,73133.7,131,62433.27,88712.51
2025-11-27 05:00:00,73238.59,135,62418.5,88766.84
2025-11-27 06:00:00,73223.16,134,62375.88,88864.83
2025-11-27 07:00:00,73215.06,141,62348.65,89087.97
2025-11-27 08:00:00,73562.74,143,62348.51,88917.73
2025-11-27 09:00:00,73172.39,140,62360.56,89018.59
2025-11-27 10:00:00,73045.64,144,62387.09,89056.61
2025-11-27 11:00:00,72975.63,150,62382.39,89132.18
2025-11-27 12:00:00,73320.38,157,62389.01,89382.0
2025-11-27 13:00:00,73059.46,160,62369.55,89366.58
2025-11-27 14:00:00,72770.94,160,62386.41,89567.14
2025-11-27 15:00:00,72625.84,144,62377.78,89424.18
2025-11-27 16:00:00,72704.22,142,62404.02,89417.81
2025-11-27 17:00:00,72890.74,130,62370.64,89184.5
2025-11-27 18:00:00,73395.36,125,62397.13,89020.27
2025-11-27 19:00:00,73287.5,109,62401.65,88990.21
2025-11-27 20:00:00,73018.03,92,62450.45,89060.76
2025-11-27 21:00:00,73295.92,97,62412.58,89127.08
2025-11-27 22:00:00,73274.54,99,62378.03,89042.76
2025-11-27 23:00:00,73427.78,91,62404.01,88925.07
2025-11-28 00:00:00,73316.41,105,62394.31,88847.13
2025-11-28 01:00:00,73270.3,96,62426.19,88902.89
2025-11-28 02:00:00,72606.56,107,62409.91,89001.98
2025-11-28 03:00:00,72669.13,107,62439.17,88941.3
2025-11-28 04:00:00,72562.63,108,62423.92,88717.11
2025-11-28 05:00:00,72402.05,129,62467.34,88483.9
2025-11-28 06:00:00,72425.04,138,62471.77,88514.84
2025-11-28 07:00:00,72749.58,146,62431.36,88451.6
2025-11-28 08:00:00,72662.66,158,62392.24,88245.78
2025-11-28 09:00:00,72449.98,150,62363.13,88416.59
2025-11-28 10:00:00,72580.42,141,62387.66,88281.26
2025-11-28 11:00:00,72629.73,146,62427.9,88155.87
2025-11-28 12:00:00,72662.23,158,62379.42,88019.78
2025-11-28 13:00:00,72480.7,147,62396.18,88054.86
2025-11-28 14:00:00,72657.51,137,62398.89,88170.57
2025-11-28 15:00:00,72668.63,128,62420.7,88015.13
2025-11-28 16:00:00,72947.86,115,62399.81,88171.05
2025-11-28 17:00:00,72645.7,119,62431.05,88327.47
2025-11-28 18:00:00,72862.89,121,62461.1,88335.86
2025-11-28 19:00:00,72701.54,104,62467.42,88484.5
2025-11-28 20:00:00,73058.97,96,62449.35,88651.15
2025-11-28 21:00:00,72892.44,97,62534.82,88791.86
2025-11-28 22:00:00,73155.03,92,62547.29,88733.85
2025-11-28 23:00:00,73125.17,94,62531.76,88639.15
2025-11-29 00:00:00,73311.22,91,62602.76,88841.1
2025-11-29 01:00:00,73226.04,93,62612.32,89049.72
2025-11-29 02:00:00,73472.51,97,62587.54,89149.5
2025-11-29 03:00:00,73667.27,104,62578.58,89217.77
2025-11-29 04:00:00,73812.93,116,62591.97,89162.57
2025-11-29 05:00:00,73612.54,110,62556.67,89204.48
2025-11-29 06:00:00,73481.36,124,62602.34,89430.77
2025-11-29 07:00:00,73512.71,135,62595.43,89534.87
2025-11-29 08:00:00,73308.78,132,62571.51,89356.08
2025-11-29 09:00:00,73572.27,132,62580.85,89459.5
2025-11-29 10:00:00,73337.33,137,62586.41,89503.03
2025-11-29 11:00:00,73376.86,135,62587.23,89448.15
2025-11-29 12:00:00,73140.95,138,62577.65,89392.73
2025-11-29 13:00:00,73243.48,122,62559.03,89320.01
2025-11-29 14:00:00,73181.01,118,62558.84,89419.51
2025-11-29 15:00:00,73187.11,124,62566.85,89700.56
2025-11-29 16:00:00,73048.03,137,62615.83,89686.9
2025-11-29 17:00:00,72908.82,130,62603.4,89725.78
2025-11-29 18:00:00,72863.96,125,62642.72,89586.54
2025-11-29 19:00:00,73116.79,105,62637.26,89301.23
2025-11-29 20:00:00,73128.66,102,62658.31,89444.41
2025-11-29 21:00:00,73000.13,96,62685.97,89321.35
2025-11-29 22:00:00,72815.76,85,62666.76,89214.19
2025-11-29 23:00:00,72858.49,73,62683.81,89220.93
2025-11-30 00:00:00,73188.41,75,62683.37,89185.77
2025-11-30 01:00:00,72965.03,91,62628.77,88830.95
2025-11-30 02:00:00,72856.37,90,62645.15,88877.61
2025-11-30 03:00:00,72772.41,102,62668.15,88752.66
2025-11-30 04:00:00,72876.92,105,62700.46,88660.03
2025-11-30 05:00:00,73089.91,112,62690.98,88802.71
2025-11-30 06:00:00,73130.01,113,62674.21,88858.91
2025-11-30 07:00:00,73500.36,129,62684.23,88857.03
2025-11-30 08:00:00,73342.99,128,62675.96,88879.34
2025-11-30 09:00:00,73389.19,118,62690.98,88855.35
2025-11-30 10:00:00,73326.31,128,62719.52,89043.71
2025-11-30 11:00:00,73191.53,132,62801.98,89118.81
2025-11-30 12:00:00,73089.9,139,62797.82,88767.71
2025-11-30 13:00:00,72975.67,144,62822.64,88894.23
2025-11-30 14:00:00,73303.71,146,62821.94,89050.66
2025-11-30 15:00:00,73299.63,134,62811.69,89091.58
2025-11-30 16:00:00,73313.45,121,62808.36,88944.27
2025-11-30 17:00:00,73487.67,132,62879.19,88711.93
2025-11-30 18:00:00,73681.17,119,62849.95,88832.0
2025-11-30 19:00:00,73563.61,112,62891.29,88852.87
2025-11-30 20:00:00,73538.63,101,62873.36,88585.43
2025-11-30 21:00:00,73525.28,95,62909.76,88679.62
2025-11-30 22:00:00,73372.03,90,62941.9,88427.39
2025-11-30 23:00:00,73644.18,98,62948.39,88469.88
2025-12-01 00:00:00,73845.15,85,62894.44,88511.21
2025-12-01 01:00:00,73818.53,87,62869.09,88154.33
2025-12-01 02:00:00,73617.61,90,62892.53,88046.89
2025-12-01 03:00:00,73204.99,103,62871.46,87981.31
2025-12-01 04:00:00,73201.4,107,62865.13,87888.26
2025-12-01 05:00:00,73195.1,109,62889.59,88015.73
2025-12-01 06:00:00,73436.68,125,62898.27,88055.35
2025-12-01 07:00:00,73584.24,132,62862.84,88219.12
2025-12-01 08:00:00,73637.69,135,62860.98,88076.32
2025-12-01 09:00:00,73476.0,129,62896.52,88218.45
2025-12-01 10:00:00,73429.28,123,62916.92,88201.69
2025-12-01 11:00:00,73337.88,116,62898.42,88259.55
2025-12-01 12:00:00,73167.83,133,62878.54,88377.07
2025-12-01 13:00:00,73141.03,124,62910.46,88401.34
2025-12-01 14:00:00,73237.0,141,62855.91,88472.14
2025-12-01 15:00:00,73196.77,137,62922.53,88621.89
2025-12-01 16:00:00,73271.23,135,62921.9,88489.35
2025-12-01 17:00:00,73087.17,128,62965.69,88574.63
2025-12-01 18:00:00,72915.0,116,62983.17,88595.92
2025-12-01 19:00:00,72705.84,111,62942.74,88555.86
2025-12-01 20:00:00,72542.68,111,62913.31,88725.75
2025-12-01 21:00:00,72422.89,109,62945.76,88533.29
2025-12-01 22:00:00,72318.22,118,62937.18,88393.47
2025-12-01 23:00:00,72586.31,109,62959.49,88430.3
2025-12-02 00:00:00,72868.75,103,62948.79,88553.59
2025-12-02 01:00:00,72803.4,107,62958.94,88607.54
2025-12-02 02:00:00,72804.81,113,62933.38,88552.82
2025-12-02 03:00:00,73038.86,119,62902.6,88419.39
2025-12-02 04:00:00,73014.36,123,62910.7,88799.85
2025-12-02 05:00:00,73207.89,128,62915.68,89008.07
2025-12-02 06:00:00,72992.66,126,62887.0,88864.62
2025-12-02 07:00:00,72755.16,141,62878.87,88983.88
2025-12-02 08:00:00,72720.92,138,62857.49,88955.09
2025-12-02 09:00:00,72585.97,135,62905.35,88845.49
2025-12-02 10:00:00,72883.92,140,62942.82,89194.03
2025-12-02 11:00:00,73073.96,125,62934.28,89353.07
2025-12-02 12:00:00,72979.04,140,62919.88,89298.22
2025-12-02 13:00:00,72947.98,162,62924.71,89467.77
2025-12-02 14:00:00,72937.58,141,62934.23,89519.89
2025-12-02 15:00:00,72937.47,132,62989.95,89685.54
2025-12-02 16:00:00,73382.96,142,62930.7,89580.17
2025-12-02 17:00:00,73527.6,141,62958.89,89473.64
2025-12-02 18:00:00,73654.44,129,62986.54,89496.99
2025-12-02 19:00:00,73438.2,127,62956.39,89515.29
2025-12-02 20:00:00,73155.76,121,63004.22,89585.09
2025-12-02 21:00:00,73089.28,126,63009.72,89676.12
2025-12-02 22:00:00,72929.98,114,62987.34,89586.37
2025-12-02 23:00:00,72651.6,113,62967.73,89503.42
2025-12-03 00:00:00,72572.43,114,62999.9,89873.76
2025-12-03 01:00:00,72946.44,110,63037.01,89895.3
2025-12-03 02:00:00,72835.86,111,63013.96,89967.13
2025-12-03 03:00:00,72782.95,123,63015.52,90220.97
2025-12-03 04:00:00,72310.29,126,63038.05,90404.62
2025-12-03 05:00:00,72268.82,138,63054.52,90499.85
2025-12-03 06:00:00,72308.36,141,63072.03,90573.49
2025-12-03 07:00:00,72207.35,157,63049.78,90710.92
2025-12-03 08:00:00,72467.02,168,63079.27,90859.0
2025-12-03 09:00:00,72175.31,164,63014.92,90613.29
2025-12-03 10:00:00,72252.6,168,63027.44,90496.23
2025-12-03 11:00:00,72444.83,177,63053.69,90564.25
2025-12-03 12:00:00,72397.53,164,63056.02,90435.69
2025-12-03 13:00:00,72597.72,153,63048.85,90477.24
2025-12-03 14:00:00,72843.37,150,63049.3,90496.58
2025-12-03 15:00:00,72593.17,156,63031.36,90279.27
2025-12-03 16:00:00,72325.94,137,63049.78,90285.61
2025-12-03 17:00:00,72718.83,131,63003.62,90423.15
2025-12-03 18:00:00,72823.0,127,63018.23,90572.09
2025-12-03 19:00:00,72907.41,134,63039.1,90749.19
2025-12-03 20:00:00,72883.31,124,63034.89,90613.18
2025-12-03 21:00:00,72673.71,117,63006.64,90820.01
2025-12-03 22:00:00,72584.66,113,63024.21,90769.17
2025-12-03 23:00:00,72704.24,120,63034.11,90705.61
2025-12-04 00:00:00,72627.92,112,63020.88,90897.21
2025-12-04 01:00:00,72907.25,97,63057.76,90868.03
2025-12-04 02:00:00,72593.19,111,63037.56,90621.48
2025-12-04 03:00:00,72582.8,121,63071.81,90631.31
2025-12-04 04:00:00,72438.38,132,63079.45,90553.2
2025-12-04 05:00:00,72416.09,145,63083.26,90365.14
2025-12-04 06:00:00,72829.76,154,63068.52,90227.5
2025-12-04 07:00:00,72862.93,148,63022.55,90078.06
2025-12-04 08:00:00,72646.67,148,63029.78,90184.6
2025-12-04 09:00:00,72682.48,152,63029.57,90023.94
2025-12-04 10:00:00,72826.95,144,63032.66,90171.48
2025-12-04 11:00:00,73153.41,151,63040.6,90092.22
2025-12-04 12:00:00,73424.4,158,63030.13,90047.72
2025-12-04 13:00:00,73295.48,144,63058.35,90140.07
2025-12-04 14:00:00,73111.36,141,63057.35,90358.16
2025-12-04 15:00:00,72978.21,136,63034.91,90226.65
2025-12-04 16:00:00,72720.73,139,63079.04,89956.7
2025-12-04 17:00:00,72601.38,126,63062.78,90073.65
2025-12-04 18:00:00,72816.5,131,63087.48,90146.92
2025-12-04 19:00:00,72596.94,132,63060.53,90023.46
2025-12-04 20:00:00,72662.95,139,63031.56,90169.38
2025-12-04 21:00:00,72363.18,132,63069.6,90343.13
2025-12-04 22:00:00,72367.3,117,63083.53,90512.75
2025-12-04 23:00:00,72480.52,112,63027.22,90709.99
2025-12-05 00:00:00,72737.78,109,63015.04,90627.02
2025-12-05 01:00:00,72622.26,106,62987.53,90416.6
2025-12-05 02:00:00,72473.84,104,62989.86,90488.66
2025-12-05 03:00:00,72312.27,113,62965.43,90344.19
2025-12-05 04:00:00,72553.38,121,62974.64,90434.12
2025-12-05 05:00:00,72665.29,137,62996.87,90190.24
2025-12-05 06:00:00,72885.26,135,62987.79,89977.84
2025-12-05 07:00:00,73004.38,141,62945.91,89981.72
2025-12-05 08:00:00,72857.63,152,62987.28,89721.53
2025-12-05 09:00:00,73003.14,156,62980.4,89831.62
2025-12-05 10:00:00,72912.35,142,62982.21,89728.88
2025-12-05 11:00:00,73291.08,146,62941.7,89539.22
2025-12-05 12:00:00,73371.22,147,62912.93,89398.18
2025-12-05 13:00:00,73455.53,145,62889.4,89302.25
2025-12-05 14:00:00,73282.62,154,62938.28,89229.3
2025-12-05 15:00:00,73110.29,151,62902.08,89321.53
2025-12-05 16:00:00,73618.97,131,62876.0,89237.43
2025-12-05 17:00:00,73574.4,124,62868.3,89369.49
2025-12-05 18:00:00,73514.24,121,62874.3,89167.0
2025-12-05 19:00:00,73598.05,108,62905.93,89376.37
2025-12-05 20:00:00,73518.68,109,62901.35,89290.51
2025-12-05 21:00:00,73528.75,100,62949.16,89277.89
2025-12-05 22:00:00,73591.17,94,62966.15,89380.77
2025-12-05 23:00:00,73552.5,92,62956.0,89243.13
2025-12-06 00:00:00,73915.85,94,62932.77,89059.87
2025-12-06 01:00:00,73743.55,92,63009.01,88948.39
2025-12-06 02:00:00,73545.43,90,63079.31,88949.88
2025-12-06 03:00:00,73516.29,104,63145.72,88900.55
2025-12-06 04:00:00,73556.56,122,63146.48,88722.57
2025-12-06 05:00:00,73462.02,120,63172.2,89057.98
2025-12-06 06:00:00,73437.01,125,63191.12,89135.92
2025-12-06 07:00:00,73316.25,129,63195.25,89239.4
2025-12-06 08:00:00,73035.11,134,63225.9,89432.46
2025-12-06 09:00:00,72788.78,135,63219.92,89243.47
2025-12-06 10:00:00,72802.6,148,63232.97,89007.07
2025-12-06 11:00:00,72496.62,148,63234.1,88752.4
2025-12-06 12:00:00,72644.27,148,63195.34,88668.97
2025-12-06 13:00:00,72736.2,137,63238.35,88574.17
2025-12-06 14:00:00,72628.38,129,63232.49,88466.53
2025-12-06 15:00:00,72795.56,127,63216.8,88450.23
2025-12-06 16:00:00,72913.72,118,63265.79,88410.55
2025-12-06 17:00:00,73133.03,113,63252.11,88217.91
2025-12-06 18:00:00,73318.11,105,63261.1,88185.24
2025-12-06 19:00:00,73434.82,110,63222.83,88039.81
2025-12-06 20:00:00,73654.35,99,63232.56,87739.21
2025-12-06 21:00:00,73529.16,95,63282.68,87843.56
2025-12-06 22:00:00,73667.93,85,63266.22,87757.22
2025-12-06 23:00:00,73703.44,94,63287.48,87779.65
2025-12-07 00:00:00,74010.66,94,63291.27,87867.01
2025-12-07 01:00:00,74273.16,89,63275.41,88064.63
2025-12-07 02:00:00,74285.68,90,63281.22,88278.63
2025-12-07 03:00:00,74423.86,100,63250.37,87989.61
2025-12-07 04:00:00,74271.8,101,63243.54,87877.2
2025-12-07 05:00:00,74301.02,104,63209.93,87954.59
2025-12-07 06:00:00,74323.62,112,63232.88,87915.71
2025-12-07 07:00:00,74068.72,130,63252.05,87680.02
2025-12-07 08:00:00,73813.89,124,63270.16,87780.3
2025-12-07 09:00:00,73406.01,128,63214.64,87706.03
2025-12-07 10:00:00,73083.3,129,63265.49,87610.68
2025-12-07 11:00:00,72850.62,138,63269.03,87513.66
2025-12-07 12:00:00,72906.37,147,63254.68,87469.22
2025-12-07 13:00:00,72906.86,136,63175.55,87474.91
2025-12-07 14:00:00,72715.64,138,63207.3,87513.68
2025-12-07 15:00:00,72643.66,140,63211.24,87371.9
2025-12-07 16:00:00,73044.05,123,63203.72,87277.44
2025-12-07 17:00:00,73056.26,120,63208.88,87277.88
2025-12-07 18:00:00,72888.92,107,63204.35,87266.76
2025-12-07 19:00:00,72798.94,96,63201.12,87200.43
2025-12-07 20:00:00,72889.05,94,63174.34,86895.06
2025-12-07 21:00:00,72762.72,107,63175.6,86926.71
2025-12-07 22:00:00,72589.2,106,63198.59,86996.9
2025-12-07 23:00:00,72602.02,95,63207.35,86815.42
2025-12-08 00:00:00,72841.14,91,63168.01,86684.04
2025-12-08 01:00:00,72711.4,92,63183.31,86523.03
2025-12-08 02:00:00,72576.79,91,63191.52,86315.53
2025-12-08 03:00:00,72245.46,95,63132.48,86097.77
2025-12-08 04:00:00,72411.22,106,63158.66,85984.03
2025-12-08 05:00:00,72573.95,120,63148.2,86304.68
2025-12-08 06:00:00,72751.18,140,63180.25,86386.51
2025-12-08 07:00:00,72325.62,153,63205.83,86350.62
2025-12-08 08:00:00,72499.58,144,63187.33,86489.02
2025-12-08 09:00:00,72393.09,138,63220.54,86613.08
2025-12-08 10:00:00,72413.51,134,63211.8,86514.84
2025-12-08 11:00:00,72504.07,142,63212.38,86525.7
2025-12-08 12:00:00,72560.58,145,63191.7,86496.37
2025-12-08 13:00:00,72359.29,150,63208.05,86429.96
2025-12-08 14:00:00,72351.52,148,63184.56,86423.3
2025-12-08 15:00:00,72391.39,158,63150.53,86204.33
2025-12-08 16:00:00,72443.52,146,63159.06,86181.85
2025-12-08 17:00:00,72389.26,138,63210.96,85978.19
2025-12-08 18:00:00,72384.36,134,63247.19,85933.47
2025-12-08 19:00:00,72211.97,110,63311.2,85844.11
2025-12-08 20:00:00,72312.71,121,63287.17,86049.6
2025-12-08 21:00:00,72745.05,112,63261.52,86107.57
2025-12-08 22:00:00,72614.93,109,63272.38,85884.96
2025-12-08 23:00:00,72600.59,109,63264.55,85747.94
2025-12-09 00:00:00,72814.82,104,63294.86,85877.93
2025-12-09 01:00:00,72524.3,113,63317.85,86063.4
2025-12-09 02:00:00,72599.39,117,63348.73,86083.24
2025-12-09 03:00:00,72647.03,117,63353.65,86179.56
2025-12-09 04:00:00,73259.78,128,63344.48,86408.82
2025-12-09 05:00:00,73328.2,117,63317.79,86690.91
2025-12-09 06:00:00,73148.0,126,63350.02,86595.32
2025-12-09 07:00:00,73122.24,139,63381.39,86638.25
2025-12-09 08:00:00,73283.45,142,63438.22,87038.99
2025-12-09 09:00:00,73100.45,152,63420.4,87254.56
2025-12-09 10:00:00,73228.17,161,63450.86,87225.98
2025-12-09 11:00:00,73366.24,158,63478.86,87110.87
2025-12-09 12:00:00,73264.32,147,63469.79,86979.29
2025-12-09 13:00:00,73797.14,148,63506.95,86924.62
2025-12-09 14:00:00,73707.54,152,63548.58,86772.78
2025-12-09 15:00:00,73569.49,142,63582.56,86715.81
2025-12-09 16:00:00,73843.98,146,63600.31,86829.34
2025-12-09 17:00:00,73890.25,143,63566.92,86649.19
2025-12-09 18:00:00,73775.54,133,63556.54,86682.51
2025-12-09 19:00:00,73745.44,133,63513.01,86716.28
2025-12-09 20:00:00,73681.88,128,63618.38,86958.79
2025-12-09 21:00:00,73653.97,109,63665.18,87076.55
2025-12-09 22:00:00,73646.3,115,63601.64,87286.43
2025-12-09 23:00:00,73554.03,110,63596.65,87444.0
2025-12-10 00:00:00,73982.39,110,63617.75,87304.22
2025-12-10 01:00:00,74126.9,113,63593.12,87450.76
2025-12-10 02:00:00,73980.78,112,63603.43,87561.78
2025-12-10 03:00:00,73624.97,118,63641.51,87521.86
2025-12-10 04:00:00,73479.53,120,63674.92,87576.74
2025-12-10 05:00:00,73816.64,125,63650.71,87799.49
2025-12-10 06:00:00,73248.48,140,63656.42,87881.35
2025-12-10 07:00:00,73337.38,152,63653.51,87785.01
2025-12-10 08:00:00,73119.6,158,63651.84,87869.97
2025-12-10 09:00:00,72756.13,148,63662.38,87923.1
2025-12-10 10:00:00,72400.46,156,63666.79,87873.9
2025-12-10 11:00:00,72305.04,153,63685.87,87883.69
2025-12-10 12:00:00,72436.34,160,63694.04,88138.79
2025-12-10 13:00:00,72506.58,173,63706.82,88162.98
2025-12-10 14:00:00,72413.61,164,63695.36,88309.71
2025-12-10 15:00:00,72295.85,158,63719.86,88304.94
2025-12-10 16:00:00,72325.58,167,63720.44,88356.14
2025-12-10 17:00:00,72490.34,147,63737.24,88258.9
2025-12-10 18:00:00,72486.53,142,63749.19,88244.38
2025-12-10 19:00:00,72715.91,131,63750.61,88300.2
2025-12-10 20:00:00,72869.21,120,63725.98,88560.62
2025-12-10 21:00:00,72842.97,113,63703.15,88532.87
2025-12-10 22:00:00,72741.33,117,63696.1,88700.22
2025-12-10 23:00:00,73118.78,116,63714.03,88351.36
2025-12-11 00:00:00,72766.98,119,63741.01,88432.76
2025-12-11 01:00:00,72800.71,110,63772.87,88366.17
2025-12-11 02:00:00,72979.7,113,63744.45,88312.17
2025-12-11 03:00:00,73180.8,127,63800.28,88315.11
2025-12-11 04:00:00,73335.72,135,63805.53,88180.24
2025-12-11 05:00:00,73499.27,130,63817.64,87999.87
2025-12-11 06:00:00,73459.76,134,63798.13,87985.86
2025-12-11 07:00:00,73475.44,154,63815.64,87902.72
2025-12-11 08:00:00,73421.25,157,63771.54,87943.13
2025-12-11 09:00:00,73468.68,152,63766.12,88024.72
2025-12-11 10:00:00,73262.52,158,63750.32,87896.62
2025-12-11 11:00:00,73412.75,166,63706.24,87828.98
2025-12-11 12:00:00,73638.66,155,63734.22,87574.89
2025-12-11 13:00:00,73813.11,142,63753.5,87711.15
2025-12-11 14:00:00,73605.93,141,63754.54,87778.85
2025-12-11 15:00:00,73470.43,129,63774.8,87924.87
2025-12-11 16:00:00,73131.01,132,63804.44,87807.85
2025-12-11 17:00:00,72790.47,135,63779.99,87690.84
2025-12-11 18:00:00,73348.9,120,63771.72,87771.01
2025-12-11 19:00:00,73146.4,102,63757.1,87706.69
2025-12-11 20:00:00,73290.08,90,63759.28,87663.69
2025-12-11 21:00:00,73486.55,109,63762.52,87722.51
2025-12-11 22:00:00,73487.96,113,63767.1,87795.65
2025-12-11 23:00:00,73233.81,116,63789.5,87711.87
2025-12-12 00:00:00,73370.93,126,63757.67,87708.18
2025-12-12 01:00:00,73501.34,107,63759.81,87862.87
2025-12-12 02:00:00,73531.81,92,63777.1,87981.11
2025-12-12 03:00:00,73251.13,120,63823.61,87926.67
2025-12-12 04:00:00,73505.32,115,63819.01,87814.53
2025-12-12 05:00:00,73235.9,127,63751.61,87821.29
2025-12-12 06:00:00,73115.25,125,63715.67,87610.51
2025-12-12 07:00:00,72961.15,145,63727.55,87422.67
2025-12-12 08:00:00,73144.11,136,63669.75,87662.53
2025-12-12 09:00:00,73110.29,154,63699.09,87615.31
2025-12-12 10:00:00,73111.92,160,63659.75,87432.14
2025-12-12 11:00:00,73105.43,170,63636.99,87434.84
2025-12-12 12:00:00,73320.15,157,63676.3,87443.54
2025-12-12 13:00:00,72996.01,156,63678.92,87603.73
2025-12-12 14:00:00,73213.95,149,63691.2,87751.7
2025-12-12 15:00:00,73217.42,146,63682.23,87804.11
2025-12-12 16:00:00,73170.06,141,63692.92,87767.06
2025-12-12 17:00:00,73311.75,128,63679.95,87805.68
2025-12-12 18:00:00,73514.09,126,63721.5,87776.17
2025-12-12 19:00:00,73425.36,110,63716.55,87699.84
2025-12-12 20:00:00,73545.29,103,63739.81,87467.79
2025-12-12 21:00:00,74058.07,108,63747.55,87207.59
2025-12-12 22:00:00,74016.12,93,63763.2,87034.52
2025-12-12 23:00:00,74068.25,88,63789.06,87007.11
2025-12-13 00:00:00,74032.0,97,63735.87,86777.54
2025-12-13 01:00:00,73978.86,107,63749.7,86978.72
2025-12-13 02:00:00,73806.91,112,63760.41,87238.05
2025-12-13 03:00:00,73764.15,114,63716.85,87193.14
2025-12-13 04:00:00,73840.11,116,63737.42,87276.16
2025-12-13 05:00:00,73775.5,113,63713.09,87053.12
2025-12-13 06:00:00,74030.59,122,63707.18,87305.9
2025-12-13 07:00:00,73761.82,129,63720.49,87058.04
2025-12-13 08:00:00,73561.82,136,63698.1,86984.57
2025-12-13 09:00:00,73594.26,145,63650.47,86815.0
2025-12-13 10:00:00,73875.75,149,63682.32,86895.27
2025-12-13 11:00:00,74232.46,153,63657.57,86782.06
2025-12-13 12:00:00,74122.53,159,63668.01,86776.3
2025-12-13 13:00:00,74356.29,151,63677.66,86923.14
2025-12-13 14:00:00,74243.63,142,63683.32,86756.8
2025-12-13 15:00:00,73883.29,120,63687.04,86676.17
2025-12-13 16:00:00,74088.45,117,63658.57,86612.37
2025-12-13 17:00:00,73855.99,110,63680.52,86539.17
2025-12-13 18:00:00,74078.21,99,63691.96,86799.6
2025-12-13 19:00:00,74221.89,99,63690.87,86706.36
2025-12-13 20:00:00,73773.96,95,63714.38,86745.72
2025-12-13 21:00:00,73506.38,90,63706.65,86650.28
2025-12-13 22:00:00,73329.12,86,63766.74,86635.61
2025-12-13 23:00:00,73345.87,107,63740.8,86710.91
2025-12-14 00:00:00,73226.49,102,63745.73,86848.37
2025-12-14 01:00:00,73374.67,106,63753.04,86878.1
2025-12-14 02:00:00,73588.27,96,63755.93,86755.18
2025-12-14 03:00:00,73664.27,107,63734.96,86658.09
2025-12-14 04:00:00,73761.67,104,63735.81,86794.99
2025-12-14 05:00:00,73487.27,117,63731.78,86498.56
2025-12-14 06:00:00,73591.36,128,63731.12,86347.1
2025-12-14 07:00:00,73231.82,126,63761.73,86318.97
2025-12-14 08:00:00,73377.85,127,63797.79,86367.52
2025-12-14 09:00:00,73327.79,124,63798.98,86373.73
2025-12-14 10:00:00,73254.93,130,63824.18,86274.36
2025-12-14 11:00:00,73251.1,136,63794.96,86265.87
2025-12-14 12:00:00,73179.1,139,63802.14,86047.36
2025-12-14 13:00:00,73038.14,142,63813.52,86127.77
2025-12-14 14:00:00,73296.78,143,63856.02,86032.94
2025-12-14 15:00:00,73222.75,131,63787.63,85989.98
2025-12-14 16:00:00,73373.39,123,63754.15,85781.73
2025-12-14 17:00:00,73477.13,119,63732.86,85900.09
2025-12-14 18:00:00,73353.22,124,63721.19,85980.95
2025-12-14 19:00:00,73438.51,108,63782.51,86187.88
2025-12-14 20:00:00,73041.55,106,63821.51,86291.0
2025-12-14 21:00:00,72854.29,96,63843.01,86149.86
2025-12-14 22:00:00,72833.6,95,63888.43,86308.22
2025-12-14 23:00:00,72751.33,92,63904.29,86216.79
2025-12-15 00:00:00,72379.55,92,63900.72,86369.51
2025-12-15 01:00:00,72170.18,87,63887.45,86659.11
2025-12-15 02:00:00,72199.18,88,63942.7,86731.78
2025-12-15 03:00:00,72222.23,99,63968.58,86966.75
2025-12-15 04:00:00,72463.96,107,63997.71,86918.63
2025-12-15 05:00:00,72891.25,121,63971.68,86908.07
2025-12-15 06:00:00,72626.74,123,63946.77,86781.31
2025-12-15 07:00:00,72204.34,129,63994.07,86731.45
2025-12-15 08:00:00,72202.96,135,64025.05,86844.14
2025-12-15 09:00:00,72036.84,136,64026.53,86733.95
2025-12-15 10:00:00,72105.08,135,64046.17,86618.73
2025-12-15 11:00:00,72133.78,141,64054.81,86586.83
2025-12-15 12:00:00,71995.58,143,64037.72,86691.33
2025-12-15 13:00:00,71933.47,154,64042.96,86874.01
2025-12-15 14:00:00,71669.04,145,64065.07,86807.84
2025-12-15 15:00:00,71904.04,128,64082.21,86797.95
2025-12-15 16:00:00,72153.04,127,64076.02,86565.89
2025-12-15 17:00:00,72250.67,130,64094.28,86719.7
2025-12-15 18:00:00,72321.93,118,64056.32,86797.42
2025-12-15 19:00:00,72697.77,115,64099.33,87021.92
2025-12-15 20:00:00,72955.7,107,64130.74,86944.18
2025-12-15 21:00:00,72819.44,102,64122.98,87021.65
2025-12-15 22:00:00,73422.56,106,64117.87,86963.79
2025-12-15 23:00:00,73505.37,101,64125.6,86998.89
2025-12-16 00:00:00,73299.06,107,64089.5,87059.76
2025-12-16 01:00:00,73250.26,106,64132.8,87075.72
2025-12-16 02:00:00,73362.58,100,64062.19,87011.29
2025-12-16 03:00:00,73261.74,97,64065.08,87026.64
2025-12-16 04:00:00,73711.08,113,64044.05,87057.48
2025-12-16 05:00:00,73736.14,100,64018.42,87153.9
2025-12-16 06:00:00,73341.48,113,64004.47,87106.54
2025-12-16 07:00:00,73216.55,147,64000.99,87034.26
2025-12-16 08:00:00,73191.65,153,64008.47,86965.53
2025-12-16 09:00:00,73151.11,161,63987.81,87132.96
2025-12-16 10:00:00,73147.89,166,63992.75,87029.84
2025-12-16 11:00:00,73089.19,161,63996.41,87067.59
2025-12-16 12:00:00,73171.59,158,64001.69,87156.03
2025-12-16 13:00:00,73755.8,141,64041.05,86945.46
2025-12-16 14:00:00,73585.91,149,64077.38,86962.46
2025-12-16 15:00:00,73383.84,148,64066.24,86900.14
2025-12-16 16:00:00,73525.49,141,64072.39,86745.0
2025-12-16 17:00:00,73854.37,144,64090.23,86860.27
2025-12-16 18:00:00,74289.05,132,64049.12,86887.65
2025-12-16 19:00:00,74084.29,130,64055.87,87090.33
2025-12-16 20:00:00,74193.05,123,64023.61,87343.23
2025-12-16 21:00:00,73798.25,118,63959.37,87377.47
2025-12-16 22:00:00,73505.46,103,63944.42,87563.51
2025-12-16 23:00:00,73263.3,107,63930.45,87537.13
2025-12-17 00:00:00,73227.48,99,63972.94,87618.09
2025-12-17 01:00:00,73493.26,105,64019.86,87872.42
2025-12-17 02:00:00,73259.29,112,64014.95,87737.27
2025-12-17 03:00:00,73162.75,109,64030.36,87717.56
2025-12-17 04:00:00,73133.63,126,64048.67,87894.99
2025-12-17 05:00:00,72989.22,136,64080.7,87835.75
2025-12-17 06:00:00,73343.08,136,64111.4,87813.6
2025-12-17 07:00:00,73404.54,144,64156.65,87925.31
2025-12-17 08:00:00,73238.21,158,64107.58,88076.4
2025-12-17 09:00:00,73246.87,160,64155.25,88041.29
2025-12-17 10:00:00,73528.54,169,64181.49,88025.41
2025-12-17 11:00:00,73486.47,165,64177.18,87880.88
2025-12-17 12:00:00,73599.68,167,64138.62,87744.71
2025-12-17 13:00:00,73637.67,168,64113.57,87748.0
2025-12-17 14:00:00,73827.18,148,64096.73,87965.33
2025-12-17 15:00:00,74062.77,153,64102.59,87754.1
2025-12-17 16:00:00,74169.04,158,64084.11,87781.07
2025-12-17 17:00:00,73945.72,142,64075.96,87996.57
2025-12-17 18:00:00,73789.93,138,64064.39,88085.93
2025-12-17 19:00:00,74068.36,119,64067.75,88278.06
2025-12-17 20:00:00,74204.78,110,64075.93,88244.98
2025-12-17 21:00:00,74023.39,115,64047.05,88364.45
2025-12-17 22:00:00,73595.28,120,64071.42,88384.29
2025-12-17 23:00:00,73448.39,115,64062.93,88481.7
2025-12-18 00:00:00,73469.19,110,64035.41,88408.2
2025-12-18 01:00:00,73264.59,117,64085.41,88407.65
2025-12-18 02:00:00,73161.45,121,64123.31,88122.26
2025-12-18 03:00:00,73237.78,131,64115.22,88299.77
2025-12-18 04:00:00,73202.23,139,64088.02,88296.39
2025-12-18 05:00:00,73023.85,143,64129.12,88363.34
2025-12-18 06:00:00,73379.0,141,64118.34,88476.5
2025-12-18 07:00:00,73027.28,143,64179.67,88297.0
2025-12-18 08:00:00,73213.62,137,64223.35,88664.15
2025-12-18 09:00:00,73483.38,150,64220.85,88752.45
2025-12-18 10:00:00,73289.01,150,64235.61,88678.68
2025-12-18 11:00:00,73024.63,149,64244.92,88715.24
2025-12-18 12:00:00,72932.79,148,64223.26,88474.02
2025-12-18 13:00:00,72821.28,147,64213.78,88473.48
2025-12-18 14:00:00,72748.6,153,64254.57,88423.12
2025-12-18 15:00:00,72970.18,133,64257.4,88446.43
2025-12-18 16:00:00,72846.19,132,64231.25,88368.97
2025-12-18 17:00:00,72977.0,129,64207.53,88399.43
2025-12-18 18:00:00,72844.1,123,64206.64,88441.72
2025-12-18 19:00:00,72866.48,111,64138.18,88624.55
2025-12-18 20:00:00,73038.35,121,64107.34,88562.95
2025-12-18 21:00:00,73052.87,114,64122.97,88878.51
2025-12-18 22:00:00,72805.35,117,64088.21,88839.22
2025-12-18 23:00:00,72954.36,110,64094.17,88823.74
2025-12-19 00:00:00,72738.66,100,64110.93,88718.32
2025-12-19 01:00:00,72569.87,111,64115.12,88708.8
2025-12-19 02:00:00,72641.17,117,64102.5,88859.28
2025-12-19 03:00:00,72815.79,118,64096.15,88667.16
2025-12-19 04:00:00,72848.09,118,64117.09,88797.54
2025-12-19 05:00:00,72988.33,126,64160.29,88762.75
2025-12-19 06:00:00,72924.73,129,64152.4,88731.88
2025-12-19 07:00:00,73049.36,128,64158.5,88768.36
2025-12-19 08:00:00,73024.44,135,64213.59,88820.05
2025-12-19 09:00:00,73220.67,131,64193.44,88789.11
2025-12-19 10:00:00,73491.63,157,64134.02,88879.04
2025-12-19 11:00:00,73681.81,163,64162.73,88862.45
2025-12-19 12:00:00,73492.9,172,64196.51,88862.6
2025-12-19 13:00:00,73223.43,162,64227.38,88792.19
2025-12-19 14:00:00,73084.79,165,64255.53,88778.94
2025-12-19 15:00:00,73028.29,164,64296.87,88819.92
2025-12-19 16:00:00,73133.2,138,64305.33,89047.34
2025-12-19 17:00:00,72821.6,124,64312.64,89000.32
2025-12-19 18:00:00,72848.21,122,64324.3,89126.17
2025-12-19 19:00:00,72680.8,119,64364.19,89092.65
2025-12-19 20:00:00,72471.98,132,64419.6,89382.55
2025-12-19 21:00:00,72574.76,123,64400.93,89084.8
2025-12-19 22:00:00,72268.05,110,64419.56,89272.35
2025-12-19 23:00:00,72595.82,101,64472.79,89150.71
2025-12-20 00:00:00,72654.83,111,64499.16,89242.86
2025-12-20 01:00:00,72880.07,109,64524.12,89357.66
2025-12-20 02:00:00,72777.99,111,64489.29,89474.34
2025-12-20 03:00:00,72864.5,120,64522.18,89570.57
2025-12-20 04:00:00,72538.86,122,64536.48,89226.37
2025-12-20 05:00:00,72448.64,125,64497.37,89223.84
2025-12-20 06:00:00,72695.13,121,64501.62,89270.62
2025-12-20 07:00:00,72682.86,123,64506.03,89221.4
2025-12-20 08:00:00,72634.61,126,64507.3,89259.34
2025-12-20 09:00:00,72460.84,134,64504.03,89274.73
2025-12-20 10:00:00,72308.67,139,64506.8,89370.16
2025-12-20 11:00:00,72553.63,138,64522.73,89457.01
2025-12-20 12:00:00,72564.37,144,64524.77,89321.96
2025-12-20 13:00:00,72562.19,147,64520.39,89460.7
2025-12-20 14:00:00,72820.43,140,64466.62,89374.31
2025-12-20 15:00:00,73081.39,124,64465.16,89174.18
2025-12-20 16:00:00,72999.52,126,64445.71,89048.95
2025-12-20 17:00:00,72839.55,120,64429.45,88988.3
2025-12-20 18:00:00,73157.16,122,64443.53,88812.82
2025-12-20 19:00:00,73077.92,111,64413.79,88605.52
2025-12-20 20:00:00,72951.87,103,64379.92,88615.71
2025-12-20 21:00:00,72861.71,104,64402.36,88593.56
2025-12-20 22:00:00,72983.23,105,64361.47,88737.7
2025-12-20 23:00:00,72713.84,102,64332.69,88385.63
2025-12-21 00:00:00,72910.89,103,64340.12,88404.01
2025-12-21 01:00:00,73393.54,93,64371.82,88561.39
2025-12-21 02:00:00,73649.6,92,64416.18,88617.91
2025-12-21 03:00:00,73727.28,93,64403.37,88690.75
2025-12-21 04:00:00,73652.16,99,64436.44,88354.4
2025-12-21 05:00:00,73734.52,95,64441.74,88220.32
2025-12-21 06:00:00,73376.58,101,64424.09,88146.81
2025-12-21 07:00:00,73416.58,117,64417.47,88065.81
2025-12-21 08:00:00,73383.55,126,64462.64,87823.07
2025-12-21 09:00:00,73171.8,124,64431.18,87893.13
2025-12-21 10:00:00,73172.63,129,64398.77,88227.55
2025-12-21 11:00:00,72792.74,147,64362.08,88268.36
2025-12-21 12:00:00,72697.1,143,64383.89,88504.18
2025-12-21 13:00:00,72673.52,148,64364.25,88498.52
2025-12-21 14:00:00,72475.86,128,64325.2,88453.37
2025-12-21 15:00:00,72613.2,112,64292.92,88588.99
2025-12-21 16:00:00,72728.88,116,64299.76,88822.46
2025-12-21 17:00:00,72486.99,106,64334.14,89081.94
2025-12-21 18:00:00,72658.75,101,64376.2,89071.81
2025-12-21 19:00:00,73063.81,94,64378.37,89106.44
2025-12-21 20:00:00,73075.38,93,64406.17,89210.3
2025-12-21 21:00:00,72887.54,89,64379.8,89266.08
2025-12-21 22:00:00,73087.19,93,64350.95,89410.5
2025-12-21 23:00:00,73007.26,102,64379.06,89510.19
2025-12-22 00:00:00,73159.81,98,64351.56,89574.12
2025-12-22 01:00:00,73167.06,95,64350.25,89502.03
2025-12-22 02:00:00,73244.22,106,64356.74,89371.95
2025-12-22 03:00:00,73267.88,103,64358.61,89371.06
2025-12-22 04:00:00,73432.34,121,64360.13,89283.0
2025-12-22 05:00:00,73364.55,121,64330.91,89231.96
2025-12-22 06:00:00,73588.9,122,64345.52,89377.17
2025-12-22 07:00:00,73856.44,123,64376.28,89182.93
2025-12-22 08:00:00,74006.43,128,64416.86,88791.46
2025-12-22 09:00:00,73869.34,134,64384.03,88553.8
2025-12-22 10:00:00,73746.92,141,64397.23,88544.63
2025-12-22 11:00:00,73627.47,144,64393.6,88369.04
2025-12-22 12:00:00,73983.78,147,64438.47,88505.24
2025-12-22 13:00:00,74138.78,146,64477.44,88478.46
2025-12-22 14:00:00,74196.77,142,64510.23,88303.63
2025-12-22 15:00:00,74474.77,137,64520.07,88032.1
2025-12-22 16:00:00,74126.15,126,64510.05,88043.53
2025-12-22 17:00:00,74289.66,128,64493.66,87951.1
2025-12-22 18:00:00,73686.27,124,64527.7,88033.32
2025-12-22 19:00:00,73700.38,117,64530.55,88132.49
2025-12-22 20:00:00,73574.65,98,64545.35,88187.91
2025-12-22 21:00:00,73720.02,92,64541.75,88096.25
2025-12-22 22:00:00,73881.32,96,64555.32,87998.99
2025-12-22 23:00:00,73712.7,93,64567.96,87846.2
2025-12-23 00:00:00,73353.3,84,64572.8,87820.61
2025-12-23 01:00:00,73485.01,107,64622.89,87887.42
2025-12-23 02:00:00,73420.75,118,64595.86,87846.61
2025-12-23 03:00:00,73390.84,117,64614.9,87922.52
2025-12-23 04:00:00,73671.08,103,64628.95,87852.86
2025-12-23 05:00:00,73823.61,121,64642.94,87963.34
2025-12-23 06:00:00,73839.56,127,64620.22,88033.07
2025-12-23 07:00:00,73951.26,117,64591.66,88125.96
2025-12-23 08:00:00,73949.21,128,64560.5,88145.18
2025-12-23 09:00:00,73753.63,132,64525.23,88387.28
2025-12-23 10:00:00,73894.1,137,64498.37,88341.64
2025-12-23 11:00:00,73781.63,145,64485.65,88127.54
2025-12-23 12:00:00,73825.53,150,64473.39,88047.09
2025-12-23 13:00:00,74217.98,145,64511.1,87984.5
2025-12-23 14:00:00,74226.33,145,64528.93,88124.23
2025-12-23 15:00:00,74417.91,149,64588.39,88080.73
2025-12-23 16:00:00,74193.28,140,64622.52,87980.42
2025-12-23 17:00:00,74226.26,141,64616.81,87933.47
2025-12-23 18:00:00,74301.64,129,64610.31,87773.04
2025-12-23 19:00:00,74017.45,123,64649.28,87753.74
2025-12-23 20:00:00,73666.48,115,64653.75,87895.24
2025-12-23 21:00:00,73857.02,122,64690.06,87807.76
2025-12-23 22:00:00,73827.67,117,64633.7,87943.72
2025-12-23 23:00:00,73756.91,118,64574.92,87998.76
2025-12-24 00:00:00,73888.81,110,64608.88,88050.89
2025-12-24 01:00:00,73886.77,106,64605.51,88190.75
2025-12-24 02:00:00,73658.04,118,64542.03,87940.18
2025-12-24 03:00:00,73353.09,126,64506.4,87836.97
2025-12-24 04:00:00,73392.9,143,64508.86,87854.39
2025-12-24 05:00:00,73553.02,152,64454.8,87920.46
2025-12-24 06:00:00,72971.27,153,64459.17,87766.13
2025-12-24 07:00:00,72874.53,157,64429.77,87905.51
2025-12-24 08:00:00,73012.63,160,64439.17,88077.78
2025-12-24 09:00:00,73049.22,175,64404.01,88549.74
2025-12-24 10:00:00,72956.32,173,64409.48,88641.68
2025-12-24 11:00:00,73250.11,145,64404.63,88789.97
2025-12-24 12:00:00,73457.78,166,64431.57,89049.92
2025-12-24 13:00:00,73263.27,171,64429.55,88889.24
2025-12-24 14:00:00,73471.83,175,64425.16,89021.78
2025-12-24 15:00:00,73497.61,160,64420.83,89091.09
2025-12-24 16:00:00,73742.59,144,64432.25,88948.01
2025-12-24 17:00:00,73924.63,143,64416.92,88747.95
2025-12-24 18:00:00,73761.54,124,64403.77,88735.03
2025-12-24 19:00:00,73587.37,122,64412.21,88858.91
2025-12-24 20:00:00,73623.85,131,64403.51,88897.57
2025-12-24 21:00:00,73625.35,125,64360.58,88761.03
2025-12-24 22:00:00,73802.81,120,64370.59,89000.32
2025-12-24 23:00:00,73573.44,111,64390.13,88948.39
2025-12-25 00:00:00,73621.34,110,64369.06,88844.14
2025-12-25 01:00:00,73365.9,109,64383.24,88973.12
2025-12-25 02:00:00,73300.18,123,64361.29,89011.26
2025-12-25 03:00:00,73145.87,136,64327.54,88860.98
2025-12-25 04:00:00,72672.2,120,64396.01,88766.42
2025-12-25 05:00:00,72767.44,135,64437.71,88898.56
2025-12-25 06:00:00,72800.08,150,64441.92,89001.29
2025-12-25 07:00:00,72325.82,146,64426.15,89107.76
2025-12-25 08:00:00,72217.74,156,64453.11,89202.94
2025-12-25 09:00:00,72301.2,145,64435.96,89289.37
2025-12-25 10:00:00,72415.85,150,64459.44,89273.97
2025-12-25 11:00:00,72422.43,149,64450.65,89004.41
2025-12-25 12:00:00,72356.23,143,64447.14,89042.42
2025-12-25 13:00:00,72760.9,147,64483.43,88992.86
2025-12-25 14:00:00,73048.21,151,64455.06,89170.09
2025-12-25 15:00:00,73124.59,152,64450.6,89048.22
2025-12-25 16:00:00,73204.6,141,64540.52,89125.25
2025-12-25 17:00:00,73208.16,146,64510.04,88973.34
2025-12-25 18:00:00,73168.69,132,64521.09,88923.62
2025-12-25 19:00:00,72739.07,125,64504.14,89074.1
2025-12-25 20:00:00,72970.27,119,64477.57,88963.93
2025-12-25 21:00:00,73028.3,114,64511.15,89015.06
2025-12-25 22:00:00,72937.74,114,64512.44,89460.44
2025-12-25 23:00:00,72623.36,96,64536.98,89313.57
2025-12-26 00:00:00,72726.47,101,64552.54,89384.63
2025-12-26 01:00:00,72689.46,108,64571.35,89446.99
2025-12-26 02:00:00,72580.73,112,64569.36,89908.87
2025-12-26 03:00:00,72814.4,112,64562.41,90137.52
2025-12-26 04:00:00,72794.26,123,64611.13,90115.71
2025-12-26 05:00:00,73033.07,144,64611.93,89984.22
2025-12-26 06:00:00,72915.48,139,64630.17,89942.4
2025-12-26 07:00:00,72558.82,133,64686.87,90002.35
2025-12-26 08:00:00,73013.77,148,64665.74,90173.56
2025-12-26 09:00:00,72988.41,158,64660.53,90015.98
2025-12-26 10:00:00,73103.1,164,64622.89,89965.69
2025-12-26 11:00:00,73155.1,166,64642.54,90041.62
2025-12-26 12:00:00,73343.13,155,64672.05,90064.52
2025-12-26 13:00:00,73206.84,145,64693.57,89966.12
2025-12-26 14:00:00,73166.66,145,64735.13,90095.91
2025-12-26 15:00:00,73324.33,147,64737.4,89876.97
2025-12-26 16:00:00,73502.11,137,64700.59,89628.9
2025-12-26 17:00:00,73475.28,129,64690.52,89607.21
2025-12-26 18:00:00,73460.95,122,64691.49,89645.63
2025-12-26 19:00:00,72933.87,110,64695.17,89887.72
2025-12-26 20:00:00,73149.89,96,64654.26,89906.54
2025-12-26 21:00:00,72926.11,101,64674.62,89792.73
2025-12-26 22:00:00,72948.28,99,64677.95,89715.74
2025-12-26 23:00:00,72948.24,94,64621.15,89676.33
2025-12-27 00:00:00,72850.12,82,64630.2,89349.89
2025-12-27 01:00:00,73052.68,105,64600.95,89421.61
2025-12-27 02:00:00,73086.28,96,64577.58,89527.48
2025-12-27 03:00:00,73228.58,117,64551.54,89251.81
2025-12-27 04:00:00,73002.7,129,64542.93,89131.66
2025-12-27 05:00:00,72973.74,134,64582.55,89099.32
2025-12-27 06:00:00,73137.0,129,64603.7,88983.34
2025-12-27 07:00:00,73389.32,129,64633.51,89002.79
2025-12-27 08:00:00,73197.63,143,64594.12,88869.84
2025-12-27 09:00:00,73325.24,138,64592.21,88891.33
2025-12-27 10:00:00,72993.86,147,64646.28,88948.74
2025-12-27 11:00:00,72933.64,134,64701.33,88719.52
2025-12-27 12:00:00,72622.21,122,64689.86,88623.77
2025-12-27 13:00:00,73071.3,123,64700.1,88470.72
2025-12-27 14:00:00,72938.87,115,64736.55,88494.92
2025-12-27 15:00:00,72682.01,110,64767.0,88538.08
2025-12-27 16:00:00,72416.53,99,64769.6,88518.42
2025-12-27 17:00:00,72359.0,107,64757.51,88638.96
2025-12-27 18:00:00,72409.86,116,64721.18,88636.15
2025-12-27 19:00:00,72071.47,121,64771.14,88529.37
2025-12-27 20:00:00,72109.07,115,64831.18,88457.91
2025-12-27 21:00:00,72158.3,104,64780.39,88358.65
2025-12-27 22:00:00,72147.59,98,64812.41,88326.87
2025-12-27 23:00:00,72146.76,102,64875.4,88426.34
2025-12-28 00:00:00,72173.18,108,64883.35,88359.61
2025-12-28 01:00:00,72150.03,105,64879.34,88315.5
2025-12-28 02:00:00,72108.53,113,64900.89,88371.13
2025-12-28 03:00:00,72548.24,111,64876.94,88260.59
2025-12-28 04:00:00,72566.94,96,64903.28,88206.56
2025-12-28 05:00:00,72214.74,112,64917.86,88364.85
2025-12-28 06:00:00,72238.68,116,64908.42,88249.61
2025-12-28 07:00:00,71931.89,133,64889.68,88466.82
2025-12-28 08:00:00,72106.7,133,64893.68,88613.41
2025-12-28 09:00:00,72230.04,131,64914.02,88481.99
2025-12-28 10:00:00,72446.67,141,64921.8,88463.39
2025-12-28 11:00:00,72702.96,136,64893.1,88229.74
2025-12-28 12:00:00,72811.79,126,64932.31,88154.37
2025-12-28 13:00:00,72808.37,132,64935.46,88411.14
2025-12-28 14:00:00,72844.19,128,64938.62,88417.56
2025-12-28 15:00:00,72929.09,133,64951.03,88536.37
2025-12-28 16:00:00,73063.09,118,64953.06,88709.65
2025-12-28 17:00:00,73152.75,107,64991.64,88551.29
2025-12-28 18:00:00,73071.46,115,65039.34,88431.31
2025-12-28 19:00:00,72893.39,107,65090.02,88447.1
2025-12-28 20:00:00,72654.43,93,65063.79,88338.14
2025-12-28 21:00:00,72719.94,83,65100.0,88578.01
2025-12-28 22:00:00,72858.95,78,65147.98,88666.49
2025-12-28 23:00:00,72893.92,74,65126.1,88634.38
2025-12-29 00:00:00,73212.68,75,65135.11,88679.21
2025-12-29 01:00:00,73185.02,79,65172.81,88749.68
2025-12-29 02:00:00,73460.56,87,65185.48,88782.72
2025-12-29 03:00:00,73323.57,100,65222.18,88898.77
2025-12-29 04:00:00,73144.18,93,65242.22,88899.3
2025-12-29 05:00:00,73164.35,112,65266.82,88824.77
2025-12-29 06:00:00,73229.82,129,65244.44,89085.55
2025-12-29 07:00:00,73318.17,128,65226.98,89406.42
2025-12-29 08:00:00,73288.73,138,65228.76,89652.27
2025-12-29 09:00:00,73224.87,148,65232.23,89755.1
2025-12-29 10:00:00,73227.65,132,65237.39,89856.06
2025-12-29 11:00:00,73173.32,129,65223.41,89689.57
2025-12-29 12:00:00,73086.8,135,65226.3,89630.13
2025-12-29 13:00:00,72938.69,140,65238.02,89661.29
2025-12-29 14:00:00,72892.99,138,65283.45,89671.24
2025-12-29 15:00:00,73108.59,131,65260.72,89792.25
2025-12-29 16:00:00,73286.19,128,65310.82,89698.06
2025-12-29 17:00:00,73183.95,121,65323.06,89459.49
2025-12-29 18:00:00,73306.98,113,65341.82,89360.32
2025-12-29 19:00:00,73292.58,103,65341.66,89389.5
2025-12-29 20:00:00,73709.37,92,65301.07,89233.47
2025-12-29 21:00:00,73838.88,95,65326.43,89230.45
2025-12-29 22:00:00,73978.81,102,65321.71,89041.9
2025-12-29 23:00:00,74290.67,99,65369.63,89143.19
2025-12-30 00:00:00,74428.32,104,65343.04,89172.35
2025-12-30 01:00:00,74339.71,111,65349.85,89179.32
2025-12-30 02:00:00,74303.91,107,65298.37,89103.43
2025-12-30 03:00:00,74178.63,114,65302.8,89201.49
2025-12-30 04:00:00,74135.57,120,65317.32,89292.29
2025-12-30 05:00:00,73849.94,130,65310.88,89389.1
2025-12-30 06:00:00,73953.56,143,65291.31,89600.96
2025-12-30 07:00:00,73954.54,152,65247.38,89653.05
2025-12-30 08:00:00,73485.12,144,65278.35,89687.99
2025-12-30 09:00:00,73438.91,144,65259.11,89967.91
2025-12-30 10:00:00,73493.81,155,65297.59,89993.7
2025-12-30 11:00:00,73414.5,166,65312.28,89771.88
2025-12-30 12:00:00,73318.81,150,65339.53,89857.58
2025-12-30 13:00:00,73296.97,138,65374.95,89846.11
2025-12-30 14:00:00,73382.18,139,65372.78,89795.82
2025-12-30 15:00:00,73362.88,132,65380.22,89848.22
2025-12-30 16:00:00,73771.2,124,65365.94,89926.77
2025-12-30 17:00:00,73814.45,123,65421.01,90113.57
2025-12-30 18:00:00,73607.06,122,65440.71,90075.2
2025-12-30 19:00:00,73581.32,117,65423.37,90008.76
2025-12-30 20:00:00,73842.82,114,65424.92,89848.98
2025-12-30 21:00:00,74053.95,116,65483.11,89955.74
2025-12-30 22:00:00,73547.03,117,65502.32,90358.36
2025-12-30 23:00:00,73493.77,112,65482.82,90297.94
2025-12-31 00:00:00,73293.22,120,65468.0,90461.98
2025-12-31 01:00:00,73249.21,116,65500.0,90589.06
2025-12-31 02:00:00,73458.62,115,65504.98,90718.73
2025-12-31 03:00:00,73282.69,120,65525.72,90817.7
2025-12-31 04:00:00,73067.5,130,65511.69,90945.41
2025-12-31 05:00:00,73294.13,127,65498.21,91111.29
2025-12-31 06:00:00,73183.7,131,65551.24,91169.52
2025-12-31 07:00:00,73408.29,131,65557.84,91178.92
2025-12-31 08:00:00,73723.09,142,65566.34,91064.18
2025-12-31 09:00:00,73471.72,143,65587.26,91369.63
2025-12-31 10:00:00,73057.03,148,65626.58,91273.72
2025-12-31 11:00:00,72959.9,160,65623.52,91230.16
2025-12-31 12:00:00,72876.74,174,65622.56,91096.39
2025-12-31 13:00:00,73061.75,157,65582.46,91092.69
2025-12-31 14:00:00,73049.63,151,65549.2,91336.8
2025-12-31 15:00:00,73053.55,155,65554.38,91511.86
2025-12-31 16:00:00,72992.33,159,65549.48,91652.77
2025-12-31 17:00:00,72941.37,155,65548.05,91990.85
2025-12-31 18:00:00,72787.74,151,65592.01,92195.84
2025-12-31 19:00:00,72674.16,132,65567.25,92126.26
2025-12-31 20:00:00,72592.15,138,65615.43,92070.58
2025-12-31 21:00:00,72702.17,131,65641.36,92054.96
2025-12-31 22:00:00,72756.02,132,65634.59,91845.4
2025-12-31 23:00:00,72768.76,122,65626.48,91793.77
2026-01-01 00:00:00,72884.14,120,65616.74,91699.94
2026-01-01 01:00:00,72562.46,121,65608.17,91812.39
2026-01-01 02:00:00,72575.19,131,65603.95,91785.91
2026-01-01 03:00:00,72769.2,142,65597.97,91764.96
2026-01-01 04:00:00,72713.17,132,65608.69,92136.64
2026-01-01 05:00:00,72805.54,146,65636.83,92166.75
2026-01-01 06:00:00,73090.8,146,65675.38,92102.61
2026-01-01 07:00:00,73082.44,142,65741.52,92210.45
2026-01-01 08:00:00,73241.84,155,65785.0,92211.22
2026-01-01 09:00:00,73200.83,161,65767.68,92100.77
2026-01-01 10:00:00,73158.43,152,65803.1,92029.84
2026-01-01 11:00:00,72885.64,169,65800.21,92254.11
2026-01-01 12:00:00,72835.55,159,65824.5,92187.95
2026-01-01 13:00:00,72455.7,152,65822.94,92270.75
2026-01-01 14:00:00,72421.25,149,65846.2,92456.22
2026-01-01 15:00:00,72651.41,144,65848.35,92452.93
2026-01-01 16:00:00,73039.56,140,65872.82,92297.14
2026-01-01 17:00:00,72935.34,145,65904.55,92103.01
2026-01-01 18:00:00,72947.28,135,65918.59,91828.15
2026-01-01 19:00:00,73378.51,123,65943.72,91838.23
2026-01-01 20:00:00,72978.15,115,65893.42,91770.1
2026-01-01 21:00:00,73016.38,106,65859.93,91803.59
2026-01-01 22:00:00,73100.21,126,65876.31,91833.93
2026-01-01 23:00:00,73036.88,124,65870.48,91838.15
2026-01-02 00:00:00,73178.22,130,65821.55,91960.43
2026-01-02 01:00:00,73286.22,121,65881.86,92131.91
2026-01-02 02:00:00,72981.72,129,65873.58,92119.41
2026-01-02 03:00:00,73350.0,146,65882.8,92120.85
2026-01-02 04:00:00,73065.3,133,65911.22,92382.55
2026-01-02 05:00:00,73458.87,133,65918.02,92482.61
2026-01-02 06:00:00,73769.47,119,65947.4,92825.7
2026-01-02 07:00:00,73462.14,121,65890.91,92879.78
2026-01-02 08:00:00,73268.83,137,65932.76,92900.45
2026-01-02 09:00:00,73336.17,142,65937.59,92742.49
2026-01-02 10:00:00,73130.54,147,65944.75,92653.24
2026-01-02 11:00:00,73147.45,149,65966.59,92745.77
2026-01-02 12:00:00,73258.29,149,65955.18,92548.76
2026-01-02 13:00:00,73282.03,155,65996.57,92842.81
2026-01-02 14:00:00,73367.4,159,65996.58,92811.17
2026-01-02 15:00:00,72900.56,149,65995.81,92742.5
2026-01-02 16:00:00,73091.45,132,65984.93,92795.78
2026-01-02 17:00:00,73108.03,122,66011.04,92870.41
2026-01-02 18:00:00,73017.96,116,66025.54,92764.27
2026-01-02 19:00:00,72981.5,115,66041.87,93082.41
2026-01-02 20:00:00,73032.54,114,66094.7,93003.18
2026-01-02 21:00:00,73070.21,100,66071.76,93012.93
2026-01-02 22:00:00,72906.4,97,66088.24,92844.61
2026-01-02 23:00:00,73487.32,111,66106.06,93038.31
2026-01-03 00:00:00,73537.55,114,66108.96,93015.27
2026-01-03 01:00:00,73564.61,110,66213.74,93120.49
2026-01-03 02:00:00,73574.69,101,66228.6,93146.14
2026-01-03 03:00:00,73424.13,107,66228.43,93047.71
2026-01-03 04:00:00,73572.18,116,66230.86,93075.21
2026-01-03 05:00:00,73451.26,110,66222.25,92791.89
2026-01-03 06:00:00,73553.81,125,66236.95,93067.98
2026-01-03 07:00:00,73630.07,131,66260.17,93082.07
2026-01-03 08:00:00,73555.18,135,66241.94,93125.76
2026-01-03 09:00:00,73591.2,137,66255.23,93208.06
2026-01-03 10:00:00,73391.73,137,66257.18,93153.11
2026-01-03 11:00:00,73422.94,145,66264.4,93170.4
2026-01-03 12:00:00,73342.72,148,66205.42,93253.66
2026-01-03 13:00:00,73278.52,140,66154.38,93070.87
2026-01-03 14:00:00,73358.9,137,66164.03,93051.81
2026-01-03 15:00:00,73212.71,127,66183.31,93152.11
2026-01-03 16:00:00,73231.72,123,66209.66,93158.49
2026-01-03 17:00:00,73117.24,115,66241.05,93152.7
2026-01-03 18:00:00,73280.49,119,66280.56,93112.37
2026-01-03 19:00:00,73100.27,116,66297.73,92970.42
2026-01-03 20:00:00,73321.76,103,66265.24,93003.59
2026-01-03 21:00:00,73384.96,95,66297.33,92624.11
2026-01-03 22:00:00,73266.35,88,66262.54,92534.04
2026-01-03 23:00:00,73538.62,97,66270.1,92520.11
2026-01-04 00:00:00,73186.75,100,66274.9,92410.51
2026-01-04 01:00:00,73214.14,101,66223.7,92417.87
2026-01-04 02:00:00,73260.99,104,66177.59,92344.7
2026-01-04 03:00:00,73447.33,109,66177.74,92086.52
2026-01-04 04:00:00,73643.18,90,66171.09,91965.99
2026-01-04 05:00:00,73716.45,97,66234.16,91792.78
2026-01-04 06:00:00,73615.26,120,66218.13,91848.06
2026-01-04 07:00:00,73653.26,125,66221.93,92086.83
2026-01-04 08:00:00,73713.53,146,66207.35,92183.7
2026-01-04 09:00:00,73610.58,145,66178.36,92231.16
2026-01-04 10:00:00,73834.83,147,66181.33,92302.59
2026-01-04 11:00:00,73959.87,147,66238.64,92242.44
2026-01-04 12:00:00,73907.18,138,66184.7,92115.55
2026-01-04 13:00:00,73517.53,136,66206.95,91771.54
2026-01-04 14:00:00,73495.67,135,66209.64,91852.07
2026-01-04 15:00:00,73145.03,129,66153.74,92020.67
2026-01-04 16:00:00,73396.17,115,66182.46,92135.53
2026-01-04 17:00:00,73441.73,115,66198.66,91968.9
2026-01-04 18:00:00,73275.38,110,66152.43,91716.67
2026-01-04 19:00:00,73456.26,104,66159.12,91610.77
2026-01-04 20:00:00,73315.96,104,66177.31,91648.32
2026-01-04 21:00:00,73613.12,102,66176.8,91725.97
2026-01-04 22:00:00,73801.63,104,66164.18,91721.83
2026-01-04 23:00:00,73798.17,96,66132.55,91791.57
2026-01-05 00:00:00,73850.79,101,66182.68,91649.1
2026-01-05 01:00:00,73312.46,98,66180.43,91444.61
2026-01-05 02:00:00,73154.93,98,66235.37,91280.13
2026-01-05 03:00:00,73171.75,95,66260.31,91078.57
2026-01-05 04:00:00,73372.02,114,66307.58,90903.1
2026-01-05 05:00:00,73699.19,125,66335.93,91000.4
2026-01-05 06:00:00,73731.0,131,66345.08,90858.44
2026-01-05 07:00:00,73792.06,147,66322.05,90872.86
2026-01-05 08:00:00,73526.55,146,66330.41,90805.18
2026-01-05 09:00:00,73571.08,144,66317.59,90968.7
2026-01-05 10:00:00,73922.7,144,66290.09,91000.69
2026-01-05 11:00:00,73877.06,145,66255.09,90782.83
2026-01-05 12:00:00,73566.07,147,66236.22,90721.91
2026-01-05 13:00:00,73456.69,140,66234.58,90872.57
2026-01-05 14:00:00,73296.12,142,66243.97,90958.8
2026-01-05 15:00:00,73135.45,133,66236.64,90872.54
2026-01-05 16:00:00,73213.82,125,66198.44,90929.34
2026-01-05 17:00:00,73408.32,121,66228.45,91054.24
2026-01-05 18:00:00,73293.69,112,66213.78,90762.79
2026-01-05 19:00:00,73239.38,104,66218.71,90766.62
2026-01-05 20:00:00,73275.63,93,66253.62,90730.75
2026-01-05 21:00:00,72847.53,90,66282.47,90706.28
2026-01-05 22:00:00,72884.26,85,66279.8,90811.66
2026-01-05 23:00:00,72923.05,91,66277.61,90731.17
2026-01-06 00:00:00,72743.23,91,66223.1,90683.66
2026-01-06 01:00:00,72602.56,102,66209.88,90852.96
2026-01-06 02:00:00,72873.67,103,66214.31,91047.72
2026-01-06 03:00:00,73172.06,114,66204.88,91118.06
2026-01-06 04:00:00,73087.31,115,66210.26,91148.49
2026-01-06 05:00:00,73325.96,123,66194.46,91147.72
2026-01-06 06:00:00,73431.7,131,66188.26,91262.17
2026-01-06 07:00:00,73273.21,134,66151.84,91309.87
2026-01-06 08:00:00,73007.6,147,66079.46,91190.9
2026-01-06 09:00:00,73041.93,150,66057.16,91345.05
2026-01-06 10:00:00,72838.22,168,66073.82,91356.56
2026-01-06 11:00:00,72966.51,159,66059.01,91205.87
2026-01-06 12:00:00,73030.1,161,66108.32,91184.4
2026-01-06 13:00:00,72830.64,160,66082.77,91310.18
2026-01-06 14:00:00,72820.32,155,66054.9,91196.91
2026-01-06 15:00:00,72958.52,144,66035.26,91230.73
2026-01-06 16:00:00,72967.64,139,66044.53,91017.66
2026-01-06 17:00:00,73424.61,140,66071.31,91060.16
2026-01-06 18:00:00,73233.15,136,66096.59,91025.76
2026-01-06 19:00:00,72944.69,136,66052.25,91029.63
2026-01-06 20:00:00,72806.54,125,66063.68,90977.6
2026-01-06 21:00:00,72757.19,131,66046.89,91010.34
2026-01-06 22:00:00,72558.85,118,66024.62,91188.51
2026-01-06 23:00:00,72783.62,113,65991.05,91163.08
2026-01-07 00:00:00,72917.21,102,65996.71,91323.85
2026-01-07 01:00:00,73086.85,117,65984.74,91257.65
2026-01-07 02:00:00,72998.25,119,65991.73,91375.87
2026-01-07 03:00:00,73320.15,129,66024.7,91158.28
2026-01-07 04:00:00,73152.12,135,66039.21,91235.44
2026-01-07 05:00:00,72976.18,140,66080.09,91045.11
2026-01-07 06:00:00,72688.22,147,66072.83,91196.69
2026-01-07 07:00:00,72785.76,152,66070.59,91131.94
2026-01-07 08:00:00,73034.97,165,66065.08,91225.22
2026-01-07 09:00:00,72778.94,163,66118.6,91319.11
2026-01-07 10:00:00,72960.01,156,66142.08,91220.47
2026-01-07 11:00:00,72989.65,161,66133.97,91407.0
2026-01-07 12:00:00,72703.5,177,66134.92,91484.63
2026-01-07 13:00:00,72497.7,160,66123.86,91486.02
2026-01-07 14:00:00,72576.9,157,66165.56,91400.28
2026-01-07 15:00:00,72785.6,158,66168.41,91443.08
2026-01-07 16:00:00,72830.63,151,66141.6,91540.9
2026-01-07 17:00:00,72392.97,137,66186.06,91295.07
2026-01-07 18:00:00,72231.58,137,66226.54,91343.21
2026-01-07 19:00:00,72250.35,129,66195.56,91305.32
2026-01-07 20:00:00,72314.27,119,66234.49,91417.63
2026-01-07 21:00:00,72234.77,117,66265.55,91587.66
2026-01-07 22:00:00,72357.83,122,66235.75,91611.71
2026-01-07 23:00:00,72155.17,116,66239.17,91735.52
2026-01-08 00:00:00,72153.19,118,66264.32,91701.61
2026-01-08 01:00:00,72312.81,119,66243.3,91421.78
2026-01-08 02:00:00,72296.73,140,66324.62,91441.97
2026-01-08 03:00:00,72463.01,145,66289.92,91724.52
2026-01-08 04:00:00,72185.02,137,66317.87,91667.54
2026-01-08 05:00:00,72224.91,145,66293.12,91603.03
2026-01-08 06:00:00,72147.25,146,66273.58,91763.56
2026-01-08 07:00:00,72589.79,147,66260.5,91840.14
2026-01-08 08:00:00,72363.72,145,66300.16,91825.46
2026-01-08 09:00:00,72420.19,136,66293.64,91830.22
2026-01-08 10:00:00,73156.95,150,66269.32,91733.53
2026-01-08 11:00:00,73022.52,156,66246.79,91883.17
2026-01-08 12:00:00,73222.75,159,66260.58,92037.62
2026-01-08 13:00:00,73080.13,162,66275.38,91813.13
2026-01-08 14:00:00,73242.25,158,66253.27,91813.38
2026-01-08 15:00:00,73362.04,149,66199.63,91973.34
2026-01-08 16:00:00,73601.15,153,66168.2,91913.06
2026-01-08 17:00:00,73711.34,140,66153.85,92057.6
2026-01-08 18:00:00,73702.35,127,66140.39,92200.1
2026-01-08 19:00:00,73879.29,130,66131.53,92262.93
2026-01-08 20:00:00,74011.85,111,66107.21,92205.86
2026-01-08 21:00:00,73714.39,117,66097.77,92241.5
2026-01-08 22:00:00,73994.34,111,66139.39,92368.76
2026-01-08 23:00:00,73782.66,109,66093.95,92348.24
2026-01-09 00:00:00,73688.4,112,66114.08,92420.93
2026-01-09 01:00:00,73281.58,123,66096.83,92466.05
2026-01-09 02:00:00,72842.88,125,66090.26,92522.92
2026-01-09 03:00:00,72922.71,121,66119.96,92702.39
2026-01-09 04:00:00,72781.23,118,66121.39,92915.64
2026-01-09 05:00:00,72800.37,116,66128.28,92755.34
2026-01-09 06:00:00,73123.92,126,66165.1,92908.17
2026-01-09 07:00:00,72907.49,144,66188.79,92920.94
2026-01-09 08:00:00,72926.48,154,66208.24,93062.19
2026-01-09 09:00:00,72909.9,162,66254.4,92756.57
2026-01-09 10:00:00,72793.22,151,66228.67,92702.97
2026-01-09 11:00:00,72832.88,144,66251.01,92642.61
2026-01-09 12:00:00,73371.99,143,66264.12,92712.47
2026-01-09 13:00:00,73599.4,141,66217.57,92586.76
2026-01-09 14:00:00,73665.3,141,66247.14,92835.43
2026-01-09 15:00:00,73584.01,145,66250.67,92733.22
2026-01-09 16:00:00,73449.63,127,66224.02,92679.46
2026-01-09 17:00:00,73128.61,129,66221.2,92618.99
2026-01-09 18:00:00,72732.44,115,66198.89,92968.43
2026-01-09 19:00:00,72929.86,109,66188.45,93035.82
2026-01-09 20:00:00,72995.97,105,66202.34,93189.46
2026-01-09 21:00:00,73107.4,109,66171.41,93213.71
2026-01-09 22:00:00,73474.51,106,66185.36,93186.15
2026-01-09 23:00:00,73232.14,86,66228.07,93191.34
2026-01-10 00:00:00,73371.88,97,66218.26,93198.29
2026-01-10 01:00:00,73394.13,101,66238.68,93205.79
2026-01-10 02:00:00,73225.73,100,66237.02,93255.33
2026-01-10 03:00:00,72894.57,102,66265.98,93161.77
2026-01-10 04:00:00,72798.89,121,66305.69,92791.06
2026-01-10 05:00:00,72739.96,124,66283.49,92972.89
2026-01-10 06:00:00,72600.86,130,66288.54,93079.04
2026-01-10 07:00:00,72466.11,127,66255.54,93093.96
2026-01-10 08:00:00,72550.41,133,66258.06,92960.75
2026-01-10 09:00:00,72362.99,152,66231.75,92898.85
2026-01-10 10:00:00,72501.53,150,66200.17,92725.05
2026-01-10 11:00:00,72960.42,144,66232.13,92855.3
2026-01-10 12:00:00,73191.77,143,66241.49,92755.3
2026-01-10 13:00:00,73104.35,136,66238.36,92783.9
2026-01-10 14:00:00,73204.07,133,66242.76,92705.93
2026-01-10 15:00:00,73279.23,126,66272.52,92765.12
2026-01-10 16:00:00,73365.6,128,66284.07,92614.13
2026-01-10 17:00:00,73552.25,107,66298.95,92559.51
2026-01-10 18:00:00,73358.01,90,66304.65,92590.68
2026-01-10 19:00:00,73410.56,101,66317.32,92511.97
2026-01-10 20:00:00,73551.07,91,66303.64,92261.32
2026-01-10 21:00:00,73323.93,95,66350.97,92576.55
2026-01-10 22:00:00,73108.12,78,66359.34,92588.74
2026-01-10 23:00:00,73007.5,84,66374.16,92665.04
2026-01-11 00:00:00,72899.89,87,66400.08,92511.03
2026-01-11 01:00:00,72643.49,71,66372.16,92517.65
2026-01-11 02:00:00,72714.59,92,66377.01,92385.45
2026-01-11 03:00:00,73097.43,103,66386.26,92248.44
2026-01-11 04:00:00,73180.42,97,66365.52,92444.69
2026-01-11 05:00:00,73470.67,112,66401.26,92397.56
2026-01-11 06:00:00,73404.43,132,66409.46,92353.82
2026-01-11 07:00:00,73777.64,128,66400.25,92277.14
2026-01-11 08:00:00,73610.74,115,66412.99,92386.29
2026-01-11 09:00:00,73565.15,120,66411.36,92212.49
2026-01-11 10:00:00,73488.43,128,66371.68,92165.66
2026-01-11 11:00:00,73315.93,127,66412.04,92252.65
2026-01-11 12:00:00,73845.47,119,66421.01,92360.63
2026-01-11 13:00:00,73709.37,138,66416.77,92547.16
2026-01-11 14:00:00,73714.87,131,66409.4,92567.7
2026-01-11 15:00:00,73517.2,140,66429.75,92647.75
2026-01-11 16:00:00,73187.4,130,66419.95,92812.79
2026-01-11 17:00:00,72763.55,118,66384.96,92853.6
2026-01-11 18:00:00,72612.47,122,66396.26,92928.35
2026-01-11 19:00:00,72314.58,113,66413.63,92968.12
2026-01-11 20:00:00,72796.79,104,66398.49,92940.12
2026-01-11 21:00:00,72968.29,98,66398.65,92807.87
2026-01-11 22:00:00,72732.35,100,66409.68,92860.76
2026-01-11 23:00:00,72734.23,101,66430.09,92557.77
2026-01-12 00:00:00,72954.14,105,66410.88,92440.89
2026-01-12 01:00:00,72864.73,98,66403.69,92478.21
2026-01-12 02:00:00,72840.43,104,66427.41,92262.0
2026-01-12 03:00:00,72639.87,108,66410.57,92293.85
2026-01-12 04:00:00,72184.63,121,66389.92,92288.17
2026-01-12 05:00:00,72161.5,124,66375.58,92108.66
2026-01-12 06:00:00,72374.02,127,66407.08,92128.61
2026-01-12 07:00:00,72358.07,131,66421.32,92219.03
2026-01-12 08:00:00,72141.15,148,66460.72,92047.45
2026-01-12 09:00:00,72087.35,136,66466.01,91889.51
2026-01-12 10:00:00,71975.68,146,66485.37,91845.76
2026-01-12 11:00:00,71914.58,145,66458.95,91783.17
2026-01-12 12:00:00,72021.23,145,66439.57,91840.93
2026-01-12 13:00:00,71668.42,143,66427.41,91763.28
2026-01-12 14:00:00,72164.03,148,66462.0,91741.82
2026-01-12 15:00:00,72070.08,141,66513.21,91918.29
2026-01-12 16:00:00,72198.06,130,66515.15,92120.63
2026-01-12 17:00:00,71995.64,125,66510.35,92088.68
2026-01-12 18:00:00,71875.26,105,66503.38,92098.47
2026-01-12 19:00:00,71807.72,106,66481.02,92157.94
2026-01-12 20:00:00,71886.4,117,66515.4,92287.95
2026-01-12 21:00:00,72212.15,108,66537.52,92331.97
2026-01-12 22:00:00,72432.76,111,66565.8,92470.87
2026-01-12 23:00:00,72743.85,98,66534.83,92443.01
2026-01-13 00:00:00,72684.66,97,66537.95,92258.56
2026-01-13 01:00:00,72946.31,97,66559.31,92135.09
2026-01-13 02:00:00,72854.14,116,66569.25,92568.22
2026-01-13 03:00:00,72764.24,114,66544.19,92594.76
2026-01-13 04:00:00,72678.85,125,66543.12,92505.3
2026-01-13 05:00:00,72838.9,130,66500.95,92730.04
2026-01-13 06:00:00,72921.08,142,66471.13,92755.81
2026-01-13 07:00:00,73201.2,150,66450.83,92833.9
2026-01-13 08:00:00,73053.69,147,66420.27,92805.23
2026-01-13 09:00:00,73158.78,145,66419.82,92780.33
2026-01-13 10:00:00,73299.11,154,66405.57,92984.3
2026-01-13 11:00:00,73471.06,160,66415.51,93016.82
2026-01-13 12:00:00,73545.46,158,66416.88,93163.01
2026-01-13 13:00:00,73448.62,145,66423.46,93203.75
2026-01-13 14:00:00,73657.35,138,66376.69,93253.18
2026-01-13 15:00:00,73765.45,153,66368.09,93074.36
2026-01-13 16:00:00,73556.92,136,66328.5,93163.72
2026-01-13 17:00:00,73336.89,138,66339.08,93057.23
2026-01-13 18:00:00,73053.72,122,66281.65,93124.17
2026-01-13 19:00:00,73313.47,128,66291.8,93099.43
2026-01-13 20:00:00,73298.0,125,66271.45,92927.04
2026-01-13 21:00:00,73079.98,128,66292.79,92808.2
2026-01-13 22:00:00,73141.36,125,66272.3,93016.52
2026-01-13 23:00:00,73238.79,118,66325.68,93054.63
2026-01-14 00:00:00,73052.97,120,66295.2,93030.93
2026-01-14 01:00:00,72818.57,116,66303.55,93215.97
2026-01-14 02:00:00,72955.04,106,66312.5,93474.66
2026-01-14 03:00:00,72919.98,106,66303.75,93303.61
2026-01-14 04:00:00,73107.92,142,66287.41,93088.87
2026-01-14 05:00:00,73077.19,151,66254.28,93317.03
2026-01-14 06:00:00,73193.29,159,66231.36,93303.24
2026-01-14 07:00:00,73293.82,155,66239.47,93362.06
2026-01-14 08:00:00,73292.61,165,66194.66,93275.08
2026-01-14 09:00:00,73150.4,173,66215.9,92988.42
2026-01-14 10:00:00,73151.7,178,66246.92,92913.96
2026-01-14 11:00:00,72730.82,170,66275.08,92980.71
2026-01-14 12:00:00,72871.59,168,66318.49,93082.65
2026-01-14 13:00:00,72931.16,159,66308.54,93177.6
2026-01-14 14:00:00,72769.4,154,66311.53,93361.44
2026-01-14 15:00:00,72575.58,154,66251.05,93114.24
2026-01-14 16:00:00,72411.26,153,66214.82,93205.33
2026-01-14 17:00:00,72617.83,148,66240.83,93236.54
2026-01-14 18:00:00,72634.16,139,66223.83,93137.45
2026-01-14 19:00:00,72776.88,135,66188.08,93025.38
2026-01-14 20:00:00,72640.98,120,66181.68,93103.04
2026-01-14 21:00:00,72722.99,124,66191.64,93160.23
2026-01-14 22:00:00,72737.94,121,66172.87,93173.35
2026-01-14 23:00:00,72774.77,130,66170.26,93048.48
2026-01-15 00:00:00,72836.51,137,66159.36,93189.69
2026-01-15 01:00:00,73154.88,122,66147.99,92951.69
2026-01-15 02:00:00,73334.65,111,66182.22,92738.54
2026-01-15 03:00:00,73354.72,137,66188.44,92803.79
2026-01-15 04:00:00,73019.32,146,66153.83,93094.79
2026-01-15 05:00:00,72886.66,145,66178.37,92870.02
2026-01-15 06:00:00,72688.53,131,66234.19,92890.49
2026-01-15 07:00:00,72909.63,134,66213.06,92959.56
2026-01-15 08:00:00,72983.76,152,66201.49,92962.12
2026-01-15 09:00:00,72844.53,147,66186.44,92990.8
2026-01-15 10:00:00,72735.08,151,66232.78,93099.68
2026-01-15 11:00:00,72843.82,166,66252.84,93207.78
2026-01-15 12:00:00,73096.46,157,66304.22,93436.01
2026-01-15 13:00:00,72896.83,159,66283.72,93338.87
2026-01-15 14:00:00,72845.96,148,66325.42,93317.43
2026-01-15 15:00:00,72822.81,135,66278.37,93140.18
2026-01-15 16:00:00,72762.11,138,66281.3,93041.32
2026-01-15 17:00:00,72669.42,129,66289.78,92780.64
2026-01-15 18:00:00,72675.13,118,66260.56,92649.61
2026-01-15 19:00:00,72850.55,117,66244.74,92935.16
2026-01-15 20:00:00,72840.1,105,66232.19,93093.39
2026-01-15 21:00:00,73149.34,96,66262.1,93051.74
2026-01-15 22:00:00,72988.91,101,66244.55,93182.39
2026-01-15 23:00:00,73216.95,120,66255.7,92916.45
2026-01-16 00:00:00,73353.22,115,66261.2,92830.4
2026-01-16 01:00:00,73267.6,123,66271.24,92761.32
2026-01-16 02:00:00,72937.06,121,66287.49,92930.52
2026-01-16 03:00:00,72946.98,115,66305.01,93026.75
2026-01-16 04:00:00,72876.28,128,66304.77,93087.22
2026-01-16 05:00:00,73051.48,125,66281.21,93052.67
2026-01-16 06:00:00,73069.32,128,66297.38,93271.46
2026-01-16 07:00:00,73034.27,146,66355.71,93116.08
2026-01-16 08:00:00,72882.78,146,66354.66,92947.04
2026-01-16 09:00:00,72968.46,147,66356.49,92920.94
2026-01-16 10:00:00,73065.36,151,66358.93,92976.58
2026-01-16 11:00:00,72589.34,148,66362.19,92908.03
2026-01-16 12:00:00,72697.7,159,66378.26,92731.21
2026-01-16 13:00:00,72963.72,161,66392.17,92805.65
2026-01-16 14:00:00,72755.8,162,66421.21,92839.64
2026-01-16 15:00:00,72853.88,152,66394.39,92874.08
2026-01-16 16:00:00,72969.36,140,66437.37,92850.31
2026-01-16 17:00:00,73139.03,133,66451.66,92777.66
2026-01-16 18:00:00,73305.81,129,66493.29,92823.89
2026-01-16 19:00:00,73014.58,119,66497.82,92771.86
2026-01-16 20:00:00,72903.46,120,66490.14,92865.55
2026-01-16 21:00:00,73109.45,112,66546.62,92721.19
2026-01-16 22:00:00,73296.22,105,66550.79,92870.39
2026-01-16 23:00:00,73370.86,111,66579.42,92881.74
2026-01-17 00:00:00,73158.33,110,66611.15,92751.82
2026-01-17 01:00:00,73421.3,110,66624.27,92709.58
2026-01-17 02:00:00,73482.45,94,66639.62,92645.14
2026-01-17 03:00:00,73156.79,98,66658.81,92536.49
2026-01-17 04:00:00,73585.84,103,66658.73,92834.55
2026-01-17 05:00:00,73495.85,116,66608.05,93055.4
2026-01-17 06:00:00,73193.99,119,66642.18,92908.42
2026-01-17 07:00:00,73152.48,136,66631.77,92758.01
2026-01-17 08:00:00,72966.44,140,66641.01,92640.58
2026-01-17 09:00:00,73041.47,134,66654.58,92649.32
2026-01-17 10:00:00,73169.45,141,66647.94,92462.81
2026-01-17 11:00:00,73169.17,147,66691.91,92393.23
2026-01-17 12:00:00,73369.78,140,66708.98,92528.22
2026-01-17 13:00:00,73236.8,136,66696.2,92655.34
2026-01-17 14:00:00,73076.25,136,66637.94,92788.27
2026-01-17 15:00:00,73594.93,137,66649.43,92705.8
2026-01-17 16:00:00,73867.51,133,66636.69,92680.98
2026-01-17 17:00:00,73569.11,116,66605.63,92712.44
2026-01-17 18:00:00,73812.08,116,66533.64,92491.22
2026-01-17 19:00:00,73618.2,103,66530.68,92495.09
2026-01-17 20:00:00,73302.44,103,66523.83,92556.99
2026-01-17 21:00:00,73619.31,116,66530.27,92413.12
2026-01-17 22:00:00,73771.3,113,66536.61,92432.31
2026-01-17 23:00:00,73630.58,114,66480.95,92243.26
2026-01-18 00:00:00,73376.47,104,66485.39,92068.26
2026-01-18 01:00:00,73372.36,92,66480.87,92040.35
2026-01-18 02:00:00,73272.07,99,66470.27,92011.39
2026-01-18 03:00:00,73263.33,102,66473.71,91804.63
2026-01-18 04:00:00,73096.98,119,66486.28,91691.48
2026-01-18 05:00:00,72822.42,128,66498.14,91915.52
2026-01-18 06:00:00,72513.02,142,66497.83,92028.76
2026-01-18 07:00:00,72338.33,144,66490.68,91947.99
2026-01-18 08:00:00,72359.58,157,66510.03,91814.1
2026-01-18 09:00:00,72350.69,138,66463.53,91672.69
2026-01-18 10:00:00,72239.66,122,66445.5,91735.74
2026-01-18 11:00:00,72277.21,128,66456.24,91796.88
2026-01-18 12:00:00,72283.95,126,66490.7,91882.47
2026-01-18 13:00:00,72448.49,131,66451.79,91884.57
2026-01-18 14:00:00,72337.69,122,66505.22,92026.63
2026-01-18 15:00:00,72671.12,137,66492.84,92098.04
2026-01-18 16:00:00,72630.39,135,66483.07,91960.04
2026-01-18 17:00:00,72423.87,119,66464.86,92026.99
2026-01-18 18:00:00,72341.59,112,66428.06,91906.36
2026-01-18 19:00:00,72635.12,106,66437.07,91771.91
2026-01-18 20:00:00,72437.25,96,66500.6,91657.73
2026-01-18 21:00:00,72046.7,101,66511.31,91555.96
2026-01-18 22:00:00,72533.79,97,66527.63,91432.29
2026-01-18 23:00:00,72483.44,79,66562.29,91607.84
2026-01-19 00:00:00,72414.75,90,66568.92,91557.71
2026-01-19 01:00:00,72622.88,93,66570.18,91207.77
2026-01-19 02:00:00,72958.01,102,66573.18,91059.51
2026-01-19 03:00:00,72811.89,100,66597.01,91007.17
2026-01-19 04:00:00,72346.29,114,66611.06,91070.03
2026-01-19 05:00:00,72436.76,112,66596.62,91250.13
2026-01-19 06:00:00,72686.79,122,66639.68,91269.9
2026-01-19 07:00:00,72803.17,119,66597.27,91135.88
2026-01-19 08:00:00,72862.22,125,66597.01,91154.18
2026-01-19 09:00:00,72928.82,138,66614.26,91058.68
2026-01-19 10:00:00,72894.14,153,66606.07,90757.78
2026-01-19 11:00:00,73125.06,156,66621.93,90598.49
2026-01-19 12:00:00,73049.31,163,66623.78,90499.11
2026-01-19 13:00:00,73232.04,152,66629.8,90587.73
2026-01-19 14:00:00,73341.76,152,66650.04,90810.75
2026-01-19 15:00:00,73489.94,140,66642.96,90809.03
2026-01-19 16:00:00,73551.91,129,66729.71,90690.65
2026-01-19 17:00:00,73601.15,122,66695.22,90510.38
2026-01-19 18:00:00,73350.16,110,66673.92,90425.82
2026-01-19 19:00:00,73424.47,108,66635.87,90553.99
2026-01-19 20:00:00,73725.24,96,66676.34,90724.96
2026-01-19 21:00:00,73739.44,106,66667.35,90731.38
2026-01-19 22:00:00,73749.53,106,66634.09,90672.01
2026-01-19 23:00:00,73585.97,114,66639.5,90610.56
2026-01-20 00:00:00,73546.85,106,66624.75,90659.47
2026-01-20 01:00:00,73539.71,98,66622.54,90671.41
2026-01-20 02:00:00,73783.72,103,66632.27,90467.41
2026-01-20 03:00:00,73668.18,112,66645.61,90702.92
2026-01-20 04:00:00,73354.45,116,66621.27,90947.15
2026-01-20 05:00:00,73247.01,124,66654.78,90788.52
2026-01-20 06:00:00,73368.4,140,66642.29,90728.38
2026-01-20 07:00:00,73360.97,150,66593.9,90990.71
2026-01-20 08:00:00,73583.88,150,66546.57,90773.38
2026-01-20 09:00:00,73533.55,149,66512.95,91087.81
2026-01-20 10:00:00,73198.31,157,66484.49,91016.92
2026-01-20 11:00:00,73185.18,160,66487.68,91061.35
2026-01-20 12:00:00,73397.81,158,66475.01,91190.77
2026-01-20 13:00:00,73217.04,162,66418.35,91300.37
2026-01-20 14:00:00,73185.34,160,66451.69,91497.94
2026-01-20 15:00:00,73238.97,151,66463.05,91498.71
2026-01-20 16:00:00,72979.47,143,66444.91,91308.88
2026-01-20 17:00:00,72781.13,137,66462.1,91306.62
2026-01-20 18:00:00,72950.37,135,66477.95,91391.66
2026-01-20 19:00:00,73151.93,133,66472.72,91474.51
2026-01-20 20:00:00,73154.27,133,66500.83,91459.2
2026-01-20 21:00:00,73008.04,128,66487.43,91513.62
2026-01-20 22:00:00,72957.53,129,66500.74,91514.21
2026-01-20 23:00:00,72742.65,126,66528.81,91542.95
2026-01-21 00:00:00,72766.47,119,66553.94,91337.19
2026-01-21 01:00:00,73113.76,135,66595.89,91332.3
2026-01-21 02:00:00,73330.67,121,66607.75,91284.79
2026-01-21 03:00:00,73299.13,120,66600.95,91343.24
2026-01-21 04:00:00,73492.9,119,66581.43,91431.78
2026-01-21 05:00:00,73450.74,135,66606.56,91750.96
2026-01-21 06:00:00,73353.02,142,66636.55,91767.98
2026-01-21 07:00:00,73560.29,158,66565.64,91740.77
2026-01-21 08:00:00,73449.16,152,66563.1,91935.22
2026-01-21 09:00:00,73074.81,161,66600.95,91902.22
2026-01-21 10:00:00,73240.25,167,66652.76,91942.45
2026-01-21 11:00:00,73284.14,177,66665.71,91747.09
2026-01-21 12:00:00,73111.86,165,66619.76,91777.98
2026-01-21 13:00:00,73305.8,163,66566.64,92045.38
2026-01-21 14:00:00,73176.66,152,66549.14,92041.87
2026-01-21 15:00:00,73261.02,154,66611.87,92174.8
2026-01-21 16:00:00,73400.97,161,66624.67,92134.47
2026-01-21 17:00:00,73873.41,153,66644.34,92543.19
2026-01-21 18:00:00,73842.2,140,66597.99,92756.25
2026-01-21 19:00:00,73870.02,132,66623.68,92927.28
2026-01-21 20:00:00,73895.17,119,66614.91,92819.64
2026-01-21 21:00:00,73912.35,110,66634.47,92969.36
2026-01-21 22:00:00,73489.29,98,66647.74,93118.06
2026-01-21 23:00:00,73452.64,102,66651.67,93207.13
2026-01-22 00:00:00,73535.04,122,66685.23,93137.37
2026-01-22 01:00:00,73662.78,118,66639.93,93344.3
2026-01-22 02:00:00,73896.64,120,66568.17,93266.31
2026-01-22 03:00:00,73896.29,134,66587.6,93176.9
2026-01-22 04:00:00,73797.45,134,66558.29,93189.33
2026-01-22 05:00:00,73680.05,144,66528.86,93186.03
2026-01-22 06:00:00,73508.44,144,66556.84,93312.64
2026-01-22 07:00:00,73631.04,144,66545.5,93382.02
2026-01-22 08:00:00,74227.25,134,66571.89,93415.21
2026-01-22 09:00:00,74203.82,154,66618.48,93600.54
2026-01-22 10:00:00,74202.48,158,66666.73,93606.29
2026-01-22 11:00:00,74401.94,161,66710.78,93586.67
2026-01-22 12:00:00,74282.48,162,66720.38,93487.09
2026-01-22 13:00:00,73977.91,162,66688.17,93630.64
2026-01-22 14:00:00,74178.45,155,66684.31,93529.03
2026-01-22 15:00:00,74246.41,148,66700.81,93565.24
2026-01-22 16:00:00,73973.37,144,66717.41,93499.7
2026-01-22 17:00:00,73754.53,144,66656.51,93565.49
2026-01-22 18:00:00,73584.04,132,66648.73,93841.16
2026-01-22 19:00:00,73586.95,126,66675.09,93957.04
2026-01-22 20:00:00,73952.85,126,66693.72,93862.78
2026-01-22 21:00:00,73990.88,117,66660.26,93896.0
2026-01-22 22:00:00,73742.48,118,66685.29,93878.94
2026-01-22 23:00:00,74148.46,108,66641.6,93543.56
2026-01-23 00:00:00,73954.32,118,66606.89,93652.84
2026-01-23 01:00:00,73878.19,104,66612.27,93598.61
2026-01-23 02:00:00,73702.79,124,66596.41,93674.66
2026-01-23 03:00:00,73631.12,130,66604.51,93936.24
2026-01-23 04:00:00,73388.0,125,66589.25,94163.7
2026-01-23 05:00:00,73163.11,128,66597.21,94100.95
2026-01-23 06:00:00,72982.58,137,66605.73,94158.41
2026-01-23 07:00:00,73067.15,143,66624.25,94208.33
2026-01-23 08:00:00,73092.21,147,66628.02,94278.04
2026-01-23 09:00:00,72896.81,148,66646.9,94237.83
2026-01-23 10:00:00,73273.63,162,66616.53,94257.54
2026-01-23 11:00:00,73501.72,168,66626.88,94158.19
2026-01-23 12:00:00,73389.92,169,66595.45,94039.4
2026-01-23 13:00:00,73345.9,159,66625.09,94216.18
2026-01-23 14:00:00,73119.73,147,66605.12,94254.09
2026-01-23 15:00:00,72819.18,145,66578.12,94165.98
2026-01-23 16:00:00,72913.37,136,66566.7,94123.01
2026-01-23 17:00:00,72967.18,117,66553.53,94067.17
2026-01-23 18:00:00,72999.59,128,66564.76,94153.4
2026-01-23 19:00:00,72658.89,111,66543.99,94055.39
2026-01-23 20:00:00,72763.95,111,66559.08,94073.53
2026-01-23 21:00:00,72907.03,111,66586.02,94000.11
2026-01-23 22:00:00,73209.3,115,66563.86,94298.27
2026-01-23 23:00:00,73490.16,99,66555.45,94343.28
2026-01-24 00:00:00,73493.98,98,66526.23,94458.99
2026-01-24 01:00:00,73568.19,108,66464.64,94445.59
2026-01-24 02:00:00,73933.99,103,66449.39,94528.6
2026-01-24 03:00:00,73962.09,116,66455.42,94809.9
2026-01-24 04:00:00,73941.59,130,66431.26,94917.06
2026-01-24 05:00:00,73996.85,121,66440.75,94688.57
2026-01-24 06:00:00,74153.3,126,66451.5,94531.47
2026-01-24 07:00:00,73760.12,131,66452.92,94593.55
2026-01-24 08:00:00,73732.99,143,66441.64,94441.02
2026-01-24 09:00:00,73625.74,137,66448.26,94193.1
2026-01-24 10:00:00,73939.96,124,66448.47,94266.55
2026-01-24 11:00:00,74067.35,136,66382.82,94300.88
2026-01-24 12:00:00,74009.89,133,66357.47,94631.87
2026-01-24 13:00:00,73921.99,138,66406.59,94610.03
2026-01-24 14:00:00,73627.39,131,66460.64,94491.58
2026-01-24 15:00:00,73606.26,132,66471.72,94339.11
2026-01-24 16:00:00,73332.62,115,66493.9,94605.41
2026-01-24 17:00:00,73218.33,119,66519.8,94697.42
2026-01-24 18:00:00,73216.68,112,66519.15,94563.26
2026-01-24 19:00:00,73248.42,98,66475.6,94734.2
2026-01-24 20:00:00,73517.9,94,66453.42,94675.58
2026-01-24 21:00:00,73151.17,92,66465.06,94843.82
2026-01-24 22:00:00,73125.64,103,66410.36,94877.67
2026-01-24 23:00:00,72848.67,85,66476.67,94619.03
2026-01-25 00:00:00,72685.66,88,66488.41,94573.33
2026-01-25 01:00:00,72871.02,91,66505.91,94420.31
2026-01-25 02:00:00,73169.37,106,66483.05,94319.88
2026-01-25 03:00:00,72990.53,103,66523.83,94282.38
2026-01-25 04:00:00,72991.73,105,66535.29,94005.28
2026-01-25 05:00:00,72886.94,118,66532.53,93896.76
2026-01-25 06:00:00,72796.14,109,66489.15,93871.36
2026-01-25 07:00:00,72410.78,111,66434.71,93748.41
2026-01-25 08:00:00,72457.96,127,66425.61,93585.91
2026-01-25 09:00:00,72417.19,137,66423.21,93555.47
2026-01-25 10:00:00,72353.96,148,66387.37,93807.26
2026-01-25 11:00:00,72451.01,138,66390.09,93891.93
2026-01-25 12:00:00,72545.4,142,66392.95,93634.33
2026-01-25 13:00:00,72958.79,138,66366.4,93840.2
2026-01-25 14:00:00,73128.51,133,66372.67,93630.15
2026-01-25 15:00:00,72842.72,144,66379.47,93864.17
2026-01-25 16:00:00,72645.72,128,66398.96,93478.43
2026-01-25 17:00:00,72500.06,122,66404.31,93382.59
2026-01-25 18:00:00,72774.03,108,66365.92,93520.51
2026-01-25 19:00:00,73013.07,115,66358.02,93522.71
2026-01-25 20:00:00,72990.72,120,66328.7,93659.54
2026-01-25 21:00:00,73122.85,103,66344.64,94065.27
2026-01-25 22:00:00,72945.29,90,66351.6,94406.38
2026-01-25 23:00:00,72711.35,100,66335.89,94348.7
2026-01-26 00:00:00,72977.16,96,66345.07,94504.97
2026-01-26 01:00:00,72963.07,105,66338.35,94405.42
2026-01-26 02:00:00,72789.25,93,66298.16,94294.21
2026-01-26 03:00:00,72709.91,84,66267.57,94271.87
2026-01-26 04:00:00,72996.42,94,66244.37,94252.27
2026-01-26 05:00:00,73086.74,108,66284.07,94278.43
2026-01-26 06:00:00,73113.99,123,66232.46,94066.6
2026-01-26 07:00:00,72782.51,135,66228.16,93765.62
2026-01-26 08:00:00,72551.87,140,66191.98,93750.62
2026-01-26 09:00:00,72725.54,147,66179.69,93556.71
2026-01-26 10:00:00,72627.75,138,66186.62,93358.89
2026-01-26 11:00:00,72519.41,140,66219.92,93396.19
2026-01-26 12:00:00,72772.66,142,66215.4,93461.66
2026-01-26 13:00:00,72765.46,144,66211.21,93635.65
2026-01-26 14:00:00,72876.75,148,66202.34,93642.2
2026-01-26 15:00:00,72997.55,146,66208.96,93654.1
2026-01-26 16:00:00,72899.54,142,66186.72,93819.05
2026-01-26 17:00:00,72607.83,129,66168.98,93702.48
2026-01-26 18:00:00,72525.81,115,66187.33,93798.33
2026-01-26 19:00:00,72465.49,124,66210.77,94065.45
2026-01-26 20:00:00,72744.92,124,66214.21,93817.25
2026-01-26 21:00:00,72749.5,116,66182.52,93992.63
2026-01-26 22:00:00,72838.48,112,66163.53,93868.36
2026-01-26 23:00:00,72832.92,90,66185.07,93952.89
2026-01-27 00:00:00,72694.53,91,66190.41,94030.84
2026-01-27 01:00:00,72952.28,92,66209.72,93869.1
2026-01-27 02:00:00,72817.68,102,66198.58,93883.22
2026-01-27 03:00:00,72826.78,111,66228.72,93895.79
2026-01-27 04:00:00,72603.49,133,66269.46,93740.13
2026-01-27 05:00:00,72717.16,142,66286.23,93768.3
2026-01-27 06:00:00,72716.85,131,66256.89,93821.78
2026-01-27 07:00:00,72508.68,152,66299.89,93691.35
2026-01-27 08:00:00,72544.39,149,66280.42,93507.72
2026-01-27 09:00:00,72583.99,150,66269.9,93399.69
2026-01-27 10:00:00,72712.76,158,66258.78,93240.44
2026-01-27 11:00:00,72800.33,173,66245.91,93060.59
2026-01-27 12:00:00,72791.51,174,66181.43,93225.87
2026-01-27 13:00:00,73123.07,168,66188.8,93118.54
2026-01-27 14:00:00,73238.67,160,66222.5,93145.33
2026-01-27 15:00:00,73267.58,163,66206.75,93353.39
2026-01-27 16:00:00,73202.36,158,66227.78,93337.77
2026-01-27 17:00:00,72988.88,146,66241.71,93338.19
2026-01-27 18:00:00,72917.67,138,66242.92,93390.7
2026-01-27 19:00:00,72836.21,134,66229.12,93509.18
2026-01-27 20:00:00,73068.92,122,66288.43,93524.61
2026-01-27 21:00:00,72983.26,133,66292.82,93524.8
2026-01-27 22:00:00,72888.93,126,66336.64,93502.26
2026-01-27 23:00:00,72721.56,117,66278.0,93450.89
2026-01-28 00:00:00,72769.76,113,66182.18,93482.03
2026-01-28 01:00:00,72749.45,118,66188.08,93645.07
2026-01-28 02:00:00,72796.34,127,66184.02,93849.69
2026-01-28 03:00:00,72883.2,130,66146.18,93781.88
2026-01-28 04:00:00,72926.89,129,66189.49,93619.54
2026-01-28 05:00:00,73043.82,150,66248.54,93684.86
2026-01-28 06:00:00,72993.23,150,66229.85,93453.96
2026-01-28 07:00:00,72756.72,161,66199.68,93328.19
2026-01-28 08:00:00,72818.53,162,66201.99,93240.69
2026-01-28 09:00:00,72819.97,158,66175.12,93279.94
2026-01-28 10:00:00,73244.49,169,66191.49,93475.68
2026-01-28 11:00:00,73410.29,163,66206.41,93522.28
2026-01-28 12:00:00,73441.75,167,66220.62,93642.18
2026-01-28 13:00:00,73560.69,169,66234.16,93514.87
2026-01-28 14:00:00,73601.67,168,66223.53,93635.44
2026-01-28 15:00:00,73110.55,159,66238.73,93622.21
2026-01-28 16:00:00,72726.02,154,66276.98,93671.48
2026-01-28 17:00:00,72555.61,143,66325.74,93369.27
2026-01-28 18:00:00,72717.3,130,66344.76,93283.64
2026-01-28 19:00:00,73165.61,131,66307.05,93385.49
2026-01-28 20:00:00,73208.85,126,66306.12,93406.77
2026-01-28 21:00:00,72973.5,120,66322.68,93635.0
2026-01-28 22:00:00,73209.0,126,66271.0,93701.88
2026-01-28 23:00:00,73493.73,125,66294.0,93746.52
2026-01-29 00:00:00,73343.98,127,66307.48,93735.26
2026-01-29 01:00:00,73243.17,132,66283.04,93640.11
2026-01-29 02:00:00,73349.43,141,66302.25,93775.72
2026-01-29 03:00:00,73174.18,131,66273.62,93669.59
2026-01-29 04:00:00,73299.9,144,66316.33,93796.25
2026-01-29 05:00:00,73035.54,149,66308.32,93629.89
2026-01-29 06:00:00,72905.56,149,66318.13,93574.68
2026-01-29 07:00:00,73121.66,156,66318.88,93840.88
2026-01-29 08:00:00,73079.07,169,66279.08,93870.4
2026-01-29 09:00:00,72754.15,165,66283.4,93908.14
2026-01-29 10:00:00,72624.4,163,66275.54,93806.55
2026-01-29 11:00:00,72675.47,154,66259.76,93805.98
2026-01-29 12:00:00,72688.69,161,66249.79,93964.62
2026-01-29 13:00:00,72604.59,158,66238.96,94085.26
2026-01-29 14:00:00,72790.18,148,66212.99,94307.72
2026-01-29 15:00:00,72659.16,154,66217.94,94283.86
2026-01-29 16:00:00,72579.82,152,66211.96,94376.57
2026-01-29 17:00:00,72612.2,145,66249.63,94363.7
2026-01-29 18:00:00,72837.87,147,66266.57,94533.56
2026-01-29 19:00:00,72918.79,129,66327.03,94509.82
2026-01-29 20:00:00,72485.95,129,66330.13,94857.07
2026-01-29 21:00:00,72602.17,122,66334.37,94841.55
2026-01-29 22:00:00,72648.35,120,66297.58,94918.25
2026-01-29 23:00:00,72319.91,115,66293.39,94719.36
2026-01-30 00:00:00,72191.5,125,66257.14,94558.43
2026-01-30 01:00:00,72091.11,125,66212.66,94665.18
2026-01-30 02:00:00,72326.53,133,66214.8,94543.26
2026-01-30 03:00:00,72648.24,130,66181.49,94481.37
2026-01-30 04:00:00,73083.76,120,66222.0,94526.19
2026-01-30 05:00:00,72612.26,128,66177.86,94589.27
2026-01-30 06:00:00,72802.34,136,66195.09,94705.11
2026-01-30 07:00:00,72571.81,140,66177.31,94741.51
2026-01-30 08:00:00,72481.87,147,66203.2,94679.12
2026-01-30 09:00:00,72835.77,151,66198.57,94688.12
2026-01-30 10:00:00,72937.74,150,66223.81,94771.11
2026-01-30 11:00:00,73285.96,143,66226.06,94559.51
2026-01-30 12:00:00,73241.57,155,66173.97,94303.26
2026-01-30 13:00:00,73315.59,145,66108.42,94254.26
2026-01-30 14:00:00,73344.91,137,66080.07,94077.22
2026-01-30 15:00:00,73190.69,137,66067.59,94270.89
2026-01-30 16:00:00,73193.15,156,66057.28,94353.47
2026-01-30 17:00:00,73211.22,146,66040.04,94515.18
2026-01-30 18:00:00,73380.02,126,66036.72,94752.15
2026-01-30 19:00:00,73301.41,123,66029.84,94791.36
2026-01-30 20:00:00,73139.49,107,66078.63,94708.64
2026-01-30 21:00:00,73260.82,107,66057.66,95015.33
2026-01-30 22:00:00,73186.99,99,66062.46,94885.47
2026-01-30 23:00:00,73009.9,96,66020.84,94951.32
2026-01-31 00:00:00,73180.45,92,66020.94,95116.01
2026-01-31 01:00:00,72971.7,82,66010.44,95141.76
2026-01-31 02:00:00,72862.93,102,66001.38,95062.68
2026-01-31 03:00:00,72912.47,105,65974.58,95106.68
2026-01-31 04:00:00,72958.4,103,65948.57,95264.91
2026-01-31 05:00:00,73126.72,112,65971.54,95282.45
2026-01-31 06:00:00,73197.63,105,66024.89,95316.69
2026-01-31 07:00:00,73328.28,121,65991.99,95371.17
2026-01-31 08:00:00,72933.34,127,65948.6,95403.18
2026-01-31 09:00:00,72521.18,133,65990.77,95311.07
2026-01-31 10:00:00,72411.82,127,65963.9,95210.44
2026-01-31 11:00:00,72632.65,130,65970.53,95267.72
2026-01-31 12:00:00,72544.98,137,65895.97,95371.95
2026-01-31 13:00:00,72312.98,135,65872.32,95313.28
2026-01-31 14:00:00,72377.56,140,65909.68,95350.69
2026-01-31 15:00:00,72694.47,139,65930.37,95420.4
2026-01-31 16:00:00,72875.04,132,65916.35,95267.21
2026-01-31 17:00:00,72756.51,129,65865.19,94962.75
2026-01-31 18:00:00,72416.61,123,65922.5,94959.06
2026-01-31 19:00:00,72518.99,96,65910.5,94998.1
2026-01-31 20:00:00,72306.93,100,65902.12,94834.47
2026-01-31 21:00:00,72283.26,101,65920.78,94786.13
2026-01-31 22:00:00,72592.4,100,65966.43,94834.21
2026-01-31 23:00:00,72644.66,94,65973.61,94998.23
2026-02-01 00:00:00,72834.64,103,65960.58,94799.83
2026-02-01 01:00:00,72674.86,99,65996.65,94542.96
2026-02-01 02:00:00,72955.54,95,65954.38,94383.78
2026-02-01 03:00:00,73410.8,109,65924.17,94117.3
2026-02-01 04:00:00,73388.24,112,65940.77,94165.25
2026-02-01 05:00:00,73439.16,115,65932.61,94520.3
2026-02-01 06:00:00,73675.12,123,65933.13,94575.33
2026-02-01 07:00:00,73723.94,124,65932.04,94468.43
2026-02-01 08:00:00,73404.41,134,65942.64,94393.71
2026-02-01 09:00:00,73378.02,137,65955.78,94295.94
2026-02-01 10:00:00,73474.62,134,65987.67,94300.11
2026-02-01 11:00:00,73309.05,136,66004.14,94298.81
2026-02-01 12:00:00,73100.09,139,66007.24,94308.7
2026-02-01 13:00:00,73143.63,137,65983.29,94362.72
2026-02-01 14:00:00,73421.79,146,66002.09,94349.28
2026-02-01 15:00:00,73287.29,134,65954.95,94477.42
2026-02-01 16:00:00,73140.78,134,65947.48,94588.94
2026-02-01 17:00:00,72975.24,132,65957.92,94371.76
2026-02-01 18:00:00,72611.27,110,65972.26,94165.91
2026-02-01 19:00:00,72511.64,108,65948.07,94156.07
2026-02-01 20:00:00,72483.13,101,65935.32,94161.36
2026-02-01 21:00:00,72580.14,109,65946.46,94118.89
2026-02-01 22:00:00,72755.67,104,65973.52,94220.82
2026-02-01 23:00:00,72823.17,100,66023.39,94477.04
2026-02-02 00:00:00,72831.54,101,66024.53,94582.49
2026-02-02 01:00:00,73006.02,102,66003.36,94707.91
2026-02-02 02:00:00,73228.59,98,65984.32,94437.5
2026-02-02 03:00:00,72795.88,105,65970.65,94369.69
2026-02-02 04:00:00,73041.17,112,65911.49,94586.14
2026-02-02 05:00:00,73131.07,109,65893.37,94480.85
2026-02-02 06:00:00,73043.07,116,65892.65,94546.11
2026-02-02 07:00:00,73311.24,122,65944.3,94360.34
2026-02-02 08:00:00,73334.97,119,65957.32,94345.33
2026-02-02 09:00:00,73195.05,134,65942.51,94175.14
2026-02-02 10:00:00,73083.48,136,65959.98,94218.83
2026-02-02 11:00:00,73295.56,136,65983.82,94375.11
2026-02-02 12:00:00,73058.3,139,65966.65,94499.47
2026-02-02 13:00:00,73194.14,151,65966.28,94447.18
2026-02-02 14:00:00,72664.55,146,65942.71,94247.01
2026-02-02 15:00:00,72587.86,146,65917.99,94040.16
2026-02-02 16:00:00,72606.35,147,65902.37,94224.8
2026-02-02 17:00:00,72497.87,138,65925.33,94532.62
2026-02-02 18:00:00,72495.4,123,65922.91,94594.84
2026-02-02 19:00:00,72413.27,114,65911.48,94317.17
2026-02-02 20:00:00,72755.68,117,65886.13,94450.98
2026-02-02 21:00:00,72895.35,97,65868.5,94321.75
2026-02-02 22:00:00,72653.33,100,65903.81,94451.19
2026-02-02 23:00:00,72630.46,101,65898.7,94455.01
2026-02-03 00:00:00,72731.99,108,65876.61,94483.93
2026-02-03 01:00:00,72862.91,105,65880.3,94544.25
2026-02-03 02:00:00,72905.25,115,65891.16,94465.03
2026-02-03 03:00:00,73199.33,106,65889.07,94297.84
2026-02-03 04:00:00,73405.42,122,65826.06,94474.12
2026-02-03 05:00:00,73205.99,124,65857.33,94511.74
2026-02-03 06:00:00,73193.54,130,65904.01,94588.52
2026-02-03 07:00:00,73558.09,137,65924.7,94705.36
2026-02-03 08:00:00,73649.63,141,65904.97,94690.2
2026-02-03 09:00:00,73286.63,154,65888.42,94609.9
2026-02-03 10:00:00,73369.51,153,65906.11,94538.93
2026-02-03 11:00:00,73621.02,146,65881.97,94490.4
2026-02-03 12:00:00,73441.43,158,65871.38,94577.51
2026-02-03 13:00:00,73113.31,167,65890.41,94430.54
2026-02-03 14:00:00,73018.34,167,65880.0,94324.77
2026-02-03 15:00:00,72975.1,154,65861.04,94468.81
2026-02-03 16:00:00,72860.21,145,65886.07,94370.43
2026-02-03 17:00:00,72778.78,141,65864.6,94175.98
2026-02-03 18:00:00,73023.59,135,65887.41,94140.0
2026-02-03 19:00:00,73063.4,116,65917.86,93898.04
2026-02-03 20:00:00,72959.28,127,65968.65,93824.67
2026-02-03 21:00:00,73011.08,118,65960.6,93845.12
2026-02-03 22:00:00,72708.24,108,65968.83,93839.45
2026-02-03 23:00:00,72444.11,114,65973.39,93861.1
2026-02-04 00:00:00,72226.03,122,65972.99,93818.66
2026-02-04 01:00:00,72192.82,117,66011.73,94099.06
2026-02-04 02:00:00,72161.32,121,65976.15,94040.01
2026-02-04 03:00:00,72385.94,130,66038.96,93789.82
2026-02-04 04:00:00,72422.34,148,66016.43,93862.35
2026-02-04 05:00:00,72365.13,159,66031.59,93982.88
2026-02-04 06:00:00,72280.12,140,66049.69,94008.2
2026-02-04 07:00:00,72141.79,152,66008.08,94087.57
2026-02-04 08:00:00,72193.83,166,66009.12,94151.61
2026-02-04 09:00:00,72330.78,172,66013.51,94297.76
2026-02-04 10:00:00,72189.99,168,66019.65,94179.18
2026-02-04 11:00:00,71856.44,152,66054.02,94173.19
2026-02-04 12:00:00,72331.2,146,66059.85,94016.01
2026-02-04 13:00:00,72291.03,139,66081.53,94300.0
2026-02-04 14:00:00,72361.36,144,66066.05,94475.45
2026-02-04 15:00:00,72283.02,155,66121.17,94339.66
2026-02-04 16:00:00,72422.19,151,66111.46,94855.55
2026-02-04 17:00:00,72603.11,154,66135.0,94937.69
2026-02-04 18:00:00,72515.63,143,66130.93,94902.73
2026-02-04 19:00:00,72339.35,146,66092.25,94955.78
2026-02-04 20:00:00,72446.96,127,66053.37,94960.0
2026-02-04 21:00:00,72530.62,112,66063.89,94886.8
2026-02-04 22:00:00,72430.59,98,66106.0,95105.02
2026-02-04 23:00:00,72518.8,116,66060.42,95169.7
2026-02-05 00:00:00,72405.87,120,66092.11,95114.75
2026-02-05 01:00:00,72511.97,124,66101.47,94832.7
2026-02-05 02:00:00,72545.83,124,66094.03,94689.43
2026-02-05 03:00:00,72872.67,129,66106.38,94628.37
2026-02-05 04:00:00,72917.75,141,66134.55,94826.1
2026-02-05 05:00:00,72966.56,147,66149.13,94668.89
2026-02-05 06:00:00,72686.92,147,66123.97,94548.25
2026-02-05 07:00:00,72720.12,159,66174.0,94644.1
2026-02-05 08:00:00,72961.64,165,66193.25,94589.84
2026-02-05 09:00:00,72808.33,159,66235.2,94602.42
2026-02-05 10:00:00,72636.83,163,66227.98,94452.96
2026-02-05 11:00:00,72587.44,167,66203.43,94434.3
2026-02-05 12:00:00,72486.8,164,66258.88,94864.64
2026-02-05 13:00:00,72444.47,152,66281.7,94709.52
2026-02-05 14:00:00,72429.49,155,66255.35,94651.03
2026-02-05 15:00:00,72545.71,158,66297.75,94592.08
2026-02-05 16:00:00,72484.68,154,66251.98,94612.63
2026-02-05 17:00:00,72339.17,142,66288.68,94472.89
2026-02-05 18:00:00,72098.98,138,66339.53,94647.24
2026-02-05 19:00:00,72161.18,138,66310.11,94687.28
2026-02-05 20:00:00,72044.08,130,66293.77,94874.62
2026-02-05 21:00:00,71959.11,127,66272.05,94769.44
2026-02-05 22:00:00,72035.05,119,66266.67,94658.09
2026-02-05 23:00:00,72123.55,114,66269.02,94833.06
2026-02-06 00:00:00,72250.65,104,66307.64,95073.5
2026-02-06 01:00:00,72655.2,111,66261.23,95149.57
2026-02-06 02:00:00,72803.8,119,66319.45,95213.53
2026-02-06 03:00:00,72899.73,134,66309.8,95453.59
2026-02-06 04:00:00,73011.65,106,66288.91,95504.63
2026-02-06 05:00:00,73060.52,125,66301.09,95486.58
2026-02-06 06:00:00,72799.95,147,66351.19,95492.38
2026-02-06 07:00:00,72774.55,153,66363.5,95633.21
2026-02-06 08:00:00,72713.35,147,66359.7,95378.64
2026-02-06 09:00:00,72798.57,135,66399.68,95475.29
2026-02-06 10:00:00,72506.7,135,66349.46,95555.58
2026-02-06 11:00:00,72617.8,147,66368.49,95643.67
2026-02-06 12:00:00,72838.59,152,66349.96,95668.28
2026-02-06 13:00:00,72610.85,154,66266.72,95743.9
2026-02-06 14:00:00,72729.64,152,66237.94,95801.85
2026-02-06 15:00:00,73259.49,154,66228.93,95804.58
2026-02-06 16:00:00,73122.41,142,66223.02,95761.28
2026-02-06 17:00:00,73150.63,141,66191.17,95886.37
2026-02-06 18:00:00,73386.19,123,66227.67,95876.6
2026-02-06 19:00:00,73303.73,122,66269.67,95907.19
2026-02-06 20:00:00,73031.95,106,66272.42,95859.83
2026-02-06 21:00:00,72708.48,96,66302.41,95944.51
2026-02-06 22:00:00,72946.9,101,66291.19,95924.25
2026-02-06 23:00:00,72680.0,85,66260.93,96022.22
2026-02-07 00:00:00,72620.49,91,66300.35,95821.06
2026-02-07 01:00:00,72480.76,95,66278.03,95881.61
2026-02-07 02:00:00,72752.81,98,66294.39,95747.39
2026-02-07 03:00:00,72949.74,117,66257.27,95625.32
2026-02-07 04:00:00,73183.92,121,66254.43,95441.61
2026-02-07 05:00:00,73047.3,127,66195.48,95218.21
2026-02-07 06:00:00,73128.88,129,66205.03,95127.9
2026-02-07 07:00:00,72940.23,129,66213.03,95225.95
2026-02-07 08:00:00,73149.02,133,66196.27,95214.92
2026-02-07 09:00:00,73281.49,143,66191.38,95116.13
2026-02-07 10:00:00,73495.17,149,66208.27,94841.99
2026-02-07 11:00:00,73449.3,140,66226.58,94804.79
2026-02-07 12:00:00,73532.64,139,66262.51,94640.02
2026-02-07 13:00:00,73651.09,136,66170.97,94696.55
2026-02-07 14:00:00,73490.34,126,66140.17,94679.97
2026-02-07 15:00:00,73372.82,122,66162.74,94488.89
2026-02-07 16:00:00,73483.15,126,66139.98,94812.78
2026-02-07 17:00:00,73058.71,119,66107.42,94931.61
2026-02-07 18:00:00,73124.29,125,66127.1,94968.05
2026-02-07 19:00:00,73264.17,115,66177.44,94969.39
2026-02-07 20:00:00,73133.71,105,66180.24,94965.32
2026-02-07 21:00:00,72911.58,106,66206.51,94957.57
2026-02-07 22:00:00,73325.74,111,66239.64,95089.0
2026-02-07 23:00:00,73538.79,106,66197.66,95013.55
2026-02-08 00:00:00,73645.94,86,66244.58,95003.07
2026-02-08 01:00:00,73556.63,99,66239.44,94699.28
2026-02-08 02:00:00,73426.07,104,66214.94,94668.01
2026-02-08 03:00:00,73372.53,101,66194.42,94668.15
2026-02-08 04:00:00,73243.71,102,66241.96,94625.71
2026-02-08 05:00:00,73278.13,117,66232.09,94548.37
2026-02-08 06:00:00,72860.91,120,66236.37,94544.19
2026-02-08 07:00:00,72566.83,121,66259.22,94482.83
2026-02-08 08:00:00,72700.4,125,66268.59,94565.24
2026-02-08 09:00:00,73188.47,141,66245.27,94577.46
2026-02-08 10:00:00,73399.03,147,66285.93,94885.64
2026-02-08 11:00:00,73092.06,141,66325.67,94856.73
2026-02-08 12:00:00,73323.8,142,66338.62,94750.61
2026-02-08 13:00:00,73483.98,132,66372.14,94891.75
2026-02-08 14:00:00,73480.94,119,66350.37,94641.61
2026-02-08 15:00:00,73182.56,128,66334.93,94708.92
2026-02-08 16:00:00,73344.97,125,66352.38,94966.13
2026-02-08 17:00:00,73313.07,115,66381.91,95018.12
2026-02-08 18:00:00,73383.5,117,66349.4,95149.86
2026-02-08 19:00:00,73666.44,96,66306.52,95049.58
2026-02-08 20:00:00,73917.91,85,66302.6,95347.06
2026-02-08 21:00:00,74356.99,90,66301.16,95062.3
2026-02-08 22:00:00,74157.51,82,66324.57,94925.69
2026-02-08 23:00:00,74245.96,86,66344.31,94966.42
2026-02-09 00:00:00,74148.23,86,66363.8,94983.94
2026-02-09 01:00:00,74029.42,90,66373.62,95131.81
2026-02-09 02:00:00,74011.08,98,66396.27,95365.6
2026-02-09 03:00:00,74104.26,103,66422.4,95262.3
2026-02-09 04:00:00,73806.87,103,66424.74,95269.6
2026-02-09 05:00:00,73474.9,112,66368.53,95255.1
2026-02-09 06:00:00,73937.38,133,66349.03,95201.47
2026-02-09 07:00:00,73793.63,131,66378.58,95146.21
2026-02-09 08:00:00,73919.84,133,66355.67,94991.88
2026-02-09 09:00:00,74035.88,150,66382.27,94845.62
2026-02-09 10:00:00,73663.64,157,66384.85,94666.12
2026-02-09 11:00:00,73652.65,160,66402.89,94608.05
2026-02-09 12:00:00,73325.02,159,66408.37,94432.13
2026-02-09 13:00:00,73695.83,154,66397.42,94566.08
2026-02-09 14:00:00,73926.73,146,66393.44,94617.11
2026-02-09 15:00:00,74015.01,123,66406.66,94680.76
2026-02-09 16:00:00,74224.66,117,66371.44,94658.9
2026-02-09 17:00:00,74075.23,124,66362.66,94781.75
2026-02-09 18:00:00,73685.65,134,66339.76,94796.73
2026-02-09 19:00:00,73718.54,133,66339.92,94754.54
2026-02-09 20:00:00,73844.57,125,66379.34,94759.87
2026-02-09 21:00:00,73952.05,117,66419.32,94730.41
2026-02-09 22:00:00,73981.5,112,66420.0,94857.92
2026-02-09 23:00:00,73975.31,104,66449.78,94836.5
2026-02-10 00:00:00,73899.01,112,66392.44,94842.86
2026-02-10 01:00:00,73608.0,111,66367.11,94912.41
2026-02-10 02:00:00,73617.53,107,66392.1,94755.44
2026-02-10 03:00:00,73428.24,106,66434.06,94577.83
2026-02-10 04:00:00,73206.96,117,66472.04,94529.21
2026-02-10 05:00:00,73269.79,126,66511.25,94442.07
2026-02-10 06:00:00,73361.59,146,66530.77,94356.97
2026-02-10 07:00:00,73213.0,147,66538.88,94321.57
2026-02-10 08:00:00,73077.96,147,66498.01,94088.15
2026-02-10 09:00:00,73008.71,154,66459.8,94226.58
2026-02-10 10:00:00,72653.28,150,66461.01,94411.47
2026-02-10 11:00:00,72802.37,153,66478.72,94128.82
2026-02-10 12:00:00,72535.42,148,66458.07,94199.03
2026-02-10 13:00:00,72202.93,158,66421.62,94236.11
2026-02-10 14:00:00,72086.48,153,66407.56,94307.07
2026-02-10 15:00:00,71990.23,142,66433.13,94355.18
2026-02-10 16:00:00,72081.49,139,66426.17,94415.0
2026-02-10 17:00:00,72139.36,124,66428.02,94470.19
2026-02-10 18:00:00,72262.52,134,66397.19,94455.96
2026-02-10 19:00:00,72483.08,137,66364.51,94629.5
2026-02-10 20:00:00,72785.24,136,66376.23,94569.76
2026-02-10 21:00:00,72832.11,131,66385.97,94965.59
2026-02-10 22:00:00,72854.62,118,66357.24,95098.91
2026-02-10 23:00:00,73376.17,120,66375.41,94894.15
2026-02-11 00:00:00,73070.0,112,66355.5,94906.28
2026-02-11 01:00:00,72888.2,120,66322.25,95132.06
2026-02-11 02:00:00,72942.3,123,66309.77,95063.3
2026-02-11 03:00:00,72945.02,132,66334.59,94843.11
2026-02-11 04:00:00,72579.23,132,66316.8,94940.92
2026-02-11 05:00:00,72738.06,149,66304.78,95259.95
2026-02-11 06:00:00,72456.11,138,66310.25,95338.1
2026-02-11 07:00:00,72734.32,149,66312.57,95182.42
2026-02-11 08:00:00,72943.34,162,66290.05,95390.06
2026-02-11 09:00:00,73052.98,151,66331.84,95591.42
2026-02-11 10:00:00,72999.03,162,66344.91,95667.59
2026-02-11 11:00:00,73130.63,164,66357.51,95969.96
2026-02-11 12:00:00,73322.91,171,66366.98,96027.55
2026-02-11 13:00:00,73114.52,167,66354.18,96188.99
2026-02-11 14:00:00,72738.78,167,66372.86,96256.07
2026-02-11 15:00:00,73055.21,159,66343.3,96247.73
2026-02-11 16:00:00,72998.81,144,66360.61,96436.16
2026-02-11 17:00:00,72646.24,146,66344.92,96268.74
2026-02-11 18:00:00,72890.46,136,66347.62,96232.77
2026-02-11 19:00:00,73190.95,135,66326.82,96304.43
2026-02-11 20:00:00,73080.58,121,66284.14,96355.89
2026-02-11 21:00:00,72818.47,125,66302.39,96243.25
2026-02-11 22:00:00,72955.58,110,66296.03,96197.37
2026-02-11 23:00:00,73219.56,117,66258.53,96094.32
2026-02-12 00:00:00,72975.2,123,66302.2,96118.73
2026-02-12 01:00:00,73074.03,116,66298.98,96113.16
2026-02-12 02:00:00,73055.72,123,66295.87,96277.78
2026-02-12 03:00:00,73282.69,137,66325.58,96303.04
2026-02-12 04:00:00,72945.31,146,66300.54,96217.97
2026-02-12 05:00:00,72843.16,143,66311.78,96261.55
2026-02-12 06:00:00,72615.37,156,66286.03,96342.9
2026-02-12 07:00:00,72677.07,155,66290.47,96508.81
2026-02-12 08:00:00,72241.34,154,66328.14,96419.91
2026-02-12 09:00:00,72614.32,166,66352.61,96452.87
2026-02-12 10:00:00,72276.11,162,66296.21,96469.43
2026-02-12 11:00:00,72205.73,160,66309.58,96637.84
2026-02-12 12:00:00,72277.91,168,66287.09,96779.18
2026-02-12 13:00:00,72228.23,167,66255.25,96756.94
2026-02-12 14:00:00,72342.43,149,66281.57,96720.17
2026-02-12 15:00:00,72222.48,155,66290.38,96169.76
2026-02-12 16:00:00,72428.01,153,66272.16,96028.48
2026-02-12 17:00:00,72270.29,149,66211.53,96281.53
2026-02-12 18:00:00,72009.51,137,66232.91,96127.05
2026-02-12 19:00:00,72510.75,137,66242.95,96107.99
2026-02-12 20:00:00,72655.37,129,66257.24,96198.53
2026-02-12 21:00:00,72681.08,118,66274.28,96326.78
2026-02-12 22:00:00,72644.4,127,66251.72,96285.79
2026-02-12 23:00:00,72783.8,118,66260.54,96390.05
2026-02-13 00:00:00,72662.05,115,66285.68,96345.98
2026-02-13 01:00:00,72558.38,119,66269.2,96479.05
2026-02-13 02:00:00,72590.82,125,66243.62,96433.08
2026-02-13 03:00:00,72813.05,133,66199.07,96501.98
2026-02-13 04:00:00,72910.87,134,66177.4,96441.19
2026-02-13 05:00:00,72536.34,138,66158.56,96271.73
2026-02-13 06:00:00,72629.64,141,66213.22,96355.33
2026-02-13 07:00:00,72852.71,147,66228.39,96124.71
2026-02-13 08:00:00,72665.27,156,66166.07,96309.28
2026-02-13 09:00:00,73110.73,154,66130.3,96116.67
2026-02-13 10:00:00,73039.62,158,66170.88,96222.76
2026-02-13 11:00:00,72738.56,152,66182.53,96229.57
2026-02-13 12:00:00,72598.5,159,66111.47,95938.12
2026-02-13 13:00:00,72715.82,167,66100.18,96029.96
2026-02-13 14:00:00,72341.2,151,66086.81,96130.16
2026-02-13 15:00:00,72640.01,130,66059.52,96292.28
2026-02-13 16:00:00,72709.25,133,66022.75,96316.49
2026-02-13 17:00:00,73023.15,129,66028.06,96275.77
2026-02-13 18:00:00,73074.73,134,66015.01,96134.06
2026-02-13 19:00:00,73005.61,121,65994.44,96124.85
2026-02-13 20:00:00,72822.15,98,66025.57,95983.07
2026-02-13 21:00:00,72529.36,104,66045.21,95927.62
2026-02-13 22:00:00,72381.26,105,66000.4,95961.87
2026-02-13 23:00:00,72385.07,113,65998.21,95489.49
2026-02-14 00:00:00,72108.33,111,65993.25,95448.79
2026-02-14 01:00:00,72003.22,97,65967.43,95304.06
2026-02-14 02:00:00,71662.22,107,66011.93,95078.02
2026-02-14 03:00:00,71548.71,120,66048.17,95114.45
2026-02-14 04:00:00,71780.14,121,66044.59,95037.88
2026-02-14 05:00:00,71836.4,132,66046.67,95250.22
2026-02-14 06:00:00,71837.0,130,66053.62,95021.26
2026-02-14 07:00:00,71972.25,132,66079.5,95095.03
2026-02-14 08:00:00,71833.36,155,66077.57,95008.16
2026-02-14 09:00:00,71643.01,160,66065.53,94951.5
2026-02-14 10:00:00,71791.68,158,66030.09,95038.43
2026-02-14 11:00:00,71727.52,150,66000.25,94725.11
2026-02-14 12:00:00,71757.0,141,66001.47,94679.5
2026-02-14 13:00:00,71658.7,138,65965.54,94639.36
2026-02-14 14:00:00,71555.37,139,65946.55,94622.14
2026-02-14 15:00:00,71641.48,129,65925.75,94538.92
2026-02-14 16:00:00,71890.86,116,65895.68,94390.36
2026-02-14 17:00:00,72065.91,120,65880.11,94439.2
2026-02-14 18:00:00,72141.31,112,65861.35,94274.9
2026-02-14 19:00:00,72019.91,118,65800.73,94325.79
2026-02-14 20:00:00,72169.1,111,65760.38,94229.39
2026-02-14 21:00:00,72583.25,99,65738.73,94285.85
2026-02-14 22:00:00,72861.83,89,65700.47,94198.77
2026-02-14 23:00:00,72780.04,96,65730.36,94073.69
2026-02-15 00:00:00,72998.46,86,65710.21,94240.56
2026-02-15 01:00:00,73443.88,102,65703.12,94405.08
2026-02-15 02:00:00,73370.6,108,65690.79,94538.55
2026-02-15 03:00:00,73733.15,105,65675.07,94440.56
2026-02-15 04:00:00,73631.73,121,65648.97,94555.99
2026-02-15 05:00:00,73672.47,127,65702.24,94542.03
2026-02-15 06:00:00,73632.61,118,65764.92,94464.35
2026-02-15 07:00:00,73667.2,139,65742.35,94568.15
2026-02-15 08:00:00,73788.97,135,65740.74,94350.69
2026-02-15 09:00:00,73769.56,130,65699.53,94236.57
2026-02-15 10:00:00,74093.78,134,65689.03,94168.06
2026-02-15 11:00:00,74068.89,139,65665.17,94213.8
2026-02-15 12:00:00,74114.6,141,65664.45,94071.96
2026-02-15 13:00:00,73818.35,130,65678.81,94080.69
2026-02-15 14:00:00,73622.4,152,65648.71,94168.48
2026-02-15 15:00:00,73755.87,144,65579.68,94087.59
2026-02-15 16:00:00,73621.35,132,65593.05,94231.58
2026-02-15 17:00:00,73881.72,117,65568.58,94137.59
2026-02-15 18:00:00,73966.49,114,65572.89,94230.62
2026-02-15 19:00:00,73967.22,97,65577.22,94192.64
2026-02-15 20:00:00,73973.13,92,65616.3,94232.91
2026-02-15 21:00:00,73593.81,102,65631.68,94026.05
2026-02-15 22:00:00,73406.37,93,65669.56,93974.55
2026-02-15 23:00:00,73527.94,88,65662.74,93772.3
2026-02-16 00:00:00,73471.59,89,65697.21,93811.01
2026-02-16 01:00:00,73538.06,105,65717.98,93551.2
2026-02-16 02:00:00,73418.03,101,65699.68,93495.84
2026-02-16 03:00:00,73616.12,106,65726.99,93340.73
2026-02-16 04:00:00,73802.4,101,65750.33,93244.1
2026-02-16 05:00:00,73756.74,122,65735.94,93383.66
2026-02-16 06:00:00,73466.74,141,65770.79,93524.36
2026-02-16 07:00:00,73626.18,145,65757.03,93713.57
2026-02-16 08:00:00,73907.73,142,65792.02,93612.01
2026-02-16 09:00:00,73962.7,141,65842.95,93370.62
2026-02-16 10:00:00,73967.12,135,65795.46,93276.61
2026-02-16 11:00:00,73715.3,139,65839.8,93160.78
2026-02-16 12:00:00,73484.15,143,65819.89,93208.81
2026-02-16 13:00:00,73628.42,144,65814.78,93336.33
2026-02-16 14:00:00,73232.93,147,65843.67,93443.57
2026-02-16 15:00:00,73118.52,139,65892.19,93230.49
2026-02-16 16:00:00,73061.33,136,65890.97,92899.38
2026-02-16 17:00:00,72969.73,127,65858.35,93248.35
2026-02-16 18:00:00,73184.94,115,65848.85,93342.39
2026-02-16 19:00:00,72690.53,107,65813.51,93329.11
2026-02-16 20:00:00,72753.53,92,65814.54,92885.34
2026-02-16 21:00:00,72857.92,102,65826.96,92947.82
2026-02-16 22:00:00,73196.67,100,65839.89,93121.06
2026-02-16 23:00:00,73418.52,103,65895.39,93124.75
2026-02-17 00:00:00,73308.4,109,65870.19,93075.28
2026-02-17 01:00:00,73396.84,107,65900.63,93011.67
2026-02-17 02:00:00,73285.86,111,65966.08,93128.46
2026-02-17 03:00:00,73486.3,100,65972.82,93332.13
2026-02-17 04:00:00,73331.25,122,65952.17,93426.86
2026-02-17 05:00:00,73364.16,117,65903.23,93318.26
2026-02-17 06:00:00,73695.75,124,65862.81,93465.89
2026-02-17 07:00:00,73405.74,131,65817.48,93919.71
2026-02-17 08:00:00,73165.38,146,65846.98,93905.15
2026-02-17 09:00:00,73202.64,158,65894.87,93794.87
2026-02-17 10:00:00,73327.44,165,65879.53,93746.88
2026-02-17 11:00:00,73515.69,148,65872.36,93852.8
2026-02-17 12:00:00,73413.61,155,65876.28,93567.08
2026-02-17 13:00:00,73460.35,149,65843.24,93757.02
2026-02-17 14:00:00,73523.11,131,65846.19,93855.94
2026-02-17 15:00:00,73410.77,133,65870.2,93833.36
2026-02-17 16:00:00,73491.02,142,65806.68,93864.56
2026-02-17 17:00:00,73249.21,138,65734.68,93980.66
2026-02-17 18:00:00,73174.76,129,65718.56,94171.09
2026-02-17 19:00:00,73267.75,132,65697.55,93970.69
2026-02-17 20:00:00,73132.13,128,65698.83,93752.45
2026-02-17 21:00:00,73180.25,126,65702.93,93693.82
2026-02-17 22:00:00,73351.52,129,65754.49,93727.79
2026-02-17 23:00:00,73244.02,115,65755.69,93875.05
2026-02-18 00:00:00,73330.66,111,65774.69,93827.94
2026-02-18 01:00:00,73303.14,117,65738.74,93763.09
2026-02-18 02:00:00,73153.16,131,65700.8,93785.06
2026-02-18 03:00:00,72998.95,129,65704.09,94087.98
2026-02-18 04:00:00,72907.16,133,65723.68,94407.44
2026-02-18 05:00:00,73152.0,146,65726.86,94312.32
2026-02-18 06:00:00,72855.67,143,65708.7,94437.97
2026-02-18 07:00:00,72805.47,132,65750.64,94446.49
2026-02-18 08:00:00,72842.52,149,65719.18,94653.99
2026-02-18 09:00:00,72844.15,168,65754.97,94517.99
2026-02-18 10:00:00,72694.54,170,65773.6,94504.84
2026-02-18 11:00:00,72796.51,167,65800.24,94494.43
2026-02-18 12:00:00,72778.19,166,65753.93,94833.19
2026-02-18 13:00:00,72729.0,172,65738.57,94834.06
2026-02-18 14:00:00,72691.8,168,65733.34,94799.43
2026-02-18 15:00:00,72813.18,152,65716.73,94755.82
2026-02-18 16:00:00,72740.95,155,65700.96,94648.23
2026-02-18 17:00:00,72851.85,158,65663.75,94716.64
2026-02-18 18:00:00,72633.05,142,65678.84,94514.44
2026-02-18 19:00:00,72611.55,136,65716.64,94379.29
2026-02-18 20:00:00,72478.1,133,65718.27,94519.68
2026-02-18 21:00:00,72585.65,118,65740.43,94649.1
2026-02-18 22:00:00,72549.62,112,65749.39,94927.28
2026-02-18 23:00:00,72718.42,104,65784.62,94797.08
2026-02-19 00:00:00,72544.4,125,65848.6,94900.08
2026-02-19 01:00:00,72970.76,126,65800.64,94886.08
2026-02-19 02:00:00,72917.18,127,65822.18,95057.83
2026-02-19 03:00:00,72855.66,130,65804.32,95016.92
2026-02-19 04:00:00,72862.93,144,65806.47,95003.98
2026-02-19 05:00:00,72827.04,148,65808.63,94974.48
2026-02-19 06:00:00,73048.4,155,65833.14,95198.87
2026-02-19 07:00:00,72764.63,161,65861.4,95371.7
2026-02-19 08:00:00,72487.23,159,65849.49,95345.92
2026-02-19 09:00:00,72424.01,168,65799.19,95307.2
2026-02-19 10:00:00,72326.3,172,65809.3,95202.48
2026-02-19 11:00:00,72261.9,176,65782.36,95372.55
2026-02-19 12:00:00,72218.82,164,65737.27,95308.24
2026-02-19 13:00:00,72401.13,166,65736.49,94989.78
2026-02-19 14:00:00,72253.18,171,65713.05,95017.14
2026-02-19 15:00:00,71794.18,160,65702.35,95100.79
2026-02-19 16:00:00,72030.15,154,65638.97,95171.02
2026-02-19 17:00:00,72112.02,156,65612.18,95381.6
2026-02-19 18:00:00,72277.34,135,65618.49,95406.42
2026-02-19 19:00:00,72429.19,132,65678.22,95528.99
2026-02-19 20:00:00,72228.14,116,65724.52,95696.26
2026-02-19 21:00:00,71652.62,123,65710.03,95395.42
2026-02-19 22:00:00,71596.54,126,65745.82,95448.37
2026-02-19 23:00:00,71619.71,115,65732.03,95536.55
2026-02-20 00:00:00,71482.92,114,65749.7,95352.06
2026-02-20 01:00:00,71596.23,119,65744.44,95536.15
2026-02-20 02:00:00,71880.94,118,65755.72,95610.15
2026-02-20 03:00:00,72175.57,113,65774.58,95485.26
2026-02-20 04:00:00,72216.69,126,65803.65,95550.36
2026-02-20 05:00:00,72132.78,129,65747.33,95071.1
2026-02-20 06:00:00,72521.61,132,65730.37,94936.59
2026-02-20 07:00:00,72342.68,141,65670.67,94812.42
2026-02-20 08:00:00,72358.56,140,65644.16,94792.72
2026-02-20 09:00:00,72558.68,153,65590.41,94672.52
2026-02-20 10:00:00,72529.84,161,65628.56,94722.33
2026-02-20 11:00:00,72445.78,153,65627.54,95010.99
2026-02-20 12:00:00,72522.01,147,65603.35,94964.31
2026-02-20 13:00:00,72433.06,154,65613.36,94996.09
2026-02-20 14:00:00,72534.77,137,65609.44,94758.04
2026-02-20 15:00:00,72869.43,131,65588.92,94625.26
2026-02-20 16:00:00,72744.47,136,65536.14,94444.91
2026-02-20 17:00:00,72718.46,133,65502.47,94457.9
2026-02-20 18:00:00,72874.14,124,65483.65,94423.73
2026-02-20 19:00:00,72693.49,118,65457.02,94389.96
2026-02-20 20:00:00,72669.2,120,65470.73,94454.1
2026-02-20 21:00:00,72608.83,108,65503.44,94179.48
2026-02-20 22:00:00,72443.91,105,65493.08,94254.81
2026-02-20 23:00:00,72576.18,104,65496.45,94056.73
2026-02-21 00:00:00,72524.6,94,65508.87,94087.53
2026-02-21 01:00:00,72436.8,89,65502.74,93960.66
2026-02-21 02:00:00,72278.12,100,65543.64,93933.98
2026-02-21 03:00:00,72188.01,97,65541.46,93949.35
2026-02-21 04:00:00,72493.38,105,65511.15,93874.71
2026-02-21 05:00:00,72404.43,127,65530.14,93888.94
2026-02-21 06:00:00,72669.43,132,65553.46,93645.28
2026-02-21 07:00:00,72677.83,135,65536.56,93678.27
2026-02-21 08:00:00,72664.59,147,65517.85,93633.73
2026-02-21 09:00:00,72548.92,149,65499.95,93565.23
2026-02-21 10:00:00,72817.8,145,65498.81,93399.3
2026-02-21 11:00:00,72669.74,149,65493.34,93484.95
2026-02-21 12:00:00,73126.0,152,65497.66,93553.19
2026-02-21 13:00:00,72830.98,140,65528.14,93519.53
2026-02-21 14:00:00,73400.12,147,65551.34,93483.2
2026-02-21 15:00:00,73452.96,148,65532.97,93323.13
