habitantes,area_m2,neveras,lavadoras,televisores,computadores,horas_aire_dia,horas_iluminacion_dia,consumo_mensual_kwh
4,34.88,2,0,0,1,0.00,2.72,139.03
1,59.12,2,1,1,1,0.00,2.59,140.23
6,82.54,1,2,3,0,0.00,2.24,209.92
1,30.00,1,0,0,0,4.27,5.05,168.54
5,98.79,1,1,4,1,0.00,5.47,174.34
3,87.87,1,0,1,4,0.00,2.14,163.21
6,113.69,2,0,0,4,0.00,3.62,210.81
3,36.25,1,0,1,0,0.00,8.10,158.38
2,62.10,2,0,4,4,4.35,5.37,329.73
6,147.05,2,0,2,1,1.99,5.74,331.54
6,118.76,1,0,0,0,0.00,8.12,161.26
5,108.39,1,0,0,0,0.00,6.61,156.31
2,53.91,1,1,0,2,0.00,2.32,79.77
4,92.86,2,0,4,3,3.50,5.43,337.01
3,87.44,2,2,0,0,0.00,6.24,166.55
2,41.86,1,2,4,2,0.00,4.91,188.83
3,47.66,2,1,1,0,0.00,6.35,143.68
6,110.73,2,0,1,1,1.44,5.08,255.54
5,102.39,2,2,0,3,0.00,4.27,195.70
3,78.13,1,0,2,3,3.57,5.95,245.95
5,96.57,1,0,3,4,0.00,4.53,220.77
2,86.01,1,0,4,4,0.00,5.53,178.95
3,76.27,2,1,3,1,0.00,3.43,177.50
2,67.58,2,2,3,2,0.00,7.40,190.95
6,111.17,1,2,1,0,0.00,6.14,215.97
3,75.16,1,1,3,1,0.00,8.74,186.36
1,39.94,1,2,4,0,0.00,8.31,153.80
3,88.07,2,0,1,3,0.00,2.71,172.25
5,94.92,1,2,4,1,0.00,4.89,154.47
4,85.35,1,0,2,3,0.00,3.67,144.13
2,66.77,1,1,4,1,0.00,6.35,189.87
6,128.41,1,1,4,4,0.00,2.30,238.18
1,87.19,2,2,2,0,0.00,6.99,168.66
1,30.00,2,2,2,2,0.00,2.99,172.18
6,110.84,1,0,0,0,0.00,2.37,164.29
6,156.47,2,1,2,3,2.94,2.77,328.50
5,120.21,1,2,0,0,0.00,7.14,207.68
5,77.59,2,1,2,2,0.00,4.17,214.64
2,71.72,2,0,2,0,0.00,5.03,132.51
6,118.34,2,0,3,0,0.00,6.15,185.60
5,127.83,2,2,3,0,1.83,3.56,271.42
1,30.74,2,1,4,1,4.91,4.84,300.14
1,39.41,2,1,4,4,2.31,5.52,292.46
6,113.77,1,0,0,3,0.00,6.07,190.18
6,108.42,2,1,4,4,0.00,3.76,274.76
1,54.32,1,2,0,1,0.00,8.43,119.72
3,30.00,2,1,2,4,0.00,4.64,181.22
3,49.18,1,1,3,3,4.94,8.07,331.12
2,65.27,2,0,3,3,0.00,4.60,193.75
1,57.69,2,1,0,3,0.00,8.08,188.32
6,122.43,1,0,1,2,0.00,7.62,227.35
6,135.89,2,2,4,4,0.00,3.26,326.79
1,31.81,1,1,0,3,0.00,7.25,158.96
2,50.14,1,1,3,4,0.00,5.99,206.57
6,106.81,2,0,0,1,0.00,4.84,196.21
1,45.05,1,1,3,2,0.00,4.97,98.71
3,69.86,1,2,0,2,2.92,6.61,307.66
2,86.98,2,1,3,4,0.00,2.89,218.41
1,75.32,2,2,4,4,0.00,2.09,188.62
2,56.49,1,0,4,3,0.00,6.33,194.35
2,66.54,1,2,1,2,0.00,6.25,151.73
1,80.48,1,1,0,2,0.00,7.74,122.68
3,78.57,2,1,2,1,0.00,4.13,206.33
1,41.27,1,0,1,0,0.00,3.37,115.83
2,68.02,1,0,3,0,5.79,2.55,244.01
1,30.00,2,0,2,1,6.81,6.65,351.20
5,94.50,2,1,3,1,0.00,4.98,217.94
3,92.43,1,2,0,4,4.54,3.04,257.93
3,91.78,2,1,2,0,0.00,8.75,215.03
1,74.34,1,0,2,4,5.05,3.26,278.22
4,72.88,1,2,2,3,0.00,6.57,164.38
6,100.14,2,1,1,0,0.00,7.80,215.89
6,113.92,1,1,4,2,0.00,4.32,226.46
3,73.67,1,1,3,2,0.00,7.42,157.61
4,119.40,2,0,0,1,4.52,4.51,253.82
5,71.12,2,0,2,0,0.00,6.72,216.66
3,91.90,2,0,2,1,3.06,6.29,262.33
3,98.23,2,0,3,4,0.00,4.74,228.68
6,96.19,2,0,1,1,0.00,3.30,240.95
3,91.09,1,0,0,2,0.00,7.62,153.77
5,113.68,2,0,2,4,0.00,8.97,265.59
5,91.02,2,0,4,0,0.00,7.04,187.48
2,77.50,1,1,2,3,0.00,6.22,198.48
6,111.73,1,0,3,1,0.00,4.77,174.10
5,139.01,1,2,4,1,0.00,5.91,209.46
5,108.10,1,2,2,1,0.00,3.45,175.11
2,51.17,2,2,4,2,0.00,4.11,220.39
5,104.06,1,1,2,4,0.00,3.50,202.69
6,138.64,1,2,1,1,0.00,5.61,204.14
6,113.70,1,0,1,0,0.00,8.32,168.57
1,73.17,1,0,4,0,0.00,8.24,135.61
4,75.53,2,1,3,3,0.00,7.20,245.83
4,100.06,1,2,4,2,0.00,8.64,203.59
6,142.32,1,1,3,1,1.41,6.10,230.17
5,118.19,2,0,2,4,0.00,6.98,245.68
1,32.43,1,1,1,2,0.00,6.60,122.09
6,79.03,1,1,1,3,0.00,4.71,228.96
4,85.74,2,2,2,0,0.00,5.93,208.85
4,99.72,2,2,4,2,0.00,3.07,223.09
4,55.31,2,2,4,0,0.00,6.68,206.58
3,35.47,2,0,0,4,5.99,3.90,330.06
1,75.70,1,0,4,1,4.23,7.57,240.03
1,66.75,1,2,2,3,0.00,5.33,173.09
6,105.59,2,2,2,3,0.00,5.20,281.62
2,60.62,2,1,4,2,0.00,2.87,172.45
1,65.78,1,2,0,4,0.00,4.74,163.73
2,72.62,2,2,1,3,0.00,3.90,192.77
2,58.96,2,1,0,2,4.28,2.41,281.47
2,56.72,1,2,1,1,3.22,7.05,258.97
1,49.29,1,0,4,2,0.00,8.17,174.96
3,93.43,2,2,2,1,2.52,2.35,228.68
6,105.12,1,1,1,4,0.00,4.92,254.99
3,60.17,1,0,2,4,0.00,8.66,178.95
1,32.95,2,0,2,2,0.00,6.71,161.98
2,101.31,2,2,3,1,4.57,3.34,314.53
3,81.03,1,0,3,2,0.00,6.47,157.58
2,30.00,2,2,3,3,0.00,8.63,247.86
4,83.36,1,0,0,4,6.70,5.87,323.40
1,68.91,2,1,0,0,0.00,5.97,149.64
3,81.81,1,0,1,1,0.00,2.20,95.30
5,92.95,2,0,0,1,0.00,5.68,214.46
6,120.63,2,1,4,4,0.00,7.86,262.35
5,93.20,2,2,3,4,0.00,2.37,264.62
2,54.51,1,0,4,0,0.00,8.99,152.53
3,97.23,2,0,1,1,0.00,2.84,174.98
6,123.17,1,1,1,2,0.00,3.66,183.34
6,113.45,2,0,0,2,0.00,4.67,200.48
5,94.94,1,0,1,0,2.89,4.90,186.23
3,55.47,1,2,4,2,0.00,5.13,210.23
5,117.65,2,1,2,2,0.00,8.67,257.50
3,48.33,1,2,1,2,3.20,5.44,228.59
3,111.33,1,0,3,0,1.45,3.62,144.95
2,49.38,2,0,1,4,1.35,6.87,191.63
5,97.47,1,2,0,0,1.47,3.33,226.75
3,84.35,1,1,0,4,2.99,6.97,247.08
3,71.27,2,0,0,2,0.00,2.82,148.61
1,59.69,2,0,0,3,0.00,2.16,125.64
1,73.69,2,2,3,4,3.76,4.09,277.98
1,30.25,1,2,0,0,0.00,6.57,110.47
5,104.11,1,1,0,1,3.80,3.41,238.02
4,72.07,2,1,1,0,1.79,2.59,242.70
4,110.43,1,2,4,4,0.00,5.70,198.28
5,111.37,1,2,1,1,0.00,5.16,133.40
2,63.34,2,2,0,4,0.00,3.10,219.42
1,41.87,1,0,4,3,0.00,3.24,107.17
1,39.33,2,2,3,2,0.00,8.02,176.72
2,30.00,1,1,1,4,0.00,7.74,155.05
4,55.84,2,2,2,1,0.00,4.49,180.77
3,59.33,2,2,2,2,0.00,4.21,185.37
5,97.68,2,1,1,1,6.09,3.41,377.40
1,52.88,1,1,1,4,0.00,5.20,136.50
1,41.54,2,2,0,0,4.80,7.63,289.06
6,119.44,1,0,1,0,0.00,5.51,143.38
5,88.60,2,1,1,2,0.00,2.78,248.99
2,68.59,2,1,0,0,0.00,6.18,94.74
2,71.53,2,0,1,1,5.59,7.14,328.87
2,81.54,2,2,4,4,0.00,7.71,207.57
3,39.94,1,2,3,0,0.00,2.58,130.95
3,92.24,2,1,2,1,0.00,8.30,195.47
3,81.62,1,1,1,4,0.00,3.95,171.03
3,67.13,2,2,4,1,0.00,6.33,186.21
6,114.18,1,1,3,4,0.00,2.27,199.59
1,44.32,1,2,1,0,0.00,5.19,126.62
4,78.46,1,0,4,3,3.07,2.43,278.35
1,30.00,1,2,3,3,0.00,8.39,158.19
6,119.49,2,0,3,1,2.72,6.62,335.18
3,103.88,2,1,0,0,0.00,6.59,197.73
2,86.07,1,2,2,4,4.21,6.51,282.57
5,92.03,1,1,1,4,0.00,4.04,181.50
2,44.02,1,2,3,2,0.00,4.50,173.80
5,140.84,2,2,3,1,0.00,3.89,228.06
1,46.78,2,2,2,3,1.02,8.30,257.49
1,30.00,1,0,4,4,4.67,3.33,244.38
6,127.62,1,1,3,2,0.00,8.37,202.79
2,30.00,2,2,2,1,0.00,8.04,162.97
6,110.45,2,1,3,1,6.75,4.11,410.38
4,84.52,1,2,2,1,0.00,7.93,186.31
2,65.06,1,1,3,4,0.00,6.88,177.29
1,34.01,2,2,3,2,0.00,4.10,190.81
6,116.71,1,1,1,1,2.79,5.17,232.64
5,80.99,2,2,4,4,0.00,2.72,267.05
6,93.97,1,2,4,3,0.00,7.13,265.66
5,82.40,2,2,3,2,0.00,8.98,229.59
4,105.89,1,1,1,4,5.01,2.87,306.37
6,120.45,2,2,0,4,0.00,4.68,226.19
5,93.82,2,0,0,4,0.00,5.04,197.47
1,106.36,1,0,0,0,0.00,6.96,85.33
5,120.03,2,1,3,4,0.00,4.67,220.67
4,85.70,2,1,1,1,0.00,2.73,181.69
3,73.48,1,2,0,2,4.46,7.49,274.25
6,144.21,2,1,1,0,0.00,5.51,197.44
5,78.51,2,1,0,4,0.00,5.79,236.56
4,69.65,1,2,0,3,2.48,8.48,250.06
2,82.64,1,2,3,3,0.00,3.72,145.82
2,59.80,1,1,0,2,0.00,5.54,135.77
1,82.27,1,0,0,3,0.00,5.21,109.98
2,50.96,1,1,1,0,0.00,6.99,113.27
4,59.78,2,1,3,0,0.00,2.08,175.67
5,85.89,1,2,2,4,3.12,2.00,268.13
5,67.27,2,0,4,3,0.00,2.49,228.30
3,76.06,2,2,1,4,0.00,4.44,208.58
1,30.10,1,2,0,0,5.32,5.95,242.90
2,60.65,2,0,3,2,0.00,7.33,215.05
5,87.61,1,2,4,1,5.11,5.86,351.04
3,50.93,2,2,3,3,0.00,2.11,190.59
2,64.77,2,0,4,0,0.00,6.70,195.61
3,59.88,1,2,2,0,0.00,8.61,192.58
2,47.01,2,1,2,3,0.00,5.28,188.56
3,84.06,1,0,0,1,0.00,8.73,120.98
1,32.20,1,2,0,3,0.00,3.18,142.12
4,86.18,1,0,1,0,0.00,7.23,171.73
3,86.23,2,1,2,1,0.00,8.88,186.48
6,148.82,2,1,0,4,0.00,3.12,266.33
3,93.01,2,1,1,2,0.00,8.05,170.50
2,48.62,1,2,3,2,3.18,5.39,240.98
4,75.59,1,0,0,3,0.00,5.73,116.52
3,69.31,1,2,4,1,2.18,2.66,233.44
3,62.02,1,0,0,2,0.00,5.78,171.76
2,63.61,2,2,1,0,0.00,3.76,150.02
3,76.16,2,0,0,1,0.00,2.84,151.68
1,32.25,1,1,1,2,0.00,5.32,81.92
1,30.00,2,0,1,0,0.00,6.44,150.60
1,58.99,2,1,4,4,0.00,5.73,230.82
3,71.95,1,0,4,3,6.84,7.89,360.34
4,82.43,2,0,2,1,0.00,8.19,200.24
1,70.22,2,0,1,3,0.00,7.23,177.00
6,110.18,1,0,2,0,0.00,5.58,139.34
4,36.73,2,1,3,2,2.15,8.32,297.45
6,125.93,1,1,2,2,0.00,5.52,194.91
2,46.30,2,0,1,4,0.00,6.20,206.15
6,99.34,2,2,4,0,0.00,7.87,255.26
4,108.79,1,2,0,2,0.00,5.43,169.41
1,56.11,2,0,4,4,0.00,3.09,191.19
6,113.47,1,1,3,3,2.27,8.91,286.57
2,64.79,1,2,1,1,0.00,8.53,137.16
4,94.84,1,1,4,4,0.00,5.22,239.60
4,55.57,1,1,2,2,0.00,8.72,188.86
4,90.39,1,1,2,3,0.00,3.78,201.97
5,86.97,1,1,4,3,0.00,4.74,236.63
2,33.26,2,1,0,0,4.03,2.92,239.60
2,31.67,1,2,3,0,5.27,4.72,248.72
1,32.42,2,0,3,3,0.00,5.63,160.45
5,106.19,1,1,2,3,4.69,3.41,326.28
3,80.78,2,1,2,0,0.00,3.89,197.65
1,43.09,1,1,2,2,0.00,4.26,111.26
6,132.27,1,1,1,4,0.00,7.56,259.54
1,61.83,1,1,4,4,3.39,3.19,232.40
5,93.60,2,2,4,1,1.83,3.67,245.29
1,46.48,1,0,3,4,0.00,7.63,144.02
1,43.57,1,2,0,0,0.00,4.50,63.22
2,65.82,1,1,0,4,0.00,4.52,127.38
3,74.30,1,1,0,2,0.00,6.20,122.55
2,45.75,2,0,2,3,0.00,8.06,175.63
6,78.14,2,2,3,3,0.00,4.75,225.11
6,120.79,2,2,4,3,0.00,8.89,295.99
2,41.78,1,1,1,0,0.00,4.44,122.57
2,62.47,2,0,1,4,0.00,2.88,193.25
5,118.01,1,2,1,0,0.00,5.44,148.04
3,77.12,2,1,0,1,4.37,2.95,285.17
6,115.76,1,1,0,3,6.64,7.61,388.06
3,71.32,1,1,1,4,0.00,7.91,169.24
2,74.57,2,1,2,4,5.67,3.73,348.71
1,85.05,2,0,3,1,1.17,8.22,166.48
1,59.24,2,0,3,3,0.00,6.64,176.36
1,87.33,2,1,1,0,6.96,3.08,277.20
3,79.64,2,1,3,3,0.00,6.26,209.82
3,68.06,2,2,0,0,0.00,2.88,125.51
1,30.00,2,2,1,2,3.08,3.45,262.54
2,72.24,1,2,3,1,0.00,3.77,144.31
4,84.92,1,1,0,4,3.08,6.83,242.25
3,59.18,2,0,0,2,0.00,8.34,164.05
2,81.15,1,1,4,0,0.00,5.50,109.01
4,69.02,2,0,2,3,5.95,2.61,334.47
4,80.18,2,0,4,2,5.54,5.45,355.91
6,113.14,2,0,3,4,0.00,5.93,253.84
1,49.11,2,2,4,2,0.00,5.14,189.56
1,30.00,2,1,2,3,3.67,7.77,292.51
6,80.55,2,0,2,4,5.75,5.63,430.35
4,102.03,2,2,4,3,0.00,5.29,272.06
2,83.44,1,1,3,3,0.00,3.52,155.85
3,55.96,1,1,1,3,6.33,7.60,307.03
4,97.71,1,2,0,3,0.00,8.73,164.73
5,100.55,1,2,3,0,0.00,7.75,219.82
3,95.38,2,0,4,3,1.00,4.10,223.70
4,55.73,1,0,3,2,0.00,6.41,160.93
4,83.09,2,2,4,1,0.00,8.26,243.07
1,41.32,2,2,4,3,0.00,5.71,215.88
2,69.12,2,1,3,0,3.29,3.49,288.70
3,94.63,1,0,1,2,0.00,7.43,142.09
5,105.15,1,1,3,2,0.00,6.69,142.66
1,67.42,1,1,1,2,1.24,4.73,168.79
2,46.48,2,0,4,4,0.00,4.68,233.04
5,100.03,2,2,4,0,0.00,6.50,192.11
3,83.60,2,1,0,0,0.00,2.95,161.04
4,126.31,1,1,2,4,0.00,5.30,197.29
6,110.60,2,1,0,0,0.00,6.84,208.40
2,91.64,2,0,2,3,0.00,6.45,192.47
6,114.60,2,2,3,0,0.00,8.61,234.96
5,87.03,1,0,2,3,2.21,8.12,293.90
1,37.24,1,1,0,1,0.00,7.32,138.83
2,45.97,1,2,3,4,0.00,3.21,191.37
5,105.12,1,1,1,4,0.00,8.28,237.45
1,30.00,1,1,4,1,0.00,4.81,84.03
2,85.00,2,1,1,3,0.00,5.13,203.93
2,91.54,1,0,1,0,5.29,3.17,235.56
2,69.08,1,0,1,2,0.00,2.11,158.20
4,104.31,1,1,4,2,0.00,3.33,186.21
6,135.78,1,1,2,1,2.92,6.58,297.79
5,98.41,1,1,4,0,5.58,5.42,380.49
3,92.05,1,0,3,3,3.05,5.93,279.27
3,99.93,1,2,4,0,0.00,3.72,148.18
2,55.65,2,2,0,2,3.52,7.25,281.19
4,68.21,1,2,2,1,0.00,7.77,177.01
2,59.62,2,1,2,0,5.19,5.53,315.58
2,64.38,2,0,0,0,0.00,2.00,123.40
1,30.00,1,0,4,2,0.00,6.07,164.06
4,55.53,1,0,1,1,0.00,8.78,151.42
3,83.77,1,1,0,2,0.00,8.98,179.14
3,77.48,1,1,2,2,0.00,6.14,204.56
6,108.97,1,1,2,3,3.95,8.94,323.52
1,59.25,2,2,0,2,1.32,4.03,209.58
2,90.91,2,0,3,3,0.00,6.31,193.01
2,50.44,1,1,1,1,0.00,3.91,163.60
5,130.92,2,2,2,0,0.00,4.30,214.90
6,111.45,1,0,1,1,0.00,5.50,167.45
6,112.41,2,0,2,0,0.00,3.38,180.08
5,96.25,2,1,0,0,0.00,2.77,160.65
6,92.65,1,2,2,2,3.26,7.16,296.65
2,74.71,1,1,3,1,0.00,7.23,164.23
6,131.59,1,0,0,0,0.00,2.73,165.83
1,65.55,2,2,4,3,0.00,7.57,189.79
6,107.70,1,2,2,4,3.92,2.76,353.90
2,67.07,1,1,2,2,0.00,7.75,154.80
3,68.17,2,1,3,0,6.75,2.30,297.03
1,89.16,1,1,1,1,0.00,3.39,115.25
2,46.46,1,1,3,3,1.84,8.76,219.17
4,76.97,1,2,1,1,0.00,8.83,179.78
4,133.41,2,2,0,1,0.00,8.37,223.04
3,67.05,2,2,4,2,0.00,7.63,210.46
1,55.95,1,1,1,3,0.00,8.08,121.32
3,77.54,2,1,0,3,0.00,5.03,156.68
5,97.25,2,2,0,0,0.00,5.91,206.27
1,35.27,2,2,1,2,0.00,6.13,157.52
6,110.45,2,2,2,3,0.00,5.52,294.12
5,91.80,2,0,2,0,0.00,6.81,192.97
6,106.93,1,1,2,4,6.54,7.48,456.93
2,72.63,1,1,1,0,0.00,6.04,115.21
1,69.58,1,1,4,2,0.00,7.77,150.41
2,43.10,2,2,2,0,1.44,6.82,197.97
5,117.27,1,1,0,0,0.00,8.84,173.99
5,77.25,1,1,4,4,4.11,2.34,356.36
1,56.87,1,1,3,1,0.00,2.33,110.57
4,84.71,1,0,4,3,5.36,6.35,315.82
1,45.82,1,2,1,1,0.00,3.01,104.88
3,78.25,2,0,0,4,0.00,4.13,176.71
4,85.60,1,1,0,3,0.00,8.25,193.90
3,56.55,2,2,0,3,3.35,7.26,298.56
1,36.88,1,2,3,3,0.00,4.74,196.59
2,68.54,2,1,0,4,0.00,4.12,198.45
1,34.24,2,0,0,1,3.13,4.47,204.27
4,99.20,1,0,2,4,1.57,8.71,234.50
2,53.55,1,2,2,1,0.00,5.19,140.79
3,100.84,2,2,2,4,0.00,3.08,262.71
3,61.98,2,2,4,2,0.00,4.64,217.91
6,97.06,2,2,4,3,3.95,7.59,426.45
5,92.84,2,1,0,4,0.00,4.81,236.59
3,68.38,2,0,3,2,4.74,8.93,321.46
3,49.59,1,0,4,3,6.69,5.92,359.82
3,98.12,1,1,4,4,3.86,7.27,303.88
4,58.32,2,1,0,3,0.00,2.62,175.43
5,86.66,1,2,2,3,5.18,6.90,345.32
4,81.55,2,0,1,0,0.00,7.27,161.46
2,85.78,1,0,0,3,5.89,3.68,271.42
2,43.33,1,0,1,0,0.00,8.15,110.62
4,64.71,2,2,2,2,0.00,3.17,201.65
1,52.36,1,1,2,3,3.78,5.80,250.01
2,30.00,1,1,3,4,0.00,7.98,179.89
5,114.89,2,2,3,3,0.00,4.77,228.54
3,73.45,2,2,3,3,0.00,8.06,220.13
4,111.87,1,2,4,4,0.00,7.26,203.57
1,48.85,1,2,1,1,0.00,4.60,120.93
4,93.97,1,0,1,4,0.00,2.87,183.85
4,69.74,2,1,4,1,3.37,5.48,306.53
4,73.93,2,0,0,4,0.00,7.79,173.88
5,130.97,2,0,1,2,2.48,2.72,272.13
6,129.13,2,0,3,2,2.84,7.06,334.03
3,78.99,2,0,4,0,1.39,7.10,249.90
4,85.15,2,2,0,2,0.00,4.56,195.98
3,72.22,2,1,1,2,0.00,6.82,215.03
4,87.73,2,0,2,4,0.00,2.31,209.00
5,90.58,2,2,2,2,0.00,6.27,191.05
2,96.46,2,1,2,1,0.00,4.40,188.81
5,51.03,2,1,1,0,0.00,8.41,148.69
2,30.00,1,1,3,1,6.23,5.92,297.27
3,54.82,2,1,0,3,0.00,3.30,189.15
6,126.55,1,2,4,0,1.10,4.66,228.96
6,125.79,1,0,0,3,0.00,6.79,192.18
2,37.71,2,0,0,3,0.00,2.88,159.24
5,98.34,2,0,4,2,3.32,8.79,368.95
1,43.44,1,2,1,2,0.00,2.92,145.54
2,57.52,1,1,0,3,0.00,7.54,173.99
5,130.04,2,2,0,2,0.00,6.61,259.08
6,109.77,1,2,3,2,0.00,7.98,230.22
2,72.73,2,1,2,0,3.98,7.97,266.99
6,143.31,1,1,2,0,2.92,2.19,248.22
2,74.53,2,2,2,3,1.61,8.87,238.16
6,116.11,1,1,4,0,0.00,8.77,216.23
3,65.48,2,0,4,1,0.00,4.22,202.82
2,74.81,2,2,2,3,1.96,6.86,239.78
1,63.79,2,0,1,1,0.00,3.61,109.27
2,32.00,2,1,2,4,0.00,8.06,151.35
6,120.84,1,0,0,1,0.00,3.93,141.36
1,62.57,2,0,1,2,0.00,5.62,136.41
5,97.60,1,1,4,1,0.00,2.61,181.78
6,106.01,1,2,4,2,0.00,3.13,215.14
2,50.22,2,0,1,4,5.22,3.73,306.44
5,102.36,1,1,4,3,0.00,4.89,256.57
3,64.03,1,0,4,2,3.07,8.29,280.61
1,30.00,2,0,0,3,5.39,4.10,267.32
6,137.55,1,0,4,4,0.00,8.50,265.68
4,93.37,2,2,2,0,4.80,6.51,358.08
5,116.58,2,0,1,2,5.89,2.11,359.74
6,138.10,1,0,1,0,0.00,6.65,209.10
6,110.72,1,0,1,0,6.33,2.55,311.06
6,101.16,2,0,3,4,0.00,5.40,226.47
4,67.79,1,2,0,1,0.00,2.09,160.04
1,46.17,1,2,0,0,0.00,6.87,101.20
1,41.18,2,2,2,4,0.00,8.77,184.38
5,103.32,2,1,4,4,0.00,8.59,263.07
1,57.94,1,2,0,3,0.00,5.32,141.76
4,109.28,2,0,0,0,0.00,3.16,171.83
2,72.16,2,1,2,1,0.00,5.48,160.89
6,132.64,1,0,3,4,0.00,6.00,218.37
3,98.83,1,0,4,3,0.00,6.48,139.39
1,30.00,2,1,1,0,0.00,6.34,139.21
4,102.12,1,2,2,1,5.55,6.09,321.25
2,62.05,2,0,2,4,0.00,5.95,219.80
3,89.43,1,2,3,1,0.00,5.80,150.93
6,112.27,1,0,3,3,0.00,2.02,225.46
3,68.79,2,2,3,1,0.00,7.07,187.54
5,95.74,2,1,0,4,0.00,7.32,270.23
3,54.24,2,1,2,2,0.00,4.16,154.95
2,54.87,1,2,1,0,0.00,6.13,126.58
3,67.53,2,2,3,0,0.00,5.92,122.64
5,143.91,1,1,3,4,0.00,7.28,196.58
5,105.35,2,0,0,3,0.00,5.54,240.21
4,113.21,2,1,4,1,0.00,6.34,194.69
2,70.66,1,2,0,4,0.00,8.19,185.23
1,30.00,2,2,1,4,4.90,2.26,328.08
5,79.48,2,0,1,1,0.00,3.44,198.70
4,76.84,1,0,3,4,0.00,6.48,167.21
5,95.58,2,2,0,2,0.00,3.68,240.24
2,54.56,1,2,0,3,2.43,8.74,207.47
6,104.14,1,1,3,1,0.00,5.44,214.69
1,33.79,2,0,2,2,5.78,6.64,268.43
4,101.03,1,1,1,4,0.00,3.41,215.52
3,90.47,1,0,3,2,3.76,8.75,290.15
5,99.35,2,0,0,0,0.00,3.02,137.27
5,117.49,2,0,0,2,1.68,8.78,240.18
4,89.48,2,2,0,2,6.85,3.11,393.78
5,126.97,2,2,2,3,0.00,5.16,205.16
3,45.49,1,0,4,1,0.00,7.81,139.15
2,60.52,2,2,2,3,0.00,4.74,172.47
3,71.83,1,1,4,2,0.00,5.01,155.83
2,74.61,2,2,3,1,0.00,8.62,153.22
3,74.22,1,0,3,4,1.95,8.74,240.06
3,34.85,1,0,0,4,0.00,7.15,174.63
3,74.38,1,0,3,3,1.46,5.49,198.19
4,65.07,2,0,4,3,2.09,3.80,290.46
4,115.16,2,2,3,1,0.00,5.17,226.41
6,152.08,1,0,0,4,0.00,6.05,241.96
6,114.51,1,1,2,3,0.00,4.53,199.85
3,45.63,2,0,3,1,0.00,8.86,176.51
5,129.87,2,0,4,1,0.00,5.04,163.66
1,34.42,2,2,3,0,0.00,5.16,132.66
5,123.01,2,0,3,1,6.97,3.70,368.63
6,86.18,1,0,2,1,0.00,2.41,170.70
1,58.00,1,1,2,1,0.00,3.40,131.91
3,101.64,2,1,3,2,1.80,3.52,232.02
6,97.60,2,0,2,4,0.00,6.61,236.29
1,60.54,2,2,4,1,0.00,3.82,180.12
4,88.96,2,1,0,3,6.14,5.73,373.27
1,34.84,1,2,1,2,0.00,7.78,131.01
6,95.53,1,2,3,3,6.95,6.94,419.21
2,49.29,2,2,1,4,0.00,3.94,218.49
5,75.79,1,0,1,3,4.68,7.85,332.49
3,63.89,2,0,1,3,4.08,5.75,289.71
4,87.25,2,1,1,0,0.00,7.07,208.00
2,30.00,2,2,1,2,0.00,2.76,173.88
5,69.63,1,0,4,4,0.00,6.09,226.19
3,96.64,1,0,0,2,0.00,2.95,175.15
6,120.19,2,1,0,2,0.00,3.01,231.45
2,47.67,2,2,1,3,0.00,5.35,149.39
4,134.39,1,1,4,2,0.00,3.81,168.73
3,84.35,1,2,0,0,0.00,7.05,193.43
2,58.87,1,0,0,1,0.00,4.17,101.21
5,112.02,1,1,2,1,0.00,6.83,187.09
4,101.27,1,0,3,1,2.09,2.18,239.30
4,71.04,2,1,0,2,5.38,4.47,321.11
1,37.35,1,0,2,3,0.00,6.68,146.93
5,88.21,1,2,3,2,0.00,5.81,189.57
6,123.64,2,2,1,2,0.00,6.18,249.30
1,44.74,2,2,1,0,3.48,7.27,241.63
4,105.84,1,2,4,1,0.00,8.86,219.08
4,100.06,2,1,2,2,5.20,4.62,335.07
3,78.90,1,2,2,1,0.00,7.23,176.92
4,124.21,1,2,2,1,0.00,8.86,228.25
2,36.58,2,1,4,4,5.39,5.13,357.05
5,106.76,2,1,3,4,0.00,7.89,253.08
4,107.43,1,1,0,0,4.76,7.26,258.46
1,53.30,2,0,1,4,2.34,8.23,232.12
1,40.79,1,1,0,1,3.74,7.66,188.81
2,30.00,1,1,3,2,0.00,5.49,134.28
6,125.76,2,1,2,2,5.39,3.79,404.36
3,83.16,1,2,1,3,0.00,6.21,179.86
2,68.56,2,1,1,1,0.00,5.75,197.83
3,86.81,2,2,2,4,0.00,4.04,192.27
4,105.28,2,0,4,4,0.00,3.60,261.78
3,69.88,1,0,4,1,0.00,2.97,161.74
4,35.31,2,2,1,2,2.79,2.04,259.37
2,71.91,1,2,4,2,0.00,8.67,183.17
4,67.31,2,1,3,3,0.00,3.53,230.10
6,89.80,2,0,4,0,0.00,4.19,200.29
5,90.28,2,1,1,2,0.00,5.13,156.46
4,96.95,2,2,0,2,0.00,5.81,196.07
5,105.19,1,1,3,0,6.42,5.24,406.45
6,100.87,1,2,2,1,4.85,4.90,304.86
1,30.00,1,2,3,0,5.65,2.48,243.49
2,57.02,2,1,2,1,0.00,5.48,192.70
4,90.53,1,0,0,1,0.00,8.60,188.21
5,107.55,1,1,2,4,0.00,7.46,196.26
2,46.26,1,0,1,1,5.49,3.60,258.05
4,50.64,2,0,4,2,1.59,2.73,291.48
6,128.07,1,1,2,3,2.60,8.65,345.34
6,94.02,2,1,4,3,0.00,7.11,273.23
5,61.20,2,0,3,2,0.00,4.43,221.78
1,51.33,2,2,1,1,0.00,8.69,167.32
1,56.60,2,0,0,0,0.00,6.13,143.87
5,89.36,2,1,1,1,0.00,7.61,192.72
4,99.59,2,0,3,4,0.00,8.30,221.59
4,82.15,2,1,2,3,0.00,2.54,195.70
1,38.48,1,1,1,3,2.99,6.90,176.62
5,90.68,1,2,3,1,0.00,5.30,165.41
6,82.25,1,0,2,1,2.72,6.34,270.53
5,115.84,2,0,4,0,0.00,2.61,197.26
2,30.00,1,0,2,4,4.24,5.90,278.83
2,55.57,1,2,1,4,0.00,8.57,222.12
6,91.16,1,1,3,2,0.00,7.61,248.30
2,61.84,2,1,3,2,0.00,3.31,175.04
1,52.15,2,0,1,4,1.15,5.12,212.38
6,135.05,2,1,2,1,0.00,3.19,252.33
1,33.37,1,0,0,0,0.00,2.88,97.31
2,68.48,2,2,4,3,0.00,5.45,230.93
4,91.40,1,1,2,1,0.00,8.57,174.90
1,44.44,1,2,2,2,0.00,5.19,119.10
3,66.48,2,0,3,2,0.00,2.76,214.79
3,84.11,2,2,3,2,0.00,8.05,256.49
4,78.74,2,1,3,2,0.00,3.84,214.13
5,96.70,1,2,2,1,0.00,2.42,218.52
5,123.53,2,0,2,0,2.57,5.35,272.36
4,77.56,2,2,3,4,0.00,4.70,226.11
2,66.90,1,1,0,0,0.00,7.34,130.32
6,95.59,2,2,1,4,3.99,4.71,335.62
6,101.59,1,2,4,1,0.00,7.42,202.65
3,80.32,2,1,3,3,0.00,2.97,211.51
2,82.95,2,0,4,4,6.77,2.14,395.38
1,37.34,1,0,0,1,0.00,8.10,117.86
4,50.69,1,2,2,1,6.25,4.28,330.47
2,52.93,1,1,2,3,0.00,2.83,132.43
6,131.69,2,2,1,4,3.52,2.32,338.30
6,90.78,2,1,4,4,0.00,3.44,287.83
4,69.11,1,0,0,3,0.00,2.85,127.82
5,97.89,2,0,0,2,0.00,7.73,174.80
6,154.63,2,1,2,0,2.00,5.07,246.23
6,122.99,1,2,0,0,5.91,5.33,355.85
6,118.32,2,0,4,3,0.00,5.10,281.78
3,57.16,2,2,4,1,5.88,3.02,397.94
4,74.88,2,1,1,0,2.64,6.00,281.76
5,112.85,1,2,0,4,0.00,4.07,206.12
4,53.02,1,1,2,2,0.00,8.66,173.80
5,116.67,2,1,4,0,0.00,3.29,221.21
3,44.41,2,2,4,4,0.00,3.83,237.52
5,70.48,2,2,1,1,0.00,8.68,201.93
6,102.15,1,2,1,4,6.56,8.15,388.46
5,110.99,2,1,0,4,5.88,3.96,418.48
1,30.00,2,0,4,4,5.95,5.02,338.07
6,134.16,2,0,4,4,0.00,3.43,297.71
2,30.00,1,0,3,0,0.00,6.45,114.75
5,125.09,2,0,3,3,6.87,6.73,435.03
4,63.05,1,2,1,2,2.90,7.88,254.47
3,90.35,2,1,2,2,0.00,6.17,188.70
4,90.14,2,1,2,4,5.89,8.20,407.37
3,34.96,1,1,0,0,0.00,6.74,138.96
5,122.03,1,2,0,2,0.00,6.34,212.52
5,63.86,2,2,3,2,0.00,2.77,218.06
6,142.66,2,2,1,4,5.78,5.85,428.08
3,30.82,1,2,3,4,3.37,7.67,264.73
2,83.24,1,2,4,4,0.00,8.56,210.82
4,141.58,1,1,1,3,0.00,4.22,129.61
3,87.49,2,1,2,3,0.00,7.21,240.98
4,110.81,2,0,1,4,2.35,4.76,287.49
4,66.50,2,0,0,2,0.00,4.95,190.04
4,90.77,1,2,2,2,5.16,7.51,313.14
5,72.71,1,0,2,0,3.52,4.56,245.05
1,35.96,2,1,3,0,3.99,2.58,256.99
4,71.84,2,2,0,1,0.00,6.86,163.77
5,102.08,1,2,0,0,0.00,5.44,203.01
1,64.55,2,0,0,3,0.00,2.79,166.34
1,46.89,1,1,4,3,6.65,2.63,306.30
4,83.11,2,2,1,1,0.00,3.72,204.48
6,143.91,2,0,1,4,6.05,2.87,453.02
3,59.22,2,2,1,1,6.95,2.43,368.01
2,48.59,2,2,3,4,6.32,3.18,392.26
3,124.83,1,1,0,3,0.00,3.85,168.42
2,74.34,2,0,0,2,0.00,3.75,159.07
1,30.00,1,0,3,2,0.00,3.86,111.42
2,44.90,1,0,0,2,6.27,5.86,311.99
6,110.21,2,2,4,1,0.00,3.88,253.84
6,109.04,1,0,2,1,2.68,2.54,238.03
5,116.35,2,2,0,4,0.00,7.52,263.10
3,84.13,2,0,3,3,0.00,5.63,216.04
5,96.35,1,0,4,3,0.00,6.62,212.96
2,99.59,1,2,4,3,2.35,2.07,209.03
1,33.25,1,2,2,0,3.98,7.62,203.28
6,157.55,1,0,3,0,0.00,4.92,170.02
5,104.97,1,0,1,2,0.00,7.22,172.91
3,47.21,2,1,1,0,0.00,6.79,189.58
1,30.00,1,0,0,0,1.06,2.03,88.84
6,124.58,2,0,4,2,5.15,6.41,379.89
5,133.39,2,2,1,3,0.00,5.57,277.97
3,121.61,1,0,2,2,0.00,2.29,146.16
2,86.50,1,0,0,1,0.00,6.14,132.29
6,91.08,1,0,2,0,0.00,5.96,216.53
6,78.39,2,0,4,1,0.00,5.87,221.65
4,99.61,1,1,2,4,0.00,8.38,190.09
4,124.33,1,0,4,1,5.50,5.48,323.54
4,40.49,1,2,4,0,0.00,7.67,160.95
4,94.74,2,1,0,0,0.00,3.57,134.87
4,103.02,1,2,3,2,0.00,2.47,187.70
5,137.98,1,0,2,2,4.09,4.40,316.30
4,73.83,2,0,3,2,0.00,4.92,198.26
2,39.23,1,1,4,2,0.00,3.41,155.37
4,90.40,1,2,4,0,0.00,5.60,195.24
5,103.75,1,1,0,2,4.18,4.29,263.62
3,55.16,1,0,4,0,0.00,5.07,132.69
5,43.94,1,2,1,2,2.31,2.72,267.00
6,100.34,1,1,4,3,5.77,2.79,398.68
3,66.43,2,0,4,4,0.00,5.03,206.67
3,83.66,1,1,2,4,0.00,3.42,159.19
3,43.46,2,0,3,4,0.00,3.33,193.74
4,78.71,1,0,3,0,0.00,2.09,145.99
3,102.53,1,0,1,2,0.00,2.17,130.78
6,117.65,1,1,3,3,0.00,2.74,206.59
4,73.75,1,0,2,0,1.02,7.76,187.16
2,63.59,2,2,0,2,0.00,5.54,138.88
5,98.23,2,2,0,1,1.06,8.05,267.49
1,58.49,2,2,1,3,0.00,8.95,182.29
5,91.83,2,0,2,2,0.00,6.00,212.70
3,71.37,2,0,4,0,0.00,5.84,192.97
6,100.65,2,0,1,3,0.00,3.79,184.56
2,60.26,2,0,4,4,5.94,5.68,371.80
4,94.23,2,1,1,1,0.00,5.91,166.62
1,80.98,1,1,4,3,0.00,4.30,138.12
4,61.92,2,2,0,2,0.00,5.92,160.37
1,66.05,2,1,3,4,0.00,8.36,191.04
4,83.03,2,2,3,3,4.12,8.42,333.05
1,30.00,2,1,0,3,0.00,2.45,127.98
6,144.04,1,2,1,0,0.00,2.22,164.18
6,95.67,1,2,0,1,0.00,4.36,169.28
6,147.53,1,1,3,3,3.46,2.83,297.34
4,86.00,2,1,4,0,0.00,6.60,209.52
3,65.35,1,2,2,0,1.02,8.24,187.79
5,73.13,2,0,0,1,0.00,7.61,200.38
5,113.82,1,1,3,1,1.02,8.52,225.66
4,118.37,1,2,2,1,0.00,3.85,217.48
1,53.67,2,1,0,0,5.26,4.28,301.47
4,65.04,1,1,3,4,1.08,8.89,202.72
1,57.11,2,1,3,0,0.00,4.77,78.21
4,86.48,1,1,4,0,0.00,6.21,160.64
6,119.20,1,0,2,4,0.00,2.01,229.72
5,65.57,1,1,0,2,0.00,8.28,141.49
3,105.81,1,0,4,0,0.00,6.54,181.19
4,92.21,1,1,4,1,4.75,5.28,275.61
1,30.69,1,0,4,3,0.00,5.94,162.37
6,132.84,2,1,1,1,0.00,8.89,270.93
6,121.36,2,2,1,1,0.00,2.29,211.39
6,124.82,1,1,3,4,0.00,3.74,232.87
6,140.61,2,1,3,2,0.00,7.70,290.32
3,92.36,2,0,1,4,0.00,5.21,231.29
6,116.15,1,0,0,3,0.00,5.63,217.00
2,68.20,2,0,1,1,0.00,2.60,136.90
3,73.02,2,2,3,1,0.00,5.96,249.37
4,90.82,1,0,1,0,0.00,8.95,169.05
1,30.00,1,1,4,1,0.00,5.95,133.77
4,95.24,1,0,2,1,0.00,6.35,178.87
3,58.38,1,1,2,0,0.00,5.46,99.34
3,63.44,1,0,0,0,0.00,2.98,86.87
1,49.88,2,2,3,2,0.00,3.99,158.51
3,50.78,2,0,3,1,0.00,3.09,157.95
6,149.91,1,0,2,2,3.09,4.21,288.22
5,102.86,2,2,2,4,3.81,8.83,374.91
1,40.08,1,1,1,0,0.00,8.49,106.02
5,99.92,1,2,4,0,0.00,7.32,207.23
1,68.48,2,0,1,3,1.00,6.18,166.78
6,130.20,1,2,3,1,0.00,3.63,244.77
1,30.00,2,0,0,0,3.92,4.76,231.14
2,42.41,2,1,1,1,0.00,5.15,160.01
4,86.27,2,0,2,1,3.86,2.66,291.05
5,87.49,1,1,1,1,0.00,7.20,176.93
6,128.20,2,1,1,4,4.41,6.20,364.49
2,42.57,2,2,2,2,4.06,4.78,317.26
1,63.26,1,0,3,0,0.00,6.12,94.24
3,53.51,1,1,2,1,1.31,5.36,202.36
5,110.11,2,0,3,0,0.00,8.74,177.03
3,68.16,1,2,2,2,1.57,6.43,219.55
4,95.29,1,0,1,1,0.00,8.41,148.72
2,30.00,2,2,1,0,0.00,6.54,145.85
5,102.76,2,0,4,3,0.00,5.67,214.12
5,63.11,1,1,3,4,0.00,3.59,203.58
5,85.44,1,2,3,1,0.00,6.39,187.45
1,46.95,2,0,4,0,0.00,5.39,157.14
2,63.23,2,0,2,4,0.00,3.21,184.84
6,109.76,2,1,0,2,6.92,4.47,424.51
1,30.42,2,2,1,2,0.00,3.29,153.68
2,74.63,1,0,0,3,2.32,5.31,173.66
2,51.11,2,0,3,0,0.00,6.65,150.76
3,74.28,2,1,0,1,0.00,4.04,147.76
6,91.75,2,1,2,0,3.13,6.36,297.78
1,65.51,2,2,3,1,0.00,7.13,205.89
2,39.22,2,1,0,0,0.00,2.95,140.69
6,104.36,1,1,0,0,0.00,4.10,166.28
6,118.36,1,2,2,0,0.00,5.94,182.56
1,56.74,1,0,0,3,1.51,8.23,162.16
2,69.77,2,0,1,4,0.00,6.15,197.96
2,30.40,1,2,1,1,0.00,7.65,165.71
4,88.42,1,1,2,4,0.00,7.00,160.41
2,56.92,2,0,4,3,0.00,8.55,194.08
1,80.86,2,1,3,3,4.34,7.89,300.75
3,44.82,1,1,1,3,3.72,5.00,225.74
3,93.63,1,0,2,0,6.15,2.37,274.42
5,91.94,2,1,0,2,0.00,4.69,239.34
4,112.63,1,2,0,1,0.00,2.62,156.58
1,47.71,1,2,1,0,0.00,4.94,116.68
4,108.76,2,1,0,3,0.00,3.38,222.58
5,123.51,1,1,3,2,0.00,8.30,218.28
6,100.48,2,1,1,2,0.00,6.67,237.42
5,121.50,2,1,4,1,0.00,7.72,234.68
3,85.36,1,1,4,2,0.00,4.61,165.74
6,138.64,2,0,3,4,0.00,4.10,234.32
1,35.08,1,2,4,4,0.00,6.94,216.64
2,43.15,2,0,2,0,0.00,5.66,159.74
5,132.78,2,0,2,0,0.00,5.17,171.20
5,104.56,1,0,0,3,0.00,8.45,190.35
3,66.05,1,0,3,4,0.00,7.09,167.47
3,78.14,2,0,3,2,2.80,6.92,269.67
5,82.78,1,0,2,2,6.68,3.06,347.08
2,69.41,1,2,4,1,0.00,6.40,161.60
5,101.46,2,1,0,3,6.05,8.28,388.15
6,126.50,1,2,2,1,0.00,6.39,218.47
3,43.52,1,1,2,1,0.00,7.63,176.22
3,65.81,1,1,1,0,5.16,2.49,239.05
4,90.65,1,0,0,2,5.54,7.07,315.17
4,81.10,1,1,2,4,5.89,6.65,388.95
5,116.57,2,0,3,3,0.00,3.11,236.67
2,57.50,1,1,3,3,0.00,7.21,137.96
5,77.73,2,1,3,4,0.00,2.16,262.92
4,105.68,1,2,3,4,2.31,6.88,273.87
1,44.50,2,1,2,0,0.00,7.61,149.96
1,31.51,1,1,3,3,0.00,3.48,132.00
2,36.62,2,1,1,3,0.00,6.24,184.28
4,79.83,1,2,0,0,0.00,8.45,140.38
6,113.74,2,1,4,0,0.00,2.73,195.45
1,30.00,1,1,1,2,0.00,2.20,126.07
4,83.61,2,2,0,4,0.00,2.20,199.59
1,59.11,2,1,2,0,3.05,2.91,232.49
1,54.49,1,0,4,1,3.65,4.72,221.60
2,90.42,2,1,0,2,0.00,4.59,188.58
5,119.14,2,0,3,0,0.00,5.58,195.22
3,71.23,2,2,3,2,3.40,8.00,337.13
1,38.31,1,2,2,2,0.00,2.02,124.46
4,99.62,2,1,3,1,0.00,4.97,235.05
6,147.53,2,2,2,3,0.00,2.67,250.54
2,71.17,1,2,0,4,0.00,2.31,174.97
5,99.62,2,1,0,3,5.18,8.17,377.24
6,108.08,1,0,2,2,0.00,4.61,189.65
1,76.07,2,1,2,2,0.00,2.70,130.24
2,66.05,1,2,4,2,0.00,7.84,161.61
3,57.73,2,2,3,2,0.00,4.06,187.97
3,81.91,2,0,1,4,0.00,3.31,194.86
1,59.49,1,0,4,4,0.00,8.07,185.32
5,107.26,2,1,1,1,0.00,6.86,229.71
6,119.12,2,0,1,2,3.66,4.90,333.73
6,98.26,2,2,1,1,0.00,6.58,244.16
6,115.84,1,0,0,3,0.00,7.07,201.89
2,71.07,1,2,4,0,0.00,5.98,161.25
1,72.07,2,1,1,3,0.00,2.63,138.39
1,45.52,1,2,4,4,0.00,2.43,174.87
1,30.00,2,2,1,0,0.00,5.90,104.28
6,103.79,2,0,2,1,4.62,7.40,338.40
1,64.78,1,0,1,0,5.07,2.04,240.06
1,38.23,2,1,3,2,0.00,5.50,213.76
3,49.91,1,2,4,1,0.00,2.06,156.92
5,75.47,2,0,1,4,6.89,4.28,415.98
5,82.14,1,1,4,3,0.00,8.14,242.73
3,74.09,1,1,0,2,0.00,5.29,144.99
1,51.03,2,0,3,3,0.00,3.80,178.07
2,87.55,1,0,3,1,4.89,3.38,249.72
4,93.21,1,2,0,1,0.00,7.80,137.86
1,30.00,1,1,2,1,5.89,4.81,266.74
6,93.67,1,1,3,3,0.00,5.77,222.58
2,66.11,1,0,1,3,0.00,7.45,160.39
3,89.38,2,2,0,1,0.00,5.50,174.35
4,72.70,1,2,3,4,0.00,2.39,228.81
6,98.69,1,0,3,1,0.00,5.71,192.47
4,55.66,2,0,2,0,0.00,7.31,192.56
6,109.62,2,2,2,4,0.00,3.32,284.28
1,68.33,2,0,4,0,3.45,7.61,286.35
6,110.07,1,0,2,0,0.00,4.72,191.53
6,110.86,2,2,1,0,0.00,4.07,208.71
3,71.17,1,2,0,1,1.79,2.78,162.89
6,87.43,2,1,3,1,0.00,7.36,221.93
4,55.59,2,0,1,3,4.28,7.50,291.22
1,30.00,2,2,4,0,0.00,8.30,190.67
2,68.72,1,0,4,1,0.00,7.57,143.30
4,84.51,1,0,2,4,0.00,3.95,200.10
6,134.24,2,2,3,1,0.00,3.69,244.42
3,119.39,1,0,0,0,0.00,7.18,132.83
4,84.36,1,2,2,4,0.00,5.89,202.20
5,105.91,2,2,4,0,0.00,7.10,222.89
6,80.83,1,2,3,1,0.00,8.70,232.17
2,30.93,1,1,4,3,0.00,4.29,173.45
1,58.67,2,2,0,3,0.00,6.19,215.91
4,75.03,2,0,1,4,0.00,7.04,241.96
3,67.98,2,0,2,2,0.00,2.49,180.20
3,94.44,1,0,0,4,0.00,8.83,181.90
1,30.00,1,1,3,3,5.52,3.50,256.96
3,85.59,1,1,3,2,0.00,6.57,186.14
5,94.49,2,0,0,4,0.00,3.16,268.58
4,63.38,1,0,3,2,0.00,4.27,178.17
1,70.77,1,0,1,1,1.17,2.76,115.11
6,113.28,2,0,1,2,3.84,4.11,273.44
1,90.55,1,0,2,4,5.57,3.19,296.42
5,124.70,1,1,3,0,5.27,8.81,363.57
2,74.29,2,0,0,0,4.59,2.81,265.71
5,101.92,2,2,3,0,0.00,6.22,206.42
5,118.80,2,2,1,1,0.00,5.16,248.20
6,99.66,1,2,1,2,2.39,5.25,278.33
5,82.61,1,2,3,0,0.00,5.35,197.97
1,57.12,1,0,3,1,0.00,5.45,145.60
3,87.91,2,1,1,4,0.00,8.83,216.16
4,88.27,2,0,3,3,0.00,7.47,262.07
3,74.66,1,2,4,3,0.00,5.72,190.29
5,123.98,2,1,3,0,0.00,2.63,177.19
5,121.77,1,0,4,1,0.00,8.29,187.38
6,130.72,1,0,4,2,0.00,3.33,208.41
5,104.48,2,1,0,3,0.00,4.40,231.53
6,116.47,2,2,2,4,4.95,4.31,405.31
5,112.47,1,1,4,1,0.00,3.70,213.64
6,100.13,2,1,1,1,0.00,3.81,182.85
2,72.07,2,2,1,2,0.00,8.64,192.74
3,66.51,1,2,2,3,0.00,3.76,172.98
5,96.16,1,1,2,4,0.00,8.03,226.42
6,114.07,2,2,0,2,0.00,3.63,258.58
1,30.00,2,0,2,4,0.00,3.66,122.70
4,93.82,2,0,3,0,0.00,2.48,160.79
2,61.45,2,1,4,2,1.13,6.56,236.54
5,104.19,1,0,1,2,0.00,8.07,175.78
1,30.00,1,1,0,0,0.00,4.36,47.35
6,101.23,1,0,1,0,0.00,5.56,179.28
3,62.91,1,1,1,0,0.00,4.10,123.93
3,69.75,2,1,2,1,3.15,6.60,272.44
4,80.59,1,2,2,3,0.00,5.88,182.88
3,72.05,1,2,3,3,0.00,6.38,210.98
2,63.73,2,0,3,4,0.00,8.18,224.97
2,62.31,1,2,0,1,6.22,6.14,283.67
6,107.40,1,0,3,3,5.31,8.61,331.47
4,83.36,2,0,3,4,0.00,7.81,251.24
5,97.08,1,2,3,3,6.42,5.03,400.34
3,66.87,2,2,0,3,0.00,6.49,228.99
1,70.18,2,0,3,3,0.00,4.67,168.25
3,77.28,1,0,0,1,0.00,7.75,105.92
6,116.29,1,0,1,4,4.43,6.01,308.25
5,130.55,1,2,1,0,0.00,6.16,140.94
4,83.92,2,1,1,2,0.00,3.33,206.97
1,36.79,1,2,1,4,0.00,2.47,141.50
2,59.20,1,2,2,4,0.00,8.54,172.66
2,67.67,2,2,3,2,0.00,7.51,198.97
6,102.73,2,1,1,1,5.74,6.79,362.13
2,67.63,2,2,3,0,0.00,7.86,152.29
6,74.86,1,2,0,0,0.00,6.78,176.34
6,134.90,2,0,4,1,0.00,3.87,234.28
5,72.54,2,2,4,1,0.00,8.50,215.76
4,86.18,1,2,3,4,0.00,2.31,194.21
3,30.00,2,1,2,1,6.14,2.66,359.82
5,115.84,1,2,2,1,2.09,8.31,246.12
4,66.18,1,1,4,3,1.11,2.63,196.04
5,109.36,1,1,1,0,0.00,8.04,177.94
5,88.47,1,2,2,3,0.00,2.36,213.87
5,113.94,2,1,1,0,0.00,4.28,188.17
2,60.87,1,1,0,3,0.00,8.65,134.67
3,98.65,1,1,1,4,0.00,3.00,163.16
3,87.10,2,1,4,3,6.26,3.04,409.63
6,117.27,2,0,3,0,0.00,6.84,247.91
2,93.15,2,0,4,2,1.86,7.75,276.69
1,53.19,2,0,4,4,1.02,2.74,211.21
6,112.91,1,2,0,4,5.81,6.46,368.90
4,105.52,1,2,0,2,0.00,5.72,168.92
4,114.11,1,2,3,1,6.34,5.53,337.16
6,96.65,1,2,1,4,0.00,6.19,216.72
5,111.46,2,1,1,3,0.00,6.85,260.90
6,132.85,1,2,1,0,4.92,6.22,325.69
4,136.68,1,2,4,3,0.00,7.55,236.82
1,31.06,2,2,1,3,0.00,8.15,146.66
5,73.33,2,1,3,4,0.00,4.94,244.06
6,136.60,1,1,3,3,0.00,8.68,254.56
6,123.85,1,2,2,4,0.00,2.95,208.74
6,106.70,1,1,0,4,0.00,4.44,218.23
5,82.82,1,2,4,0,0.00,8.45,180.52
2,60.69,1,1,0,0,0.00,3.18,102.03
6,138.39,1,2,2,0,0.00,6.28,180.87
6,71.29,1,2,3,1,0.00,4.82,187.03
6,101.85,1,0,0,3,0.00,3.60,176.44
1,81.31,2,1,1,4,0.00,3.56,157.29
3,50.55,1,0,4,2,0.00,3.03,155.24
6,84.87,1,1,0,3,0.00,8.45,197.57
5,84.16,2,0,3,2,0.00,8.04,275.07
1,36.05,1,0,1,2,1.20,4.96,110.00
4,61.64,1,0,1,2,0.00,6.36,165.58
2,30.00,2,2,4,0,0.00,2.03,190.34
2,70.73,2,2,3,3,0.00,6.21,198.21
5,97.59,2,2,4,0,6.04,2.58,358.76
4,78.57,2,1,3,0,4.59,7.32,307.19
3,71.82,2,1,4,3,0.00,8.95,220.89
6,137.44,1,0,2,4,3.29,5.86,277.84
3,60.24,2,1,4,3,6.05,7.31,324.03
3,58.92,1,2,1,0,5.32,6.30,244.76
4,123.79,2,0,1,3,0.00,4.65,219.57
6,106.30,1,2,4,2,0.00,8.35,257.49
1,31.47,2,1,2,2,0.00,5.96,160.42
6,110.08,2,0,2,2,0.00,5.68,226.59
2,95.57,1,0,2,1,0.00,4.45,147.28
5,116.64,1,2,3,4,3.36,6.32,328.72
1,56.18,1,0,3,4,4.99,7.39,308.05
4,114.39,1,2,1,2,0.00,8.49,208.78
3,71.78,2,0,1,0,0.00,3.75,136.46
4,66.71,2,1,1,0,0.00,4.09,167.12
2,87.18,1,1,0,2,0.00,8.19,131.08
5,98.88,2,2,2,1,0.00,2.15,203.29
5,111.98,1,2,0,2,1.72,6.06,231.72
1,33.74,2,0,0,2,0.00,5.95,125.14
3,60.43,2,2,3,2,0.00,7.63,217.48
6,79.60,2,0,0,4,0.00,7.07,250.79
6,132.15,2,1,0,3,0.00,2.92,225.64
4,100.01,1,1,3,0,0.00,4.72,108.51
6,112.55,2,2,0,2,0.00,6.06,195.66
3,78.42,2,0,4,4,0.00,3.38,238.76
2,57.19,2,2,4,3,0.00,3.59,181.13
4,63.49,1,2,1,3,4.04,5.94,308.38
5,114.11,2,1,0,2,0.00,2.51,183.48
6,127.57,1,0,4,1,0.00,3.93,223.12
1,75.56,1,2,4,0,0.00,2.22,119.41
2,62.53,1,2,4,3,5.56,7.71,334.01
1,40.48,2,2,1,0,0.00,2.68,131.99
1,30.00,2,0,3,2,4.97,4.19,257.95
5,86.23,1,1,3,3,0.00,5.13,229.15
6,77.33,1,0,4,0,0.00,8.94,189.85
5,90.79,2,0,2,3,0.00,7.63,235.62
2,56.92,2,2,2,3,0.00,3.08,181.78
6,108.87,1,0,2,2,0.00,4.22,147.83
5,159.69,2,0,4,3,0.00,4.27,266.99
3,67.76,2,1,2,2,5.75,5.14,339.46
3,64.37,2,0,1,3,0.00,7.54,194.00
4,49.74,2,1,4,4,0.00,2.19,267.45
4,63.99,1,0,4,1,0.00,4.18,158.31
3,72.49,2,2,3,3,0.00,8.78,216.18
4,67.65,1,1,3,4,5.48,3.96,344.10
5,67.88,1,0,3,0,0.00,8.80,151.28
2,52.88,2,2,3,4,0.00,9.00,233.09
6,130.84,1,1,3,1,0.00,3.19,209.61
3,64.25,1,1,3,2,0.00,5.97,171.16
6,108.81,1,2,4,0,6.65,8.27,432.65
1,42.82,2,0,2,0,0.00,6.92,131.88
6,144.05,2,0,3,4,1.35,6.24,326.61
4,64.93,2,1,4,2,0.00,6.89,200.44
6,97.36,2,0,1,1,0.00,6.20,211.67
2,75.17,1,0,0,0,0.00,2.82,85.00
3,79.96,2,2,4,3,0.00,2.15,247.51
2,72.95,2,2,4,1,5.61,7.73,350.29
3,98.57,2,1,3,1,0.00,5.81,211.28
3,75.09,2,0,4,2,2.06,6.78,230.40
3,31.34,2,2,1,3,0.00,8.03,213.56
6,94.74,2,2,0,4,6.89,6.97,425.84
2,47.32,2,1,1,2,0.00,3.64,185.48
6,83.88,1,1,0,4,0.00,4.70,217.46
4,114.79,2,2,2,1,0.00,4.19,211.65
5,116.50,2,1,1,2,4.40,6.04,387.15
5,108.65,1,2,0,4,0.00,8.43,248.06
1,30.00,2,2,2,1,0.00,3.53,160.77
4,65.63,1,0,4,1,0.00,3.75,152.08
4,97.28,1,2,1,2,0.00,7.89,192.66
2,40.98,2,2,1,4,0.00,5.66,234.45
2,41.72,1,2,4,0,4.16,4.89,256.41
5,58.38,2,0,2,4,3.87,7.48,355.56
6,108.84,1,0,4,3,0.00,6.30,174.33
6,107.22,2,2,4,0,2.06,4.58,327.58
3,61.42,1,0,4,0,0.00,7.60,185.87
3,77.29,1,2,3,2,0.00,7.97,182.71
3,81.96,2,0,2,1,4.12,4.36,279.96
5,118.03,2,0,3,0,0.00,6.00,186.85
4,108.51,1,2,3,3,0.00,8.54,210.99
6,139.39,1,2,2,1,5.26,6.56,343.27
1,70.92,2,0,1,4,0.00,3.37,160.04
5,67.92,2,2,1,3,0.00,2.99,221.31
3,74.83,1,1,3,3,0.00,7.28,198.10
4,109.59,2,0,1,3,0.00,6.06,251.44
6,128.18,1,1,3,3,0.00,8.57,220.46
1,46.17,2,2,4,1,2.45,7.71,218.39
6,114.30,2,1,0,3,0.00,2.75,209.64
1,50.93,1,0,1,0,0.00,5.15,131.02
3,84.55,2,2,1,0,0.00,3.34,159.26
2,80.94,1,1,0,3,6.11,5.92,312.58
1,58.46,1,2,3,1,3.35,2.33,242.73
2,51.91,1,0,2,3,2.62,5.89,217.56
4,55.91,1,2,0,3,0.00,7.98,168.36
2,60.63,2,2,3,2,3.53,5.89,306.42
6,130.23,1,1,4,1,0.00,7.68,239.38
3,74.16,2,1,4,3,0.00,3.49,173.49
4,75.76,2,0,2,2,0.00,5.52,189.10
1,48.80,1,1,0,4,0.00,8.44,160.80
3,103.75,1,2,0,1,0.00,8.31,129.07
2,79.29,1,2,2,0,0.00,7.96,154.24
6,145.41,1,0,1,4,0.00,5.42,230.14
2,57.59,2,1,2,2,0.00,7.60,181.15
3,76.24,2,2,1,0,6.50,5.49,361.72
3,62.86,1,0,0,0,0.00,4.72,122.43
6,95.78,1,2,0,2,0.00,8.38,150.87
5,100.86,2,1,4,4,5.22,7.66,380.64
2,65.86,2,0,4,0,0.00,6.60,186.41
1,57.84,2,1,4,2,0.00,6.55,202.77
4,93.05,1,0,1,3,0.00,7.23,153.34
4,71.65,2,1,0,3,0.00,2.54,194.25
6,127.72,1,0,2,3,6.36,8.55,399.13
4,132.39,1,2,3,2,0.00,2.90,182.47
2,62.93,2,2,1,1,0.00,7.11,179.01
4,71.44,1,0,0,2,6.44,3.24,318.51
4,65.67,1,0,0,2,6.82,8.82,354.63
2,83.79,1,0,2,3,0.00,8.51,158.48
1,68.13,2,1,0,4,4.10,8.68,277.17
2,52.14,2,1,3,1,0.00,4.87,193.19
2,68.17,2,0,0,1,0.00,5.55,137.14
6,123.80,2,1,1,3,0.00,7.89,241.33
6,96.72,1,1,4,2,0.00,7.40,237.60
6,122.27,2,1,3,3,0.00,3.95,225.06
5,123.01,2,0,4,4,3.15,3.28,324.58
3,115.33,2,1,1,0,0.00,6.77,178.85
3,95.30,2,0,4,3,0.00,5.62,144.95
6,86.06,1,0,1,3,6.41,7.23,383.45
6,80.18,2,2,4,2,5.80,6.61,435.25
4,88.52,1,2,3,3,0.00,4.78,184.60
5,101.76,2,0,3,1,0.00,2.07,228.29
1,32.56,1,2,1,0,5.69,3.72,260.30
1,44.53,2,2,3,4,0.00,6.76,204.27
6,103.28,2,0,3,2,6.74,6.05,461.59
6,98.79,2,1,3,4,0.00,7.46,265.10
4,61.34,1,0,1,4,0.00,6.74,207.92
2,49.31,2,1,3,2,0.00,3.30,173.16
4,50.68,2,2,2,2,0.00,4.88,196.97
2,85.05,2,0,2,0,0.00,3.30,107.48
6,127.27,1,1,0,1,1.84,7.33,249.47
1,54.78,1,1,1,2,0.00,3.75,125.54
6,131.17,1,0,2,3,0.00,7.95,232.10
2,43.32,1,1,1,3,0.00,3.00,167.98
5,123.26,1,2,3,0,0.00,5.27,204.25
5,109.59,2,0,4,0,2.97,6.88,309.78
5,80.36,1,0,0,1,0.00,5.71,134.93
5,88.74,1,2,3,2,0.00,3.89,226.85
2,66.11,1,2,4,2,3.89,3.09,329.16
1,40.09,2,1,0,4,0.00,2.71,186.56
6,151.15,2,0,3,4,0.00,6.80,277.65
5,113.22,2,1,1,3,0.00,8.75,252.23
4,111.87,1,1,3,2,2.43,4.90,265.23
5,109.62,1,0,0,1,0.00,6.12,147.25
1,37.67,2,0,3,1,0.00,7.12,148.42
3,89.34,2,0,2,1,0.00,4.58,168.08
6,123.70,2,0,1,2,0.00,2.71,199.01
2,79.82,1,1,0,0,0.00,8.09,131.69
3,56.99,1,1,3,3,0.00,3.15,183.04
6,97.93,2,0,4,0,5.10,2.27,326.76
6,132.37,2,1,3,3,0.00,6.27,283.64
6,102.03,2,1,4,1,0.00,7.46,246.96
4,130.04,2,1,4,0,0.00,4.75,207.73
5,121.40,1,1,3,0,0.00,6.29,183.53
2,56.56,1,1,4,1,0.00,7.49,159.12
1,43.54,1,2,2,1,0.00,3.76,113.43
6,119.93,1,1,4,4,0.00,2.29,255.24
3,96.31,2,1,4,1,0.00,2.81,182.45
2,44.81,2,0,1,1,0.00,3.87,153.55
3,77.11,2,1,2,1,0.00,6.26,187.78
1,59.00,1,0,3,3,2.12,3.60,188.61
4,72.84,2,0,0,4,6.50,5.48,376.28
4,77.46,1,1,4,1,0.00,4.15,169.86
1,53.95,1,0,1,0,0.00,2.77,78.36
5,86.39,1,1,3,3,0.00,2.30,161.89
2,82.79,2,1,2,0,0.00,4.77,154.95
6,95.62,2,2,1,3,0.00,2.48,247.03
1,53.29,1,2,1,2,2.73,6.19,206.74
1,62.38,1,1,1,3,0.00,3.89,131.82
3,88.36,2,0,4,1,4.93,2.50,296.70
5,107.54,2,1,0,3,0.00,6.24,195.24
4,86.50,2,1,2,1,4.61,3.25,296.18
2,39.27,1,0,1,3,0.00,7.76,145.71
3,45.94,2,1,2,1,4.31,8.95,300.13
6,121.87,1,2,3,1,0.00,3.09,219.18
1,48.75,1,2,3,1,0.00,7.89,171.74
6,124.85,2,1,0,3,0.00,3.14,211.87
1,46.77,2,1,2,1,6.65,6.21,288.45
4,74.04,1,2,4,3,0.00,7.61,239.57
5,116.12,1,1,2,0,6.61,3.79,326.08
1,38.78,1,0,2,2,0.00,8.99,112.03
4,60.64,1,2,2,4,0.00,7.82,203.06
5,104.04,1,2,1,0,2.77,2.70,252.26
5,102.60,2,2,4,3,0.00,3.10,267.06
6,120.68,2,1,2,3,0.00,6.00,263.78
3,100.31,1,0,2,0,5.92,7.89,297.93
4,65.45,2,0,0,4,0.00,8.71,208.01
2,80.73,1,2,0,4,0.00,5.52,197.47
3,54.09,2,0,1,0,0.00,7.37,145.40
6,97.95,1,1,1,4,0.00,3.85,210.56
1,30.28,2,2,1,4,5.11,4.06,310.83
6,135.58,2,1,2,1,6.23,6.65,433.13
2,30.00,2,0,4,2,0.00,3.85,178.99
4,101.81,1,1,3,3,0.00,8.08,191.64
6,107.04,2,1,2,4,0.00,4.39,236.12
3,100.77,2,1,0,4,0.00,3.24,231.24
3,85.55,1,2,4,1,0.00,6.37,155.15
4,97.59,1,1,2,0,0.00,6.21,164.55
1,30.00,2,0,2,3,2.75,3.61,190.13
2,62.61,2,1,1,3,0.00,3.85,146.80
2,38.50,1,0,3,1,4.02,4.25,230.31
5,71.13,1,0,3,1,1.66,4.16,260.02
4,94.44,1,0,1,4,0.00,6.40,203.25
6,113.31,1,1,1,2,4.20,8.50,333.39
4,63.00,2,2,2,0,6.73,5.20,379.87
3,36.13,1,0,2,0,0.00,2.52,90.39
4,82.48,2,0,3,2,0.00,4.52,215.07
1,57.86,2,2,4,3,3.10,5.97,273.36
3,75.09,2,0,2,2,0.00,5.29,195.18
2,75.19,1,0,4,0,0.00,2.49,85.49
4,114.16,1,1,4,4,0.00,2.55,221.10
2,73.50,2,2,0,4,0.00,8.85,229.60
5,117.48,1,2,1,1,0.00,5.14,196.04
2,49.39,2,1,2,3,5.99,6.04,335.81
4,50.36,2,0,4,0,0.00,6.94,191.36
4,83.05,1,0,3,1,0.00,6.03,167.08
4,69.48,2,0,2,1,0.00,6.21,218.93
3,83.35,2,0,4,4,0.00,4.84,245.09
3,51.84,1,2,4,3,0.00,6.32,226.26
2,73.38,2,2,0,3,0.00,7.35,213.36
5,95.14,1,1,2,0,0.00,3.98,155.23
5,76.92,2,1,3,2,0.00,5.34,195.02
4,110.05,2,0,2,0,3.44,8.97,291.47
4,81.82,1,1,0,3,0.00,3.39,160.73
4,82.68,2,0,1,2,0.00,4.98,205.37
1,34.55,2,1,3,0,0.00,8.84,176.47
3,97.28,2,1,3,2,0.00,4.88,209.67
4,100.30,1,1,1,4,0.00,2.32,156.99
3,67.99,1,0,0,3,0.00,3.99,130.91
2,64.77,1,2,4,2,0.00,7.56,175.08
2,75.00,1,0,3,0,0.00,5.09,130.53
3,63.33,1,2,1,3,0.00,2.88,137.81
5,107.71,1,1,4,3,0.00,8.21,222.00
1,63.89,2,1,3,3,0.00,7.46,208.76
6,104.96,2,2,3,2,0.00,3.60,254.16
4,101.58,1,2,0,1,0.00,6.40,175.67
1,105.95,2,1,2,2,0.00,5.79,153.30
6,114.53,2,0,4,1,0.00,4.54,225.36
6,107.70,1,1,2,2,0.00,3.61,209.07
2,60.71,2,0,2,4,0.00,2.15,159.72
4,100.97,2,1,1,3,4.81,2.30,298.03
4,78.69,2,0,4,0,3.73,5.99,271.33
5,103.12,1,2,2,3,0.00,7.74,209.14
3,70.50,2,2,0,0,0.00,7.05,158.70
6,103.97,2,1,2,3,0.00,3.87,234.51
4,49.24,2,0,2,2,3.67,4.89,264.78
1,45.47,2,1,0,4,0.00,4.83,166.29
4,65.27,2,1,0,4,2.57,6.45,271.40
2,51.49,1,1,1,2,0.00,7.38,113.17
3,60.77,2,0,0,4,0.00,3.22,169.59
2,64.54,1,1,3,3,0.00,6.87,140.21
3,56.28,1,2,2,3,5.21,3.91,335.65
6,113.86,1,0,3,0,0.00,6.87,195.30
2,58.16,2,1,3,0,0.00,4.80,171.09
6,121.79,1,2,4,0,0.00,7.40,202.39
5,110.72,1,2,2,4,0.00,5.38,227.95
3,64.82,2,2,2,2,0.00,6.10,203.94
3,76.35,1,0,3,2,0.00,6.54,152.41
5,86.77,1,2,4,1,0.00,4.91,178.63
4,99.82,1,0,3,4,0.00,4.28,184.22
4,103.85,2,1,0,3,0.00,4.34,228.85
6,124.20,1,2,1,0,4.66,2.27,290.10
4,76.85,2,1,2,3,0.00,8.45,247.55
5,116.75,1,2,3,2,0.00,8.40,228.89
3,49.94,2,2,4,0,2.36,2.78,257.78
2,82.12,1,1,3,2,4.06,7.27,295.11
6,113.54,1,0,3,4,6.33,7.71,411.95
1,53.14,1,2,1,4,2.91,2.09,218.17
5,117.97,2,2,4,0,0.00,3.66,223.11
6,105.16,2,2,1,4,0.00,3.07,246.12
2,83.40,2,1,3,1,0.00,3.98,172.77
4,70.67,2,0,2,1,0.00,3.97,160.63
3,70.12,2,0,0,1,2.25,3.00,208.24
4,73.53,2,1,2,4,3.07,2.94,278.72
4,87.46,1,2,0,2,0.00,7.32,162.23
6,93.54,1,1,3,1,6.28,3.88,390.49
6,84.65,2,2,2,2,0.00,3.38,269.61
1,30.00,1,2,4,3,0.00,5.67,162.74
5,72.90,1,0,2,4,0.00,4.56,168.58
6,105.89,1,2,1,1,2.85,7.70,243.87
4,62.73,2,1,0,1,0.00,8.46,188.19
3,77.16,1,0,2,0,0.00,4.94,150.63
1,30.00,2,0,2,2,0.00,2.36,107.91
1,39.07,1,0,2,1,3.75,8.26,241.30
5,125.19,2,1,0,0,0.00,2.65,189.08
5,118.71,1,2,0,3,0.00,8.96,219.26
4,99.69,2,2,3,3,0.00,2.78,264.26
6,121.65,1,0,3,1,0.00,2.97,185.03
6,102.76,2,0,3,3,0.00,8.58,266.12
2,98.10,1,0,1,2,0.00,6.10,123.11
4,39.51,2,1,1,2,0.00,7.89,187.13
5,87.54,1,1,2,1,0.00,4.12,239.40
2,30.00,1,2,4,0,0.00,8.53,147.20
5,71.25,1,2,1,3,2.57,2.02,297.03
2,56.51,2,2,2,3,3.73,7.10,296.61
6,108.81,2,2,2,3,0.00,6.25,257.78
1,68.08,2,2,3,3,0.00,5.70,194.81
2,57.34,2,0,4,3,4.30,7.74,329.93
1,42.15,2,1,1,1,0.00,5.79,150.73
5,121.51,1,2,3,4,3.17,3.96,294.38
4,108.67,2,1,4,2,1.36,7.50,330.32
3,86.10,1,1,4,3,0.00,2.86,209.51
2,106.93,2,0,2,2,0.00,3.33,138.51
4,88.94,2,1,0,4,0.00,3.64,260.22
4,96.71,2,2,1,3,0.00,2.55,254.51
2,77.36,1,1,4,4,0.00,7.43,221.57
3,46.10,2,0,3,0,0.00,4.78,134.60
5,100.77,1,0,2,0,2.74,2.13,189.73
2,44.94,1,1,1,0,0.00,4.86,112.28
5,67.08,1,0,3,3,0.00,4.93,187.65
2,42.96,1,2,0,0,6.69,6.27,285.09
4,41.65,2,1,4,4,0.00,4.09,257.30
3,30.00,2,0,2,0,0.00,3.35,165.08
5,63.12,2,1,2,3,0.00,2.22,205.92
4,88.31,2,2,0,2,0.00,8.83,163.40
2,78.49,2,0,3,4,6.72,5.85,387.03
4,59.88,1,1,3,0,0.00,8.46,130.57
3,32.56,1,2,2,4,0.00,4.12,226.51
6,141.54,2,0,4,0,0.00,8.04,227.82
2,62.34,2,1,3,3,0.00,8.19,208.33
4,58.25,2,1,1,1,0.00,3.88,159.39
2,67.51,2,0,4,1,0.00,2.92,176.28
5,114.28,2,1,4,0,0.00,5.87,224.35
1,56.08,1,0,2,4,0.00,7.42,149.05
6,146.82,1,0,4,4,4.04,8.85,331.19
6,125.71,2,1,2,0,0.00,6.56,185.99
6,120.39,2,1,0,1,5.90,2.57,373.10
6,94.12,1,2,2,2,0.00,3.90,206.63
2,71.02,2,2,4,0,6.65,5.32,366.12
2,33.15,2,1,0,0,0.00,4.77,135.80
3,56.93,1,0,0,2,0.00,8.49,144.35
5,60.32,1,1,1,1,0.00,5.73,182.79
6,107.15,1,1,3,1,0.00,2.69,201.24
6,108.04,2,0,3,2,2.12,5.28,304.08
3,97.23,2,2,1,4,1.54,8.46,287.78
1,44.89,1,0,0,1,0.00,2.44,79.16
6,98.75,1,2,1,1,0.00,6.52,185.71
1,76.82,1,0,3,2,6.90,6.67,316.76
2,89.68,1,1,2,3,0.00,3.11,145.46
1,30.00,2,2,3,1,0.00,4.74,138.12
3,93.44,1,2,2,2,0.00,8.45,180.28
2,58.30,2,0,4,3,3.09,8.25,320.47
1,54.37,2,0,4,1,3.82,6.77,253.49
6,80.52,2,2,1,4,0.00,5.00,282.43
6,94.56,1,2,2,3,2.89,2.93,292.19
2,78.08,2,0,3,2,0.00,5.79,196.53
4,71.68,1,2,4,0,0.00,7.17,210.72
5,97.77,1,0,0,2,0.00,4.28,139.67
5,132.83,2,2,3,2,5.76,6.31,423.44
1,65.57,2,1,0,0,1.62,2.73,206.71
6,143.35,1,0,1,3,4.63,8.93,339.81
3,126.00,1,2,0,4,4.59,7.47,340.33
4,69.38,1,1,0,1,0.00,8.17,134.39
2,72.08,2,0,3,0,0.00,7.38,147.87
6,117.61,2,1,2,4,0.00,6.18,263.10
2,68.44,1,1,3,1,2.36,2.67,184.31
6,147.26,2,1,3,3,5.79,2.89,391.77
5,91.84,2,2,2,0,0.00,4.82,210.19
3,55.88,2,0,2,2,0.00,4.51,210.26
3,103.07,2,1,1,3,0.00,3.65,171.33
3,79.00,2,2,3,2,0.00,6.78,220.77
3,72.14,2,1,4,2,5.98,6.64,378.43
1,58.62,2,0,3,0,0.00,4.67,127.28
3,71.83,2,2,1,0,0.00,8.92,149.56
5,85.26,2,2,0,4,5.32,3.07,383.43
2,59.04,2,2,2,2,0.00,8.56,164.45
4,77.47,1,1,0,1,0.00,6.58,144.40
1,47.40,1,2,4,2,0.00,6.44,135.38
4,72.68,2,2,0,2,5.78,2.39,360.42
2,66.58,2,0,4,4,0.00,6.78,189.30
4,99.46,1,0,3,3,0.00,6.40,205.68
1,30.00,1,2,2,2,0.00,5.55,168.40
6,92.89,2,0,4,4,0.00,3.31,254.27
4,92.56,1,1,2,2,4.69,4.35,277.40
6,133.27,1,0,4,1,0.00,5.40,217.27
5,105.18,2,2,3,4,1.64,6.34,321.01
6,111.21,1,0,1,0,3.80,5.21,284.23
6,135.01,1,0,3,3,0.00,8.68,213.83
5,116.39,2,2,2,3,0.00,2.53,242.51
3,60.40,2,2,2,3,0.00,3.20,209.05
4,88.59,2,2,1,3,0.00,5.72,220.61
5,124.22,2,1,1,0,4.88,3.08,310.75
5,95.11,1,0,0,1,0.00,6.26,218.13
1,57.38,1,1,2,4,0.00,8.98,134.70
3,30.00,2,1,3,1,0.00,8.83,170.77
4,102.14,2,0,2,4,1.38,5.08,295.71
6,99.93,2,2,0,2,4.40,3.39,346.51
2,52.92,1,2,0,1,2.51,8.66,230.61
2,47.90,1,2,3,2,4.06,8.09,258.82
4,78.10,1,1,0,2,0.00,3.36,161.72
6,131.73,1,0,0,4,5.11,6.11,372.04
3,85.36,2,0,0,4,0.00,8.10,183.70
1,53.45,2,2,2,0,0.00,5.75,127.08
3,100.20,2,1,4,4,0.00,7.03,273.67
2,89.16,1,0,3,3,1.92,2.55,238.33
4,106.11,1,0,0,2,0.00,7.16,168.94
1,30.00,1,0,0,3,6.69,2.92,293.53
5,95.17,2,1,4,3,0.00,5.42,242.09
4,87.25,1,2,4,4,0.00,7.74,254.16
5,84.78,1,0,1,2,4.97,7.32,350.40
4,79.18,2,0,3,3,0.00,5.92,221.71
1,53.93,2,2,3,1,0.00,2.20,139.73
3,84.04,2,2,1,4,0.00,4.12,234.16
5,69.91,1,0,2,1,0.00,8.18,180.13
5,103.62,1,1,0,3,0.00,8.25,212.39
4,79.08,2,2,1,4,0.00,3.74,196.77
4,80.85,2,1,2,1,0.00,3.65,175.21
1,33.65,1,0,4,2,0.00,2.31,138.01
5,76.45,1,2,2,0,0.00,5.21,221.70
2,41.74,1,1,4,1,0.00,8.96,151.17
4,85.55,2,2,0,0,4.01,5.24,300.50
3,74.53,1,2,0,4,4.99,4.78,297.70
2,60.62,1,0,3,4,0.00,3.06,114.42
6,113.79,2,0,3,0,0.00,3.77,243.09
2,81.32,2,1,3,4,0.00,8.94,272.48
6,110.26,2,1,4,4,0.00,5.60,276.77
6,120.17,2,2,3,4,0.00,3.48,303.97
1,65.39,2,2,1,0,0.00,4.99,130.47
1,50.23,2,2,4,3,0.00,6.17,217.56
1,53.08,1,1,4,0,0.00,8.07,147.55
6,87.60,1,0,3,0,0.00,8.32,169.70
3,72.52,2,1,3,4,0.00,3.60,202.24
4,111.08,1,1,3,0,0.00,6.39,180.09
2,70.47,2,1,3,4,6.66,8.66,412.48
5,106.75,2,0,3,1,0.00,7.60,200.33
3,58.73,2,0,1,4,0.00,4.45,190.24
1,30.00,1,1,4,0,0.00,8.60,150.89
4,74.80,2,0,2,4,3.11,2.48,318.38
3,99.99,1,1,2,1,5.52,7.75,298.17
4,98.20,1,0,3,3,6.59,5.67,347.81
3,54.71,1,1,1,3,2.29,2.69,204.56
6,149.87,2,2,4,3,0.00,5.01,300.59
6,115.71,1,0,2,0,0.00,3.71,207.07
3,70.40,1,1,1,3,0.00,2.35,192.36
1,51.82,1,1,4,3,0.00,2.56,153.86
6,77.63,1,1,0,4,6.62,3.78,415.04
6,117.55,1,2,1,3,2.01,4.51,207.47
4,95.14,1,1,0,1,0.00,6.53,158.54
2,88.49,2,2,3,4,0.00,8.14,238.40
6,116.14,1,2,4,2,3.11,7.49,337.63
4,93.34,1,2,1,4,0.00,7.85,214.62
1,67.41,1,2,0,1,0.00,2.17,110.88
4,89.16,1,2,1,1,0.00,5.94,155.10
1,38.20,2,1,0,1,0.00,7.65,171.16
6,98.25,1,2,0,4,0.00,6.90,218.23
2,64.82,1,0,4,4,0.00,8.14,139.01
2,120.19,1,0,4,1,1.79,7.72,226.11
4,94.52,2,0,3,0,0.00,2.44,166.65
3,62.64,1,2,4,2,0.00,4.02,189.37
5,83.09,1,2,1,0,0.00,5.46,179.48
2,85.74,2,2,3,4,0.00,2.84,223.05
3,69.92,2,2,4,4,0.00,2.99,225.31
5,123.76,1,1,2,2,0.00,5.93,174.09
3,74.90,1,2,0,0,5.30,3.18,272.48
2,40.39,2,1,0,2,0.00,7.56,172.22
1,51.15,2,1,0,3,1.45,2.85,199.68
6,81.90,2,1,0,1,4.05,8.80,359.68
2,53.38,1,0,1,2,0.00,2.96,136.69
6,119.14,1,0,4,4,0.00,3.92,225.68
1,56.92,1,1,4,1,6.11,3.83,305.26
5,81.34,1,0,4,1,2.07,7.31,250.47
1,68.18,2,0,0,0,2.98,3.16,144.04
6,120.73,1,2,3,4,0.00,8.29,284.10
1,56.84,2,2,3,2,0.00,2.08,166.17
2,30.00,1,1,0,0,2.53,6.80,176.95
1,68.20,2,2,0,4,0.00,6.06,202.96
6,136.66,1,2,0,0,6.81,6.93,362.43
3,70.35,2,2,3,2,2.59,4.06,294.54
1,60.88,1,2,1,0,0.00,2.30,98.97
6,74.57,2,2,2,2,4.30,6.73,332.10
5,115.50,1,0,2,4,5.49,8.62,373.03
2,55.68,1,1,2,1,0.00,6.66,148.05
2,68.81,1,2,1,1,3.55,2.10,232.50
6,97.86,1,0,3,2,0.00,7.07,196.90
3,57.93,2,1,1,0,6.36,3.11,301.51
3,48.80,1,1,4,1,0.00,8.77,168.50
6,79.32,2,2,0,0,5.13,8.63,358.61
2,63.16,1,0,4,0,0.00,2.19,103.66
6,109.85,2,2,1,2,0.00,3.30,231.30
3,63.56,2,0,2,4,0.00,2.59,179.41
6,93.31,2,2,1,3,0.00,6.24,241.08
4,72.06,2,1,4,2,0.00,7.46,210.34
1,46.88,1,2,2,3,6.79,7.20,354.67
4,111.09,2,1,1,2,0.00,5.38,213.34
2,73.78,2,0,4,2,4.85,6.05,316.56
6,94.85,2,1,3,4,0.00,4.91,266.78
4,109.87,1,0,4,0,0.00,2.62,149.92
1,60.76,1,0,1,2,0.00,5.83,121.95
6,118.25,2,2,1,3,0.00,5.49,259.68
6,79.59,1,0,1,3,0.00,6.05,248.18
4,96.41,2,0,0,2,0.00,3.53,241.23
1,41.30,2,0,0,2,0.00,4.45,122.67
6,104.48,1,2,2,3,1.49,7.26,271.62
2,50.45,2,1,4,0,5.97,4.42,337.17
3,96.10,2,0,0,0,2.64,2.42,215.32
6,97.11,1,2,0,0,2.90,8.76,312.66
3,87.38,2,0,4,3,5.68,8.74,412.94
2,54.20,1,1,2,0,0.00,4.89,131.15
1,50.78,2,0,3,2,0.00,5.23,161.08
6,129.72,2,2,0,3,0.00,3.52,269.20
2,50.80,2,0,2,2,0.00,3.38,172.94
4,59.16,2,1,1,4,0.00,3.51,187.90
2,40.40,2,2,4,2,0.00,3.35,198.71
1,63.80,2,1,2,0,6.64,8.53,320.68
2,39.03,1,0,4,4,0.00,3.30,168.76
6,125.05,2,1,2,4,0.00,8.20,238.98
4,87.68,1,2,3,1,0.00,5.74,154.01
3,100.67,2,0,1,1,0.00,8.81,161.54
3,67.17,2,2,1,3,0.00,5.89,192.47
4,78.57,1,1,2,4,4.09,8.92,301.92
4,87.88,2,2,1,3,0.00,4.94,235.64
5,107.89,2,2,4,3,0.00,7.23,293.45
2,44.41,2,2,3,3,0.00,8.47,197.00
2,54.95,2,2,3,4,0.00,7.25,225.10
2,83.55,2,1,4,3,1.19,4.18,217.52
2,117.36,1,0,3,3,0.00,7.77,203.31
2,34.30,1,1,4,3,5.30,8.64,331.22
4,57.20,2,2,1,2,2.04,2.90,249.91
4,80.79,2,1,1,2,0.00,3.72,203.85
2,49.27,1,2,0,1,0.00,8.38,101.47
3,78.50,1,1,2,4,0.00,2.83,193.56
4,87.10,1,1,1,1,0.00,2.01,160.47
2,70.32,2,0,4,1,0.00,6.93,143.39
3,54.58,1,2,3,1,0.00,5.12,130.93
5,64.35,2,2,1,0,0.00,3.62,193.14
4,95.63,1,0,2,1,0.00,2.50,147.26
3,59.99,2,2,2,2,6.02,4.67,367.47
1,30.00,2,2,2,0,0.00,8.93,156.92
6,149.75,2,1,3,0,0.00,5.59,269.04
1,40.23,1,1,2,2,0.00,4.79,124.85
3,66.21,2,1,4,4,0.00,5.02,231.61
1,58.68,2,2,4,3,0.00,6.45,228.64
4,80.34,1,2,4,0,0.00,5.61,147.16
5,110.92,1,0,2,4,0.00,2.39,194.09
6,137.57,2,0,1,0,0.00,6.18,212.16
1,30.00,1,2,3,4,0.00,2.09,138.07
5,114.64,2,2,4,3,3.67,8.15,373.88
1,49.05,2,1,1,1,0.00,6.86,149.21
4,105.43,1,1,4,3,4.07,6.22,306.04
4,84.09,2,1,3,1,1.45,2.60,246.15
4,108.40,2,1,1,3,4.76,5.93,353.73
6,93.69,2,2,1,2,0.00,6.08,235.13
5,104.37,2,0,1,1,0.00,8.19,192.82
3,70.25,1,1,4,1,0.00,2.63,147.03
3,74.66,2,0,4,0,0.00,5.25,166.77
3,62.50,2,2,2,3,0.00,6.17,192.54
6,85.63,2,1,2,0,0.00,4.58,206.37
2,49.40,1,2,4,0,0.00,7.96,139.60
5,132.17,1,0,1,1,0.00,7.06,156.98
3,66.41,1,0,0,3,0.00,8.77,166.67
1,30.00,1,1,3,1,0.00,7.90,149.81
1,41.82,1,0,2,4,0.00,3.54,110.51
1,64.60,1,0,3,0,0.00,5.85,127.73
5,38.10,2,1,4,0,3.69,2.97,318.57
5,91.21,2,2,3,2,0.00,8.92,204.54
4,67.99,2,0,1,0,0.00,2.41,134.81
4,80.64,2,0,4,2,0.00,5.46,220.84
2,51.85,2,0,3,2,0.00,7.07,187.44
4,57.09,1,2,4,3,0.00,6.77,192.44
2,42.77,1,2,3,1,0.00,8.66,134.00
5,111.15,2,2,2,1,0.00,7.26,213.55
4,92.85,2,0,3,2,0.00,2.90,209.79
3,79.00,1,0,1,4,0.00,5.20,130.33
3,88.14,2,1,3,3,4.24,8.39,329.09
5,103.87,2,0,1,4,0.00,3.50,237.97
4,72.25,1,0,3,4,0.00,8.07,195.94
5,78.63,1,1,0,2,5.10,4.97,316.48
1,73.35,2,1,3,4,0.00,7.46,207.16
4,78.88,1,0,4,4,0.00,2.77,196.01
3,94.97,1,2,4,4,0.00,5.28,217.84
6,96.98,2,0,3,1,0.00,2.92,215.68
4,58.82,2,1,0,3,0.00,5.24,190.53
6,68.88,1,0,1,0,0.00,3.38,120.78
2,35.14,2,1,3,1,3.39,8.19,255.83
2,82.63,1,0,3,4,0.00,8.78,174.51
2,51.73,1,0,1,0,1.14,3.36,99.49
3,88.25,2,2,3,0,0.00,6.00,212.07
4,52.80,1,2,0,1,0.00,7.68,169.41
6,130.02,1,1,4,1,0.00,8.93,200.85
3,81.03,2,0,2,1,6.14,6.15,332.17
2,61.47,1,1,1,0,0.00,4.30,132.57
2,40.93,1,1,1,3,0.00,7.71,135.24
6,102.75,1,1,2,1,0.00,7.16,183.06
4,45.61,1,0,3,3,0.00,8.85,189.27
4,107.66,2,2,4,3,6.98,6.65,396.05
6,123.63,1,2,2,4,0.00,3.78,262.36
3,49.02,1,1,1,0,0.00,5.85,160.86
2,60.92,1,2,3,4,0.00,6.57,170.40
6,131.60,1,0,3,2,0.00,6.95,233.17
4,87.96,2,0,2,1,3.43,5.35,285.49
6,113.68,1,0,1,4,6.96,4.49,392.93
1,35.23,2,0,1,4,3.65,2.96,242.33
2,75.82,1,1,3,1,0.00,7.14,137.66
6,123.93,1,0,4,4,0.00,3.68,232.78
4,89.83,1,1,2,4,0.00,7.42,180.65
5,102.19,1,2,0,1,6.67,7.14,374.55
5,83.76,1,2,0,0,0.00,6.09,182.17
4,69.87,1,0,1,0,6.24,2.12,335.02
1,30.00,2,2,2,3,0.00,4.56,189.62
1,56.64,2,2,4,4,0.00,2.32,193.54
6,115.28,2,2,4,0,0.00,4.34,236.49
3,70.08,2,1,3,3,0.00,8.35,204.47
4,82.52,2,0,0,1,0.00,2.97,160.87
3,49.45,1,2,4,1,1.17,7.48,225.59
6,107.67,2,1,4,0,0.00,6.73,247.80
1,78.94,2,0,3,3,0.00,3.66,131.93
4,68.95,1,1,0,0,1.60,5.51,186.14
6,112.19,2,2,1,3,0.00,3.32,251.78
2,61.80,2,2,0,4,0.00,5.76,220.03
2,30.00,2,2,2,2,3.05,3.53,243.21
2,63.99,1,1,4,1,0.00,3.36,102.46
5,65.44,2,1,2,2,1.42,6.46,245.69
5,100.95,2,0,3,2,0.00,3.74,196.21
6,110.50,1,2,3,4,0.00,5.95,268.03
1,37.77,2,0,0,3,3.43,7.75,205.65
5,97.52,1,0,2,0,0.00,7.66,154.33
6,110.73,2,0,2,3,0.00,5.09,215.75
2,54.70,2,2,1,0,0.00,2.29,153.50
6,100.32,2,0,3,3,0.00,2.88,240.07
4,114.94,2,0,0,1,0.00,3.82,168.49
4,92.14,2,0,0,4,0.00,2.90,169.49
5,106.74,2,2,1,3,0.00,4.41,230.94
6,112.06,2,2,0,0,2.11,8.44,260.03
1,58.53,1,1,2,4,0.00,5.22,183.80
3,66.68,1,1,0,2,0.00,3.26,139.18
5,112.77,1,0,0,0,0.00,7.74,149.94
3,85.46,2,0,1,3,6.81,8.85,374.72
4,80.41,2,0,3,1,0.00,2.77,181.42
1,54.31,2,0,2,3,0.00,8.58,126.45
1,51.82,2,1,2,1,0.00,6.74,145.81
4,104.17,2,2,2,4,0.00,2.33,236.55
5,72.66,1,0,1,4,0.00,7.78,237.29
5,77.17,1,0,2,1,0.00,2.20,147.10
6,116.87,1,0,3,2,5.46,6.59,346.59
2,48.25,2,0,3,3,0.00,8.27,169.71
5,95.55,2,2,4,1,0.00,3.38,198.62
4,97.39,2,0,0,4,5.41,8.68,375.84
2,71.29,2,2,0,2,0.00,7.20,203.28
2,30.00,1,2,1,2,4.77,4.44,264.94
1,54.94,2,2,0,2,0.00,4.84,116.59
6,98.24,2,1,0,3,4.69,5.31,397.25
6,136.88,1,0,1,4,0.00,6.93,237.86
6,87.48,1,1,2,2,0.00,6.07,236.94
3,46.40,1,2,2,1,0.00,6.40,178.09
6,98.44,2,1,0,4,3.65,5.81,373.28
6,120.38,1,1,4,0,0.00,4.94,201.22
1,47.52,1,2,0,3,0.00,3.78,136.89
6,96.53,2,2,4,3,0.00,4.93,239.12
6,107.03,1,0,0,4,6.89,7.85,382.73
4,82.18,1,2,0,3,5.30,2.40,366.21
6,91.56,1,0,2,2,0.00,3.43,178.76
2,40.10,1,0,2,1,0.00,7.01,132.30
6,98.15,1,1,0,4,4.30,8.94,331.63
1,63.37,2,1,0,3,0.00,6.12,146.24
5,94.76,1,0,3,3,0.00,7.36,193.44
2,58.51,2,1,3,4,0.00,6.65,199.38
3,35.37,2,1,0,3,0.00,6.05,198.89
6,124.45,2,0,3,0,0.00,4.18,201.64
6,124.95,2,0,0,4,0.00,4.55,260.44
6,125.64,1,0,1,2,0.00,2.95,172.64
3,92.29,2,0,1,2,0.00,6.12,208.03
3,86.40,2,2,1,0,0.00,6.94,175.15
2,66.86,2,0,3,4,0.00,7.73,197.73
2,30.00,2,2,1,2,1.42,5.25,218.08
3,76.67,1,1,2,4,5.64,5.92,336.15
6,129.87,1,2,4,0,0.00,5.66,226.82
3,63.27,2,2,4,1,0.00,6.32,197.61
6,85.64,1,0,1,2,0.00,8.53,204.78
4,68.38,2,1,1,4,0.00,6.62,272.62
3,78.94,1,1,3,3,0.00,8.39,181.73
5,112.81,1,2,4,2,0.00,6.60,200.23
6,107.64,2,0,4,2,0.00,5.79,279.65
5,81.06,1,1,2,3,0.00,2.20,182.96
3,63.86,1,0,3,1,4.14,6.68,242.43
1,30.00,2,2,1,3,5.82,5.65,295.23
4,99.04,1,0,1,3,2.00,6.48,218.54
2,83.45,2,0,3,0,0.00,4.72,171.27
3,79.08,2,0,4,3,0.00,3.92,220.39
1,32.94,2,0,0,0,0.00,2.83,97.64
5,142.59,2,0,2,1,6.05,3.05,350.85
4,67.63,2,1,1,2,0.00,6.49,183.53
6,108.16,1,2,1,0,6.42,2.44,332.49
6,101.36,1,0,0,0,0.00,7.68,169.31
1,63.61,1,0,4,1,0.00,2.03,114.83
3,104.47,1,1,1,3,0.00,4.77,144.57
2,30.00,2,2,1,3,2.03,4.10,246.22
4,44.46,1,2,4,0,1.97,3.02,185.68
2,46.81,2,2,4,3,0.00,3.59,197.52
3,77.17,2,0,1,3,0.00,3.65,220.23
5,106.29,1,1,3,4,0.00,2.96,257.80
6,121.99,1,0,4,1,0.00,6.67,220.78
2,79.35,1,1,3,1,0.00,2.69,191.31
1,57.45,2,0,4,2,0.00,7.77,182.54
2,72.06,1,1,4,1,5.18,6.50,304.37
5,126.65,1,1,3,0,0.00,5.43,169.44
2,55.17,2,1,3,2,0.00,7.43,209.23
3,59.41,2,1,4,2,0.00,8.16,220.47
6,101.20,1,1,4,0,2.70,6.55,284.91
5,112.60,1,0,2,3,0.00,7.46,166.68
2,89.45,2,0,2,1,5.96,2.90,281.05
3,86.70,2,1,3,1,0.00,4.45,201.17
5,61.51,2,2,1,4,0.00,2.70,215.59
4,106.98,1,1,0,3,0.00,6.60,198.16
6,137.60,2,0,0,3,0.00,7.97,223.25
6,107.59,2,0,0,4,0.00,2.99,269.33
1,58.82,2,1,2,0,1.14,3.98,144.73
3,84.48,1,0,4,4,0.00,7.95,249.41
3,56.67,1,0,4,3,0.00,7.14,157.10
3,97.22,1,2,4,3,0.00,8.64,224.30
5,113.97,1,1,2,4,0.00,2.61,200.44
3,63.36,2,1,3,3,0.00,4.24,160.99
6,163.42,2,1,2,1,1.37,7.65,316.17
6,95.52,1,0,4,0,0.00,8.16,209.83
3,65.90,2,0,3,3,5.04,3.47,315.95
6,112.62,2,1,1,4,0.00,3.82,242.47
2,54.35,2,1,4,3,2.47,4.17,268.90
4,73.04,2,2,1,2,0.00,6.16,199.17
5,108.99,1,2,3,4,5.08,6.34,385.29
6,139.00,1,0,1,4,0.00,4.47,195.24
4,73.56,2,2,1,0,4.36,5.12,296.22
4,73.94,2,1,4,0,5.53,3.10,303.66
6,129.87,2,1,3,1,1.02,8.28,296.01
2,49.60,2,1,1,2,0.00,6.71,183.46
6,129.43,1,1,4,3,1.06,5.24,220.34
1,52.20,1,1,1,4,0.00,4.77,177.63
6,165.48,2,2,3,3,0.00,8.27,295.11
5,93.75,1,1,4,2,6.18,4.71,350.94
5,114.15,2,0,3,2,0.00,4.81,226.31
5,90.42,1,0,0,1,0.00,4.30,180.35
5,104.66,2,1,0,1,4.42,6.04,323.51
3,114.49,2,2,4,4,5.22,8.09,434.55
4,95.90,2,0,0,1,0.00,5.95,201.40
5,116.33,1,1,1,3,5.33,2.87,374.43
3,101.37,1,0,2,3,0.00,8.55,172.19
6,106.35,2,1,1,4,5.47,4.31,423.99
1,67.46,1,1,4,1,0.00,3.00,91.90
3,33.85,2,2,3,1,0.00,6.71,203.03
1,40.45,1,1,1,1,5.14,8.73,234.49
5,124.66,2,0,1,3,6.56,6.36,414.68
3,61.07,2,1,0,4,3.71,6.20,298.76
3,81.66,1,2,1,1,0.00,7.79,143.19
6,79.43,1,1,3,3,4.96,6.07,380.47
6,120.28,1,2,1,4,0.00,3.94,202.98
4,75.58,2,0,3,1,0.00,8.15,188.93
3,115.26,2,2,2,2,0.00,2.83,175.29
5,59.09,1,2,0,0,0.00,5.97,147.06
2,63.35,1,2,3,2,0.00,3.95,158.30
2,56.27,2,2,4,0,5.58,8.85,354.52
4,72.29,1,0,4,0,0.00,5.07,189.47
4,110.99,2,2,1,3,0.00,6.04,225.64
6,92.93,2,2,0,0,0.00,6.38,211.98
6,113.81,1,1,4,1,0.00,5.46,174.58
6,132.96,2,0,0,2,0.00,5.76,191.74
3,69.29,2,1,2,1,1.27,7.81,237.18
1,68.85,2,2,4,4,0.00,5.12,184.22
6,86.24,2,1,3,4,0.00,7.74,263.32
4,81.64,1,2,4,3,0.00,5.86,191.36
6,121.42,2,2,1,3,2.91,4.77,341.12
1,51.50,1,1,1,0,0.00,3.61,86.19
3,79.59,1,2,4,4,0.00,5.23,240.70
3,59.20,2,2,3,1,0.00,4.29,185.71
3,75.04,1,1,1,4,0.00,2.36,129.19
5,71.59,2,2,1,1,0.00,8.67,196.49
2,58.66,1,2,0,1,0.00,3.36,109.19
5,97.25,2,2,3,4,0.00,5.93,257.63
1,78.67,2,1,4,1,0.00,5.32,189.92
2,30.00,2,1,0,3,0.00,3.13,140.43
6,113.40,2,2,0,3,0.00,5.80,244.09
6,103.14,1,2,2,3,5.85,7.00,409.61
2,57.47,2,1,0,4,0.00,8.12,183.21
5,104.80,1,1,4,1,0.00,6.69,186.60
1,54.30,1,0,2,3,0.00,4.86,134.71
4,85.90,2,2,2,1,5.20,6.54,357.93
4,91.98,2,2,1,4,5.99,7.57,392.75
2,62.03,2,1,0,0,0.00,2.93,94.19
6,85.39,1,2,2,2,0.00,3.32,208.59
6,149.39,2,2,1,4,6.05,3.89,425.17
2,75.93,1,1,1,2,0.00,3.76,113.25
5,105.33,1,2,0,3,0.00,4.35,170.31
5,114.81,1,1,0,1,0.00,7.17,200.93
5,121.98,2,1,0,1,0.00,2.55,203.67
4,60.16,1,0,2,2,1.55,7.42,192.26
1,37.11,1,2,1,4,0.00,7.84,161.31
5,114.59,2,1,1,3,0.00,3.35,179.18
4,83.46,1,0,2,1,0.00,6.75,129.34
5,95.81,2,0,3,3,3.72,5.18,352.59
5,139.83,1,2,3,1,0.00,2.24,167.43
1,56.00,1,1,0,4,0.00,6.27,159.78
5,71.65,2,2,4,1,0.00,5.04,209.98
5,104.04,1,1,3,2,0.00,2.76,190.13
5,85.03,1,1,0,1,0.00,3.27,113.03
1,31.81,1,0,1,4,2.11,2.86,199.70
4,84.45,1,0,1,0,0.00,8.20,101.28
6,109.21,2,0,1,4,0.00,5.69,240.31
1,30.11,2,1,4,0,0.00,4.55,144.52
2,54.01,2,0,0,0,0.00,5.94,130.67
2,53.29,2,2,4,2,0.00,7.26,241.87
6,158.64,2,1,2,1,0.00,5.00,259.32
4,101.44,2,1,4,0,0.00,8.12,239.24
5,113.62,2,0,4,3,1.01,8.84,271.79
1,53.20,1,2,2,2,0.00,2.73,143.63
6,133.83,2,2,3,4,0.00,6.13,282.04
6,72.78,2,2,4,2,0.00,4.63,238.03
5,73.05,2,1,4,2,4.73,5.76,407.64
5,137.84,1,2,1,3,0.00,9.00,221.05
4,83.34,2,1,4,1,0.00,3.42,198.55
1,38.81,2,0,4,4,0.00,2.05,176.87
4,72.28,2,1,3,0,0.00,4.49,198.94
1,30.00,2,1,4,2,0.00,7.88,199.46
4,77.17,2,0,0,4,0.00,6.41,186.50
5,74.21,1,2,1,1,0.00,2.34,144.24
4,81.46,1,2,2,4,0.00,6.98,248.34
2,72.87,1,1,0,2,0.00,2.98,113.90
4,98.50,1,1,1,0,0.00,4.01,127.82
1,39.64,2,0,1,3,0.00,2.06,156.83
2,74.79,2,1,1,2,0.00,7.69,177.98
4,53.01,1,2,2,2,0.00,4.53,178.05
2,79.78,2,2,0,4,1.15,8.40,211.53
3,65.87,2,0,4,1,0.00,2.14,178.57
5,115.82,2,0,2,1,0.00,2.27,190.82
6,130.83,1,1,4,1,3.97,6.84,325.16
3,98.45,2,1,2,3,0.00,6.34,227.84
3,52.34,2,1,1,4,0.00,3.94,201.49
3,54.32,2,0,3,1,0.00,8.78,185.83
3,77.06,1,1,3,0,5.47,8.18,286.96
5,80.90,1,0,1,0,4.44,6.44,262.56
6,114.78,1,0,4,3,0.00,9.00,251.48
5,120.60,1,2,0,4,4.93,5.34,318.64
6,132.58,2,1,4,1,0.00,7.95,217.42
1,68.23,2,1,4,4,0.00,5.83,163.39
1,49.77,1,2,3,0,0.00,7.93,109.96
1,53.07,2,1,2,4,2.41,8.43,302.74
1,67.09,2,2,0,1,4.22,6.23,290.55
5,100.60,1,1,4,2,0.00,2.25,203.76
4,41.55,1,1,2,0,0.00,5.06,120.26
2,41.82,1,2,0,1,0.00,3.50,134.63
1,41.80,2,1,4,2,0.00,6.40,185.17
4,72.41,1,1,2,2,2.50,7.57,232.50
4,80.94,2,0,4,0,0.00,2.47,199.22
2,49.31,1,1,1,1,0.00,3.01,58.01
2,85.39,1,1,1,4,0.00,3.49,178.57
1,45.45,2,2,4,3,0.00,8.82,216.76
6,95.79,1,2,1,1,0.00,7.84,208.02
2,75.46,2,0,2,3,0.00,6.36,169.39
3,110.86,1,2,3,3,1.36,8.03,264.14
2,68.35,2,0,3,2,0.00,8.34,184.39
3,87.55,1,1,3,1,0.00,3.09,149.63
6,135.30,1,0,1,2,3.79,3.43,283.96
6,120.98,1,2,2,4,0.00,8.38,277.18
4,42.90,1,2,4,1,0.00,6.32,206.99
5,96.37,2,0,1,2,0.00,4.32,206.12
5,110.52,2,0,3,2,3.53,5.86,336.57
2,57.63,2,2,1,1,1.66,5.27,217.28
1,56.11,1,1,3,1,0.00,7.12,152.87
1,64.08,1,2,4,3,0.00,6.40,143.54
2,36.72,2,0,4,2,0.00,5.02,220.21
6,134.88,2,2,1,4,0.00,5.33,271.62
4,104.40,1,2,0,1,4.63,8.55,303.17
6,126.55,2,1,4,2,0.00,5.60,248.88
2,76.46,1,1,2,0,6.43,2.49,251.97
4,55.25,2,0,1,0,1.75,4.57,218.11
3,126.37,1,2,2,4,0.00,8.01,216.46
5,90.66,1,0,0,2,0.00,8.49,147.75
5,86.71,1,1,2,0,0.00,6.00,173.99
1,40.94,1,0,3,1,4.52,6.21,265.70
5,100.90,1,1,3,2,3.87,7.29,295.68
6,103.88,1,0,3,0,1.56,4.29,228.16
4,133.35,1,2,1,1,0.00,6.57,184.40
6,115.18,2,2,4,2,0.00,2.34,213.19
2,31.41,1,1,4,1,6.96,3.53,337.27
6,84.16,1,0,4,0,0.00,2.10,108.57
4,75.96,1,1,4,4,0.00,8.98,237.51
1,73.92,1,2,1,2,2.03,6.63,200.81
6,107.88,1,0,2,1,3.12,6.68,292.36
4,69.16,2,2,1,4,0.00,2.77,227.54
6,114.36,2,2,0,2,0.00,8.73,254.58
6,102.10,2,1,3,3,0.00,3.08,213.88
5,128.46,2,0,2,4,0.00,3.38,219.53
3,78.58,2,1,3,2,0.00,8.95,210.95
5,106.80,2,1,3,0,0.00,6.00,201.84
4,90.31,1,2,3,2,0.00,8.36,165.99
4,83.65,1,2,4,3,0.00,5.62,189.59
5,100.23,2,0,4,4,0.00,4.88,265.96
3,93.85,2,1,0,1,0.00,4.08,141.39
3,58.62,1,2,3,3,5.58,7.01,332.28
5,95.39,2,1,3,4,0.00,5.46,265.61
1,55.44,2,2,4,4,0.00,4.21,174.50
1,39.31,2,0,1,2,1.82,7.84,245.78
1,65.52,2,2,0,2,0.00,7.74,146.09
4,100.78,1,1,3,1,0.00,6.98,168.20
5,85.15,2,1,2,4,4.16,2.17,360.82
3,72.68,1,1,0,3,0.00,4.31,183.65
4,100.28,2,1,1,0,0.00,2.62,190.24
1,43.19,2,0,4,0,4.73,4.81,272.91
5,85.18,1,1,2,3,0.00,2.20,146.18
2,40.53,2,2,0,0,5.95,3.56,289.79
3,111.09,1,1,2,0,2.55,4.08,185.24
4,68.18,1,2,1,3,0.00,5.46,192.76
1,64.55,2,2,4,0,5.32,6.22,309.61
3,67.92,2,2,0,0,0.00,8.98,159.44
3,61.30,1,2,2,1,0.00,8.62,184.43
3,63.08,2,1,2,4,0.00,3.60,191.24
6,88.71,1,0,1,1,0.00,7.87,197.43
6,138.23,1,1,3,1,0.00,7.63,223.68
5,97.30,2,2,2,1,0.00,4.45,201.25
2,54.69,2,1,2,3,0.00,2.90,153.96
6,122.18,1,2,0,1,0.00,7.27,207.78
2,74.69,2,1,2,0,0.00,5.17,179.05
4,60.75,1,1,2,3,0.00,7.76,185.61
3,69.58,1,0,3,3,3.19,2.14,291.12
4,48.15,2,2,3,2,0.00,2.00,165.00
4,72.18,1,1,2,3,6.49,4.20,348.40
4,104.92,1,1,1,0,3.83,5.87,236.54
4,110.75,2,2,1,2,6.59,8.21,406.13
3,63.21,1,1,0,1,5.43,7.32,268.57
6,123.21,1,2,2,2,0.00,8.15,204.37
6,126.93,2,2,1,0,0.00,7.12,205.84
1,56.94,1,2,0,2,0.00,3.03,145.57
6,136.63,2,0,1,0,0.00,2.97,206.50
5,98.52,2,1,1,1,0.00,6.45,203.13
2,69.33,1,0,2,2,0.00,4.92,109.05
2,57.14,2,2,2,3,0.00,6.08,233.12
1,53.43,1,0,4,1,0.00,2.17,93.11
6,91.82,1,1,3,4,0.00,5.21,217.94
3,38.34,2,0,4,0,4.20,6.36,281.74
6,116.19,1,2,0,3,0.00,6.63,242.35
2,58.31,2,1,0,1,4.07,4.73,273.89
3,68.07,1,0,4,3,0.00,8.69,182.80
1,30.00,1,1,0,1,0.00,7.57,99.24
6,95.26,1,0,0,2,3.22,7.84,282.60
3,91.68,2,2,0,2,0.00,2.44,142.61
5,105.49,2,2,4,1,6.29,5.92,424.45
4,107.13,2,1,4,4,0.00,5.16,268.55
2,47.84,2,2,3,3,0.00,6.20,190.60
5,67.95,1,1,0,1,0.00,4.86,146.31
1,30.00,2,1,2,3,3.79,4.13,240.14
5,130.77,2,1,0,1,0.00,6.06,229.26
4,69.74,1,1,3,3,3.79,8.59,322.98
3,76.24,1,1,4,1,0.00,4.50,189.40
4,67.45,1,0,1,2,3.97,5.82,249.06
2,59.50,1,2,0,3,0.00,8.14,156.94
1,37.73,1,0,2,0,0.00,3.22,84.65
2,67.14,1,2,2,2,0.00,7.47,166.48
5,96.67,1,2,2,3,2.13,8.84,304.48
1,34.43,1,1,3,1,0.00,2.20,114.66
6,110.24,1,0,2,3,0.00,4.90,173.41
6,113.68,1,2,3,0,0.00,6.91,218.38
6,96.00,1,0,0,2,0.00,4.33,195.75
4,95.19,2,2,3,4,0.00,5.83,244.65
4,98.67,1,1,3,3,0.00,2.17,184.96
4,86.32,1,1,0,0,2.34,8.37,186.23
3,46.75,1,0,0,0,0.00,6.51,102.21
6,76.74,1,0,1,0,0.00,8.94,126.26
1,30.00,2,0,0,2,0.00,2.68,117.83
2,87.01,2,0,1,3,0.00,8.03,211.26
2,81.03,1,1,1,3,0.00,4.56,169.58
2,97.56,2,2,1,0,4.77,2.63,300.91
3,75.38,1,2,1,3,0.00,7.97,176.23
4,58.14,1,1,4,2,0.00,4.02,199.98
2,57.14,1,0,0,0,5.36,5.98,287.94
2,96.10,2,2,3,3,0.00,3.25,193.97
5,106.75,2,1,1,3,2.88,4.63,300.42
1,46.15,1,2,0,0,0.00,5.79,120.72
4,92.99,2,2,1,4,0.00,4.58,244.95
3,90.59,2,1,3,2,0.00,3.97,181.68
1,30.00,1,1,0,3,0.00,8.52,120.52
5,96.60,2,0,4,2,0.00,5.14,224.93
5,84.80,1,2,3,3,5.20,4.87,333.29
3,63.34,1,1,3,0,0.00,4.07,127.08
1,76.82,1,0,2,4,0.00,2.25,132.88
2,67.88,1,1,3,1,0.00,8.49,144.60
6,95.47,1,1,1,0,0.00,8.75,184.88
6,108.39,1,2,1,4,0.00,6.26,242.93
5,95.40,1,2,2,1,4.69,3.49,277.97
4,83.28,2,0,0,0,3.32,4.48,234.34
1,30.00,2,0,0,4,0.00,2.06,197.25
1,66.50,2,2,0,3,0.00,3.33,192.45
2,41.05,2,2,3,4,0.00,7.01,239.12
3,58.14,2,2,4,1,0.00,7.17,231.64
5,124.12,1,0,2,1,0.00,8.62,175.33
1,45.02,1,2,2,0,0.00,3.70,100.79
2,30.56,1,0,3,2,5.50,3.46,274.56
3,83.67,2,1,1,1,6.18,2.62,327.83
6,94.66,2,1,4,2,6.30,3.94,435.11
2,57.83,2,2,2,3,0.00,2.13,185.72
2,80.55,2,2,0,2,0.00,5.95,167.78
4,89.08,1,2,1,0,0.00,3.14,141.45
3,110.81,2,1,0,0,0.00,4.96,194.88
1,34.84,2,2,3,3,1.66,4.95,233.83
1,69.40,1,1,4,0,0.00,5.64,120.12
3,79.16,2,1,1,2,0.00,5.74,188.59
1,59.83,1,2,2,4,0.00,7.61,210.57
3,71.23,2,0,0,3,0.00,2.71,168.21
2,47.95,2,1,3,0,0.00,4.94,212.42
4,88.73,1,1,4,1,0.00,3.90,166.62
1,43.00,2,0,1,4,0.00,3.45,164.24
2,54.08,1,2,4,1,0.00,7.85,162.82
5,70.24,2,0,2,3,6.73,2.15,358.50
2,65.29,1,0,2,3,0.00,2.64,175.80
2,30.00,2,2,0,1,0.00,3.06,140.08
5,143.63,1,1,4,3,1.61,5.17,239.14
3,74.01,2,1,4,2,2.70,4.16,246.05
3,46.43,1,0,4,1,0.00,8.97,127.92
4,90.62,1,1,0,2,0.00,6.02,181.74
5,99.12,1,0,1,0,0.00,7.18,76.67
3,85.33,1,1,1,3,0.00,8.51,160.24
4,66.20,1,2,0,2,0.00,4.94,201.68
2,47.02,1,0,4,1,0.00,2.37,119.69
4,129.72,2,2,4,0,0.00,3.41,221.53
1,44.23,2,0,1,0,0.00,2.17,122.96
4,98.22,2,2,4,4,3.87,3.47,332.79
2,40.00,1,0,4,3,0.00,8.48,150.56
2,93.83,1,0,1,0,0.00,3.90,97.09
3,50.87,1,2,0,0,0.00,8.88,114.13
6,60.04,2,1,0,2,0.00,5.87,215.85
5,88.41,1,2,3,2,0.00,5.53,210.47
5,86.71,2,0,2,4,0.00,7.08,276.59
2,42.03,2,1,3,3,0.00,3.30,207.00
4,92.79,1,2,1,1,0.00,8.08,199.48
5,65.64,2,0,3,3,0.00,7.80,167.39
2,69.76,2,0,4,3,0.00,8.97,201.82
1,56.19,2,1,4,0,0.00,5.95,169.51
6,119.58,1,0,3,1,0.00,2.12,225.03
1,42.13,2,1,4,2,4.49,8.17,308.49
6,161.52,2,2,0,3,0.00,3.13,203.47
5,90.58,1,0,4,3,0.00,6.79,197.67
5,96.16,1,0,1,1,5.65,5.56,315.12
2,53.94,1,2,0,0,0.00,8.66,118.28
6,99.17,1,0,0,0,2.82,3.83,205.40
6,83.04,2,2,3,2,0.00,6.27,248.72
4,93.44,1,1,4,2,6.80,3.32,389.89
5,96.24,1,2,2,4,0.00,2.33,176.25
1,79.38,1,2,1,3,0.00,2.51,138.87
6,125.32,1,1,2,1,0.00,4.47,223.59
3,60.30,2,0,0,4,0.00,8.05,189.64
4,98.66,2,0,3,0,0.00,6.17,177.88
1,41.87,2,2,1,2,0.00,6.98,199.05
1,57.05,2,0,2,3,4.35,2.13,313.85
6,102.42,2,2,0,4,2.79,6.38,354.39
5,123.79,1,0,1,4,6.98,7.63,376.21
5,101.82,2,2,1,4,3.55,8.18,310.81
2,60.31,2,2,3,2,5.82,2.74,299.38
5,89.95,2,0,2,1,2.53,4.61,251.77
4,81.62,1,2,4,4,0.00,8.68,250.63
5,90.18,2,1,2,2,0.00,4.35,204.40
3,93.39,1,2,2,1,0.00,4.85,158.44
5,116.46,2,2,0,2,0.00,2.20,219.28
5,86.78,1,2,3,4,0.00,6.31,197.81
4,119.82,1,2,3,2,0.00,3.57,222.65
2,77.16,1,0,2,2,0.00,7.47,145.42
2,47.67,1,1,1,3,0.00,5.36,126.03
2,48.49,2,1,2,0,0.00,8.63,179.61
2,64.80,2,1,1,2,0.00,5.46,146.13
2,48.03,1,2,2,4,5.90,8.61,349.30
4,99.23,2,0,3,1,0.00,6.27,202.82
1,31.12,2,1,2,2,0.00,8.30,178.00
4,76.01,1,1,4,1,0.00,5.15,216.96
1,34.92,2,1,3,4,0.00,4.10,187.84
5,77.38,2,0,4,0,3.76,2.70,300.74
2,86.20,2,1,3,4,6.08,5.88,399.33
3,70.10,1,2,1,0,4.88,2.71,248.50
5,120.69,1,2,0,2,0.00,2.46,193.93
4,88.83,2,2,4,0,0.00,3.25,193.49
4,94.04,2,0,4,0,0.00,8.68,159.91
3,65.39,2,0,3,2,0.00,2.37,154.79
5,38.43,2,0,1,2,5.38,4.29,327.71
6,124.93,2,2,4,0,0.00,3.30,222.69
6,120.61,2,2,0,4,0.00,4.66,270.92
4,90.91,1,2,2,4,0.00,2.50,179.06
3,78.35,1,0,1,0,0.00,4.72,114.57
4,93.30,2,0,0,3,5.80,5.95,390.06
4,77.45,1,2,4,2,0.00,3.46,177.34
2,77.34,2,0,2,0,6.69,6.39,346.13
3,72.43,1,2,4,2,0.00,5.96,212.06
4,98.61,1,0,4,3,2.05,6.28,331.20
4,82.64,2,2,4,3,0.00,5.72,268.57
3,60.35,1,1,2,4,1.97,2.27,197.64
5,127.22,2,0,0,0,0.00,8.48,195.70
2,58.56,1,0,3,4,0.00,4.36,170.84
1,45.10,2,2,3,3,0.00,7.72,189.31
4,115.49,1,0,4,1,0.00,4.22,174.14
5,133.70,1,1,0,2,4.11,3.30,278.15
1,43.01,1,0,2,3,0.00,7.87,167.91
6,156.01,1,1,3,3,0.00,7.25,232.08
4,51.85,1,0,0,3,2.88,4.94,206.40
5,101.15,2,1,2,2,0.00,7.06,203.36
2,52.31,1,0,0,2,0.00,7.60,131.45
4,103.22,2,0,3,0,0.00,4.82,152.40
4,70.97,1,0,4,4,0.00,5.93,203.98
1,61.60,1,1,3,1,0.00,8.26,160.74
4,86.82,1,1,4,2,0.00,2.22,239.69
2,56.35,2,0,3,4,0.00,5.88,235.40
1,42.77,2,0,0,4,0.00,2.43,166.46
3,81.61,1,0,0,2,4.33,2.34,255.02
4,66.40,2,0,3,2,0.00,5.84,235.62
6,108.50,1,0,4,0,0.00,2.88,172.93
2,53.20,1,2,0,0,0.00,8.57,139.29
2,72.80,2,0,2,0,1.18,2.16,217.64
4,105.54,1,2,3,1,0.00,2.15,152.35
1,46.75,2,2,2,2,0.00,6.45,159.64
6,133.52,2,2,2,0,0.00,2.19,193.29
6,131.06,1,2,4,4,0.00,3.50,242.44
5,86.15,1,2,3,3,0.00,8.21,210.48
1,30.00,1,1,4,2,0.00,8.93,178.65
6,141.63,1,0,3,3,0.00,4.41,231.82
3,103.16,2,2,4,3,0.00,8.14,241.97
3,60.02,2,2,3,3,0.00,7.58,226.58
4,88.83,2,1,0,0,0.00,2.33,205.39
2,59.56,2,2,2,3,0.00,7.52,227.55
5,44.90,2,1,4,1,0.00,6.22,209.35
5,67.08,2,1,0,1,0.00,2.62,167.38
3,66.81,1,1,1,0,0.00,7.07,117.99
5,103.59,1,1,0,4,1.62,7.80,263.55
4,74.52,1,0,3,4,0.00,2.26,158.89
1,47.85,2,2,1,2,0.00,2.97,154.38
3,51.74,1,2,0,0,0.00,7.01,155.45
2,30.00,2,2,3,2,0.00,3.30,187.40
4,100.10,2,1,2,2,0.00,7.78,197.71
1,30.00,2,0,4,4,4.23,6.91,271.45
6,96.20,2,1,2,0,0.00,3.05,189.50
4,83.56,1,0,2,0,0.00,5.84,181.95
2,48.83,1,2,4,2,4.67,4.12,314.03
6,108.72,1,0,2,3,4.99,6.94,363.10
2,59.92,2,0,1,3,0.00,6.09,191.51
5,111.15,2,1,1,2,0.00,8.23,223.37
3,63.73,2,0,3,4,0.00,4.44,203.22
5,113.88,1,0,1,0,0.00,4.59,128.62
2,73.64,1,0,4,1,0.00,2.91,126.47
5,129.60,2,2,3,2,0.00,6.81,250.77
6,88.24,1,1,1,4,0.00,4.29,260.03
1,34.49,2,0,0,1,0.00,5.22,127.73
4,65.54,1,0,3,4,6.70,3.72,367.27
5,125.15,2,1,3,2,3.26,7.52,348.11
5,86.98,1,1,3,3,0.00,5.68,216.32
3,81.93,1,1,2,1,0.00,5.08,178.50
4,71.93,1,2,3,0,0.00,8.88,156.82
4,75.19,1,1,1,0,0.00,4.75,133.22
3,35.48,2,1,4,3,0.00,7.43,232.90
1,36.73,1,2,0,2,6.80,6.99,282.91
4,120.12,2,2,0,1,6.13,5.04,340.52
1,49.81,1,0,4,0,0.00,8.77,115.43
4,45.41,2,0,3,2,0.00,7.54,240.96
5,88.86,2,2,1,3,0.00,7.89,229.62
5,115.53,2,1,2,0,0.00,8.29,236.93
1,65.04,1,0,0,4,0.00,4.37,152.06
3,82.84,1,2,0,4,0.00,3.10,142.64
2,36.59,1,2,2,1,3.67,8.08,267.47
3,105.54,2,2,1,3,0.00,8.97,207.17
1,37.29,2,0,0,3,2.04,7.17,213.10
5,100.78,2,1,0,1,0.00,2.48,186.44
6,131.56,1,2,0,2,1.14,8.02,242.76
2,53.89,2,2,4,4,0.00,6.92,223.07
5,82.24,1,2,0,4,6.07,7.65,394.73
1,80.00,2,2,3,1,0.00,2.75,179.18
6,136.67,2,2,4,4,0.00,5.26,269.67
5,99.68,1,1,1,0,0.00,4.84,166.53
1,47.50,1,2,0,3,0.00,6.12,165.62
6,122.56,1,1,4,0,0.00,7.24,183.62
1,46.42,1,2,2,4,0.00,2.05,130.67
3,64.34,2,2,1,2,0.00,8.78,183.95
5,94.61,1,2,0,1,4.43,7.43,245.53
5,101.67,2,2,4,4,0.00,3.35,292.20
1,33.29,1,1,1,0,0.00,6.66,116.01
5,134.23,2,1,4,1,1.44,2.03,243.31
1,45.22,1,0,0,1,0.00,7.04,67.06
4,82.34,2,2,1,0,0.00,6.61,199.80
2,38.22,1,1,1,1,0.00,8.24,111.36
6,107.73,2,0,1,3,0.00,7.04,225.55
4,106.04,1,2,1,2,5.03,7.42,312.04
1,51.04,1,2,4,3,0.00,5.68,162.77
2,67.92,1,0,0,1,6.87,3.48,264.53
1,30.00,1,1,2,4,0.00,7.72,109.86
4,82.34,2,0,1,3,2.87,8.96,274.57
5,112.67,2,1,3,1,5.09,3.08,342.80
2,82.86,2,0,0,4,0.00,3.06,175.98
4,126.87,1,0,4,3,0.00,6.94,198.08
4,106.54,1,0,2,4,0.00,4.85,190.91
1,68.16,2,0,0,0,0.00,6.41,92.14
2,75.03,2,0,3,1,0.00,7.57,224.07
6,116.89,1,1,0,2,0.00,2.16,173.91
6,120.42,2,2,0,1,5.37,3.09,406.77
6,119.73,1,0,4,0,3.27,4.20,309.03
4,80.64,1,1,4,3,5.54,8.40,397.55
4,66.97,1,1,4,1,6.68,4.56,384.14
2,30.00,2,1,4,2,0.00,7.07,191.00
3,73.76,2,0,2,4,0.00,8.10,241.07
2,78.01,1,1,2,3,0.00,5.65,164.87
2,47.39,2,2,2,3,0.00,6.54,177.10
3,30.00,2,2,4,4,0.00,8.08,294.59
4,70.12,2,2,3,1,0.00,6.39,203.95
2,55.95,1,2,2,3,0.00,4.52,172.17
5,77.47,2,0,3,2,0.00,5.97,216.03
4,135.11,2,0,0,0,0.00,8.59,188.54
2,65.77,1,1,4,4,1.19,5.80,228.86
3,114.45,1,1,2,0,3.73,4.65,215.98
3,100.74,1,0,4,0,0.00,6.60,138.70
6,83.22,1,0,0,3,0.00,6.10,198.53
4,75.87,1,2,2,4,0.00,5.26,183.20
5,98.76,2,0,4,1,4.16,3.20,312.58
3,102.13,2,2,0,4,1.38,2.08,228.11
4,58.34,1,1,3,0,4.55,6.81,281.47
4,86.74,2,2,1,2,0.00,3.51,243.50
5,86.19,1,2,3,2,0.00,6.57,200.51
6,82.94,1,1,4,1,0.00,5.86,236.12
1,58.29,2,0,0,0,0.00,7.99,142.39
2,63.78,1,0,1,3,0.00,8.90,178.31
3,67.26,1,0,2,0,1.10,3.54,170.72
1,55.92,2,0,0,2,0.00,3.98,145.90
2,47.93,1,0,2,0,0.00,8.17,76.58
2,38.24,2,1,0,3,0.00,7.30,164.07
4,105.90,2,1,4,2,0.00,8.14,261.36
3,72.67,2,0,3,2,0.00,4.91,174.10
2,45.68,1,1,2,0,0.00,7.96,140.76
2,90.64,1,2,1,0,0.00,5.76,135.15
3,52.50,1,0,4,0,3.51,2.28,250.20
2,83.31,1,0,4,0,0.00,3.56,117.74
3,78.38,2,1,0,2,0.00,7.15,197.76
6,114.87,1,0,3,2,0.00,6.11,204.09
4,95.27,1,1,2,1,0.00,2.32,149.11
6,112.87,2,0,1,3,0.00,2.72,236.94
5,86.53,2,0,3,3,0.00,6.96,249.55
5,117.28,2,2,1,1,5.19,3.57,355.22
3,70.20,2,0,4,4,0.00,4.15,210.87
3,93.36,1,1,4,0,0.00,3.00,154.22
3,55.72,1,1,1,1,5.29,4.23,297.62
1,98.59,2,2,0,2,3.94,4.70,288.91
6,102.83,2,1,4,4,0.00,5.37,300.27
1,48.57,1,1,1,0,0.00,3.58,133.61
4,89.26,1,0,1,2,0.00,7.24,171.39
2,65.33,2,1,1,3,0.00,2.62,173.39
1,30.00,2,2,0,4,0.00,2.54,163.18
5,86.94,2,0,2,2,0.00,5.93,218.40
2,60.62,1,1,3,2,0.00,4.03,190.59
4,68.92,1,0,0,2,0.00,7.60,194.03
3,61.23,1,0,2,2,4.30,6.71,255.65
1,46.45,1,0,4,4,1.41,8.34,215.97
5,113.76,1,0,2,1,4.17,2.68,256.11
3,50.30,1,0,4,1,0.00,2.58,144.72
3,71.73,1,1,3,4,0.00,6.78,214.80
6,94.38,1,1,4,0,1.68,6.25,257.58
4,83.13,1,1,0,2,0.00,2.18,164.22
5,96.10,1,0,0,0,0.00,4.37,189.11
4,67.03,2,2,0,3,3.89,5.02,339.18
3,77.83,1,2,2,1,5.91,2.27,281.80
5,76.46,2,0,2,3,0.00,2.12,199.56
6,102.55,2,1,2,3,0.00,3.07,250.34
3,51.03,1,1,2,1,0.00,4.32,161.13
5,78.00,2,2,3,2,0.00,6.16,249.50
6,121.27,1,2,3,2,0.00,2.46,207.81
3,59.87,2,1,0,2,5.89,5.34,347.17
4,138.97,2,2,2,3,5.38,4.56,383.43
5,87.21,1,2,3,4,0.00,3.31,235.26
5,99.04,1,1,3,3,0.00,4.52,186.01
3,73.64,1,0,3,2,1.43,4.97,184.69
2,61.73,1,2,3,4,0.00,5.57,170.25
2,48.56,2,1,1,2,2.18,2.01,213.26
2,49.83,2,2,2,4,0.00,2.93,187.84
5,123.55,1,0,4,2,1.14,8.09,221.72
4,93.08,1,1,3,3,0.00,3.86,197.31
4,92.21,1,1,2,3,0.00,8.67,215.58
3,92.43,2,1,1,0,0.00,3.62,140.49
1,58.10,2,1,2,2,0.00,7.60,180.47
1,48.17,1,0,4,2,0.00,8.61,142.34
5,124.02,2,2,2,0,0.00,3.78,201.08
5,116.62,1,0,0,1,0.00,4.66,146.96
5,107.11,1,1,2,4,0.00,7.99,218.05
3,40.56,1,1,2,1,0.00,7.83,128.56
1,41.82,1,1,1,4,0.00,4.16,168.48
3,84.61,1,1,2,1,0.00,4.80,173.86
2,85.99,2,0,3,2,2.08,3.06,196.12
6,125.02,2,0,1,2,6.02,6.18,386.96
2,57.71,2,2,0,1,0.00,5.59,133.08
6,108.96,2,2,0,0,0.00,7.98,227.87
2,76.66,1,2,4,1,4.12,7.59,266.88
6,86.23,1,1,4,3,0.00,8.46,251.99
4,57.87,1,0,4,2,0.00,3.50,163.72
5,107.43,2,0,4,4,0.00,7.41,291.52
4,85.33,2,1,2,0,0.00,7.70,195.39
1,31.09,2,0,2,4,0.00,8.09,172.27
3,66.30,2,0,0,3,1.91,6.31,230.34
5,123.00,2,0,4,3,0.00,4.32,245.10
6,103.35,1,1,1,2,2.68,5.42,287.92
5,92.71,2,0,1,0,0.00,4.82,169.31
3,69.88,2,1,0,0,0.00,7.04,173.22
4,60.22,2,2,4,4,0.00,5.98,279.23
3,52.49,2,2,0,2,0.00,7.78,189.79
1,30.00,2,0,2,1,0.00,6.60,135.81
4,76.45,1,1,3,2,0.00,5.17,158.62
6,103.87,1,1,2,3,2.95,8.62,315.18
5,105.82,1,1,4,4,0.00,5.69,241.28
1,33.68,1,2,1,0,5.68,6.53,267.18
2,83.23,1,0,0,4,0.00,5.92,145.09
2,66.62,2,0,3,2,0.00,8.32,178.51
3,79.39,1,1,2,4,1.77,6.84,223.83
6,140.97,1,2,3,1,0.00,7.53,183.99
1,34.29,2,0,1,0,0.00,8.21,129.86
6,139.11,2,2,3,0,0.00,6.77,233.75
4,101.88,1,0,4,4,0.00,2.23,210.12
2,56.95,2,1,0,0,0.00,7.30,175.51
5,94.70,1,1,0,2,2.22,4.96,227.61
3,72.52,2,1,1,2,3.26,2.56,294.31
4,74.41,1,2,2,1,0.00,3.72,169.99
2,103.08,2,1,0,3,0.00,4.92,194.02
1,53.58,1,2,4,3,0.00,4.18,180.58
3,55.56,2,0,3,3,0.00,8.66,212.07
4,139.43,2,0,4,0,0.00,7.39,208.30
5,89.52,1,0,4,3,0.00,8.37,243.08
4,120.97,1,2,1,2,2.61,8.30,254.20
4,82.06,1,0,1,2,0.00,7.16,145.73
4,72.21,1,2,3,0,0.00,3.08,192.68
2,61.85,2,2,1,1,0.00,3.06,185.56
6,102.39,1,1,4,2,0.00,8.24,187.53
6,102.06,2,0,2,0,0.00,8.74,212.18
5,64.18,1,2,0,0,0.00,3.01,177.04
4,59.54,1,0,3,3,0.00,2.57,191.04
5,84.10,2,0,2,2,1.77,2.41,262.61
3,79.65,1,1,1,2,3.08,5.44,230.24
3,66.22,2,2,0,0,0.00,8.76,201.73
3,72.14,1,1,0,2,0.00,6.85,175.04
5,91.04,1,0,2,2,5.05,6.64,288.38
5,139.67,1,0,1,4,0.00,7.17,201.58
4,79.78,2,0,1,1,0.00,5.24,179.45
1,63.69,2,1,0,1,0.00,4.62,121.67
1,31.66,2,2,4,2,0.00,6.53,156.87
5,106.15,1,1,2,1,0.00,5.97,160.25
2,58.91,2,2,2,0,0.00,8.17,179.72
6,123.20,2,0,4,3,0.00,3.81,270.56
2,62.92,1,2,4,1,6.57,7.91,354.57
6,133.87,2,0,1,3,0.00,5.05,282.28
4,99.41,2,0,1,4,6.36,8.62,411.24
2,54.81,2,2,1,3,4.05,2.74,289.41
3,77.98,2,0,4,3,4.18,2.12,291.87
5,114.56,2,2,3,4,0.00,7.10,244.00
2,49.80,1,0,2,3,0.00,4.06,79.92
1,31.80,2,0,1,0,0.00,4.41,97.09
3,59.67,2,2,0,1,0.00,6.02,147.92
1,77.58,1,2,3,1,3.94,3.92,271.52
6,66.79,2,0,4,1,0.00,5.90,265.45
4,77.46,1,1,4,1,4.54,8.62,324.01
1,30.00,1,2,2,2,0.00,8.49,150.87
4,85.07,2,0,1,2,0.00,3.83,175.61
5,87.88,1,2,4,3,2.89,8.12,319.03
5,110.32,2,1,3,1,0.00,5.73,200.13
1,30.00,2,1,0,2,0.00,7.34,137.12
1,48.26,2,1,0,1,0.00,7.04,121.42
3,92.27,2,1,3,1,5.18,5.96,333.42
1,35.63,1,2,1,4,0.00,7.12,162.74
3,117.49,1,0,0,1,0.00,5.28,156.52
4,110.14,1,0,1,0,0.00,7.05,171.48
2,100.85,2,1,4,3,0.00,6.00,204.82
6,76.44,1,2,2,1,0.00,7.46,227.37
3,74.33,2,0,0,0,0.00,7.19,150.60
4,89.06,2,1,4,4,0.00,2.34,268.33
3,66.71,1,1,1,2,6.32,5.48,348.80
5,134.27,2,2,0,1,1.57,6.09,244.57
3,63.02,1,2,2,0,0.00,8.87,150.29
1,69.75,2,2,3,4,0.00,3.52,221.75
6,127.37,1,0,1,4,0.00,5.44,194.50
2,51.53,2,2,0,1,1.46,2.18,175.94
2,43.13,2,0,3,2,4.39,7.66,272.53
1,45.52,1,1,2,3,3.13,3.77,251.32
6,128.01,2,0,4,4,0.00,5.92,259.28
5,62.17,2,2,1,3,0.00,6.25,215.46
3,76.50,2,0,0,0,0.00,4.37,107.16
3,43.61,2,0,4,4,0.00,5.20,164.16
4,67.43,2,1,3,0,2.96,7.45,289.69
3,98.00,1,0,4,1,0.00,3.07,159.20
6,119.95,1,2,3,1,0.00,6.88,229.79
5,122.85,2,2,2,1,4.15,7.13,330.72
1,30.00,1,2,4,0,0.00,2.21,134.74
4,91.71,1,1,3,0,0.00,7.67,168.46
2,60.28,2,2,0,0,0.00,5.29,167.13
3,75.40,1,0,2,1,0.00,5.18,142.44
2,77.14,1,2,0,2,0.00,5.94,185.67
3,78.03,1,1,2,2,1.06,8.85,212.90
6,106.70,2,1,2,2,0.00,5.00,242.71
4,84.05,2,2,4,0,1.39,4.89,256.53
6,97.59,1,2,1,1,0.00,4.79,193.58
1,90.28,1,2,1,0,5.14,8.68,274.07
3,95.67,1,2,4,2,0.00,4.78,219.50
2,68.71,1,1,1,2,0.00,3.99,102.10
5,110.27,1,0,4,0,6.28,5.96,345.31
1,30.65,1,0,2,0,5.86,2.21,221.58
6,118.75,1,2,3,3,0.00,2.58,266.51
4,87.72,2,0,4,4,0.00,7.62,263.98
5,102.64,2,2,0,1,4.93,3.97,306.17
1,43.52,2,0,1,0,4.32,8.33,247.37
5,149.82,2,1,0,1,2.58,2.26,222.59
3,104.54,2,2,4,2,0.00,8.32,229.25
3,96.88,1,1,0,0,0.00,3.23,92.30
6,81.88,2,0,3,1,0.00,7.72,240.74
2,38.74,2,2,3,0,0.00,3.43,154.96
4,88.23,2,2,3,2,0.00,5.49,204.16
6,107.77,1,1,1,4,5.36,2.75,338.98
3,71.90,1,2,0,4,5.51,3.87,302.81
3,69.15,1,2,0,3,0.00,7.34,162.08
4,129.51,2,2,4,3,0.00,5.04,244.86
5,109.20,2,1,1,0,0.00,4.77,182.19
5,76.50,2,0,3,3,0.00,3.20,256.79
6,149.84,2,1,0,2,0.00,6.19,223.51
5,112.56,1,2,4,4,5.73,4.51,430.26
1,30.00,2,1,2,3,0.00,4.71,176.34
6,115.85,2,2,1,1,0.00,7.38,258.97
1,68.75,2,0,0,3,0.00,2.88,146.91
3,126.37,2,2,2,3,0.00,3.90,186.03
2,65.42,1,0,4,2,0.00,3.24,193.04
4,85.89,2,0,2,4,0.00,2.47,203.54
3,98.38,2,2,1,4,1.90,2.94,261.70
2,55.81,2,2,0,4,0.00,2.96,215.35
5,112.38,2,0,1,0,0.00,4.45,170.47
3,80.43,1,0,4,2,0.00,3.07,126.70
3,68.27,2,1,2,4,3.09,8.76,349.21
6,125.89,1,2,0,1,0.00,4.59,219.26
1,61.70,2,0,3,2,0.00,4.89,143.87
6,111.33,1,1,1,4,6.13,4.31,366.06
5,87.93,2,0,0,0,0.00,6.36,212.33
1,61.90,1,2,3,2,4.90,3.23,298.91
4,62.92,1,1,4,0,1.71,5.98,212.92
1,82.29,1,2,2,0,0.00,8.76,127.46
3,88.29,1,2,0,0,4.29,7.26,274.53
2,72.64,1,0,4,1,0.00,4.30,149.78
5,113.25,2,1,1,3,0.00,4.39,216.96
3,84.72,1,1,0,2,0.00,8.40,198.13
1,30.00,1,2,0,3,3.07,5.46,270.49
2,37.48,1,0,4,4,0.00,8.76,165.42
4,97.65,1,1,0,4,0.00,4.76,204.39
6,128.76,2,0,0,4,0.00,7.33,250.31
6,104.62,2,2,1,2,0.00,6.35,258.34
5,113.07,2,0,3,1,3.69,7.95,314.11
6,102.17,2,0,0,0,0.00,8.37,157.41
2,38.75,2,0,0,3,0.00,3.45,175.56
5,104.21,1,0,2,4,0.00,3.34,149.75
4,97.94,2,0,0,1,0.00,5.83,178.96
6,110.73,1,0,2,0,0.00,6.87,190.94
2,43.82,2,0,3,2,0.00,5.67,187.79
2,30.00,2,2,4,0,0.00,5.03,170.05
6,65.87,1,0,4,3,0.00,8.95,204.40
2,82.36,1,1,4,4,2.63,2.46,198.72
6,120.79,1,1,3,1,3.29,8.07,301.69
5,91.24,2,1,4,3,0.00,5.22,227.64
1,57.09,1,1,0,3,0.00,2.02,75.48
3,119.56,2,2,1,0,0.00,3.21,150.55
4,90.74,1,0,4,4,0.00,4.41,236.20
1,42.13,1,2,1,0,0.00,6.52,139.05
3,88.87,2,1,2,4,0.00,8.85,228.27
4,106.54,1,1,0,3,0.00,8.64,231.92
1,43.49,1,1,4,0,0.00,5.29,117.91
6,114.60,1,0,3,1,0.00,6.69,203.98
6,116.37,1,0,4,4,0.00,2.84,234.73
4,49.24,1,2,3,2,0.00,7.37,183.61
1,32.33,2,0,1,2,0.00,8.62,168.04
1,44.27,2,2,1,1,0.00,2.87,161.19
4,86.63,1,1,0,0,0.00,6.98,147.76
4,100.96,2,0,4,2,0.00,4.14,205.15
6,83.40,2,1,3,2,0.00,7.71,240.06
5,84.85,1,1,4,2,0.00,7.09,162.26
4,116.05,1,1,4,4,1.05,2.55,208.93
6,107.54,2,1,4,0,0.00,7.69,235.14
6,141.85,2,2,2,0,0.00,2.63,227.61
5,110.15,2,1,2,4,0.00,5.42,282.79
6,104.99,2,0,2,3,0.00,7.99,226.01
4,108.27,2,1,1,0,3.71,5.25,286.01
1,76.54,1,0,2,0,1.89,4.06,170.43
2,48.96,1,1,4,2,0.00,6.47,174.39
5,107.77,2,2,3,2,0.00,7.50,223.41
4,108.60,1,0,2,3,1.27,8.01,247.72
6,93.11,2,2,3,0,0.00,7.69,236.15
4,91.59,2,0,4,0,0.00,7.97,203.73
5,92.13,2,1,2,0,0.00,6.46,208.12
1,30.00,1,0,0,4,0.00,7.23,152.45
6,131.65,2,0,2,0,1.51,5.65,229.05
6,112.89,2,2,1,2,0.00,2.06,237.17
1,40.05,1,0,1,1,0.00,7.51,67.24
3,86.35,2,2,4,3,0.00,3.73,230.04
6,137.33,2,0,4,3,0.00,3.61,269.41
3,50.75,2,1,1,1,0.00,5.03,152.30
1,42.99,2,1,0,3,0.00,4.87,163.41
1,30.00,1,0,1,0,0.00,7.74,90.01
2,67.78,1,1,4,1,0.00,8.39,206.86
6,106.15,1,2,4,2,0.00,2.75,218.57
1,75.11,1,0,1,0,3.52,8.94,244.29
2,91.43,2,2,3,1,0.00,6.93,172.66
5,109.62,2,0,1,3,5.51,2.45,328.86
2,91.04,1,1,0,2,0.00,7.44,149.04
4,109.31,1,2,1,3,3.14,6.62,283.85
5,97.39,2,0,4,1,0.00,7.72,227.55
1,37.26,1,2,4,2,0.00,4.94,210.96
1,42.30,1,2,0,1,2.52,2.37,192.84
1,38.11,1,1,1,0,0.00,7.74,111.94
2,61.48,2,1,3,0,3.72,6.98,263.18
2,30.79,1,1,2,0,0.00,4.86,100.64
6,120.43,1,0,0,2,5.98,2.91,307.82
4,92.27,1,0,0,0,0.00,2.98,113.07
3,94.86,1,2,0,4,0.00,5.41,162.76
2,55.80,2,1,3,1,0.00,8.88,194.96
6,153.57,1,2,1,3,0.00,2.65,255.82
5,77.37,1,1,3,0,0.00,5.34,131.65
4,56.83,1,1,3,3,0.00,4.49,199.93
1,47.43,1,0,1,0,0.00,3.33,94.53
4,78.12,2,2,4,2,2.87,5.03,348.55
6,127.54,1,0,2,4,0.00,5.33,241.75
3,80.95,1,2,3,1,0.00,8.82,175.85
5,98.05,1,2,4,0,1.20,5.74,226.47
2,86.31,1,0,2,4,0.00,4.95,139.20
6,93.63,1,2,3,4,0.00,4.70,241.85
4,109.04,2,2,2,4,0.00,6.51,264.61
1,62.20,1,0,2,3,0.00,7.15,157.64
5,94.68,1,2,2,3,6.87,5.88,424.77
2,68.61,1,0,2,1,0.00,5.97,85.47
3,30.00,1,2,3,2,0.00,5.20,151.09
3,92.09,1,2,1,2,0.00,7.83,178.54
6,96.63,2,0,1,1,0.00,2.74,222.64
6,148.71,2,0,2,3,0.00,3.13,227.96
4,89.58,2,2,0,0,2.13,3.49,236.59
1,30.00,1,2,2,1,0.00,5.16,76.69
5,110.21,2,0,4,1,5.66,6.81,372.25
4,92.36,2,0,3,1,0.00,4.71,220.36
3,59.27,1,1,4,3,0.00,5.03,160.49
5,97.85,1,0,2,3,3.39,5.36,307.71
4,109.97,1,1,4,2,0.00,2.74,141.65
2,33.71,1,1,0,3,4.93,4.80,283.06
3,61.41,1,1,0,2,2.45,8.03,192.12
6,114.17,2,1,0,2,4.59,2.84,356.88
1,43.48,2,1,0,1,0.00,8.73,152.61
2,30.00,1,2,0,3,4.44,3.51,264.02
4,58.65,1,2,2,1,0.00,6.83,159.94
3,55.57,2,1,1,0,0.00,6.16,185.82
3,97.91,1,0,4,0,0.00,6.97,189.15
1,52.90,1,1,3,1,2.95,8.75,190.61
1,48.68,1,0,4,4,0.00,4.78,157.22
4,132.60,2,1,1,2,0.00,3.32,172.32
5,87.02,1,0,4,4,0.00,8.48,264.34
5,103.54,2,0,0,3,0.00,7.89,227.99
1,55.72,1,2,2,2,0.00,3.85,166.78
6,109.63,2,2,3,4,0.00,4.43,248.50
1,63.46,1,0,4,2,0.00,4.91,174.28
6,94.50,2,0,4,1,0.00,5.25,260.09
4,46.75,2,0,0,1,3.84,4.01,258.35
6,112.80,1,1,4,1,0.00,7.65,234.07
5,104.01,2,1,2,0,0.00,3.96,213.85
1,52.37,1,2,2,3,0.00,5.17,160.28
1,60.21,2,2,0,2,0.00,2.96,135.24
4,90.26,1,0,4,3,0.00,6.94,171.89
2,79.80,2,2,3,1,0.00,6.05,180.89
5,88.16,2,1,3,0,4.94,6.92,336.59
2,49.84,1,0,3,2,5.65,2.73,331.43
6,145.11,1,2,2,4,0.00,8.53,225.53
2,67.36,2,0,3,4,0.00,8.91,151.28
6,118.63,1,1,0,3,6.01,3.35,335.80
5,106.57,1,2,2,0,0.00,4.17,152.05
4,84.52,2,2,1,3,0.00,3.07,207.81
4,52.11,1,2,1,4,0.00,7.54,193.23
6,123.34,2,0,0,3,0.00,8.71,237.95
1,55.35,1,2,4,4,0.00,2.52,122.52
1,49.85,2,1,1,3,0.00,2.85,171.10
6,96.35,1,2,2,3,0.00,7.32,255.02
5,134.88,2,0,0,4,0.00,8.25,249.83
4,108.46,1,0,1,2,0.00,6.93,167.27
3,123.09,1,2,4,4,0.00,5.33,182.73
3,62.91,1,0,4,3,0.00,8.03,172.07
1,49.28,2,0,2,4,0.00,3.47,165.49
6,100.32,2,2,4,0,0.00,3.34,230.29
2,78.12,2,2,4,0,1.18,4.00,198.70
5,78.93,1,1,4,1,0.00,7.34,172.25
2,63.65,1,0,3,4,0.00,6.09,214.99
2,75.50,1,0,3,4,6.79,4.64,356.26
6,120.86,2,0,1,2,0.00,6.42,197.00
3,44.73,2,0,2,2,6.33,3.75,327.95
4,78.56,2,2,2,1,0.00,3.90,204.74
3,67.39,1,0,3,0,0.00,3.93,116.60
2,69.10,1,2,2,2,0.00,8.85,172.95
4,77.13,2,1,0,0,0.00,4.60,190.59
3,94.17,1,0,4,0,0.00,2.93,161.53
1,75.63,1,2,4,2,0.00,5.20,156.84
6,127.45,1,2,2,3,0.00,7.35,253.82
2,92.03,2,2,3,0,0.00,7.02,189.44
6,128.78,1,0,0,1,0.00,8.59,192.50
3,51.05,2,1,2,4,0.00,4.53,211.89
3,79.71,2,1,1,4,0.00,2.49,224.45
4,98.06,1,0,0,2,6.05,3.44,337.74
6,107.88,2,2,2,0,0.00,2.92,241.19
5,113.53,1,0,1,0,1.48,2.22,164.45
5,87.07,1,2,3,3,0.00,2.14,212.97
3,59.21,1,1,3,0,0.00,7.61,161.78
5,132.77,2,2,0,1,0.00,6.35,188.40
2,88.84,2,2,3,4,0.00,6.43,197.78
6,112.95,1,1,1,0,6.95,6.51,337.28
6,93.43,1,1,4,2,0.00,3.53,181.78
2,31.50,1,1,2,4,3.75,5.73,262.14
5,106.60,2,1,3,1,0.00,8.91,265.66
6,112.85,2,1,4,0,0.00,6.19,234.07
5,75.35,2,2,4,3,0.00,7.05,293.04
5,96.28,2,0,1,2,1.14,6.16,265.16
2,62.30,2,0,4,1,0.00,4.17,138.79
2,67.92,1,0,0,1,0.00,6.38,63.35
2,45.82,2,0,1,0,0.00,7.79,169.47
3,96.40,1,2,3,3,0.00,2.09,194.56
1,55.68,2,0,3,1,6.88,5.57,337.75
2,60.01,2,1,3,2,1.74,5.84,257.08
3,95.12,2,0,2,4,0.00,8.83,249.56
2,61.67,2,1,3,0,0.00,7.67,156.40
1,42.07,1,0,4,0,0.00,8.92,121.84
3,56.89,1,2,4,1,0.00,5.02,202.97
2,30.00,1,2,4,3,0.00,5.09,166.93
2,85.42,1,2,0,1,0.00,6.97,110.29
4,101.67,1,1,4,2,0.00,2.03,143.38
2,34.92,1,0,3,0,0.00,4.18,146.55
3,98.65,1,2,2,4,0.00,7.50,186.41
3,78.32,1,0,3,0,3.94,4.74,253.09
5,79.79,1,0,0,2,0.00,2.92,149.96
1,49.52,2,0,4,1,2.10,2.19,219.07
6,87.23,2,2,2,3,1.86,3.67,324.71
2,82.55,2,1,2,2,0.00,8.43,161.61
3,72.63,2,1,2,1,3.35,3.71,267.51
2,34.28,1,1,2,1,4.17,8.58,263.99
6,98.85,1,0,1,0,0.00,5.23,180.49
1,33.70,1,2,1,0,0.00,4.68,112.86
4,121.65,1,1,1,3,0.00,7.33,166.38
3,30.00,1,0,3,4,1.93,8.28,259.58
5,99.81,1,2,0,1,0.00,7.14,193.93
2,30.00,2,2,3,4,0.00,2.89,195.28
4,42.32,2,2,3,2,3.21,3.19,266.11
1,65.97,1,0,3,3,0.00,3.68,112.23
5,96.72,1,2,3,2,0.00,5.49,195.76
5,82.50,1,0,1,3,0.00,3.46,187.72
1,65.85,2,1,2,0,0.00,4.85,177.92
6,137.69,2,2,3,0,0.00,7.27,262.50
2,63.54,1,2,4,3,0.00,3.09,145.54
2,89.26,2,1,1,3,0.00,4.87,201.03
4,47.86,2,2,3,4,0.00,8.98,304.38
6,122.05,1,1,1,1,2.57,7.66,240.89
1,30.00,1,2,0,3,0.00,5.32,141.78
2,88.15,2,0,1,4,6.87,7.53,370.86
5,105.30,1,1,0,2,1.72,2.22,183.94
2,48.58,2,1,3,3,0.00,5.76,265.34
2,68.44,2,2,3,1,0.00,2.10,161.81
2,91.62,1,0,1,2,3.33,7.90,205.60
4,81.85,2,2,2,4,0.00,2.39,215.69
2,50.43,2,0,4,2,0.00,8.62,231.66
5,98.22,1,0,0,4,2.19,7.25,234.29
5,99.64,1,0,1,0,0.00,5.29,188.02
5,96.03,2,1,1,0,1.56,3.31,250.89
3,89.07,2,2,1,3,0.00,4.47,151.20
2,66.40,1,1,4,2,0.00,7.73,192.04
3,32.52,2,2,4,3,0.00,3.12,197.88
6,114.95,1,0,1,1,0.00,2.40,155.68
5,133.87,1,0,1,2,0.00,7.31,198.20
2,63.95,1,1,3,2,6.99,6.24,355.31
3,57.62,2,1,4,4,1.20,3.45,307.94
1,48.97,2,2,1,3,0.00,2.82,164.35
6,122.36,1,2,1,2,0.00,3.63,213.74
1,64.84,1,0,1,1,0.00,5.44,113.67
4,117.00,2,2,2,0,0.00,5.44,169.88
4,56.51,2,2,1,0,0.00,5.75,202.39
5,122.29,1,1,4,1,2.43,4.22,261.26
2,53.16,2,1,2,2,1.46,7.16,233.77
1,30.00,2,0,3,2,0.00,7.72,212.06
2,46.32,1,2,1,0,2.44,7.09,191.36
1,52.20,2,2,2,1,0.00,5.47,152.31
4,65.25,2,2,2,1,0.00,5.75,185.27
4,96.54,1,0,4,3,5.61,3.07,350.80
2,45.53,1,1,1,2,4.00,2.60,244.29
5,113.78,1,0,3,1,0.00,3.60,127.31
1,80.13,1,0,1,0,0.00,3.12,69.09
2,47.23,1,0,1,3,0.00,5.88,92.89
6,131.64,1,1,2,4,0.00,4.56,219.72
5,80.38,1,1,1,4,0.00,4.83,183.68
4,104.97,2,0,2,3,5.03,4.78,330.82
6,118.71,2,1,3,1,0.00,8.01,269.57
6,140.07,2,1,0,3,0.00,5.79,256.74
5,115.27,1,1,2,2,4.27,8.54,292.95
1,53.15,1,1,4,0,4.19,6.90,245.84
4,97.83,2,2,1,2,0.00,4.24,225.21
4,80.26,2,2,0,0,0.00,4.51,165.63
6,110.31,1,1,2,2,0.00,5.90,218.38
1,50.67,1,0,0,2,0.00,2.43,81.92
6,86.39,1,0,0,0,6.26,4.70,348.42
1,37.52,1,2,2,2,0.00,8.01,121.31
5,66.24,2,0,0,3,5.03,5.75,321.74
4,84.12,2,2,3,3,0.00,4.10,227.21
1,43.42,2,2,1,2,3.43,2.20,260.17
5,94.03,1,1,3,2,6.33,4.35,363.93
2,34.19,2,0,0,0,0.00,8.69,149.77
1,57.30,1,1,1,3,0.00,4.72,174.15
6,118.21,1,2,4,0,5.72,8.88,349.93
6,111.03,2,2,1,3,0.00,2.61,235.39
4,76.38,1,0,1,3,0.00,5.43,156.43
5,72.54,1,0,4,3,0.00,3.21,191.95
2,64.30,2,0,4,1,0.00,8.65,170.55
5,130.01,1,2,4,4,0.00,3.70,201.47
3,70.02,2,1,2,0,0.00,6.28,196.17
3,42.60,1,1,2,2,6.73,2.57,311.87
5,89.23,1,1,0,1,5.65,6.79,302.11
6,104.96,2,0,0,3,1.01,7.61,236.32
1,45.85,1,0,2,4,6.44,6.46,340.55
4,95.20,2,0,1,0,0.00,2.88,162.04
5,114.90,1,2,3,0,0.00,4.11,181.97
6,118.54,1,1,2,1,0.00,2.48,160.16
6,132.41,2,0,4,3,1.41,4.66,341.60
4,134.04,2,1,3,1,4.68,7.02,319.41
1,37.23,1,2,1,3,2.96,3.05,235.18
6,119.09,2,0,2,3,5.48,2.33,357.90
3,84.26,2,0,1,2,0.00,5.64,212.33
3,61.10,2,1,4,3,0.00,4.26,183.66
2,42.76,2,1,2,3,2.27,8.69,267.51
3,62.74,1,2,1,0,0.00,3.58,149.82
4,120.47,2,0,4,0,0.00,5.39,201.01
5,126.02,1,2,1,2,4.21,8.74,391.01
3,86.91,1,1,1,4,0.00,6.70,147.34
6,92.37,1,2,3,1,0.00,7.10,186.85
1,30.97,1,1,1,1,0.00,7.54,133.31
4,118.15,2,1,0,4,6.38,5.39,357.78
6,87.52,2,1,0,0,0.00,5.51,223.69
4,86.58,2,0,2,4,0.00,8.27,249.94
1,40.35,1,1,0,3,3.35,7.60,217.37
4,61.08,1,0,2,0,0.00,6.48,114.19
4,114.22,2,2,4,4,0.00,7.62,256.36
5,100.93,1,0,0,2,0.00,4.57,134.43
6,129.73,2,0,4,1,0.00,4.41,241.18
3,84.85,1,0,3,1,0.00,4.84,126.66
2,74.21,2,0,2,2,0.00,6.91,181.11
2,65.43,1,1,1,4,0.00,5.82,161.85
5,107.84,2,2,3,3,1.66,7.79,263.48
6,113.28,2,0,3,0,0.00,5.92,231.12
2,64.61,1,2,4,1,0.00,2.62,127.62
1,30.67,1,2,0,4,0.00,6.18,164.55
6,138.20,2,1,3,1,0.00,3.84,214.88
1,36.23,2,1,0,1,4.97,6.71,244.73
5,105.56,1,0,4,4,0.00,6.73,248.78
5,98.99,1,1,3,0,5.75,3.69,342.95
1,57.86,2,0,4,3,6.39,4.17,338.38
3,93.19,2,2,2,1,0.00,4.94,168.78
1,48.71,1,2,0,4,0.00,4.31,109.00
5,136.21,2,1,1,4,5.99,4.45,388.61
4,112.15,1,0,4,0,0.00,3.27,151.94
6,104.85,2,2,0,2,0.00,3.52,250.80
6,113.91,2,2,1,1,0.00,8.14,237.55
2,56.72,2,1,3,1,0.00,7.02,154.44
3,107.04,1,1,2,2,0.00,2.06,107.88
4,111.67,2,0,3,0,0.00,7.82,199.44
2,69.00,1,1,2,4,0.00,8.98,165.29
4,66.77,2,2,4,2,0.00,4.61,203.17
4,58.67,1,1,3,2,3.04,7.46,293.15
3,91.81,2,1,4,2,0.00,4.42,218.32
3,80.18,1,2,3,1,0.00,6.08,193.62
1,70.64,2,1,4,1,5.42,6.48,298.09
5,105.29,2,2,3,1,5.95,4.42,396.20
6,99.12,2,0,4,3,3.28,5.45,317.25
5,106.30,2,2,4,1,4.42,8.16,387.31
3,53.03,2,2,0,0,0.00,6.80,134.84
6,120.57,2,2,4,0,0.00,5.50,223.26
4,113.06,1,1,1,0,4.03,8.26,284.33
3,65.34,2,1,2,0,0.00,5.09,183.05
4,75.23,2,2,0,0,0.00,2.09,177.78
1,70.30,2,0,3,1,1.93,7.51,198.92
3,86.43,1,2,3,2,0.00,4.04,121.09
3,89.79,2,2,1,3,0.00,7.27,178.17
6,110.25,1,0,3,1,0.00,5.01,214.58
4,110.10,1,0,4,3,0.00,8.36,189.61
2,46.73,1,2,0,1,3.75,5.95,234.28
5,105.93,2,2,3,1,0.00,5.33,256.51
4,89.00,1,0,3,3,5.76,4.24,339.92
5,106.83,2,0,4,2,4.87,8.47,350.04
1,34.99,1,1,0,4,0.00,5.98,169.94
2,74.42,1,0,3,4,4.95,6.52,279.46
2,65.74,2,0,2,1,0.00,4.31,92.92
6,122.32,1,0,3,2,4.83,2.70,358.48
1,78.95,2,2,3,0,0.00,3.68,126.61
5,98.76,1,0,4,4,0.00,8.74,235.94
1,43.19,2,0,3,0,0.00,8.60,151.03
1,33.26,2,0,0,0,1.93,4.58,144.74
2,39.30,1,2,4,2,0.00,4.53,167.65
3,70.82,2,1,3,4,0.00,6.10,250.28
4,83.94,1,1,1,4,0.00,5.36,199.81
3,86.65,1,0,0,3,1.52,4.56,229.16
6,122.10,2,0,2,4,0.00,6.74,258.47
2,48.13,1,2,2,3,0.00,4.32,202.23
6,95.77,1,2,0,4,4.55,2.05,326.19
6,121.09,2,1,4,1,0.00,7.41,246.96
5,93.69,2,2,3,1,0.00,2.23,250.83
5,124.29,1,0,4,2,0.00,3.15,199.61
2,67.98,1,2,3,2,0.00,7.29,138.69
1,35.03,2,0,2,2,1.75,7.35,232.36
2,80.65,1,2,2,4,0.00,8.35,165.10
1,74.47,1,0,4,3,0.00,7.93,153.34
2,73.73,1,2,2,3,0.00,4.70,173.68
5,131.54,1,0,2,2,0.00,2.12,158.97
1,30.00,2,0,3,1,0.00,2.63,113.15
4,82.72,2,0,4,1,0.00,4.67,184.74
3,80.35,1,1,4,4,0.00,6.74,205.90
1,54.73,1,0,4,1,4.09,2.71,271.17
3,60.61,1,0,4,3,6.14,5.23,368.15
5,126.89,1,0,4,0,0.00,3.41,160.12
1,32.33,2,1,0,2,2.67,6.66,180.73
6,139.12,1,0,0,2,0.00,3.53,233.95
1,48.42,1,2,4,0,0.00,2.03,97.62
1,77.11,1,0,2,0,0.00,2.97,89.32
3,87.82,1,1,4,0,3.13,4.78,250.60
6,118.95,2,0,2,1,0.00,6.02,194.90
1,52.80,2,1,3,3,0.00,6.03,138.81
2,75.70,2,1,3,1,0.00,4.09,190.45
5,122.66,2,0,2,3,0.00,4.37,227.46
6,113.67,2,2,1,2,6.06,8.61,437.31
3,86.36,2,1,0,1,0.00,4.12,176.23
2,94.60,2,0,0,1,0.00,7.81,154.96
5,102.20,2,0,2,2,0.00,6.74,198.64
4,59.45,1,1,0,1,0.00,5.20,98.26
2,43.61,2,2,4,4,0.00,6.43,273.52
3,30.00,1,0,2,3,0.00,2.03,130.55
1,64.95,1,2,0,4,2.27,4.41,195.61
1,65.62,2,2,2,1,3.88,3.32,241.56
5,78.23,2,1,0,0,0.00,3.05,154.92
3,83.81,2,1,3,3,0.00,7.99,268.92
6,133.52,1,2,4,4,0.00,5.86,254.06
3,86.11,1,1,3,1,0.00,3.90,160.47
5,84.46,2,1,3,3,0.00,6.92,247.42
3,58.50,1,2,1,4,3.17,4.75,270.11
3,89.71,2,2,3,2,0.00,6.66,257.47
6,117.26,2,0,4,0,0.00,4.37,239.66
6,108.40,2,2,1,4,4.67,8.91,410.77
5,97.52,1,1,2,4,3.69,2.74,328.18
2,58.82,2,0,0,2,1.27,4.58,231.70
4,78.29,1,2,3,3,4.27,2.84,289.31
1,67.45,2,0,4,0,0.00,8.98,149.17
6,157.88,1,1,3,0,2.89,6.49,278.17
2,53.96,2,0,4,4,0.00,4.28,192.46
1,65.31,2,1,3,0,0.00,6.68,152.83
1,50.12,2,0,2,0,0.00,2.15,120.77
3,54.34,2,2,2,2,0.00,5.23,210.30
1,30.00,2,2,0,0,0.00,5.95,123.43
3,69.68,2,2,3,4,0.00,8.10,265.82
3,95.98,2,1,0,3,0.00,4.60,189.36
2,45.66,2,1,3,3,0.00,3.13,196.40
1,67.95,1,1,3,3,0.00,7.93,130.11
5,126.87,2,0,0,1,0.00,2.11,166.66
3,103.45,2,1,3,1,0.00,6.76,193.88
2,64.58,2,1,1,0,0.00,6.78,173.44
4,81.10,2,1,2,1,0.00,7.87,214.18
4,56.73,1,1,2,4,4.04,4.86,306.99
1,73.21,2,2,3,0,0.00,4.26,159.72
2,66.15,2,2,3,1,0.00,4.55,221.17
4,61.34,1,0,4,3,0.00,2.51,137.83
5,113.60,2,0,4,1,2.84,5.92,328.17
1,68.10,1,2,0,3,0.00,3.32,122.00
2,42.88,2,2,3,2,0.00,2.76,173.97
5,118.54,2,2,4,3,0.00,7.27,256.47
6,117.88,1,1,3,2,5.53,4.07,329.60
5,125.79,1,2,4,0,0.00,3.77,237.89
5,95.60,1,1,1,2,0.00,3.84,175.38
2,58.86,2,2,0,2,0.00,7.81,132.65
4,74.65,1,2,1,1,0.00,6.31,138.00
1,38.67,1,1,3,1,0.00,6.23,132.41
2,42.24,1,0,0,3,0.00,3.63,122.67
4,69.36,2,2,1,4,0.00,6.85,200.69
2,64.32,1,0,0,3,0.00,7.53,144.16
4,71.43,2,2,2,3,0.00,5.71,252.94
6,109.07,2,2,0,3,0.00,8.56,238.95
2,30.00,2,2,4,1,4.04,6.57,327.95
3,97.55,2,1,1,0,0.00,6.28,210.33
6,107.03,2,0,4,2,0.00,3.25,243.48
5,78.26,1,2,0,0,0.00,7.90,176.00
5,95.34,1,1,3,2,0.00,8.45,194.38
2,62.65,2,1,0,1,0.00,4.57,118.63
6,89.42,2,0,4,4,0.00,3.30,263.25
5,115.32,1,2,1,4,0.00,4.59,190.53
3,72.61,2,1,1,4,0.00,7.64,236.24
3,90.37,2,0,2,2,5.55,2.15,293.28
5,80.53,2,1,4,2,0.00,7.75,269.74
5,113.39,2,0,2,4,0.00,7.00,251.65
3,78.75,1,2,4,3,0.00,7.67,161.05
6,125.55,2,2,1,2,0.00,2.93,206.89
6,141.46,1,2,4,3,0.00,6.66,267.74
4,67.61,1,1,4,4,0.00,7.33,175.49
3,56.12,1,2,0,1,0.00,7.73,111.12
5,71.66,1,2,2,4,0.00,3.09,173.27
6,103.64,1,1,2,1,0.00,3.40,189.31
4,88.76,2,1,3,2,0.00,2.71,228.47
1,34.99,2,2,3,1,0.00,2.44,155.97
6,114.33,1,2,2,2,0.00,8.47,216.97
4,75.51,1,0,4,1,0.00,5.63,143.59
4,76.11,1,2,3,2,0.00,3.63,150.85
3,57.04,2,0,3,0,4.85,7.98,327.54
3,78.41,2,2,1,2,0.00,4.14,142.86
4,99.03,1,0,2,1,0.00,2.73,155.52
5,89.93,1,1,4,4,0.00,4.98,224.73
1,42.41,2,1,2,1,0.00,7.21,98.60
5,98.59,1,2,4,4,0.00,7.41,294.21
4,93.06,1,2,3,4,0.00,5.61,242.83
2,99.38,2,2,3,0,0.00,4.37,152.41
4,96.08,2,2,4,4,0.00,8.45,292.46
2,54.57,2,1,4,3,0.00,8.47,270.94
6,123.44,2,0,3,4,5.20,5.91,379.29
6,100.92,1,2,2,4,1.39,7.70,328.81
3,44.21,1,0,2,4,0.00,8.85,169.28
6,142.98,1,2,2,0,6.22,4.97,371.09
1,30.05,2,0,3,2,0.00,8.48,153.60
5,113.63,1,0,2,4,0.00,2.13,199.05
2,62.82,2,1,3,3,0.00,6.10,178.25
2,70.24,1,0,3,0,1.09,5.91,137.34
1,43.95,2,0,4,1,0.00,4.08,136.54
4,92.07,2,1,1,2,0.00,3.75,177.61
1,57.55,2,1,1,1,0.00,5.35,187.13
3,110.92,1,0,0,3,0.00,7.91,140.74
2,38.77,1,1,2,4,0.00,7.76,173.89
5,88.06,1,2,2,4,2.56,8.55,281.21
3,109.23,1,1,2,3,0.00,2.72,214.38
6,105.50,2,2,0,0,4.52,4.94,343.05
1,76.27,2,2,4,1,0.00,3.16,152.14
6,88.41,1,0,0,1,0.00,5.43,160.00
6,127.90,2,1,2,0,0.00,8.48,188.30
6,122.92,1,2,2,2,0.00,5.82,217.32
5,123.65,1,1,0,3,0.00,6.07,202.00
1,61.18,2,1,2,0,6.17,7.46,330.83
6,101.44,1,1,0,1,0.00,8.95,192.33
1,54.78,1,1,1,4,0.00,8.22,137.47
5,117.04,1,2,1,4,0.00,3.20,200.06
3,100.89,1,1,0,3,0.00,7.22,154.18
4,81.26,1,2,2,2,0.00,3.90,172.46
1,35.79,1,1,1,2,1.33,3.41,170.94
3,63.36,1,1,2,4,0.00,2.14,181.37
4,69.68,1,1,0,1,3.31,4.17,243.16
4,61.66,2,2,0,1,0.00,5.67,182.74
2,30.00,2,0,4,0,0.00,8.44,147.87
1,30.00,1,0,2,0,0.00,2.44,77.44
5,118.49,2,2,3,2,3.59,4.35,342.73
1,67.61,2,0,2,0,6.53,2.81,281.30
2,58.07,2,0,0,3,5.00,7.91,309.50
2,77.95,1,2,1,0,0.00,8.15,149.64
4,84.44,2,0,2,1,0.00,6.32,201.76
2,88.58,2,0,4,0,0.00,2.20,112.54
3,44.44,2,0,1,3,1.11,4.70,185.43
3,71.56,2,2,0,4,5.82,4.15,387.41
6,98.11,1,2,1,4,0.00,5.13,256.62
3,87.06,1,2,4,0,0.00,8.43,177.15
3,79.20,1,0,3,0,0.00,4.70,112.23
5,104.17,2,2,2,0,2.63,5.32,285.32
3,71.38,1,1,0,1,0.00,8.91,153.93
6,131.16,1,1,1,1,0.00,5.06,217.30
6,114.18,1,0,0,3,3.42,2.14,227.24
4,70.16,1,0,4,4,0.00,6.68,213.42
5,90.44,1,0,4,3,0.00,5.26,193.15
5,135.74,2,2,4,2,3.99,3.54,373.17
6,102.36,1,1,1,1,0.00,7.24,200.40
5,92.47,1,0,3,4,4.34,4.51,332.39
4,77.37,2,2,2,0,0.00,6.36,217.77
4,124.19,2,0,3,2,0.00,3.42,193.53
5,91.73,2,0,1,2,3.70,5.87,284.68
6,96.36,2,0,1,0,0.00,3.21,216.22
3,53.61,2,0,1,3,0.00,5.98,194.08
2,43.67,1,2,1,3,0.00,6.90,191.86
1,55.30,2,2,2,1,0.00,5.76,157.03
4,51.19,1,0,3,4,0.00,6.18,168.27
5,105.45,2,2,2,4,0.00,4.71,290.18
5,122.24,2,2,4,0,0.00,2.52,233.10
1,51.11,2,0,3,1,0.00,3.87,109.58
4,57.29,1,2,4,1,0.00,8.80,182.19
6,124.56,2,1,4,2,5.14,4.62,391.00
4,82.17,2,2,1,2,0.00,2.24,134.99
2,57.94,1,2,4,1,0.00,4.33,166.85
3,81.43,2,1,4,2,0.00,6.51,175.34
5,94.35,1,2,1,0,0.00,6.88,173.46
1,69.62,2,1,4,0,0.00,3.41,169.24
4,96.40,1,2,0,1,4.68,3.55,296.64
4,77.58,2,1,2,2,0.00,7.58,241.60
5,53.87,2,0,1,4,0.00,7.95,237.27
2,63.32,2,1,3,2,0.00,8.07,219.23
4,75.52,2,2,0,4,0.00,4.26,186.74
3,58.97,1,2,0,1,0.00,7.73,171.06
2,30.00,2,0,2,3,0.00,8.01,236.99
3,99.75,1,2,4,2,3.43,7.45,285.55
3,46.14,2,2,0,0,4.80,3.08,301.03
6,112.94,2,2,1,2,0.00,5.29,264.97
5,104.23,1,2,3,1,0.00,2.48,213.43
6,128.52,2,2,0,2,0.00,8.62,285.05
3,68.23,2,2,4,2,0.00,7.00,230.79
1,63.04,1,2,1,2,0.00,8.71,144.81
5,71.36,1,0,4,3,6.51,3.12,365.69
4,90.81,2,0,2,0,6.03,4.79,324.74
6,140.62,2,1,1,4,0.00,2.59,268.45
1,57.45,2,1,2,2,0.00,4.10,151.43
2,61.27,2,2,1,4,0.00,7.40,183.73
3,88.07,1,2,4,0,0.00,5.57,151.74
6,152.55,2,0,1,0,0.00,2.81,177.34
4,96.08,1,1,4,1,0.00,5.81,203.08
5,112.23,1,1,3,3,0.00,6.98,217.34
3,52.42,1,1,1,3,0.00,8.93,183.37
6,136.97,1,1,2,1,2.34,8.22,288.80
2,42.06,2,1,2,3,0.00,5.90,197.64
5,100.23,1,0,0,4,3.25,6.22,309.66
3,86.60,2,2,3,2,0.00,8.25,205.07
4,74.80,1,2,3,2,0.00,4.81,135.27
2,52.44,2,2,0,0,1.81,5.77,190.47
1,65.39,1,0,2,0,0.00,2.06,98.14
3,73.59,2,1,3,0,0.00,5.04,209.03
5,112.82,2,2,0,0,0.00,5.59,187.57
1,61.72,1,0,3,3,0.00,6.23,189.58
4,134.54,2,1,3,1,0.00,6.67,231.38
4,47.91,2,1,4,1,0.00,2.87,186.82
3,96.73,1,0,4,2,0.00,2.93,151.91
5,118.39,2,1,0,0,3.93,3.99,274.77
5,88.46,2,1,4,1,0.00,2.65,212.45
4,97.13,1,0,1,0,0.00,6.63,150.09
4,89.09,2,1,0,4,0.00,4.33,199.55
2,60.08,2,2,2,4,0.00,2.51,193.21
2,79.78,1,0,1,2,1.86,7.23,129.55
1,60.85,1,1,0,4,0.00,2.53,135.66
2,70.66,2,2,2,3,0.00,2.58,186.90
2,44.24,2,2,2,3,0.00,2.06,165.55
2,53.70,2,1,0,0,0.00,4.91,183.46
4,59.44,1,1,2,1,3.91,8.56,283.72
6,145.39,2,1,0,2,0.00,4.97,209.16
5,95.91,2,1,1,0,0.00,7.99,188.63
4,136.77,1,1,1,0,0.00,6.76,160.23
5,90.12,1,1,2,4,0.00,6.76,184.09
5,84.45,2,1,2,4,1.39,5.89,246.84
6,82.95,1,1,1,4,0.00,5.28,199.42
6,82.67,1,1,2,3,0.00,3.83,225.53
2,67.28,2,2,0,2,5.44,5.37,334.17
4,67.71,1,2,2,1,0.00,3.88,139.03
3,43.50,2,1,2,3,0.00,6.13,167.40
3,73.60,2,1,2,2,0.00,3.77,137.73
4,128.44,2,1,0,1,0.00,5.29,199.18
2,40.60,1,0,1,4,0.00,7.83,146.57
3,63.15,2,1,3,1,2.35,3.06,239.88
1,43.96,2,2,4,2,0.00,8.63,199.13
5,94.90,1,0,2,4,5.80,2.87,307.65
3,57.70,2,1,4,3,5.17,5.66,357.01
2,50.06,1,2,0,0,6.95,3.77,291.85
3,49.47,2,0,4,1,0.00,6.72,178.65
4,92.16,2,0,1,1,0.00,2.22,180.87
2,87.30,2,0,0,1,0.00,5.72,184.19
3,68.01,1,1,1,3,0.00,3.66,160.40
3,60.54,1,1,3,0,1.96,3.85,205.02
3,104.72,2,2,0,0,3.24,5.25,273.77
4,77.52,2,1,4,0,0.00,3.68,209.66
5,101.58,1,2,3,3,5.59,5.29,387.40
6,108.38,1,1,2,2,0.00,6.13,213.31
4,102.59,1,2,0,4,0.00,8.80,219.20
5,77.41,1,1,0,3,0.00,4.80,196.08
4,84.16,1,1,3,2,2.55,8.22,251.22
1,58.15,2,0,1,1,0.00,3.52,138.86
5,109.25,1,2,3,2,3.02,6.09,288.74
2,30.00,1,0,2,0,0.00,2.50,102.23
2,63.64,2,1,4,0,1.47,7.00,229.27
1,65.09,1,1,1,4,0.00,3.86,127.29
3,30.00,1,0,0,1,0.00,4.05,106.67
2,43.80,2,0,0,4,4.45,4.49,289.55
5,97.24,1,2,2,3,0.00,7.87,224.26
4,84.76,2,1,1,0,0.00,4.17,193.34
4,83.45,2,2,0,0,3.43,3.40,290.84
6,110.32,2,1,4,2,0.00,3.85,232.99
3,81.36,2,2,0,3,0.00,3.04,212.09
3,57.58,1,0,1,4,0.00,3.94,140.12
5,93.81,2,1,3,3,0.00,4.79,226.42
2,46.50,1,0,1,1,0.00,4.77,102.32
3,97.34,2,0,4,3,2.23,4.81,283.50
4,65.81,2,1,3,0,0.00,3.82,195.79
2,50.41,1,1,0,2,0.00,7.91,119.11
2,89.92,1,2,4,3,0.00,7.00,199.86
4,78.47,1,0,4,2,0.00,3.87,178.09
4,88.68,1,0,1,1,0.00,2.04,132.97
4,72.28,1,2,1,4,0.00,3.07,205.71
2,85.48,1,2,4,2,0.00,6.78,171.52
4,80.35,1,1,1,4,0.00,8.43,200.63
1,50.96,1,2,3,0,5.93,4.50,255.20
3,100.51,2,0,2,0,5.52,3.97,290.44
4,109.30,1,1,0,3,6.23,3.81,338.93
3,89.44,1,0,1,3,0.00,7.48,169.41
3,75.38,2,1,0,0,0.00,4.48,190.93
4,84.50,2,2,0,1,5.87,4.62,370.80
2,65.80,1,1,0,4,5.98,3.92,313.42
1,51.73,2,2,2,0,0.00,7.78,180.65
5,93.93,1,0,2,0,0.00,8.60,178.29
1,82.41,2,1,0,1,2.41,6.22,206.13
4,97.95,1,0,4,1,0.00,3.23,131.84
4,116.08,2,1,4,3,1.64,2.64,272.70
3,45.21,1,1,4,1,0.00,5.66,127.43
4,87.88,2,2,0,2,0.00,2.41,196.96
2,61.05,2,0,3,4,0.00,4.10,222.28
6,134.37,2,0,1,1,0.00,4.90,190.22
3,77.07,2,1,3,3,0.00,6.29,213.37
1,57.40,2,1,4,3,0.00,5.19,159.95
2,57.82,2,2,2,2,0.00,7.31,142.98
1,35.13,1,2,0,3,2.52,5.91,219.72
4,119.67,1,2,4,4,0.00,5.20,184.09
6,92.44,1,0,1,3,0.00,3.56,171.87
2,65.49,2,2,1,2,0.00,5.91,177.25
6,76.07,1,0,4,1,0.00,4.44,200.17
4,65.86,2,1,3,4,6.20,3.32,348.00
3,49.16,2,2,1,1,0.00,7.05,248.12
4,81.89,1,1,2,3,0.00,4.54,184.56
2,74.63,2,0,0,2,2.20,7.94,244.34
3,75.72,2,2,3,4,0.00,7.28,256.69
3,75.24,1,1,3,4,0.00,3.07,182.15
6,86.03,2,0,1,0,0.00,7.62,200.10
6,83.86,1,1,4,3,0.00,6.63,236.48
3,77.69,2,0,4,3,0.00,5.87,246.84
3,50.85,1,1,4,3,0.00,6.73,191.53
4,70.11,1,0,1,2,0.00,6.82,164.75
6,70.08,2,0,3,3,0.00,3.78,265.16
6,141.97,2,1,4,3,0.00,8.10,301.83
2,37.23,1,0,3,0,1.97,2.27,134.80
2,96.06,2,0,2,0,0.00,2.84,167.02
3,90.98,2,0,2,1,4.78,8.52,312.02
3,62.59,2,0,4,3,3.88,4.89,339.06
2,31.21,1,1,1,4,6.60,6.42,345.85
6,153.23,2,1,2,3,6.72,6.25,426.73
1,44.97,1,0,2,4,0.00,7.05,155.85
2,45.05,1,1,3,2,0.00,5.79,170.15
3,61.11,1,2,1,2,0.00,3.60,137.91
6,123.61,1,2,0,2,0.00,6.83,214.01
4,54.76,2,1,1,0,0.00,7.61,178.77
3,77.96,1,2,4,3,0.00,3.50,187.17
3,56.59,2,2,0,1,0.00,3.67,193.34
3,91.98,2,0,1,3,0.00,6.70,203.22
3,58.64,2,1,4,1,0.00,3.91,190.63
4,88.52,1,2,0,2,1.21,5.76,223.71
1,30.00,1,1,3,1,0.00,4.54,132.53
1,31.88,1,2,0,1,0.00,8.99,129.08
5,105.45,2,2,2,3,0.00,4.80,215.38
2,33.79,1,0,3,1,0.00,2.38,101.72
1,39.88,1,2,2,1,4.95,2.29,218.79
1,36.20,2,2,0,1,3.94,2.62,240.57
2,50.84,2,1,2,1,0.00,4.33,151.01
1,50.87,2,2,4,3,0.00,3.60,233.29
1,64.84,2,1,1,0,0.00,4.17,121.27
1,30.00,2,0,2,0,4.08,6.92,210.61
2,39.69,1,0,2,3,0.00,5.38,111.85
4,78.05,1,0,4,1,0.00,4.72,149.10
1,69.83,1,1,2,1,0.00,5.06,159.80
2,69.49,1,1,2,4,0.00,5.65,181.41
3,82.20,1,1,2,1,0.00,2.67,165.93
6,103.18,1,0,1,4,0.00,4.60,208.75
1,30.00,2,0,1,0,0.00,8.40,128.32
4,73.31,2,2,1,0,0.00,6.28,175.23
6,113.97,1,2,1,2,0.00,6.90,207.38
4,71.28,1,0,0,1,5.77,2.04,275.94
6,166.20,2,0,3,2,5.95,8.93,418.89
6,117.46,1,1,1,0,4.37,8.42,327.56
1,80.70,1,2,3,2,5.36,7.11,333.49
2,56.58,1,1,2,4,0.00,8.40,166.13
4,62.28,1,1,1,2,2.26,8.13,207.48
4,72.11,2,2,1,0,0.00,7.39,189.27
6,108.35,1,1,3,0,0.00,8.03,227.45
2,51.71,1,2,0,2,0.00,5.71,138.79
6,112.69,2,0,0,0,0.00,3.99,167.31
4,97.04,1,2,0,1,0.00,6.65,169.99
2,75.27,1,1,4,1,3.64,8.60,259.68
1,45.33,2,2,3,3,2.09,7.20,258.37
6,132.06,2,0,2,2,0.00,2.99,219.04
1,30.30,1,1,3,0,3.23,8.16,226.70
6,103.14,2,1,0,1,5.58,4.70,352.91
1,106.92,1,0,1,2,4.66,4.62,241.59
6,86.09,2,1,1,1,0.00,3.77,220.94
3,81.89,1,0,1,2,2.19,7.80,212.63
2,49.18,2,2,2,2,0.00,6.65,188.25
2,68.66,1,2,1,1,5.26,5.46,297.12
3,102.37,1,2,1,3,1.16,3.95,250.21
3,74.09,1,0,1,4,0.00,7.46,191.04
5,86.05,2,2,4,2,0.00,7.05,256.92
2,45.61,2,2,4,2,6.93,4.78,399.62
4,56.33,2,0,4,1,0.00,5.27,172.32
4,81.62,1,2,0,0,0.00,5.79,128.22
6,140.49,1,0,3,1,0.00,5.26,223.43
1,49.83,1,0,4,3,0.00,6.08,148.57
2,53.10,1,1,4,4,0.00,4.23,221.08
1,39.99,2,1,1,1,0.00,5.41,129.19
3,60.62,2,0,1,1,0.00,6.77,155.41
3,62.02,1,1,3,0,3.02,4.28,209.21
2,30.00,2,0,4,4,0.00,7.37,178.80
5,125.22,1,0,1,3,0.00,4.70,146.50
4,67.68,2,0,2,3,0.00,7.14,189.03
3,56.44,1,1,3,1,0.00,8.05,150.33
3,99.63,1,2,3,1,0.00,4.51,160.62
6,134.38,1,0,4,2,0.00,6.25,204.17
1,30.00,1,0,0,0,0.00,5.04,97.85
2,76.27,1,2,2,4,6.62,2.41,360.51
6,132.25,2,1,0,0,1.69,7.73,257.15
2,54.63,2,0,0,3,0.00,6.44,176.86
5,91.41,2,0,3,2,0.00,5.05,234.44
3,61.55,1,1,1,3,1.73,7.82,234.50
1,47.89,1,2,0,3,3.85,3.01,304.88
3,90.80,2,2,2,3,0.00,5.57,200.25
2,74.87,2,2,2,4,0.00,6.45,208.99
1,78.83,2,2,0,3,0.00,3.42,164.00
4,99.83,2,2,2,4,0.00,5.17,252.52
5,97.16,2,1,4,3,0.00,8.30,252.40
6,101.40,2,0,0,4,0.00,2.34,203.36
6,110.95,1,2,2,4,0.00,2.77,236.28
5,95.37,2,2,3,1,0.00,8.77,225.10
3,65.10,2,2,3,1,0.00,6.43,205.12
3,78.87,2,1,1,3,0.00,2.61,201.44
5,100.78,1,1,2,0,6.22,6.74,341.26
1,57.59,2,2,0,0,0.00,8.86,171.79
1,47.10,1,1,2,0,0.00,5.76,102.42
6,145.57,2,0,2,3,4.80,6.33,384.61
3,46.76,2,2,0,3,6.09,5.85,361.46
5,96.90,2,2,0,2,0.00,4.84,185.49
5,122.64,2,2,3,4,0.00,3.45,265.55
5,96.11,2,2,4,1,1.54,2.44,277.36
5,128.93,2,2,4,4,0.00,7.45,258.60
6,121.07,2,1,2,1,0.00,4.49,244.97
3,75.96,1,0,0,4,0.00,2.04,150.20
4,97.14,2,1,0,0,0.00,6.02,219.16
3,56.73,1,1,4,0,0.00,6.59,161.73
6,98.56,1,1,0,4,0.00,6.35,210.42
1,30.00,2,0,3,1,0.00,8.07,157.21
2,39.93,2,0,0,2,0.00,5.49,116.53
6,95.85,2,1,1,0,0.00,3.67,224.35
6,123.10,1,2,0,0,6.42,5.33,361.78
5,99.82,1,0,2,2,4.56,7.97,285.90
3,76.85,1,0,3,3,0.00,5.34,188.37
1,70.17,1,1,1,2,0.00,2.67,134.27
2,89.23,1,2,4,2,0.00,2.03,149.17
4,40.24,1,2,1,4,0.00,5.72,174.35
2,71.72,1,0,3,0,6.00,2.91,286.34
3,95.57,2,1,4,2,0.00,5.72,236.36
2,41.53,1,1,1,1,4.51,3.13,228.98
1,50.86,2,0,0,4,0.00,4.10,210.85
4,105.45,1,0,4,3,4.10,5.12,297.98
2,30.00,2,2,4,3,0.00,5.19,171.33
4,90.03,1,1,2,3,0.00,3.41,218.38
4,117.03,2,1,2,2,1.43,7.69,237.50
4,62.87,1,0,0,3,0.00,4.38,150.21
3,99.07,2,1,3,0,6.05,8.67,343.41
2,59.90,1,0,3,2,0.00,3.17,138.59
3,45.71,2,2,3,2,3.02,6.20,306.35
3,72.68,1,2,1,2,0.00,3.06,161.11
3,91.58,2,2,4,0,6.42,4.95,396.34
3,64.84,1,1,2,0,1.03,5.21,170.34
5,66.07,1,0,4,4,0.00,7.12,210.98
1,30.00,1,1,3,1,0.00,8.03,87.65
1,46.27,2,0,4,2,3.48,8.48,313.18
1,70.52,2,1,3,2,4.44,4.87,276.47
2,39.73,2,1,3,1,0.00,5.22,144.65
6,113.83,1,1,4,3,0.00,2.14,219.17
2,53.88,1,0,3,2,0.00,3.71,131.89
1,45.24,1,2,4,1,0.00,8.92,188.07
3,75.86,2,2,0,0,0.00,7.32,181.53
5,122.60,2,2,0,1,0.00,3.19,209.69
4,90.90,1,1,0,0,0.00,4.73,109.90
6,108.81,2,2,0,0,0.00,3.55,175.71
4,118.75,1,1,2,0,0.00,6.11,158.72
2,38.27,1,0,2,0,0.00,7.70,138.07
5,100.15,2,2,3,2,0.00,7.11,274.22
4,81.03,1,2,3,1,0.00,2.11,163.76
5,104.50,2,1,0,0,0.00,7.33,255.82
4,80.77,2,2,4,1,1.47,7.70,312.63
5,73.97,1,2,0,3,0.00,4.22,221.48
3,112.01,1,1,2,2,6.36,3.30,299.09
6,103.84,1,1,3,2,0.00,2.74,227.03
2,52.44,1,1,2,4,0.00,2.01,144.03
6,89.59,2,1,4,4,0.00,7.80,289.29
1,60.56,1,0,1,4,3.61,2.67,269.21
2,94.96,1,2,4,0,3.61,7.82,253.96
6,125.11,2,1,4,1,0.00,7.71,239.08
4,102.02,1,1,3,3,0.00,7.78,256.84
6,95.58,1,0,1,2,6.94,6.39,377.62
4,156.95,2,1,3,2,6.26,4.98,398.50
4,91.04,1,1,1,1,0.00,3.24,188.55
2,95.03,1,0,3,1,6.06,7.22,304.12
5,142.74,2,0,0,0,0.00,2.68,206.58
2,48.37,1,2,3,3,0.00,5.83,184.37
6,126.12,2,2,0,0,0.00,3.55,181.12
3,103.23,2,0,0,1,0.00,3.28,161.69
6,92.07,2,2,0,2,0.00,4.66,209.93
4,117.30,2,2,3,4,0.00,7.37,272.77
5,87.83,2,1,2,0,0.00,5.46,176.42
6,133.38,2,2,3,3,0.00,3.22,262.63
1,30.00,1,1,0,4,0.00,5.18,113.46
1,79.68,2,1,1,0,0.00,7.76,154.42
4,61.47,2,0,2,4,5.28,7.63,368.07
5,106.83,1,2,0,3,0.00,7.72,196.76
4,57.33,1,2,1,4,0.00,2.62,187.18
5,69.52,2,1,4,1,3.34,5.10,291.51
3,69.84,1,1,0,1,6.22,7.47,342.40
4,106.91,2,2,2,3,0.00,7.87,263.20
4,109.10,2,2,3,3,0.00,8.07,206.74
4,79.85,2,0,3,4,0.00,7.45,238.10
1,32.34,2,1,1,1,0.00,6.03,128.44
4,68.88,1,1,0,2,2.27,8.84,205.54
5,68.63,2,1,3,0,6.45,7.19,385.55
4,98.74,1,0,4,0,6.27,3.39,310.57
1,30.00,2,1,1,0,0.00,3.65,124.48
4,88.34,1,1,4,3,2.85,6.61,290.12
6,100.48,1,1,0,0,0.00,5.83,170.76
6,111.63,2,2,3,4,1.67,8.07,315.94
6,105.85,1,0,2,1,0.00,2.62,171.96
2,68.94,1,1,0,2,0.00,8.74,128.28
1,30.00,2,2,4,2,2.54,3.73,292.97
1,54.26,2,1,2,0,0.00,5.70,159.61
1,49.40,2,0,2,0,0.00,3.90,104.38
1,77.68,1,1,2,3,0.00,5.22,145.27
1,34.30,1,2,4,2,0.00,7.03,178.06
3,52.01,1,0,0,4,0.00,7.50,156.02
4,93.47,1,0,4,4,6.43,6.75,390.66
1,79.88,1,2,4,2,0.00,7.41,171.88
4,65.38,1,0,0,1,0.00,4.78,171.77
2,64.22,1,0,3,1,0.00,2.39,145.64
2,46.03,2,1,3,1,0.00,7.38,120.96
5,95.19,2,2,2,1,1.14,6.02,233.29
2,59.54,2,2,4,4,0.00,8.16,239.91
4,71.26,2,2,2,0,3.58,2.15,288.22
5,101.68,1,2,1,4,0.00,2.78,256.60
3,62.65,1,0,3,1,0.00,7.87,158.26
2,43.50,1,0,0,3,0.00,3.01,162.17
3,70.97,2,0,2,3,0.00,4.26,207.30
3,72.10,1,1,3,3,0.00,8.50,180.25
4,94.78,1,0,0,3,0.00,5.90,155.42
4,75.84,2,0,0,3,0.00,8.21,181.04
4,72.79,2,1,1,1,3.64,8.91,260.67
2,65.24,1,0,4,0,0.00,6.81,122.95
4,85.10,2,0,3,1,0.00,3.57,206.50
1,55.15,1,1,0,0,0.00,4.66,69.97
1,54.49,1,0,4,1,4.84,4.63,225.76
2,30.00,2,0,0,3,0.00,3.71,135.19
1,46.42,2,2,1,0,0.00,8.38,140.99
3,36.74,2,1,1,0,0.00,6.11,180.08
2,30.00,2,0,4,0,1.88,7.11,249.41
3,65.29,1,1,3,1,0.00,3.80,165.81
6,134.61,1,1,0,4,0.00,8.13,248.40
1,41.32,1,2,1,2,5.00,3.61,254.75
6,105.00,2,0,3,4,0.00,2.22,261.12
1,99.70,2,2,0,2,5.83,2.34,301.25
5,71.80,1,1,2,1,0.00,3.93,194.84
1,30.00,2,2,0,3,4.78,7.88,280.29
6,110.93,2,1,2,4,0.00,2.41,239.34
3,91.52,2,1,3,2,3.16,6.08,290.32
5,95.11,2,0,4,3,0.00,2.04,201.45
1,49.79,2,2,4,0,6.02,5.92,343.17
1,67.32,2,0,1,2,0.00,2.14,178.31
4,85.06,1,0,3,2,0.00,2.63,136.50
6,138.40,2,1,0,1,2.12,5.02,241.44
5,97.35,1,1,4,1,6.34,8.02,388.11
2,74.08,2,0,3,4,0.00,7.42,234.43
6,81.06,2,1,4,1,0.00,7.03,265.74
1,38.31,2,1,4,1,3.24,3.49,262.34
4,104.55,2,1,4,4,0.00,4.64,220.00
2,52.62,2,0,3,0,0.00,5.32,117.41
5,80.64,2,1,2,4,0.00,8.63,220.28
1,68.40,1,0,4,2,1.67,7.47,170.26
4,98.61,1,0,2,0,3.43,2.76,210.85
6,68.82,1,0,4,3,5.83,7.23,389.88
1,83.94,1,1,3,4,0.00,8.02,145.37
3,69.32,2,1,1,0,0.00,8.24,147.38
4,86.85,1,1,0,1,2.60,8.07,246.24
6,105.18,2,0,3,2,0.00,5.96,247.22
1,56.35,2,2,1,1,0.00,7.85,174.20
6,116.95,1,1,3,3,0.00,6.94,238.19
4,82.87,2,2,1,3,0.00,4.17,225.36
1,49.74,2,2,3,2,0.00,6.59,232.47
5,108.17,1,2,3,2,4.81,5.47,322.89
4,102.19,1,2,3,0,0.00,8.68,191.65
6,76.24,2,1,3,1,0.00,8.78,224.91
6,104.38,2,1,0,0,0.00,7.64,181.40
2,80.65,2,1,2,1,0.00,5.62,181.65
4,91.67,2,2,0,0,0.00,5.23,185.69
6,112.93,2,2,4,0,0.00,4.04,252.37
2,53.64,1,1,3,0,0.00,2.93,100.70
2,38.59,2,1,1,3,4.04,8.57,288.79
4,110.11,1,2,2,3,1.18,2.40,202.04
5,91.43,1,0,2,0,0.00,2.66,173.74
3,75.88,1,2,1,4,1.02,5.71,237.86
5,79.48,2,0,1,3,0.00,3.54,189.15
6,94.44,1,2,0,1,0.00,8.68,209.07
1,43.50,1,0,3,1,0.00,7.56,149.90
5,121.27,2,1,2,1,0.00,2.37,193.85
5,74.21,2,2,1,3,5.95,4.57,408.60
2,31.19,2,1,0,2,0.00,7.79,180.03
5,88.85,1,2,3,3,3.05,4.82,280.60
6,113.48,2,2,0,1,5.77,4.57,360.46
2,82.47,2,1,0,0,0.00,8.53,151.94
4,102.88,2,1,4,3,5.37,6.63,392.07
6,130.59,1,1,2,3,0.00,8.10,254.47
5,80.58,1,2,2,3,0.00,5.66,231.23
4,80.64,1,2,2,1,0.00,6.89,190.40
3,94.65,1,2,0,0,0.00,8.11,152.76
6,111.55,1,2,2,2,0.00,4.24,227.77
3,64.36,2,1,1,1,0.00,6.91,200.85
5,80.16,2,1,0,0,0.00,8.47,184.48
2,30.00,1,2,0,2,0.00,4.78,142.69
5,113.78,1,2,2,0,0.00,3.96,155.33
4,60.17,1,1,4,2,1.46,6.08,228.52
1,50.54,2,1,1,3,0.00,4.56,179.84
4,123.15,1,1,0,3,0.00,2.35,205.19
2,42.18,1,2,3,2,0.00,8.14,177.23
4,63.14,2,1,4,3,0.00,7.47,260.72
5,120.96,1,0,0,2,4.74,3.52,268.18
6,70.29,2,1,1,1,0.00,8.33,215.60
2,57.16,1,0,4,1,0.00,2.10,112.16
6,100.66,1,0,3,3,0.00,6.72,217.97
2,62.52,2,2,1,2,2.30,4.23,250.60
5,107.23,2,1,3,0,0.00,6.50,199.36
2,72.36,1,2,2,2,3.37,2.88,208.19
5,72.51,2,2,1,1,0.00,7.25,171.49
6,124.22,2,2,4,2,0.00,3.21,272.14
1,52.86,2,0,3,0,0.00,7.36,145.65
3,54.10,2,0,4,2,0.00,4.08,205.09
6,143.13,2,0,1,3,5.23,8.38,378.80
1,30.00,1,1,3,1,0.00,5.35,137.57
5,78.16,1,1,3,2,1.33,3.64,230.74
4,81.46,2,0,3,3,0.00,4.78,199.90
2,80.20,2,2,2,0,0.00,6.98,153.59
4,97.32,1,2,3,3,1.07,3.58,229.07
4,95.10,2,1,0,4,0.00,3.88,207.26
1,30.00,1,0,2,3,0.00,2.25,127.08
4,88.14,2,1,2,0,0.00,4.07,178.35
2,90.09,2,2,3,1,0.00,5.13,187.45
2,96.84,2,1,1,0,0.00,2.74,174.83
4,105.26,1,2,1,1,0.00,8.42,150.71
4,111.86,1,2,4,2,0.00,6.59,189.49
1,42.01,1,1,3,1,6.96,4.12,298.19
6,113.08,1,1,0,0,0.00,2.38,149.18
2,41.57,1,0,4,3,0.00,4.66,172.68
6,117.44,1,1,2,0,0.00,2.83,158.61
2,32.88,2,0,3,1,0.00,6.50,177.64
6,143.90,2,0,0,0,0.00,2.73,182.12
6,168.26,1,2,0,0,0.00,4.05,182.56
1,43.02,1,2,1,4,0.00,8.51,133.02
2,93.84,1,1,4,4,5.20,4.16,300.10
4,96.74,1,2,3,0,0.00,7.57,226.91
2,68.81,1,1,2,0,3.86,6.86,245.63
6,93.24,2,2,0,2,0.00,4.44,196.90
1,30.00,2,0,4,1,5.36,5.89,297.20
2,81.50,1,1,1,1,0.00,7.49,150.88
2,37.84,1,0,2,0,4.04,4.58,211.07
3,92.83,1,0,3,0,1.21,4.90,183.91
4,30.00,2,1,1,2,0.00,7.44,191.03
5,103.97,2,2,3,2,0.00,7.96,273.31
6,137.13,1,2,0,2,0.00,6.99,216.42
5,116.83,2,1,2,1,0.00,8.17,238.54
2,62.30,1,1,2,3,0.00,4.09,80.31
1,61.90,1,2,1,3,0.00,3.73,129.20
5,98.41,2,1,4,2,0.00,8.45,214.22
6,114.93,2,0,2,4,0.00,5.64,245.58
3,81.71,1,0,2,3,0.00,4.23,177.41
1,95.32,1,2,3,3,4.30,3.06,264.04
1,67.34,1,2,0,2,6.99,7.41,319.46
6,155.31,1,0,1,3,0.00,6.15,209.66
5,136.64,1,0,1,1,0.00,2.11,171.02
6,87.73,1,1,1,2,4.62,2.72,326.71
3,63.62,2,2,0,4,3.34,6.61,293.73
3,97.49,1,1,2,1,0.00,6.14,154.16
5,112.54,2,2,1,3,0.00,5.96,224.11
2,72.59,2,2,0,2,0.00,5.33,172.55
1,76.31,1,0,1,2,0.00,3.12,79.63
6,120.68,2,1,4,3,0.00,4.57,282.38
6,107.26,1,1,4,3,1.32,3.52,281.07
6,124.50,1,1,2,0,0.00,7.96,168.85
6,99.15,2,2,4,2,6.12,4.63,405.51
2,34.05,2,2,0,3,0.00,2.69,136.03
2,52.38,1,0,4,0,0.00,3.51,131.06
3,93.50,2,1,2,2,0.00,4.30,185.19
3,70.65,2,1,4,0,3.30,7.19,292.03
5,118.88,2,0,4,0,0.00,5.30,190.37
4,110.49,2,2,4,1,3.91,2.50,339.91
2,69.79,2,1,2,2,6.69,3.22,344.06
1,53.34,2,2,3,4,0.00,7.96,208.81
6,111.70,1,0,0,0,0.00,8.33,135.80
4,87.43,2,0,4,4,0.00,4.10,224.42
2,80.78,2,0,0,2,0.00,8.31,179.72
2,30.00,2,0,4,1,5.40,8.23,312.69
6,116.86,1,0,3,2,0.00,6.67,215.45
5,122.56,1,0,2,2,0.00,5.60,192.87
5,108.66,1,1,1,0,0.00,5.68,197.87
3,62.95,1,0,2,3,0.00,4.95,151.72
3,67.15,2,2,3,3,0.00,5.89,194.48
5,110.95,1,0,3,3,0.00,8.23,205.48
5,110.82,1,0,2,2,0.00,7.47,210.04
5,117.65,2,2,4,1,3.04,6.51,289.24
5,94.90,1,1,4,3,0.00,8.24,240.71
6,92.36,1,1,0,1,0.00,2.16,139.59
3,53.82,1,1,4,4,0.00,6.55,183.44
4,83.63,2,0,2,2,3.07,5.36,276.28
6,89.02,2,1,0,3,4.82,7.48,360.76
3,94.86,1,1,3,3,0.00,5.30,172.96
1,43.72,1,1,2,2,0.00,2.40,140.38
6,108.11,2,1,4,3,6.41,3.69,419.33
2,82.60,2,2,2,1,0.00,7.36,194.43
1,31.38,2,0,3,2,5.93,7.63,374.48
5,113.77,1,2,2,0,0.00,4.60,160.49
1,84.92,2,2,2,2,1.49,4.67,201.41
3,61.38,2,1,4,0,0.00,8.19,229.68
6,113.95,1,1,4,1,0.00,6.63,237.06
3,65.48,2,0,1,4,2.82,3.23,287.06
5,105.83,2,2,0,1,0.00,3.00,217.57
5,115.85,1,1,2,3,0.00,3.13,202.08
1,61.44,2,1,3,4,0.00,4.55,182.43
6,141.98,2,1,2,1,0.00,3.80,218.02
2,55.57,2,0,0,1,4.01,8.65,270.46
1,60.76,1,0,0,0,0.00,7.21,93.44
3,77.25,1,0,3,0,0.00,5.97,115.48
6,121.98,2,2,2,2,0.00,2.50,221.99
1,32.01,1,1,3,1,0.00,6.84,104.31
3,87.13,2,2,1,2,0.00,6.82,213.40
6,117.94,1,0,3,0,6.24,4.63,375.65
3,66.36,2,1,1,0,0.00,4.63,171.59
6,84.19,2,0,1,4,0.00,7.71,271.63
1,30.00,1,2,2,3,5.54,2.09,263.61
4,110.58,2,0,2,4,5.98,3.38,397.24
1,50.69,2,2,1,0,0.00,5.19,141.32
4,101.50,1,1,4,4,0.00,8.65,222.57
5,99.10,2,0,2,0,0.00,5.75,184.12
6,97.69,2,0,1,4,0.00,7.24,210.17
5,96.62,1,0,3,2,0.00,3.40,195.64
4,101.76,1,2,0,4,1.71,3.42,161.32
2,44.81,1,2,0,3,0.00,2.93,198.51
4,101.10,1,1,3,3,0.00,4.70,173.96
2,39.10,2,0,0,3,0.00,5.80,112.53
3,76.96,1,2,4,3,0.00,5.30,179.63
6,102.38,2,1,0,4,0.00,4.40,238.96
3,59.14,2,0,3,0,0.00,3.34,156.05
5,76.96,1,0,3,3,0.00,6.11,153.04
5,109.98,1,1,1,1,0.00,2.28,157.87
2,30.00,2,1,3,1,0.00,3.22,139.45
4,109.53,2,0,4,1,3.29,6.20,296.31
2,40.70,2,1,0,1,0.00,4.48,124.70
4,56.37,2,2,4,2,0.00,6.79,229.81
1,58.44,1,1,4,0,5.52,3.80,280.44
4,73.29,1,2,1,3,0.00,6.61,231.81
5,70.60,1,2,3,4,0.00,3.07,227.45
4,42.26,1,2,3,4,3.94,8.92,326.30
6,106.56,1,2,3,1,0.00,2.58,202.31
2,39.42,1,2,1,2,3.91,7.30,273.42
2,30.00,1,1,4,0,0.00,5.98,159.05
4,115.41,2,2,3,3,0.00,6.07,257.38
1,30.00,1,0,1,4,0.00,6.80,138.71
5,96.63,1,1,4,2,0.00,8.61,227.55
6,114.00,1,0,3,3,6.71,4.58,396.63
5,116.65,2,1,4,4,0.00,8.79,261.28
4,121.83,2,1,3,2,0.00,4.57,186.46
6,112.87,2,2,1,3,6.04,8.50,418.37
4,72.12,2,1,4,0,0.00,5.49,174.33
1,30.02,2,2,4,2,0.00,5.54,199.27
5,118.33,2,1,0,4,0.00,5.10,270.61
2,57.26,2,1,1,1,0.00,8.76,169.60
2,70.54,2,0,4,0,0.00,4.12,172.59
3,99.06,1,2,4,1,0.00,6.07,167.91
3,86.31,1,2,3,3,0.00,6.99,189.77
1,48.43,2,0,3,3,3.66,8.72,255.61
6,58.91,2,1,0,0,0.00,4.07,170.33
5,118.33,2,2,4,0,6.65,7.12,420.55
4,94.56,1,1,4,3,0.00,5.77,169.38
6,110.65,2,1,0,3,0.00,2.81,205.94
5,120.40,2,2,1,3,0.00,6.83,249.45
1,49.66,1,0,0,4,0.00,6.84,163.81
4,102.39,1,2,4,4,0.00,7.39,208.59
5,99.83,1,1,3,1,2.95,3.19,276.04
5,117.03,2,0,4,4,0.00,6.83,248.23
2,57.66,1,0,4,4,0.00,5.31,203.66
5,76.86,1,0,1,4,2.45,3.50,296.26
2,80.38,1,2,4,1,3.87,7.15,284.12
6,98.07,1,2,4,0,0.00,3.16,166.44
3,54.42,1,0,2,1,4.89,8.42,261.69
1,33.01,1,1,4,0,0.00,3.53,158.41
1,58.98,2,2,4,1,0.00,7.02,171.87
3,59.88,2,2,3,0,0.00,6.90,173.17
6,89.48,2,0,2,3,0.00,2.43,260.90
6,87.06,2,1,0,0,0.00,5.59,188.42
5,121.26,1,2,2,4,0.00,7.50,228.07
2,51.78,1,0,3,3,0.00,7.50,155.08
2,53.07,1,0,3,2,0.00,6.86,122.13
4,79.64,1,2,2,4,0.00,6.35,171.03
1,63.63,1,0,3,0,0.00,4.16,133.97
5,86.43,1,1,2,2,0.00,6.76,159.24
4,95.96,2,1,1,1,0.00,5.21,179.23
5,126.07,2,1,0,4,6.58,3.45,384.55
2,74.69,2,1,1,3,0.00,2.28,188.35
6,113.84,1,2,4,3,5.63,2.73,363.71
1,61.08,2,0,0,0,0.00,5.00,98.03
1,34.26,2,1,0,3,6.47,6.34,364.74
1,34.83,1,0,3,2,0.00,5.86,144.80
2,94.82,1,0,2,0,0.00,4.11,90.47
2,52.08,1,1,3,4,0.00,6.90,196.30
6,122.38,1,0,3,3,0.00,3.94,218.60
4,90.06,2,2,2,3,0.00,5.71,255.98
3,88.07,2,0,1,0,3.66,8.56,298.65
5,126.09,2,2,2,3,0.00,2.04,217.86
4,85.76,2,0,4,2,0.00,6.33,213.84
2,62.70,1,2,3,4,4.60,3.35,327.26
5,96.79,2,2,1,4,4.79,5.63,380.27
4,92.00,2,0,4,3,4.51,2.72,340.41
2,57.43,2,0,4,0,0.00,4.73,125.52
5,132.96,1,2,1,1,0.00,5.88,226.14
1,31.91,2,0,1,2,0.00,3.49,149.36
2,65.32,1,0,2,1,2.59,8.89,162.93
1,34.47,1,0,1,3,0.00,7.70,179.75
1,46.86,2,0,2,4,0.00,4.80,158.45
1,32.68,2,2,2,0,6.63,4.49,324.15
5,100.43,2,0,1,2,0.00,7.76,180.05
6,82.92,2,0,0,2,1.40,7.33,253.58
6,103.34,1,2,0,4,0.00,7.73,191.00
6,96.59,2,1,3,3,0.00,4.13,239.30
6,99.15,2,0,4,4,0.00,6.05,253.38
6,121.77,2,1,2,0,0.00,2.74,191.23
3,83.86,1,0,1,2,0.00,7.34,122.95
6,111.44,1,2,0,2,0.00,3.99,157.81
4,92.22,1,0,3,2,0.00,3.83,177.99
3,70.96,2,0,3,2,0.00,7.21,183.30
3,64.42,2,0,2,2,0.00,5.57,160.03
6,144.79,2,0,0,2,3.92,2.92,330.50
5,92.80,2,0,4,4,0.00,2.37,256.45
4,66.77,1,0,0,1,4.72,6.73,281.36
2,46.32,1,0,0,4,4.29,2.36,271.63
4,96.71,1,2,1,2,0.00,5.34,177.32
4,67.01,2,1,4,0,0.00,2.19,154.35
4,84.43,1,0,0,3,0.00,4.16,170.36
6,95.21,2,1,4,0,0.00,8.37,253.93
1,30.00,2,2,2,1,1.66,6.98,223.96
6,89.12,2,0,0,4,0.00,5.43,245.67
1,48.19,1,1,1,2,0.00,4.46,92.98
5,108.45,1,0,1,1,5.47,5.71,341.21
3,58.55,1,2,0,4,0.00,5.34,165.87
3,63.27,1,0,0,3,0.00,8.67,166.50
5,89.20,2,2,4,1,0.00,3.57,204.22
1,78.82,2,1,1,4,6.75,6.92,356.72
4,106.27,2,0,4,0,0.00,2.64,215.98
3,58.61,2,2,0,2,3.43,6.56,285.90
3,53.78,1,1,2,3,0.00,2.52,128.47
2,48.08,2,2,0,3,0.00,8.94,207.05
5,107.39,1,0,1,2,1.55,2.21,201.02
3,86.33,1,1,4,3,0.00,7.59,133.00
2,92.81,2,0,3,2,0.00,4.49,159.70
2,43.92,1,0,4,2,0.00,5.59,177.97
5,73.98,1,0,2,3,0.00,2.45,160.28
5,85.75,2,1,0,4,5.05,4.28,349.66
6,118.39,2,1,1,1,0.00,3.42,233.87
6,104.09,1,0,1,1,0.00,2.08,184.97
5,74.61,2,0,0,4,0.00,7.68,227.54
5,85.17,1,1,1,4,0.00,2.68,182.46
3,65.80,2,0,2,3,4.15,3.21,327.21
1,41.45,2,1,2,1,0.00,3.16,161.48
3,89.48,1,0,2,1,0.00,3.56,149.74
3,80.27,1,0,2,0,0.00,5.84,99.33
6,90.20,2,1,4,3,0.00,3.86,272.06
2,30.00,1,0,4,4,0.00,2.07,142.32
3,92.32,2,1,1,1,0.00,5.39,174.71
4,127.39,1,1,1,3,0.00,2.99,169.72
1,30.00,1,1,2,1,0.00,8.44,107.14
5,129.10,1,1,3,1,0.00,8.89,190.32
6,91.36,1,0,4,0,0.00,4.13,189.58
6,57.84,2,1,2,4,0.00,5.52,291.83
1,36.49,1,2,4,1,0.00,8.43,182.87
4,91.14,1,0,1,1,0.00,4.45,140.64
5,101.77,2,1,1,3,0.00,4.92,229.72
2,50.34,2,1,0,1,2.12,2.22,195.82
4,80.15,2,0,1,1,0.00,8.73,163.15
2,48.65,1,0,2,1,5.12,8.92,268.47
4,95.74,2,2,4,4,0.00,6.14,274.37
1,49.05,1,1,2,1,0.00,3.93,140.36
5,108.48,2,0,3,3,4.63,5.43,343.80
1,80.48,2,2,3,3,6.65,5.27,373.89
2,76.91,2,2,0,3,0.00,4.82,197.62
3,74.85,2,0,1,2,0.00,3.15,180.50
6,81.24,2,0,1,2,0.00,3.58,253.39
4,99.96,1,1,3,4,0.00,8.45,203.29
4,104.08,1,1,0,3,0.00,4.25,189.11
1,30.00,2,0,2,0,0.00,3.56,127.81
3,44.53,1,1,2,1,2.27,3.90,214.77
6,119.28,1,1,0,3,6.78,5.54,376.56
6,122.72,2,0,1,4,0.00,4.80,243.48
6,92.72,2,0,4,1,0.00,8.56,244.93
6,111.91,1,0,2,0,0.00,8.59,156.72
3,94.80,2,0,2,0,0.00,8.59,172.27
2,79.60,2,0,3,2,0.00,5.99,176.86
4,75.51,1,0,3,4,0.00,2.61,226.43
6,93.03,2,1,4,3,0.00,5.66,275.35
4,77.04,1,2,0,2,0.00,7.70,182.19
2,35.64,1,2,2,0,0.00,6.47,118.91
4,71.95,1,0,2,2,0.00,6.71,167.68
2,61.03,1,0,3,4,1.12,2.04,145.70
4,85.46,2,2,2,1,0.00,3.74,221.06
1,87.72,1,1,0,4,0.00,6.62,157.40
2,67.50,1,2,1,0,0.00,7.78,158.97
1,99.37,1,0,4,4,0.00,5.12,162.10
2,30.00,1,1,4,0,6.55,7.96,315.91
6,103.53,2,1,0,2,2.26,4.09,327.27
6,116.98,1,2,4,0,0.00,7.38,229.45
2,85.42,2,1,2,4,3.51,7.69,297.21
6,133.73,2,0,3,4,0.00,6.24,255.44
2,78.68,2,1,0,0,0.00,3.26,137.39
6,107.88,1,1,1,4,0.00,4.13,202.72
1,52.66,2,0,2,1,0.00,4.67,133.39
5,119.64,1,0,3,4,0.00,4.84,219.69
2,92.69,1,2,1,1,0.00,5.16,138.34
4,75.04,1,1,2,0,0.00,3.60,159.81
5,97.25,2,0,0,4,3.94,7.50,353.62
4,100.53,2,2,4,3,3.82,6.75,355.20
2,31.21,2,2,3,4,3.18,8.64,335.99
4,104.69,2,1,2,4,0.00,8.15,260.46
5,131.67,1,1,0,1,0.00,2.95,183.62
2,56.85,2,2,3,3,0.00,2.31,169.71
5,129.89,1,1,4,2,0.00,2.84,205.52
4,103.12,2,2,0,3,0.00,3.63,223.74
1,50.77,1,1,2,2,0.00,6.66,122.28
2,77.34,2,0,2,4,0.00,7.91,204.58
2,37.83,2,1,1,3,4.96,6.86,303.17
3,56.03,2,1,1,4,0.00,8.91,221.67
5,113.60,1,1,4,3,0.00,5.96,262.42
3,48.50,1,1,1,1,5.50,6.55,302.30
5,115.59,1,0,1,3,0.00,5.45,184.87
5,89.19,2,0,3,4,0.00,8.69,229.82
1,30.81,1,2,4,1,0.00,8.95,197.48
3,70.67,1,1,0,2,0.00,8.65,157.45
2,80.70,2,0,1,3,0.00,5.07,183.99
3,83.50,1,0,2,2,0.00,2.23,89.38
6,111.94,2,2,3,2,0.00,8.64,251.67
1,61.92,2,0,2,2,3.53,7.82,263.75
5,118.67,1,2,3,0,0.00,3.78,168.88
1,72.00,1,1,2,2,0.00,6.49,134.64
5,94.55,1,1,1,3,0.00,2.58,220.42
6,130.15,2,0,3,3,0.00,8.88,258.50
3,70.34,1,2,4,2,5.74,7.86,392.27
4,112.48,1,0,1,4,0.00,4.17,181.06
3,55.46,1,0,1,0,0.00,8.71,167.83
1,64.70,1,1,0,1,0.00,7.28,83.72
3,70.97,2,0,0,0,1.02,8.71,183.58
2,48.08,1,2,2,1,0.00,2.72,122.47
5,107.72,2,2,4,4,1.45,8.40,299.04
5,74.98,1,2,4,2,0.00,2.86,203.80
3,74.88,1,1,4,3,6.03,3.13,321.78
2,61.25,2,2,3,2,0.00,4.36,203.76
1,44.19,1,2,1,3,0.00,3.68,133.97
3,59.89,1,0,0,3,0.00,7.15,130.81
3,44.53,1,0,2,2,4.48,8.47,279.46
1,54.73,2,1,4,1,0.00,4.03,158.76
2,53.51,1,0,1,1,0.00,7.66,153.21
2,71.05,2,1,3,3,0.00,3.54,191.18
2,46.85,1,1,4,0,0.00,5.28,148.04
2,40.28,1,0,0,4,4.83,8.95,272.86
2,86.02,2,0,3,0,4.48,6.98,291.40
3,70.08,2,0,2,4,4.08,5.56,321.78
6,112.78,1,0,1,1,0.00,5.44,175.48
6,78.53,2,2,2,1,0.00,7.83,235.78
2,67.04,1,1,0,4,0.00,6.84,170.04
6,111.78,2,0,1,3,0.00,3.82,230.87
3,52.33,1,2,1,0,2.48,4.48,207.96
4,72.01,1,2,0,3,0.00,3.46,165.00
2,80.54,1,1,1,0,0.00,5.65,127.76
3,60.68,1,0,4,3,0.00,6.49,163.14
6,128.97,2,1,0,3,0.00,8.70,260.38
4,96.81,2,0,0,4,4.51,2.34,331.03
6,126.29,1,0,1,2,0.00,2.69,205.24
2,34.94,2,1,2,4,0.00,7.89,186.99
6,115.41,2,0,3,4,0.00,8.01,305.81
3,65.05,1,2,4,4,0.00,8.45,242.39
2,91.87,2,2,4,2,0.00,2.61,226.76
5,78.88,1,0,0,2,0.00,8.04,211.23
1,50.45,1,0,3,0,0.00,2.33,113.05
4,107.51,2,0,4,1,0.00,4.45,182.29
3,67.73,1,1,3,0,0.00,6.86,119.99
4,68.94,1,2,1,4,5.16,4.44,315.09
2,97.72,2,2,1,3,1.37,3.74,239.50
5,87.21,2,0,4,0,0.00,2.50,189.59
5,97.39,2,2,4,0,1.00,3.85,219.36
2,55.91,2,1,0,3,0.00,5.09,170.67
5,65.95,1,2,3,2,0.00,8.17,246.91
2,74.13,1,0,4,3,0.00,2.36,160.10
1,57.47,2,2,0,0,0.00,4.79,119.61
6,88.48,1,2,0,0,0.00,2.23,172.25
4,104.78,2,0,1,0,0.00,2.32,146.37
1,32.88,1,0,3,1,0.00,4.98,111.58
4,89.42,2,0,2,3,0.00,3.96,210.92
2,45.34,2,0,3,0,0.00,8.06,148.48
4,74.02,1,1,4,0,0.00,4.33,127.27
2,51.55,1,0,4,3,0.00,7.02,217.67
2,31.83,2,0,4,4,0.00,3.29,222.58
6,114.11,1,2,0,2,5.27,4.43,296.23
5,88.47,1,2,4,4,0.00,3.34,226.54
1,30.00,2,0,0,3,0.00,4.24,152.67
4,70.66,2,2,3,0,0.00,5.29,193.17
2,53.31,1,0,4,4,0.00,7.86,192.60
1,44.56,1,1,2,3,0.00,3.08,117.91
4,76.20,1,1,0,1,0.00,4.99,139.48
6,88.64,2,1,0,4,0.00,4.34,239.37
1,30.00,1,0,0,2,0.00,8.99,94.92
1,33.96,2,0,3,0,0.00,4.77,136.48
1,45.73,1,1,4,1,0.00,4.79,172.88
4,69.49,2,2,4,4,0.00,4.65,212.21
3,70.62,1,1,0,3,0.00,3.62,167.41
6,105.13,1,0,0,2,5.20,8.75,339.70
6,99.13,1,1,3,1,0.00,5.34,229.88
3,47.53,1,0,2,1,0.00,6.59,137.91
1,49.86,1,1,2,2,0.00,3.17,132.04
2,55.99,1,2,3,1,0.00,3.98,139.62
5,105.00,2,1,1,1,2.12,5.43,260.81
2,97.61,2,0,2,4,0.00,7.59,212.72
2,57.93,2,1,3,2,0.00,4.82,138.64
6,136.37,1,2,4,2,2.75,8.20,326.80
1,67.99,2,2,0,4,0.00,3.51,158.73
6,120.05,1,0,4,4,1.82,2.66,325.37
3,30.00,1,2,4,0,0.00,2.82,164.55
3,114.14,1,0,0,3,0.00,5.36,185.51
3,82.31,1,2,3,0,0.00,6.49,154.36
2,56.57,1,2,3,3,0.00,5.08,197.35
6,141.97,1,1,0,4,0.00,6.73,220.54
2,78.71,2,0,4,2,4.88,5.77,301.12
6,113.62,2,0,2,4,0.00,3.88,251.17
4,113.49,1,1,3,1,0.00,8.11,209.49
1,52.37,1,0,4,0,0.00,4.37,95.71
5,108.30,2,2,0,0,0.00,5.47,205.87
2,56.02,1,1,2,3,0.00,4.00,134.02
2,51.49,1,0,0,1,0.00,3.97,89.64
5,85.65,2,0,1,0,0.00,4.07,185.95
4,89.24,2,0,0,2,0.00,5.35,196.78
3,68.98,2,2,1,3,6.29,4.87,397.05
1,41.20,1,1,4,4,0.00,2.59,165.81
3,77.26,1,1,3,4,0.00,2.19,157.78
2,52.90,1,0,0,2,2.62,3.37,152.63
5,96.88,1,1,3,1,0.00,8.24,195.79
6,111.63,2,0,0,1,0.00,8.49,224.88
2,53.50,1,1,3,4,0.00,6.82,203.63
4,72.42,1,1,2,3,0.00,4.18,174.74
5,89.76,1,2,1,2,0.00,7.44,159.97
5,80.85,2,2,3,1,6.18,3.57,378.06
5,86.94,2,0,2,4,0.00,5.01,212.86
3,77.37,2,1,1,4,0.00,2.65,205.39
1,57.32,2,1,4,0,0.00,7.02,171.41
6,79.35,2,2,4,1,0.00,5.99,241.20
5,56.69,1,2,3,3,0.00,3.97,208.10
5,81.26,2,2,2,0,0.00,3.07,182.26
6,133.79,2,2,1,2,0.00,3.69,217.45
2,45.66,2,0,2,2,0.00,2.37,142.50
6,94.72,2,2,2,2,5.51,4.68,413.40
5,103.12,2,2,2,3,0.00,6.47,258.52
5,87.36,2,0,2,0,0.00,3.41,182.06
6,99.44,1,2,2,3,0.00,4.46,233.28
5,96.70,2,1,2,0,0.00,7.47,200.18
4,114.10,2,0,0,0,0.00,4.59,161.12
2,70.16,2,1,4,1,0.00,8.75,233.99
5,142.23,2,0,0,1,0.00,7.84,212.86
2,100.82,1,2,3,2,0.00,2.38,167.60
1,30.00,1,2,2,3,6.54,3.70,312.55
2,30.00,2,1,4,4,0.00,2.87,186.50
2,58.44,2,2,1,0,0.00,2.21,148.56
4,89.58,1,1,4,2,0.00,7.73,188.81
2,55.98,2,0,3,2,0.00,3.83,186.24
4,95.85,2,1,4,1,0.00,3.90,203.56
6,137.26,1,0,2,3,2.80,5.46,251.28
5,86.84,1,1,3,1,0.00,6.04,208.51
5,71.25,2,2,1,2,0.00,5.65,175.77
1,78.90,1,1,4,0,0.00,5.94,115.76
4,81.77,2,0,1,3,6.41,8.10,354.33
4,71.35,2,1,2,2,4.36,6.07,332.88
4,88.61,2,2,1,4,0.00,7.47,192.69
1,43.63,1,2,3,2,0.00,5.16,131.61
5,60.63,2,0,0,2,0.00,6.24,173.40
3,83.27,1,0,3,0,0.00,6.40,110.04
6,140.15,1,1,3,3,0.00,6.62,217.71
6,101.98,2,0,2,0,0.00,5.29,176.85
5,82.01,1,0,4,0,3.39,6.17,259.00
1,35.78,2,0,4,0,0.00,3.02,112.45
3,61.81,1,2,0,3,0.00,2.79,160.74
2,90.92,2,2,3,1,0.00,2.03,212.43
1,31.26,2,0,0,0,0.00,3.32,90.99
5,92.60,2,1,1,4,1.63,2.09,253.57
4,98.91,1,2,3,0,0.00,5.84,178.88
1,51.73,2,2,4,2,0.00,2.79,155.91
3,59.63,2,1,1,4,0.00,5.43,215.22
1,37.43,2,1,3,3,0.00,2.17,183.34
4,96.96,1,2,0,2,0.00,7.15,145.70
5,76.52,2,0,4,1,0.00,4.02,243.90
3,43.70,2,1,2,1,0.00,8.37,211.26
1,60.00,1,2,2,1,0.00,3.72,113.30
5,87.99,2,0,1,2,0.00,8.30,213.61
3,55.85,2,2,4,4,0.00,4.41,265.77
2,46.16,1,1,4,4,0.00,7.96,239.31
3,73.76,1,2,3,2,1.22,3.94,207.74
3,85.61,2,0,3,3,3.37,4.26,287.35
6,131.20,2,2,3,0,2.69,8.97,331.45
4,48.91,2,1,4,2,3.48,8.97,260.06
1,58.13,1,2,0,1,0.00,7.67,77.57
2,77.20,1,0,4,2,0.00,6.55,167.61
3,104.32,2,2,0,4,4.45,5.06,349.70
4,87.48,1,2,4,0,0.00,8.22,193.89
3,34.39,2,1,1,3,0.00,2.64,215.80
1,44.26,1,0,0,2,0.00,8.37,110.59
2,85.54,1,2,2,1,0.00,2.27,119.58
6,106.73,1,1,0,0,0.00,4.81,188.17
4,105.43,2,1,2,2,1.57,3.61,266.64
1,53.16,1,1,1,3,6.61,7.66,311.38
4,82.81,1,2,1,0,0.00,6.29,156.31
3,79.16,1,2,0,4,0.00,8.53,197.65
1,76.08,2,2,4,0,0.00,3.65,184.46
5,93.22,1,0,4,4,2.53,2.07,267.49
1,30.00,1,1,4,3,0.00,5.08,157.77
2,71.81,2,2,2,3,0.00,2.92,201.49
5,113.66,2,1,1,3,0.00,4.28,257.24
6,105.63,2,2,1,4,6.49,5.38,428.83
5,123.40,2,2,1,2,0.00,2.36,226.77
5,94.51,2,0,1,1,0.00,8.89,199.23
3,96.59,1,2,4,1,0.00,6.18,178.84
3,100.11,2,0,3,4,0.00,8.91,262.75
3,97.37,2,1,3,1,1.68,7.46,262.76
5,104.29,2,1,4,4,1.26,8.40,328.51
2,96.59,2,2,3,4,0.00,2.07,205.88
5,83.00,2,0,0,2,0.00,2.74,170.62
6,126.66,1,1,4,0,0.00,8.31,186.24
1,65.06,2,0,0,4,0.00,3.39,149.55
5,143.26,2,1,4,1,0.00,3.36,221.41
2,106.07,1,1,0,4,0.00,4.20,159.35
1,67.81,2,1,3,1,6.89,2.43,334.28
3,58.28,2,1,2,0,0.00,2.06,150.89
4,97.64,1,0,2,3,0.00,8.35,174.21
6,131.88,2,0,0,0,4.35,3.40,274.91
3,64.25,1,0,2,1,0.00,5.28,138.41
3,90.70,2,2,3,0,0.00,7.52,181.98
1,62.24,1,0,1,4,0.00,3.24,145.66
2,47.06,2,0,3,3,0.00,7.62,190.65
5,110.71,2,2,3,0,0.00,6.22,165.79
6,108.39,2,1,1,0,0.00,3.43,217.76
5,110.96,1,0,3,3,0.00,3.93,192.12
5,116.93,2,0,2,0,0.00,8.73,220.10
2,82.77,2,1,2,0,0.00,3.09,178.19
5,112.19,2,0,1,3,0.00,8.96,228.36
1,30.92,1,0,4,4,0.00,3.59,163.06
2,82.40,1,1,4,2,0.00,4.02,133.51
6,100.29,2,2,3,4,0.00,5.51,276.93
4,102.69,1,0,2,2,0.00,2.34,161.08
6,127.73,2,2,4,0,0.00,3.88,249.78
4,93.82,2,0,2,1,0.00,5.00,156.96
3,62.48,2,1,3,2,0.00,7.00,196.92
5,89.14,2,2,3,3,0.00,4.08,238.77
3,76.63,2,2,1,1,3.00,6.87,308.65
6,114.53,2,0,4,1,0.00,4.81,230.32
5,114.63,1,2,3,3,0.00,3.58,235.00
2,51.95,2,1,1,2,0.00,8.30,132.26
4,94.67,1,2,2,1,0.00,8.00,186.28
2,55.29,1,0,3,4,2.60,6.09,265.81
3,102.21,1,2,2,4,0.00,3.21,189.81
1,56.46,1,0,4,4,0.00,6.99,170.64
4,85.14,1,1,1,2,0.00,6.70,127.11
1,50.52,1,1,3,4,0.00,6.36,161.61
5,108.48,2,2,4,3,2.51,3.30,312.09
4,63.52,1,0,3,4,1.49,6.78,275.54
1,30.49,2,0,2,1,0.00,7.27,139.11
2,58.53,2,1,3,2,3.98,4.14,252.50
2,33.40,2,0,1,1,0.00,4.16,138.89
5,112.48,1,0,3,3,0.00,2.22,175.97
1,42.96,2,0,3,2,0.00,6.47,183.30
6,103.15,2,1,2,4,3.20,2.76,347.01
5,84.84,2,2,2,3,0.00,2.17,254.00
3,90.61,2,0,1,2,0.00,8.32,200.12
3,75.28,2,0,4,2,0.00,2.30,187.34
5,122.37,1,0,0,3,2.25,7.64,288.71
5,100.43,2,0,1,3,0.00,3.27,209.90
5,110.39,2,2,1,4,3.28,5.20,318.72
4,56.52,1,0,1,4,0.00,4.86,162.33
2,53.60,2,2,2,0,0.00,3.26,155.59
4,74.98,1,1,2,4,2.52,6.63,286.19
5,98.14,1,0,4,3,0.00,4.17,255.29
3,78.26,2,1,1,1,0.00,4.47,192.12
1,32.59,1,2,0,4,0.00,4.04,144.06
3,107.00,1,2,3,1,0.00,6.20,167.85
3,93.11,1,1,4,0,0.00,6.20,166.28
1,30.00,1,0,1,1,1.20,3.76,126.88
1,50.26,2,2,3,4,0.00,7.15,246.92
1,48.69,1,0,0,3,3.70,4.77,226.50
3,64.51,2,1,0,0,0.00,7.70,140.63
5,96.79,2,2,4,3,0.00,3.75,249.35
3,44.84,2,1,2,3,0.00,2.80,136.11
5,101.69,2,1,0,4,0.00,3.26,228.35
4,102.60,1,1,3,4,5.97,2.67,353.39
5,129.06,1,0,0,3,0.00,3.65,171.63
5,98.32,2,0,3,0,0.00,6.36,188.30
1,62.00,2,2,2,1,1.46,8.91,212.71
1,54.51,2,1,2,0,0.00,7.11,175.25
2,38.94,1,0,2,4,0.00,8.61,148.53
3,60.59,2,1,4,4,0.00,3.71,220.39
2,80.73,1,2,0,0,0.00,7.56,85.78
1,84.89,2,0,2,0,0.00,7.27,169.62
3,103.33,2,0,0,2,2.58,7.19,232.02
4,92.05,2,0,0,1,4.74,2.56,300.14
1,30.00,1,1,0,0,6.42,7.91,281.14
4,81.57,2,2,4,2,0.00,7.18,237.92
5,110.22,1,0,1,3,0.00,4.57,203.78
3,88.03,1,2,0,2,2.99,4.30,236.85
4,63.81,2,1,1,4,0.00,4.49,218.36
2,36.87,2,2,3,2,0.00,8.91,213.53
4,98.73,2,0,3,3,0.00,6.78,215.91
5,94.57,1,1,2,0,0.00,8.25,194.25
4,63.59,1,0,3,3,0.00,7.01,220.50
6,110.64,2,1,4,4,0.00,6.19,267.88
5,94.96,2,0,2,0,0.00,7.78,218.63
3,84.37,2,2,4,4,6.63,2.46,412.85
2,50.46,1,2,1,1,0.00,5.34,118.21
5,129.92,2,2,0,3,2.78,4.57,313.79
5,132.03,1,2,4,0,0.00,7.95,232.72
1,78.41,1,2,1,3,0.00,2.62,133.76
3,92.44,1,0,3,1,1.13,9.00,192.70
1,53.53,2,1,3,0,0.00,4.90,178.01
6,127.09,1,1,2,4,3.77,4.94,328.31
2,80.17,1,0,3,1,0.00,7.04,166.35
1,42.90,2,2,1,4,0.00,4.48,199.57
4,71.25,2,1,4,3,0.00,7.09,247.44
1,30.00,2,1,1,3,0.00,4.07,120.05
1,49.19,2,1,0,0,0.00,3.73,130.37
3,86.17,2,2,4,1,0.00,3.08,247.74
2,84.32,2,0,2,3,0.00,3.44,178.31
3,96.28,1,0,4,1,1.25,7.05,225.73
6,118.37,2,1,3,4,0.00,6.60,312.02
1,41.77,2,0,2,0,6.29,6.61,275.62
6,81.57,1,1,3,4,3.77,3.58,300.73
3,88.07,1,0,2,4,0.00,4.81,189.18
4,71.68,1,2,2,1,0.00,8.40,152.79
4,55.25,1,1,4,4,0.00,6.15,201.81
5,63.57,2,2,1,4,2.40,5.10,313.60
1,70.02,1,2,4,1,0.00,7.79,162.42
5,106.61,1,0,3,3,0.00,2.77,210.67
3,103.03,2,1,4,0,0.00,6.13,207.82
1,61.83,2,1,3,1,6.81,5.83,376.77
1,35.64,1,0,1,4,0.00,4.38,141.75
6,104.29,1,0,2,1,0.00,8.28,185.34
5,97.87,1,1,4,1,0.00,5.85,208.32
5,74.30,2,1,3,3,2.84,8.79,293.96
2,41.48,1,1,3,3,0.00,4.56,151.09
1,56.90,2,1,4,1,0.00,7.12,176.80
4,112.91,1,0,0,1,0.00,5.70,129.42
5,80.97,1,2,0,1,0.00,8.51,198.19
5,117.79,2,2,3,1,0.00,3.06,202.19
5,77.01,2,2,3,1,0.00,7.02,243.98
6,102.41,2,2,3,0,0.00,7.42,239.03
4,68.16,1,0,2,0,6.39,5.21,283.56
1,63.09,1,1,4,2,2.52,2.50,183.18
2,82.01,2,2,2,0,0.00,6.30,201.08
6,126.69,1,1,0,0,0.00,6.31,179.65
3,79.52,1,1,1,2,0.00,2.02,157.37
5,82.94,2,1,0,1,0.00,3.52,170.83
5,122.12,1,1,3,2,0.00,3.19,220.75
6,115.14,2,0,2,4,3.50,8.09,376.43
3,97.85,1,0,0,0,0.00,6.51,144.30
5,71.69,2,2,3,0,0.00,7.49,243.88
6,156.12,1,1,3,1,2.90,3.13,315.85
6,101.78,1,0,2,4,0.00,4.72,221.29
5,37.90,2,2,1,1,3.42,7.02,272.90
4,78.17,1,0,2,3,5.58,2.93,298.51
5,103.73,1,0,0,3,0.00,4.21,154.53
3,95.99,2,2,3,2,0.00,5.86,201.45
4,85.93,2,0,4,2,0.00,2.33,245.54
4,108.85,2,2,0,2,0.00,2.39,174.60
6,121.10,2,2,1,3,6.43,6.67,403.19
3,87.15,2,2,1,3,0.00,7.91,202.28
2,73.92,2,1,4,2,0.00,2.05,182.74
1,95.45,2,2,4,0,0.00,6.02,202.06
5,95.95,2,1,0,1,1.97,6.15,256.36
5,89.33,2,2,0,2,5.69,2.29,329.35
3,55.88,1,0,0,4,0.00,3.72,104.25
4,54.19,1,2,2,1,0.00,3.91,150.74
5,66.92,1,1,0,2,0.00,6.25,223.17
4,86.53,2,2,2,0,0.00,8.65,201.02
4,97.64,2,2,0,2,5.40,8.56,362.07
1,56.59,1,2,0,2,0.00,5.60,112.16
2,38.33,1,0,4,0,0.00,6.10,108.15
5,83.53,2,2,0,0,0.00,8.80,192.36
6,116.71,2,0,1,4,5.76,4.44,411.69
1,30.00,1,1,1,2,0.00,7.08,140.11
5,91.95,2,1,0,1,0.00,7.42,218.34
1,53.96,2,0,0,2,0.00,6.95,150.30
1,53.83,2,2,1,1,0.00,4.61,143.95
1,69.40,2,0,4,4,0.00,8.01,196.85
5,100.84,2,2,2,0,0.00,6.37,252.86
3,81.29,2,0,2,0,0.00,3.85,139.85
