horas_estudio_dia,asistencia_pct,nota_previa,tareas_entregadas_pct,horas_sueno_dia,participacion_pct,ausencias_semestre,tutorias_mes,nota_final
0.72,57.02,4.16,82.65,5.91,65.59,7,3,4.22
0.96,74.29,4.70,58.13,8.12,39.50,7,2,4.26
2.85,77.40,3.33,93.98,7.46,96.50,2,2,4.65
2.36,77.48,3.27,77.40,6.55,81.44,2,4,4.37
5.09,55.03,4.04,98.75,5.36,97.31,9,2,4.70
4.41,82.99,4.34,91.63,5.08,45.37,10,3,4.91
3.48,59.21,3.82,75.49,5.58,60.90,10,4,4.19
1.73,56.53,4.64,89.73,7.47,40.47,6,3,4.28
4.70,68.07,3.36,90.59,7.34,54.46,8,0,4.46
2.94,83.45,3.45,97.71,7.06,85.14,4,3,4.78
1.78,71.96,3.45,86.51,8.00,68.12,9,2,4.15
1.71,82.75,2.80,84.56,8.45,42.56,10,2,4.11
2.28,75.70,2.34,89.40,8.53,70.37,8,1,3.89
2.59,55.73,2.64,96.71,6.10,81.24,0,3,3.80
3.08,91.91,4.08,72.60,5.61,99.39,0,2,4.89
5.11,62.29,2.55,97.51,8.23,92.79,7,0,4.47
1.03,80.86,2.95,85.60,5.84,71.19,6,2,3.88
5.07,65.80,2.54,53.97,5.44,74.14,0,0,3.82
4.07,69.02,4.61,73.75,6.05,93.01,7,4,5.00
4.86,65.19,4.50,74.79,8.12,61.09,1,3,5.00
0.98,69.80,2.95,64.39,6.24,70.03,6,0,3.48
5.24,76.66,4.31,50.14,8.00,35.60,6,4,4.84
0.59,76.00,4.49,61.81,6.64,63.23,8,4,4.08
2.81,99.39,4.20,71.89,5.64,68.32,4,4,5.00
0.66,67.14,4.57,51.62,6.94,74.27,9,4,4.09
5.48,71.14,3.03,63.03,7.62,78.36,0,3,4.67
1.54,65.41,4.27,63.69,8.82,43.11,3,4,4.20
0.98,83.22,2.68,96.09,8.27,43.63,5,3,3.80
2.12,77.24,2.93,81.08,7.22,53.45,2,2,4.32
1.65,91.99,2.36,88.43,5.40,41.00,3,4,3.69
0.91,85.28,3.89,83.47,6.13,78.04,2,4,4.38
0.74,55.88,2.65,99.68,5.00,56.63,0,3,3.39
0.90,55.81,2.47,55.95,6.06,39.74,9,0,2.78
2.80,70.84,2.50,62.38,8.83,83.61,3,1,3.76
1.28,91.14,3.40,83.91,7.26,39.91,0,4,4.22
5.20,93.54,3.22,87.71,5.23,40.39,3,2,4.69
2.42,78.91,4.18,95.42,8.30,35.60,6,4,4.83
4.40,76.90,2.06,97.86,8.59,62.05,6,0,4.29
2.79,95.26,2.19,67.62,5.77,95.96,7,3,3.95
2.20,80.66,4.41,59.13,6.91,62.60,2,3,4.39
3.91,98.05,3.54,87.74,8.93,90.59,5,4,5.00
4.74,95.63,2.82,85.80,6.45,79.19,7,1,4.63
4.36,77.77,4.07,87.03,7.04,79.20,2,1,5.00
4.58,56.26,2.77,77.98,7.99,71.11,0,2,3.94
5.06,63.05,3.92,75.48,5.81,65.48,2,4,4.86
3.49,76.56,2.88,92.41,8.58,51.96,6,3,4.29
5.19,89.19,3.63,71.00,6.29,66.25,5,0,5.00
1.15,91.65,2.80,70.80,5.90,52.48,2,3,3.92
3.68,90.26,2.98,63.94,7.06,73.34,1,0,4.41
3.82,71.54,2.07,98.60,8.16,51.40,6,2,3.97
0.95,96.06,2.74,95.12,6.02,65.53,0,0,4.11
5.18,91.56,2.04,91.44,7.85,89.11,3,4,4.71
0.98,77.18,4.76,59.91,7.32,44.85,0,0,4.13
1.87,57.61,4.20,68.39,5.99,96.57,1,2,4.18
1.32,72.82,2.76,58.92,5.35,43.07,10,0,3.36
5.20,61.01,3.12,67.77,8.10,68.96,5,4,4.60
1.15,78.73,4.60,76.44,7.82,51.43,6,3,4.19
2.67,60.90,3.33,77.38,6.21,78.83,0,3,3.95
3.47,84.67,4.54,91.46,8.76,37.03,7,2,4.77
2.93,93.45,2.11,70.24,8.87,69.56,10,3,4.00
5.20,72.55,2.28,97.21,7.37,50.41,4,2,4.03
1.35,82.64,2.45,59.03,8.82,52.15,2,2,3.30
5.02,59.91,3.32,75.51,6.49,65.14,3,4,4.33
4.58,63.07,4.14,75.75,7.11,50.56,2,1,4.73
4.60,57.65,3.71,83.04,7.13,65.57,6,0,4.64
2.84,70.48,2.84,83.51,7.86,73.36,5,1,4.18
4.29,90.94,3.20,57.90,7.23,98.12,6,2,4.80
2.63,83.40,3.86,93.06,6.19,60.96,5,1,4.56
0.66,68.87,2.13,91.13,8.98,92.77,9,0,3.51
4.13,98.82,4.01,77.19,6.70,49.14,8,3,5.00
3.82,86.60,3.96,87.18,8.21,72.94,8,2,4.80
1.45,67.32,3.12,59.71,6.02,39.60,9,1,3.36
0.85,80.84,3.76,98.10,7.37,81.46,7,4,4.33
3.33,75.16,3.69,56.20,6.24,52.28,9,1,4.04
4.61,96.71,2.31,80.46,7.84,54.03,2,0,4.52
1.13,77.78,4.09,73.55,8.23,58.13,6,4,4.23
4.65,55.97,2.88,93.19,6.55,89.52,1,4,4.44
1.62,84.77,2.14,91.30,5.20,55.17,10,1,3.70
2.80,90.27,4.42,58.77,6.10,48.01,0,1,4.69
2.43,95.22,4.22,99.24,7.87,52.14,1,4,5.00
4.76,99.57,3.89,50.05,8.88,44.66,3,3,5.00
3.55,96.02,3.89,64.07,7.25,52.98,5,1,4.63
5.23,87.39,4.62,56.72,8.26,60.88,1,0,5.00
1.58,70.73,4.73,89.49,5.04,60.75,9,1,4.29
2.02,55.24,4.08,81.73,6.18,61.07,6,3,3.92
0.82,60.65,3.87,78.36,5.93,51.91,8,4,3.80
4.78,57.96,4.17,63.12,8.35,89.87,10,0,4.43
5.24,95.43,3.50,95.59,6.84,81.47,9,4,5.00
2.00,76.51,2.05,86.01,8.39,52.35,0,4,3.96
5.37,55.92,2.81,74.11,7.59,35.40,1,3,4.21
5.29,97.16,2.66,98.98,6.08,44.94,5,2,5.00
3.20,97.80,2.60,71.20,8.09,79.41,7,1,4.46
3.85,60.44,2.13,57.10,8.65,94.72,0,1,3.64
4.04,56.77,3.07,63.29,7.96,58.24,9,1,3.92
2.64,92.79,2.96,83.77,7.92,53.30,10,2,4.28
4.59,99.46,3.40,58.30,6.40,51.81,0,1,4.65
1.89,93.16,2.03,73.96,8.31,85.93,4,3,3.95
0.55,74.73,4.77,89.84,8.71,58.03,5,4,4.58
3.20,98.33,4.44,58.86,5.49,59.30,10,0,4.82
4.30,72.28,3.01,84.64,8.20,52.87,0,2,4.39
1.22,55.20,3.47,79.63,5.48,88.69,10,2,3.72
3.95,97.53,4.51,63.34,8.80,96.29,1,1,5.00
1.81,98.69,4.16,79.18,7.34,74.21,7,0,4.52
1.39,92.00,3.92,87.33,5.70,46.38,0,1,4.54
0.95,65.07,2.73,92.88,5.68,40.95,10,2,3.32
2.24,69.25,3.40,96.96,5.65,69.02,1,1,4.23
2.55,71.59,4.65,99.24,8.41,38.77,1,3,4.99
3.73,75.54,3.62,51.00,5.27,54.51,5,4,4.19
2.39,58.54,3.49,92.16,8.58,61.95,7,1,4.21
2.23,87.72,3.57,83.46,8.41,74.81,10,3,4.60
1.06,97.28,3.72,69.88,7.07,64.59,6,0,4.37
2.57,67.91,4.42,56.70,5.81,84.33,1,1,4.83
0.67,80.85,2.03,59.47,6.39,71.30,1,2,3.27
3.43,60.00,2.45,54.54,6.25,64.72,1,3,3.74
2.01,94.85,4.22,67.64,7.22,49.46,4,4,4.65
3.56,80.76,2.14,60.18,7.17,71.33,10,1,3.92
4.93,62.12,4.34,84.85,8.19,57.65,9,1,4.77
3.05,69.85,3.81,79.84,6.13,47.27,6,4,4.66
3.60,60.17,3.73,99.92,8.29,81.93,9,1,4.55
1.85,72.75,3.75,67.41,7.30,58.55,10,1,4.23
0.99,69.91,4.70,71.19,6.15,90.18,4,0,4.54
2.56,87.85,2.52,68.78,8.26,84.01,4,3,4.04
5.19,65.16,2.75,79.89,7.22,44.95,5,2,4.19
4.06,94.67,3.60,80.84,5.49,87.18,10,1,4.63
0.88,76.04,2.55,63.46,6.48,78.03,5,1,3.17
2.70,92.14,3.61,82.17,7.35,70.93,8,4,4.69
5.25,61.65,3.08,93.55,5.12,78.88,7,4,4.92
1.49,98.19,3.99,63.85,8.79,79.80,5,4,4.54
4.28,95.25,3.32,64.74,7.38,51.52,10,0,4.29
5.19,86.31,3.93,67.06,8.68,91.69,1,1,5.00
1.52,69.99,2.28,89.46,6.75,37.52,1,1,3.25
1.02,83.69,4.72,98.97,6.76,42.77,9,2,4.45
2.36,59.29,3.93,53.46,6.68,95.57,9,0,3.89
0.60,88.33,3.42,77.58,6.03,61.88,4,3,4.03
3.44,99.98,3.38,68.51,7.59,76.06,0,1,4.96
1.99,66.24,2.56,63.97,6.49,74.47,7,0,3.38
3.28,67.76,4.19,54.49,8.11,81.87,6,4,4.36
1.30,86.39,3.77,65.68,6.15,70.23,6,3,4.39
5.05,84.95,3.08,59.30,5.57,49.85,9,3,4.28
1.83,80.44,3.16,95.27,8.82,79.84,6,0,4.28
3.73,90.83,4.38,71.43,8.40,87.14,4,1,5.00
2.87,58.75,4.62,92.85,5.41,48.96,10,1,4.52
3.53,58.67,3.54,91.02,5.64,50.47,1,2,4.49
1.82,61.09,2.08,98.82,7.45,78.69,6,0,3.55
4.45,59.88,2.14,57.68,7.70,52.72,2,4,3.84
1.54,59.31,4.73,96.55,8.43,69.92,5,1,4.62
2.32,73.76,2.86,88.73,7.81,58.63,6,1,4.00
5.17,99.44,3.44,57.65,7.15,99.90,2,2,5.00
5.37,67.56,4.19,55.46,8.88,60.96,7,2,4.77
1.30,93.39,2.05,91.28,7.33,38.52,5,3,3.65
4.11,58.79,2.79,86.69,7.45,37.72,3,0,3.93
1.47,66.88,4.73,59.01,7.66,40.77,7,1,3.85
1.87,98.23,4.80,69.95,5.51,56.66,9,1,4.86
4.85,77.70,2.90,62.57,6.37,49.83,9,4,4.02
2.61,62.13,2.64,76.42,8.83,55.11,10,2,3.56
2.05,57.13,3.32,94.41,7.13,80.71,6,2,4.18
1.67,72.28,3.98,90.44,7.70,66.38,4,2,4.61
0.78,97.94,2.33,89.55,6.22,60.23,4,3,4.00
2.36,85.26,2.33,75.85,5.94,63.39,5,2,3.78
5.48,90.09,3.77,53.55,8.26,68.89,2,1,4.94
1.35,65.40,2.23,67.85,8.80,41.25,3,1,3.30
4.47,71.15,4.27,64.70,6.51,59.12,1,2,4.66
5.17,55.91,2.05,88.47,8.67,94.47,8,2,4.00
5.32,68.57,4.11,69.95,5.50,74.79,2,3,4.99
5.37,78.72,3.52,51.49,5.49,80.51,0,0,4.71
5.10,93.90,2.86,82.99,7.21,35.35,10,0,4.28
2.49,55.05,2.17,88.33,6.81,99.38,5,1,3.60
1.60,73.62,3.06,50.58,8.86,94.63,2,4,3.82
3.11,64.75,2.95,64.50,8.42,82.41,2,4,4.14
1.27,71.23,4.19,68.44,6.78,94.44,4,1,4.25
4.45,56.07,2.83,84.87,6.11,91.93,0,4,4.39
4.72,76.15,3.79,51.91,7.78,85.09,7,1,4.64
5.07,55.80,4.73,87.03,8.54,90.96,5,4,5.00
0.69,79.93,4.13,86.62,8.57,69.48,4,3,4.66
4.24,72.99,3.23,74.67,5.81,53.44,9,3,4.10
1.25,74.54,3.87,79.69,6.78,78.16,8,3,4.16
0.92,67.83,3.35,99.88,7.75,96.30,7,2,3.94
3.57,76.89,4.15,71.09,5.70,83.27,10,2,4.24
1.07,99.70,3.88,58.86,6.58,44.23,4,3,3.93
1.25,93.24,4.17,70.73,5.09,92.22,2,4,4.75
2.07,80.49,3.08,69.19,7.12,60.11,0,1,3.78
2.40,77.34,4.47,68.51,8.38,59.34,4,2,4.68
4.09,88.15,2.78,91.51,7.08,51.41,5,1,4.38
2.72,76.17,2.12,86.85,8.46,88.87,0,4,4.17
3.71,60.23,4.13,70.09,8.56,78.19,0,2,4.47
3.67,69.39,2.44,82.59,5.80,67.13,10,4,3.68
2.09,97.29,2.29,68.27,6.98,53.12,6,0,3.75
1.33,56.56,3.97,68.18,6.69,85.72,1,2,4.25
4.55,86.26,2.26,74.83,8.68,81.89,3,1,4.28
3.09,77.52,3.72,54.68,7.29,60.85,4,4,4.50
3.50,91.36,4.75,61.38,8.41,65.40,4,2,5.00
3.15,85.75,2.07,86.87,8.75,70.21,9,4,4.24
4.71,75.11,4.35,72.10,5.30,65.27,6,3,4.84
3.47,68.92,4.79,94.88,5.04,72.92,1,2,4.82
3.05,89.15,3.57,71.54,5.94,55.68,7,0,4.34
1.97,91.80,2.12,74.95,8.66,66.68,1,2,3.86
1.39,55.63,3.29,55.21,8.90,79.30,4,1,3.61
5.02,79.11,2.57,64.56,7.69,56.22,2,4,4.66
1.48,78.87,2.45,50.15,5.18,84.83,10,2,3.62
0.65,55.94,2.53,76.54,8.91,60.06,6,1,3.43
4.28,55.11,2.26,52.54,7.27,82.69,2,4,3.82
1.53,98.17,2.97,97.31,6.25,91.20,7,1,4.47
1.92,83.63,4.38,62.97,7.73,58.35,9,3,4.39
2.37,87.60,2.78,96.55,6.67,74.44,7,1,4.08
1.26,88.47,3.79,67.87,5.87,63.19,4,1,4.27
4.70,84.01,2.65,94.54,8.95,38.79,7,2,4.59
4.42,98.16,2.05,61.11,5.22,88.19,8,4,4.05
1.51,78.80,4.01,79.40,6.54,76.23,7,0,4.33
2.60,76.53,4.68,56.05,8.40,63.36,6,3,4.97
5.14,81.19,3.33,72.42,7.91,89.08,1,1,4.92
3.94,66.50,2.42,67.92,6.51,44.36,4,3,3.34
4.69,74.48,3.79,61.02,8.03,68.19,9,3,4.54
3.59,80.63,3.54,88.33,8.78,76.30,5,1,4.63
0.71,57.82,2.65,90.00,6.72,48.17,2,1,3.66
1.30,76.53,4.30,55.40,7.29,64.46,7,4,4.24
2.15,81.03,2.07,90.17,8.04,93.50,8,1,4.02
2.22,80.38,2.15,94.66,6.50,38.15,9,4,3.58
3.24,96.93,4.05,84.70,5.48,42.17,8,0,4.69
2.22,94.46,3.10,82.24,5.83,97.87,0,2,4.58
2.82,83.71,2.95,55.13,5.74,76.14,1,3,4.17
2.49,97.78,2.55,59.57,7.84,40.65,7,2,4.26
2.40,98.63,3.24,90.48,5.30,78.98,5,0,4.33
3.84,99.44,4.17,95.76,5.12,98.69,10,4,5.00
2.00,63.60,4.20,92.56,6.82,69.94,3,3,4.30
4.66,58.27,2.87,87.15,6.37,75.19,10,1,3.88
4.35,99.31,2.07,89.24,7.53,70.74,5,1,4.19
4.73,73.25,4.67,79.09,5.62,61.39,8,1,4.98
3.14,87.66,4.49,52.16,7.11,48.48,2,4,4.42
4.32,82.75,4.76,82.81,5.25,39.05,4,1,5.00
3.03,55.47,3.22,55.46,7.37,85.60,10,0,3.92
2.18,92.71,3.88,58.23,5.77,58.10,0,0,4.68
2.82,71.28,2.20,78.22,5.71,35.40,2,2,3.28
2.52,87.11,4.56,50.77,8.58,72.36,3,3,4.75
2.41,72.51,4.72,55.30,6.83,77.59,8,4,4.58
3.07,99.49,4.15,89.03,8.42,75.41,1,3,5.00
4.98,72.37,3.89,91.95,5.06,91.40,1,0,5.00
4.18,92.50,4.37,50.34,8.97,67.41,3,4,4.95
4.06,79.75,2.25,86.17,5.13,50.53,10,3,4.12
1.07,59.49,2.51,79.73,6.55,65.95,5,0,3.32
5.47,94.25,4.06,92.95,5.22,90.39,4,0,5.00
3.72,90.54,2.36,64.50,5.65,65.98,5,3,4.17
5.06,81.79,2.98,93.95,7.83,41.20,5,1,4.60
4.09,94.09,2.67,53.83,8.32,35.26,4,0,4.21
3.63,77.05,3.02,94.82,6.67,69.57,1,3,4.51
4.43,92.02,3.42,98.81,6.98,43.48,7,1,4.96
5.16,60.80,4.15,89.98,6.06,69.52,8,1,4.64
3.79,55.81,2.50,95.48,7.82,45.49,7,1,3.87
1.52,66.81,3.58,77.85,7.98,54.49,8,0,4.05
3.52,89.00,4.71,84.46,5.88,63.93,3,4,5.00
1.04,86.84,2.08,90.52,6.12,64.65,10,3,3.91
4.87,89.88,3.17,72.45,7.80,48.09,1,2,4.78
3.41,61.42,3.77,62.76,5.08,87.79,3,3,4.31
2.20,65.59,3.61,67.65,7.60,57.07,2,3,3.85
1.83,64.80,3.41,87.13,7.86,96.95,0,1,4.15
3.59,55.06,3.34,66.15,6.96,45.82,2,2,3.79
1.14,95.48,2.39,68.35,5.34,73.96,0,1,3.95
5.09,72.95,3.46,65.02,8.86,44.81,1,0,4.45
1.37,61.97,3.89,97.14,7.76,62.39,0,3,4.14
3.55,91.82,4.21,74.79,8.99,64.84,6,2,4.85
3.82,59.61,2.09,97.38,8.35,82.52,9,4,3.78
3.48,85.02,2.83,89.91,8.54,90.98,9,0,4.41
4.16,96.79,2.35,92.67,5.51,95.13,0,3,4.67
3.92,60.56,3.65,98.28,5.33,61.64,2,1,4.67
0.54,64.53,3.54,98.42,7.20,64.89,7,2,3.76
3.19,88.00,4.37,91.46,5.27,36.26,9,3,4.66
1.89,69.66,2.14,86.06,7.11,50.87,1,2,3.53
5.36,94.36,4.16,72.20,5.71,99.29,1,1,5.00
4.35,92.27,2.82,95.27,6.70,84.39,3,1,4.86
1.33,85.20,2.53,84.46,5.45,46.03,4,4,3.74
3.08,80.49,3.91,55.89,6.95,60.32,9,3,4.23
1.04,94.18,2.31,54.41,5.72,49.38,2,4,3.88
5.26,59.28,3.30,68.29,6.93,73.17,5,2,4.38
1.92,82.61,4.74,72.98,8.27,87.91,4,1,4.84
5.12,72.95,2.12,73.30,5.21,82.42,9,2,4.17
0.98,59.84,4.65,60.73,6.52,36.02,7,2,3.65
1.05,60.60,2.14,99.67,5.74,84.50,5,2,3.46
3.30,62.36,2.62,56.31,5.73,87.91,10,0,3.60
2.32,93.08,3.09,67.33,6.74,55.57,9,1,4.43
3.68,86.97,3.29,64.67,8.26,47.09,3,4,4.20
4.63,98.71,3.88,67.60,7.92,41.85,5,4,4.91
1.58,58.85,4.78,62.75,5.56,35.08,9,2,3.99
4.95,87.10,2.85,66.59,7.20,88.86,2,0,4.69
2.08,73.39,2.45,87.56,5.28,41.26,0,3,3.95
3.66,86.87,4.00,86.73,8.97,89.08,8,3,5.00
5.04,93.53,2.09,86.04,5.79,87.99,4,2,4.48
3.52,75.93,3.19,91.56,5.82,88.68,3,3,4.66
5.32,71.35,3.35,98.81,5.09,75.73,4,2,4.85
5.31,78.25,3.68,73.89,7.02,62.64,4,3,4.76
3.32,87.12,4.43,84.08,8.00,46.50,2,4,5.00
3.16,81.60,2.43,94.12,8.17,83.49,2,1,4.43
2.20,73.11,3.06,61.28,7.39,41.31,7,3,3.75
4.78,99.24,2.26,96.63,8.43,70.57,0,1,4.53
0.97,71.08,3.20,74.60,8.23,49.43,0,2,3.97
2.10,68.03,3.37,59.49,6.10,46.85,1,3,4.01
3.74,62.43,4.46,58.10,6.34,59.66,8,0,4.43
3.75,59.40,3.06,60.68,6.32,84.86,4,2,3.82
3.88,81.00,2.44,61.83,8.04,67.16,9,4,4.49
5.13,74.89,4.28,67.34,5.94,46.34,10,0,4.67
2.05,88.12,2.74,95.33,5.72,64.49,10,3,4.13
2.99,88.94,4.48,89.23,8.35,88.47,9,3,5.00
3.31,98.67,4.61,89.41,5.72,87.27,5,0,5.00
4.37,89.49,2.61,50.27,6.58,88.15,3,0,3.93
3.32,58.27,2.56,54.46,7.08,40.74,5,0,3.55
1.16,92.66,2.03,64.99,8.27,63.78,10,2,3.35
3.34,70.56,3.51,60.22,6.96,85.75,2,3,4.47
2.70,90.26,2.08,68.86,8.72,89.50,3,0,3.66
2.75,66.54,3.47,81.34,7.24,91.38,0,1,4.17
0.83,86.77,4.71,78.49,8.88,85.62,9,3,4.77
5.14,91.82,3.49,57.53,5.61,72.40,5,3,4.64
4.01,81.36,3.78,93.79,6.42,98.54,10,1,4.82
4.62,55.89,3.78,75.17,6.12,83.18,4,0,4.59
1.25,87.16,3.62,86.39,6.55,47.87,3,2,4.31
3.97,80.75,3.75,54.93,6.70,50.35,4,1,4.05
0.86,89.12,2.27,98.15,7.77,77.77,9,0,3.78
4.25,88.04,2.07,77.32,5.72,70.57,7,2,3.89
1.34,90.10,2.61,76.43,6.52,91.39,4,0,4.10
4.77,94.98,2.38,65.10,7.54,40.72,6,1,4.58
3.25,97.03,3.69,80.28,6.30,97.59,0,3,5.00
3.82,72.26,3.11,67.29,7.35,51.07,5,2,4.11
4.53,85.33,2.02,76.07,8.12,69.39,7,3,4.12
1.49,96.56,2.50,73.21,8.49,52.66,9,2,3.84
4.39,85.17,4.77,89.19,5.63,64.91,9,1,4.89
4.12,85.09,4.46,63.48,5.51,81.75,3,2,4.98
2.58,85.52,4.18,63.98,6.43,86.06,0,0,4.58
2.38,62.61,4.20,83.92,7.49,79.12,4,1,4.32
2.89,63.73,3.72,79.22,8.15,85.24,6,0,4.05
3.13,73.96,3.43,52.65,7.92,60.83,6,3,4.18
3.92,78.01,4.56,75.00,5.76,38.60,8,1,4.70
4.48,90.43,3.95,60.53,5.81,84.99,3,2,4.86
4.75,72.80,3.16,59.87,6.51,72.31,5,0,4.44
3.37,93.19,3.37,70.88,8.87,92.22,2,1,4.78
3.21,89.60,2.41,81.37,5.02,36.35,7,4,3.86
3.48,65.82,3.87,76.55,5.09,42.27,1,4,4.35
5.07,98.06,2.93,74.53,8.09,89.52,0,2,5.00
5.23,74.86,2.61,92.91,7.51,44.39,10,4,4.76
2.83,93.13,4.24,94.90,6.87,56.01,4,3,5.00
4.23,95.96,2.54,52.59,6.08,95.32,4,4,4.45
0.82,73.26,4.61,74.37,6.93,71.20,8,3,4.42
0.97,81.94,2.39,94.89,7.07,92.68,0,3,3.92
5.25,81.25,4.09,54.43,8.62,99.21,4,0,5.00
2.71,81.47,3.13,77.98,8.69,79.66,3,2,4.23
0.80,60.85,2.91,92.07,7.66,49.58,5,0,3.74
5.08,63.42,4.38,64.07,5.32,59.72,0,4,4.94
5.37,61.53,3.57,69.00,6.93,59.38,10,1,4.20
4.70,61.07,4.44,54.13,5.51,50.92,3,0,4.32
2.34,63.30,2.52,70.55,6.39,94.22,4,4,3.89
1.28,60.83,2.51,85.98,8.51,73.13,2,3,3.59
2.23,98.31,3.33,82.42,7.59,82.40,1,4,4.68
1.03,83.74,2.64,88.41,7.70,51.73,0,4,3.87
4.87,80.39,4.62,83.50,8.80,91.94,6,2,5.00
0.63,98.25,2.78,97.92,7.68,49.94,9,4,4.02
1.22,73.97,4.21,64.17,6.16,37.02,4,1,4.01
0.94,97.27,2.95,83.12,5.25,38.19,5,3,4.10
3.25,68.31,4.13,59.01,6.49,52.92,4,1,4.32
5.32,91.76,3.74,82.62,7.04,89.56,10,4,5.00
0.58,96.80,2.26,54.39,8.47,38.77,8,1,3.27
4.32,96.03,3.07,88.10,8.71,72.92,7,3,4.81
3.72,64.20,3.61,57.72,7.84,35.38,2,2,4.29
4.05,99.97,4.01,68.61,8.57,71.40,1,0,4.97
4.20,68.35,2.21,92.50,7.03,36.35,7,1,3.95
1.38,83.28,3.93,70.86,7.12,40.83,6,1,4.06
1.10,78.30,2.82,81.37,7.20,63.09,8,1,3.75
1.73,62.44,3.18,55.73,6.97,90.91,1,2,3.60
4.77,95.48,3.50,59.52,8.61,85.28,3,3,4.90
1.94,85.52,3.96,79.66,6.10,81.71,5,2,4.48
4.78,55.56,2.63,75.56,6.96,48.82,5,4,4.13
1.49,57.49,2.53,59.77,8.89,59.53,0,1,3.30
3.83,69.12,3.26,75.49,7.36,65.87,9,2,4.12
0.66,70.38,3.86,86.73,5.56,96.59,0,2,4.40
2.92,84.69,3.75,68.10,8.82,85.78,9,3,4.77
3.68,91.86,3.27,60.32,6.26,42.04,5,3,4.40
3.35,55.67,2.24,62.90,5.85,83.58,9,3,3.39
5.48,60.68,4.74,74.33,7.91,90.94,10,2,5.00
2.63,78.33,4.66,56.76,7.76,92.90,0,3,4.89
1.03,75.92,3.21,81.92,7.79,91.36,5,3,4.11
4.26,75.58,2.86,66.74,6.74,71.77,7,3,4.19
2.95,84.57,2.32,76.37,8.17,89.35,2,3,4.15
4.33,72.49,3.66,62.85,5.82,80.86,9,3,4.55
4.28,98.91,4.41,50.13,7.85,55.14,5,3,4.93
2.94,75.47,2.79,50.66,5.72,77.66,5,4,3.86
3.33,84.41,3.27,60.53,6.11,67.22,3,2,4.29
3.87,66.15,4.63,99.75,8.07,97.01,0,3,5.00
4.27,93.12,2.97,88.10,8.55,97.93,5,4,4.83
0.88,98.34,4.38,96.98,5.38,87.37,4,0,4.56
1.56,64.53,4.15,55.33,8.83,68.66,6,3,4.17
5.26,66.50,2.58,53.07,5.27,64.99,4,4,4.03
3.77,66.00,3.31,75.44,7.60,53.97,0,0,3.97
0.92,96.56,2.34,76.36,5.31,43.63,2,0,3.66
3.97,92.16,2.77,98.26,7.26,96.00,4,0,4.61
0.67,92.35,4.35,71.08,6.42,38.68,0,0,4.32
5.21,78.55,3.27,50.48,8.95,41.17,10,1,4.27
4.59,80.84,2.00,97.44,5.39,69.42,4,1,4.24
0.76,77.79,3.18,90.63,7.31,49.29,3,1,4.07
2.44,95.88,2.22,56.06,7.17,97.02,4,4,4.09
0.54,76.84,2.40,73.64,6.31,86.63,0,0,3.51
5.17,93.98,2.75,64.96,6.04,38.47,6,2,4.39
5.49,69.60,2.88,86.24,7.00,58.89,8,3,4.87
1.24,99.00,2.06,58.80,7.10,88.81,0,4,3.96
0.97,94.74,4.15,64.38,5.17,61.18,6,1,4.45
0.63,65.56,4.57,94.12,6.50,58.84,7,2,4.70
2.71,91.61,2.18,78.78,8.17,95.61,0,1,4.24
4.11,76.99,4.66,83.27,5.22,77.96,9,3,4.95
1.14,87.35,3.17,60.73,8.82,91.66,6,1,3.92
3.51,71.36,2.72,93.34,5.04,69.00,7,2,3.94
4.71,78.78,2.00,62.52,8.54,80.38,7,0,4.14
2.26,80.52,2.71,55.50,5.26,91.72,9,0,3.61
5.11,66.77,2.28,93.67,7.92,55.77,8,0,4.02
4.88,74.25,4.72,89.07,7.76,80.63,4,3,5.00
5.07,79.28,4.70,98.41,7.05,95.08,4,3,5.00
2.44,81.85,2.21,68.50,6.62,60.84,4,0,3.57
3.15,62.18,3.60,56.08,8.52,53.24,5,1,4.31
1.71,95.06,4.29,72.77,8.24,72.93,5,1,4.79
5.48,79.66,2.37,84.58,7.13,58.73,10,2,4.25
3.41,65.35,2.98,74.15,6.68,38.23,0,2,4.08
5.49,80.03,4.47,56.71,7.62,92.03,3,3,5.00
0.83,70.02,4.04,50.72,7.21,85.80,6,4,4.33
2.48,89.48,2.94,61.44,6.05,49.12,0,1,4.00
0.93,88.42,3.46,50.08,7.53,93.78,7,4,4.04
4.36,68.53,2.09,95.30,6.43,35.92,0,3,3.97
0.71,84.11,3.36,53.13,6.54,78.87,9,0,3.72
1.21,85.63,2.62,96.88,5.34,55.75,1,2,3.93
1.96,66.40,2.65,75.40,7.61,76.79,10,3,3.67
4.42,93.14,2.45,96.21,7.91,43.20,7,3,4.68
4.56,71.75,3.74,63.73,8.01,83.74,0,2,4.63
2.46,85.44,2.71,86.78,7.51,46.19,8,4,4.07
2.82,64.19,3.77,56.25,8.49,84.81,3,3,4.09
3.88,67.55,3.60,95.21,5.16,54.27,10,2,4.33
4.49,83.16,4.05,79.82,7.37,94.23,7,2,5.00
4.09,69.84,2.48,59.40,8.72,66.15,7,2,3.87
2.11,55.66,3.72,90.70,8.15,50.24,7,4,4.27
4.64,91.59,3.18,73.21,5.32,60.82,10,4,4.73
0.57,91.72,4.64,72.37,5.81,81.22,9,0,4.22
1.49,82.81,4.42,88.52,5.74,49.65,1,3,4.71
1.01,67.13,2.95,92.72,5.12,52.46,10,4,3.62
2.65,93.39,4.09,97.82,6.49,37.30,10,2,4.57
3.47,80.45,2.46,74.80,6.25,54.20,10,2,3.75
1.84,65.17,4.12,74.52,5.60,64.05,6,1,4.01
4.68,93.55,4.55,96.43,6.22,41.90,7,4,5.00
4.17,57.52,3.67,84.52,7.39,94.63,10,1,4.24
1.20,86.69,3.95,63.63,6.93,77.66,3,4,4.41
4.85,86.70,3.29,52.57,6.40,54.71,5,1,4.28
3.72,81.13,2.85,82.78,6.11,38.51,10,0,4.02
2.02,82.89,2.73,83.43,8.63,59.68,7,4,4.04
5.44,67.27,2.29,70.68,8.42,42.72,2,0,4.00
4.76,93.75,3.57,65.42,8.27,76.80,6,3,4.72
4.55,85.18,2.87,65.20,7.60,41.79,7,2,4.12
2.42,55.16,4.02,73.84,5.47,54.03,2,0,4.14
3.57,58.38,4.22,79.95,8.46,95.46,2,2,4.73
4.27,89.11,2.83,82.89,7.19,55.04,10,4,4.43
2.10,83.99,4.71,78.28,7.47,86.74,1,4,5.00
2.20,90.71,3.70,95.16,5.46,80.17,4,2,4.63
1.66,99.39,3.42,93.17,7.49,57.67,4,2,4.62
4.81,57.49,2.98,62.11,6.38,71.12,9,4,3.96
3.60,76.46,3.80,69.88,6.11,85.94,2,1,4.52
4.40,60.40,3.42,91.45,7.42,58.98,8,4,4.41
3.72,65.63,2.32,67.54,8.99,61.93,7,3,3.81
3.85,92.27,3.29,57.98,7.79,85.51,2,0,4.35
4.84,71.39,2.67,51.76,6.79,90.36,5,3,4.24
4.01,63.76,3.59,52.64,5.25,81.35,0,3,4.32
5.19,79.50,3.73,54.03,7.50,92.31,6,1,4.72
5.15,77.01,3.55,74.31,8.57,54.37,1,2,4.89
2.29,90.45,2.07,64.61,8.55,51.07,1,1,3.70
4.44,55.99,2.39,70.67,7.02,94.90,9,2,3.98
3.69,96.62,3.02,90.85,6.02,68.79,8,0,4.85
1.43,99.02,4.70,59.45,8.14,55.70,2,3,4.90
3.43,94.16,4.75,59.96,6.43,44.88,10,3,4.81
4.82,81.86,3.18,89.27,6.09,85.19,8,0,4.45
2.47,58.78,4.05,80.96,6.53,73.54,4,3,4.25
4.77,96.41,3.49,62.78,7.27,36.04,3,1,4.88
5.12,63.58,2.29,83.49,6.73,41.73,8,2,4.02
4.37,58.65,3.68,78.91,6.12,77.84,6,2,4.33
3.39,85.17,2.39,81.25,5.77,73.43,8,1,4.28
3.39,89.89,3.75,91.77,6.58,71.76,7,0,4.78
3.94,89.11,4.21,95.84,7.44,65.96,2,1,5.00
0.98,66.31,3.47,73.73,8.66,45.41,6,1,3.78
5.13,57.41,2.96,52.63,6.66,58.87,0,3,4.23
3.68,87.34,4.40,84.10,5.65,49.10,0,0,4.90
2.55,72.72,2.32,75.88,5.95,90.38,0,2,4.18
3.62,80.90,4.70,89.31,6.76,59.40,2,1,5.00
4.68,96.11,4.10,87.93,5.19,41.41,10,1,5.00
2.10,80.47,3.40,96.21,8.56,49.02,5,3,4.30
1.32,78.45,3.22,74.28,8.79,56.32,6,3,3.85
5.30,97.22,2.36,56.39,6.68,83.23,1,2,4.65
1.42,74.45,3.64,98.29,6.22,65.66,2,4,4.20
4.01,91.47,4.08,61.99,7.12,39.62,9,3,4.72
2.53,68.40,4.59,54.15,5.04,46.36,7,4,4.10
3.51,88.09,2.57,91.04,6.81,90.38,2,0,4.41
3.73,85.39,2.13,88.04,6.05,93.79,5,1,4.02
1.87,99.99,2.63,50.05,6.21,54.49,4,4,3.67
2.88,88.31,3.03,57.17,8.15,93.64,0,0,4.22
1.27,78.63,3.10,58.98,6.81,92.84,1,3,3.88
3.73,81.74,4.48,94.71,5.60,78.40,5,0,5.00
1.80,98.94,4.62,69.45,6.53,68.42,2,3,5.00
1.63,74.61,3.70,59.24,6.74,69.19,9,1,3.87
2.59,83.81,2.35,99.87,5.18,62.42,1,2,3.82
4.81,63.81,4.05,60.63,5.19,71.16,3,3,4.72
4.93,79.28,2.11,55.83,7.80,92.88,7,4,4.22
4.25,58.85,3.87,86.75,8.86,85.75,3,2,4.53
1.16,60.32,3.40,56.49,5.17,76.83,1,1,3.81
3.29,64.48,3.23,62.40,5.34,92.97,8,1,3.97
1.80,77.61,2.31,65.05,8.03,36.46,2,3,3.36
5.16,56.74,2.84,53.88,6.96,77.24,10,3,3.91
2.76,78.50,4.55,95.71,7.47,66.18,5,2,4.80
3.00,97.11,3.90,60.99,6.27,85.89,3,2,4.84
3.13,87.30,3.66,96.74,7.57,65.63,10,3,4.82
1.14,71.81,3.81,61.10,8.83,38.70,4,3,3.99
2.87,78.75,2.12,76.64,8.40,50.67,7,0,3.65
5.50,91.14,3.38,95.31,8.13,84.73,9,3,5.00
5.37,72.59,4.04,70.58,5.25,87.29,8,1,4.85
2.77,73.90,2.15,96.73,6.68,59.13,8,1,3.86
0.55,75.32,2.61,69.05,7.68,59.75,1,3,3.45
3.17,85.37,3.51,50.33,8.01,92.43,8,0,4.13
5.29,73.57,2.43,76.87,7.50,78.01,8,1,4.15
3.10,56.39,2.89,56.19,6.43,46.41,9,4,3.51
2.87,94.30,3.90,64.53,6.82,44.25,4,4,4.52
5.18,80.13,2.63,69.50,5.28,45.53,0,4,4.24
2.43,91.65,4.47,94.77,6.02,58.65,3,4,5.00
5.12,77.94,4.53,95.86,5.39,51.68,5,1,5.00
1.95,69.97,2.26,69.94,6.81,96.75,5,0,3.71
3.64,83.28,4.62,79.19,7.08,83.39,0,2,5.00
5.48,85.63,3.01,99.55,8.32,71.86,2,0,5.00
2.07,72.21,3.39,59.08,6.07,39.64,3,4,4.21
3.66,88.63,3.31,60.57,7.00,79.94,0,3,4.71
0.64,91.61,4.37,61.70,5.85,79.73,1,2,4.48
1.97,75.24,2.03,52.66,6.80,59.43,7,3,3.28
5.00,99.21,2.78,60.78,7.87,59.45,5,4,4.58
4.18,83.58,3.46,98.52,8.18,88.06,4,3,4.96
2.28,80.05,3.97,94.33,7.59,35.86,10,4,4.50
5.46,80.66,3.74,91.41,6.24,47.84,0,0,5.00
4.35,79.82,4.15,74.21,7.99,64.63,10,2,4.66
0.58,96.56,4.11,83.34,7.10,96.72,1,3,4.67
5.48,58.51,2.93,79.93,5.13,69.80,7,4,4.28
2.04,87.41,3.10,53.43,7.02,83.62,3,1,4.02
1.96,69.79,3.61,95.45,7.35,48.01,1,2,4.43
0.64,97.96,3.03,77.53,7.00,48.14,9,0,3.75
1.39,74.69,2.15,67.35,8.59,43.60,1,1,3.40
4.41,56.85,4.29,69.86,8.92,60.10,8,1,4.56
4.65,60.36,3.22,96.98,7.13,70.25,10,1,4.37
0.85,99.69,4.75,62.43,5.19,65.61,7,3,4.58
4.11,78.64,3.24,65.70,5.24,57.28,9,1,4.11
3.97,92.32,2.37,69.74,5.13,47.47,8,1,4.08
2.22,94.06,4.25,75.30,6.05,73.14,2,3,4.82
1.43,97.42,4.47,83.37,5.75,37.63,3,0,4.76
4.77,99.64,2.43,55.08,5.43,46.29,1,2,4.26
4.93,84.35,4.05,79.63,8.11,74.00,6,3,4.99
4.15,66.98,2.82,56.49,5.03,58.00,3,2,3.81
1.20,97.86,4.34,61.79,6.30,79.50,7,3,4.62
2.57,76.26,3.78,70.56,6.59,51.72,7,1,4.21
2.95,94.40,3.39,78.03,8.91,77.82,7,0,4.56
3.59,96.21,4.60,78.00,7.62,44.94,7,3,5.00
0.51,68.72,3.13,90.89,5.97,99.28,9,1,3.82
1.73,88.15,2.45,79.50,7.39,40.38,1,2,4.01
1.10,61.36,4.36,64.50,6.70,84.21,3,2,3.99
2.59,55.96,3.99,93.57,7.29,72.00,10,0,4.04
3.62,75.71,2.88,74.65,8.19,72.80,6,3,4.21
2.77,85.41,4.24,51.28,7.78,79.54,5,0,4.73
0.52,88.85,3.78,85.06,7.51,96.40,6,1,4.16
0.67,94.21,3.19,65.10,6.30,58.96,3,0,4.07
3.94,70.26,2.94,82.35,8.76,98.04,9,4,4.49
3.52,67.78,4.60,64.01,8.43,58.88,3,3,4.89
4.49,94.76,3.31,72.27,6.56,95.37,8,0,5.00
2.86,76.80,4.07,66.62,8.76,67.40,5,3,4.67
1.72,89.15,2.64,83.21,6.47,67.90,8,3,3.83
4.85,74.96,2.98,99.53,6.13,63.82,8,0,4.75
4.67,71.95,3.48,65.37,6.17,97.73,5,4,4.36
3.24,98.49,2.54,52.30,6.11,54.70,6,3,4.08
2.24,61.40,2.43,71.30,6.89,72.81,8,4,3.52
3.50,99.08,4.04,57.17,6.86,81.34,9,3,4.86
1.41,60.23,4.52,51.99,7.02,97.44,4,2,4.30
4.11,68.63,2.58,56.09,6.33,54.20,6,4,3.93
5.36,65.52,4.76,88.10,7.13,82.52,5,4,5.00
2.47,79.89,4.56,77.49,6.32,70.03,9,3,4.73
0.88,59.64,4.11,68.62,5.68,42.50,4,0,3.93
1.76,79.40,4.58,66.62,7.63,79.82,5,3,4.38
2.10,77.37,3.21,92.66,8.10,79.91,9,3,4.26
1.97,77.11,4.68,89.46,8.64,85.04,2,3,5.00
3.32,99.90,2.85,79.02,8.61,46.04,2,0,4.55
2.34,78.73,4.45,97.20,8.34,79.81,0,4,5.00
1.68,90.05,4.16,80.18,7.31,65.77,0,2,4.84
4.20,73.95,4.06,94.14,6.08,48.95,1,0,4.78
3.58,68.32,4.18,86.99,5.64,82.83,5,1,4.86
0.63,97.28,3.59,65.70,7.11,45.82,6,2,4.13
3.34,56.42,4.73,59.11,5.92,94.65,3,1,4.62
1.37,59.83,2.00,92.67,5.87,49.22,9,3,3.24
2.94,98.26,4.79,74.16,8.02,81.60,3,4,5.00
0.66,72.24,4.48,91.92,7.87,80.50,5,4,4.56
3.63,86.68,2.48,95.53,6.17,38.95,5,1,4.23
5.16,85.17,2.33,75.28,5.06,68.33,0,1,4.31
1.82,85.05,2.91,76.29,6.02,86.06,6,3,3.88
3.55,93.94,3.56,93.97,7.34,86.03,8,1,4.65
2.26,67.57,2.92,64.53,5.82,80.14,9,3,3.56
3.50,57.29,4.78,70.77,5.12,75.44,6,0,4.49
3.10,55.73,4.63,60.59,8.87,55.04,5,0,4.25
2.88,91.05,4.52,68.95,7.83,79.24,1,2,4.88
2.76,64.70,3.51,82.49,8.86,64.80,6,0,4.23
2.11,95.09,3.97,58.62,7.90,48.45,1,2,4.88
3.98,89.12,3.05,73.44,8.55,37.63,6,4,4.62
2.38,95.47,3.98,75.24,7.76,41.77,1,0,4.40
3.57,67.63,4.16,82.44,8.99,62.90,0,3,4.65
5.15,72.29,2.05,77.96,5.46,75.32,2,3,4.07
4.34,88.74,2.80,78.77,7.76,70.89,9,1,4.47
1.97,82.47,4.16,74.74,7.52,54.62,4,3,4.44
1.11,91.34,2.53,60.37,8.99,80.46,7,1,3.60
5.32,85.88,4.57,73.64,8.11,53.05,10,3,5.00
3.68,58.61,3.20,57.78,6.88,69.48,5,2,3.97
3.48,83.35,2.34,80.44,6.71,95.90,5,1,4.19
5.42,56.94,2.57,93.96,8.88,35.39,7,3,4.02
0.75,66.33,2.88,87.90,7.22,75.18,2,2,3.80
5.49,75.96,2.10,54.24,8.37,47.52,8,3,3.96
2.97,67.62,4.49,90.04,8.84,68.74,2,2,4.95
0.54,58.82,2.84,68.65,5.32,41.69,10,2,2.78
4.63,79.76,3.18,71.89,8.73,60.37,5,0,4.67
4.85,62.64,2.96,73.81,6.64,71.06,5,0,4.25
2.04,83.92,2.48,55.45,6.14,48.88,9,1,3.42
4.48,78.29,2.13,84.32,7.66,98.96,9,1,4.37
4.66,66.65,2.53,82.89,8.97,87.97,7,1,4.34
5.10,96.14,4.38,98.99,6.31,61.02,0,4,5.00
1.55,69.93,4.27,67.79,6.84,58.16,2,3,4.09
3.99,70.96,4.54,61.84,8.24,88.53,0,1,5.00
2.20,95.97,4.53,56.84,6.99,84.49,5,0,4.62
3.59,75.15,4.15,58.86,5.05,88.17,8,2,4.56
1.38,74.26,4.19,67.07,5.09,54.80,5,1,4.19
4.39,59.66,3.75,73.44,7.04,72.59,7,3,4.46
3.96,79.92,3.99,82.06,5.20,41.87,1,1,4.66
3.43,62.19,3.47,50.67,9.00,84.54,8,4,4.35
4.35,70.12,2.84,87.42,8.01,53.44,3,4,4.43
1.64,85.54,2.75,53.31,8.92,52.02,5,1,3.53
2.35,65.62,4.74,76.16,5.49,83.36,6,2,4.69
2.15,55.06,3.96,91.44,8.47,68.14,1,4,4.23
1.47,79.78,2.51,73.88,7.70,43.52,9,3,3.54
0.66,68.24,2.92,85.91,5.69,38.45,8,2,3.48
5.35,62.40,2.35,70.98,7.65,78.91,8,4,4.26
4.93,91.01,3.18,63.89,7.60,38.37,6,1,4.53
1.71,69.52,2.39,66.69,5.59,65.97,1,3,3.75
4.40,70.10,4.29,77.58,5.91,36.79,9,3,4.62
5.29,90.56,4.57,55.97,7.65,55.04,4,2,5.00
1.19,75.27,3.88,91.06,5.18,94.12,5,4,4.40
1.31,98.50,3.37,78.41,6.96,81.29,3,3,4.40
0.51,62.51,4.76,63.93,5.50,66.83,8,2,4.36
1.36,92.39,3.25,96.14,5.74,57.81,5,1,4.38
5.09,77.18,2.19,60.97,5.57,69.47,6,3,4.19
1.54,65.98,3.06,84.00,8.02,66.05,0,4,3.64
4.20,81.64,3.50,77.60,6.57,96.90,4,4,4.80
1.08,70.02,3.04,52.43,7.12,49.54,2,4,3.45
2.34,79.49,4.43,94.37,6.74,80.69,3,3,4.62
1.96,77.05,3.54,97.32,5.34,40.91,5,0,4.18
2.14,88.51,3.42,71.25,8.27,77.33,6,3,4.43
3.89,70.94,3.81,70.26,5.62,39.84,0,4,4.51
2.45,73.00,3.55,74.12,6.10,99.42,3,0,4.29
2.34,90.08,3.43,83.96,5.92,36.98,5,1,4.41
2.80,57.09,3.20,98.28,6.47,86.92,3,2,4.25
1.61,73.22,4.48,51.34,8.59,58.12,10,3,4.36
0.94,92.41,3.48,88.69,5.21,68.32,10,0,4.07
1.50,58.14,2.38,72.70,8.81,39.15,10,3,3.23
0.60,81.71,2.81,99.49,7.64,56.21,7,2,3.87
3.27,64.96,3.61,55.78,5.11,48.23,6,1,4.03
4.26,88.53,4.12,68.42,6.48,35.79,9,4,4.59
4.83,74.77,2.21,94.81,8.92,87.71,7,1,4.34
2.61,60.03,3.55,97.77,8.93,41.33,8,1,3.99
4.48,77.27,2.99,91.15,6.04,46.28,5,4,4.70
1.17,93.23,4.16,78.07,5.62,45.74,10,2,4.19
3.60,84.06,2.83,79.33,8.91,49.50,8,1,4.26
1.38,79.93,3.26,63.79,5.48,70.63,1,1,3.92
3.74,90.10,4.40,87.24,5.05,52.26,9,2,4.92
2.58,97.06,4.39,70.71,7.74,35.63,10,0,4.78
2.99,80.87,2.48,56.49,6.55,66.52,3,0,3.95
3.63,97.71,3.60,99.15,7.32,44.22,0,2,4.93
4.27,56.27,4.00,53.11,8.48,94.84,2,1,4.71
3.95,83.31,4.78,65.13,5.80,98.95,3,4,5.00
0.96,86.29,2.44,52.45,8.02,54.73,7,3,3.19
4.59,99.10,3.84,80.75,5.37,67.68,8,2,4.86
3.37,93.27,2.19,96.49,6.27,94.70,8,3,4.16
0.62,66.71,3.86,83.96,8.77,57.72,3,3,3.86
1.41,93.56,3.10,52.79,8.45,62.14,6,2,4.03
2.85,87.72,4.65,70.10,7.67,37.09,3,3,4.77
5.05,64.12,2.87,67.60,5.67,97.53,2,1,4.52
5.01,59.96,4.16,97.97,9.00,99.27,3,2,5.00
0.74,65.99,2.25,59.65,5.13,73.48,4,2,2.87
0.65,84.99,4.43,59.73,8.11,52.89,1,1,4.16
2.73,90.87,3.20,69.71,6.15,66.89,2,3,4.52
2.13,92.56,4.30,91.51,7.04,65.39,1,1,5.00
2.18,60.79,2.19,60.59,8.21,61.21,6,2,3.29
3.46,63.35,3.60,78.22,7.22,45.69,6,0,4.21
3.40,63.53,2.48,67.08,5.95,49.67,9,4,3.91
5.26,67.33,2.37,76.45,5.30,94.86,4,0,4.26
2.92,87.19,3.14,71.58,6.12,55.85,8,2,4.12
4.84,84.63,4.11,91.82,5.96,49.47,5,0,4.98
3.80,93.66,3.65,83.17,6.92,52.67,8,1,4.78
5.49,98.01,3.83,86.62,6.19,67.90,6,0,4.88
0.72,77.51,3.95,88.37,8.07,60.97,6,2,4.36
0.99,77.76,2.83,80.55,7.00,95.88,1,4,3.95
1.45,59.21,3.96,96.93,5.24,96.23,0,4,4.26
3.06,63.82,3.85,53.56,7.74,96.20,10,4,4.21
4.22,71.36,2.96,57.40,8.27,72.02,0,4,4.27
2.47,87.96,2.58,73.67,6.50,40.70,10,0,3.60
2.68,64.02,3.35,79.24,8.82,69.03,10,4,4.11
1.07,78.28,3.20,89.12,7.69,87.91,3,4,4.45
2.11,71.43,3.74,68.59,7.17,76.52,4,1,4.20
0.84,87.75,4.51,85.48,5.55,78.78,6,4,4.65
0.63,69.50,2.57,83.30,7.18,35.40,6,0,3.37
0.78,74.08,3.59,93.48,7.13,51.19,6,3,4.12
1.12,82.32,3.23,77.97,5.71,77.89,0,2,4.07
2.98,55.91,2.36,55.62,6.36,88.68,6,2,3.53
4.96,76.11,3.99,53.29,7.99,63.98,1,2,4.71
1.49,82.47,2.74,58.57,5.45,90.38,8,2,3.85
5.32,64.87,3.43,86.62,8.51,54.43,5,1,4.83
2.75,84.66,2.67,67.48,6.68,84.99,6,2,4.20
1.85,96.66,3.23,69.08,7.69,87.83,10,4,4.59
2.65,65.16,4.66,63.24,8.02,74.39,3,4,4.77
3.03,97.58,4.07,94.05,6.62,46.71,1,2,5.00
3.77,87.30,4.69,56.87,8.55,54.75,5,4,4.92
5.08,95.24,2.07,85.39,5.58,59.77,7,0,4.09
0.55,93.88,4.25,96.48,6.30,61.40,0,1,4.72
5.01,76.09,3.23,84.24,8.15,64.34,6,0,4.56
0.74,92.56,4.08,56.88,6.55,49.84,6,4,4.31
1.46,73.24,4.51,51.24,6.96,86.11,9,4,4.42
5.48,58.15,3.43,65.29,6.58,79.11,3,4,4.42
2.13,80.78,3.68,69.42,5.06,96.67,10,1,4.30
5.17,65.02,3.32,96.63,8.23,92.11,1,3,4.79
3.34,69.95,4.12,77.91,5.34,43.82,2,3,4.60
0.96,99.59,4.64,69.98,8.82,37.87,4,4,4.87
4.69,82.84,3.19,94.26,8.10,42.78,1,4,4.86
2.18,56.71,3.65,59.38,5.01,50.18,3,2,3.57
3.26,66.06,3.44,93.91,8.63,78.25,6,3,4.62
4.66,67.53,2.27,85.36,8.61,89.87,9,2,4.11
1.51,63.80,2.57,81.10,7.29,80.13,3,2,3.54
1.59,98.02,3.81,52.28,8.29,99.17,0,2,4.37
3.44,89.52,2.18,94.64,5.28,71.81,0,3,4.18
1.97,62.63,4.09,57.24,7.45,77.21,1,0,3.98
3.11,70.81,4.21,78.61,6.31,67.03,7,1,4.73
2.98,82.03,4.48,94.71,7.99,97.10,10,1,5.00
3.02,96.82,2.61,77.25,5.45,99.52,7,1,4.38
0.60,58.51,4.04,89.76,5.86,96.77,1,4,4.32
0.59,56.41,2.52,71.11,5.84,63.47,8,3,3.29
0.92,77.08,2.51,51.56,8.04,37.16,9,1,3.07
4.54,96.59,2.13,86.07,6.14,96.66,6,4,4.68
1.16,70.36,3.90,68.35,7.14,89.01,6,3,4.04
0.69,56.53,4.06,71.00,7.86,51.54,0,2,3.95
3.10,62.30,3.40,90.26,8.32,76.67,2,2,4.39
5.36,67.77,2.85,74.31,7.93,40.38,10,2,4.30
2.67,60.61,4.71,57.05,8.59,98.84,5,4,4.69
2.67,55.14,3.04,74.23,7.15,89.44,7,3,4.16
1.47,72.04,3.47,59.31,5.50,55.15,6,4,3.89
2.55,55.06,4.44,77.08,6.57,97.32,2,2,4.36
1.03,56.28,4.76,54.07,5.34,84.02,2,0,3.94
4.42,81.48,3.42,85.22,7.23,97.33,1,1,4.93
3.40,86.77,3.21,63.14,7.09,41.71,7,4,4.42
1.50,85.25,3.81,97.92,8.18,94.40,2,4,4.66
2.06,96.60,4.15,51.84,6.85,43.03,6,0,4.46
3.35,57.99,3.67,60.45,5.65,45.48,6,3,4.03
2.78,57.21,2.76,54.63,7.92,56.88,9,3,3.83
3.18,86.85,3.40,92.83,5.44,50.58,8,1,4.54
0.54,81.11,3.53,51.67,8.90,82.81,5,3,3.78
2.48,84.27,2.29,82.58,5.70,95.06,4,0,3.70
3.13,83.17,2.26,71.85,8.33,53.83,8,3,3.77
1.97,88.05,2.02,53.29,6.14,87.53,10,0,3.53
1.92,61.52,4.37,70.49,7.65,49.34,5,4,4.29
3.78,78.46,2.53,78.24,6.09,65.42,1,2,4.01
2.85,88.25,4.67,52.24,8.17,99.53,5,0,4.96
2.07,74.28,3.01,52.46,8.59,81.21,0,3,4.05
3.83,92.18,4.24,84.02,6.49,68.06,6,0,5.00
5.34,79.79,3.54,57.13,8.93,66.92,4,3,4.66
1.81,68.69,3.08,93.28,8.33,89.09,5,1,4.26
3.43,57.23,4.35,59.95,6.76,79.98,2,2,4.31
1.10,63.50,4.64,65.18,6.58,51.91,5,1,4.10
5.07,69.18,2.17,70.65,8.22,57.99,1,0,3.97
3.96,83.70,4.15,61.26,7.60,48.59,1,3,4.58
3.21,58.39,4.75,52.00,7.22,68.93,8,1,4.28
0.82,65.16,2.83,51.58,6.49,76.68,3,2,3.26
2.56,91.18,4.69,83.38,7.02,97.25,10,1,4.93
2.60,55.71,4.14,58.31,7.17,38.18,7,2,3.91
0.59,99.84,4.05,89.13,6.36,41.43,2,0,4.40
5.13,73.25,2.94,95.41,7.47,89.66,9,4,4.66
2.17,64.17,3.29,76.74,8.08,90.83,10,2,3.99
3.95,94.29,3.96,79.36,7.95,94.91,7,0,5.00
4.88,95.93,4.49,84.96,8.30,40.68,2,2,5.00
4.49,66.90,2.76,52.61,6.52,91.11,7,3,4.03
1.79,61.77,2.08,68.51,7.28,38.07,0,2,3.36
3.79,76.67,2.53,71.60,5.71,57.72,5,4,4.11
4.53,57.48,4.64,72.91,6.17,80.13,4,1,4.99
0.60,80.52,2.11,75.90,7.02,57.69,10,4,3.29
3.91,91.76,2.29,96.05,5.05,51.13,5,2,3.87
3.64,76.05,4.59,58.00,8.96,39.67,7,4,4.67
1.23,81.02,3.88,89.92,5.62,52.16,7,4,4.32
4.56,94.73,2.67,79.28,7.92,63.67,0,3,4.78
4.71,80.13,4.47,79.81,6.12,92.27,3,4,5.00
4.15,64.98,2.46,63.88,8.69,38.39,0,2,4.14
1.88,96.51,2.49,74.43,7.82,60.89,0,4,4.23
0.75,81.17,2.91,80.98,6.83,37.11,4,1,3.88
4.71,89.00,4.66,97.19,5.38,38.00,0,3,5.00
2.26,63.85,2.07,91.42,8.17,62.72,8,2,3.61
5.49,82.89,4.07,92.49,7.58,53.20,5,0,5.00
5.45,71.51,2.14,92.38,8.39,91.26,8,3,4.35
3.31,90.20,3.96,92.33,7.63,56.61,9,4,4.94
1.67,78.42,3.37,67.18,8.58,81.60,9,3,4.10
1.29,79.23,3.60,71.92,7.55,46.97,1,2,4.32
1.92,71.32,4.23,75.45,8.28,57.55,7,2,4.28
5.10,76.89,4.66,52.75,5.18,47.42,1,0,4.78
5.37,98.62,4.35,87.88,5.18,55.80,9,0,5.00
2.79,55.40,3.37,81.42,5.62,65.53,4,0,3.90
1.35,65.17,4.75,91.68,8.49,89.39,1,3,4.66
5.10,66.95,2.66,63.17,8.57,45.02,10,3,4.02
5.18,85.18,3.89,51.17,8.11,62.79,10,0,4.83
2.61,91.60,2.95,69.38,5.35,56.77,6,2,4.07
4.94,63.92,3.10,79.28,8.96,99.93,4,0,4.63
2.60,89.15,2.37,50.38,6.46,60.68,9,1,3.90
3.67,55.88,4.47,97.98,7.37,60.93,5,2,4.76
2.99,91.15,2.03,77.29,5.67,59.65,9,4,3.95
4.35,76.48,3.60,71.09,5.21,50.06,10,1,4.19
4.97,77.45,2.49,97.19,8.18,97.65,4,0,4.64
1.33,97.59,2.74,55.25,5.05,66.06,10,3,3.78
1.51,74.10,3.27,95.22,5.50,77.65,0,0,4.59
1.40,80.71,3.27,94.94,5.13,45.88,3,1,3.95
4.52,76.45,2.67,84.58,6.11,53.40,1,4,4.28
1.95,90.57,3.58,53.02,7.25,66.82,3,3,4.33
1.84,71.76,4.79,87.88,8.98,86.92,1,4,4.99
2.02,60.59,4.22,73.61,7.74,61.14,4,2,4.28
5.21,58.10,3.84,89.28,6.49,92.59,2,0,4.93
1.84,70.16,3.07,76.35,8.68,49.06,2,2,3.90
3.88,87.83,2.21,65.34,7.06,41.09,8,3,3.86
5.44,86.89,2.62,51.59,8.43,42.66,8,1,4.38
0.97,88.82,4.12,71.86,6.13,66.24,3,3,4.27
2.21,69.96,3.39,64.23,6.11,76.67,5,3,4.04
3.88,63.42,3.46,90.97,8.97,63.64,3,2,4.74
5.41,95.99,3.58,75.49,8.08,78.94,0,4,5.00
2.84,55.66,4.31,93.40,6.98,70.00,1,1,4.62
2.04,73.25,3.30,98.42,6.42,52.47,7,1,3.94
4.30,58.70,3.72,66.47,5.71,91.70,1,0,4.64
3.45,89.36,2.89,57.85,6.68,56.97,1,0,4.35
4.79,74.08,3.79,84.34,6.42,67.20,5,0,4.63
4.98,72.54,2.95,94.32,5.03,53.55,3,1,4.56
5.44,55.84,4.41,84.87,8.38,53.25,7,1,4.76
4.49,56.94,3.40,59.95,8.64,54.18,4,1,4.04
4.66,83.87,4.64,79.12,5.31,66.10,0,4,5.00
3.14,88.90,2.10,95.28,5.96,61.69,2,4,4.30
2.40,67.95,3.58,65.38,7.06,40.47,6,4,4.09
1.03,76.53,4.73,80.88,7.96,36.79,9,1,4.47
0.71,86.01,2.76,89.58,6.37,47.69,3,4,3.90
2.57,99.41,4.08,98.95,5.85,92.99,4,1,5.00
4.87,71.00,4.15,76.02,6.92,95.24,1,4,4.90
3.82,72.97,3.82,88.39,5.90,79.80,5,0,4.71
4.53,79.25,3.91,67.59,6.69,55.28,0,2,4.91
1.53,71.08,3.94,81.73,6.39,85.48,3,0,4.53
3.42,65.84,3.99,69.60,6.57,49.55,10,3,4.08
5.49,97.68,4.79,82.14,5.65,62.92,8,1,5.00
2.66,87.42,2.25,98.38,6.45,41.03,6,3,4.20
5.30,69.32,3.92,60.69,6.89,81.59,6,1,4.76
5.33,97.11,3.04,69.88,7.49,72.10,8,2,4.74
2.60,79.08,2.38,64.97,7.44,53.29,6,3,3.83
2.49,79.47,3.18,59.50,6.79,44.93,10,1,3.92
1.44,90.56,2.85,66.11,5.18,50.68,2,4,4.01
1.31,84.55,3.98,92.85,7.18,38.40,5,0,4.45
4.76,77.44,3.18,73.52,8.59,59.86,3,1,4.52
1.74,62.86,4.00,53.00,6.26,76.55,3,0,4.08
0.61,65.49,3.22,63.59,6.60,48.12,9,1,3.40
3.38,60.10,3.07,76.92,6.31,57.80,7,2,3.83
5.50,77.46,4.75,53.80,5.35,85.78,4,0,5.00
1.75,99.03,2.08,91.57,8.30,59.03,6,3,4.03
4.62,78.42,2.58,89.36,6.54,97.71,1,4,4.85
3.38,83.64,4.50,81.01,7.92,89.24,7,4,5.00
4.64,95.37,3.85,54.77,8.14,38.52,2,2,4.90
4.27,90.37,4.37,52.36,7.96,50.82,10,4,4.68
1.18,99.34,3.82,78.51,8.17,43.10,0,4,4.42
4.57,74.20,2.59,75.51,6.02,36.92,5,4,4.12
0.55,66.00,3.47,87.50,8.82,88.19,2,2,4.01
4.87,96.71,3.64,75.89,7.25,51.95,2,4,4.91
1.78,56.03,4.09,63.65,8.56,52.67,4,1,3.91
4.79,70.98,3.68,65.61,7.03,67.09,0,0,4.90
4.43,94.77,2.82,84.96,8.07,72.54,4,1,4.97
4.77,68.06,2.17,83.24,6.52,68.86,1,3,4.04
3.91,60.04,2.68,68.07,5.72,71.56,10,3,3.88
3.30,95.99,3.63,64.14,6.23,91.64,7,1,4.23
3.22,81.00,2.00,90.77,5.84,72.78,1,2,3.95
3.16,75.36,4.11,51.20,8.70,85.76,3,3,4.78
3.78,82.61,3.65,74.10,6.78,64.34,8,0,4.61
3.65,67.76,2.56,85.02,8.02,74.39,2,2,4.03
1.57,64.59,4.19,58.94,8.87,75.83,2,0,4.31
1.43,99.45,4.24,87.81,5.39,77.94,5,2,4.96
4.35,99.48,2.27,77.91,8.45,65.51,6,3,4.36
2.35,73.04,2.22,79.19,8.84,73.76,7,3,3.66
2.66,95.87,2.79,62.08,6.94,44.46,10,2,3.97
3.83,58.86,3.66,50.13,5.85,42.35,1,4,3.82
4.11,69.54,4.40,94.04,5.26,35.31,4,1,5.00
0.56,90.62,4.67,95.63,6.24,47.30,4,1,4.72
0.67,96.87,2.05,75.45,7.36,35.85,4,0,3.43
4.07,57.62,3.16,98.83,5.04,70.65,7,1,4.40
1.67,97.59,2.08,61.39,7.03,42.34,10,4,3.52
3.49,65.70,3.89,87.14,7.55,66.81,6,2,4.37
1.94,69.06,4.02,61.48,5.74,36.56,6,3,3.93
1.25,97.26,3.06,51.51,5.47,82.83,6,3,4.22
1.58,68.55,3.01,81.14,8.15,53.79,9,1,3.84
1.62,77.57,2.73,66.00,5.22,94.13,9,1,3.57
4.68,95.49,4.42,78.61,6.49,50.98,9,0,4.99
3.52,74.07,2.94,63.65,8.24,93.54,2,4,4.23
4.39,88.59,3.94,61.11,8.32,57.42,1,1,4.71
0.51,79.92,4.70,51.81,8.03,90.35,1,2,4.39
2.07,79.49,4.11,97.40,7.48,53.04,9,4,4.48
3.27,82.95,2.67,84.50,6.11,56.02,9,1,4.20
1.99,77.59,4.42,62.84,7.81,99.73,6,4,4.66
2.55,65.64,3.43,95.44,5.62,99.75,4,0,4.17
4.30,97.09,2.63,99.34,5.54,87.68,7,0,4.71
4.01,60.09,4.26,51.76,6.00,77.25,5,4,4.37
3.43,78.71,2.91,55.69,8.91,63.37,1,3,4.15
1.74,98.88,4.42,71.79,6.79,92.71,4,4,5.00
3.37,56.37,3.93,75.74,6.72,40.92,0,1,4.18
5.26,67.03,3.91,66.29,5.91,94.16,9,2,4.56
5.00,56.57,4.62,73.20,7.72,37.47,6,0,4.92
4.30,76.40,3.80,78.27,7.72,61.06,3,4,4.92
4.65,84.68,4.52,94.41,7.44,49.99,2,0,5.00
3.28,75.42,3.41,87.40,6.68,87.60,3,4,4.60
2.24,85.97,2.82,84.78,7.57,74.83,4,3,4.17
3.99,62.25,2.53,94.73,8.28,95.63,7,1,3.92
0.63,86.04,3.40,82.25,7.64,50.30,3,4,4.41
3.78,69.11,4.39,51.76,7.14,35.68,4,2,4.44
2.61,95.63,3.14,92.45,6.62,63.61,4,2,4.49
1.33,65.04,3.41,70.65,6.40,43.57,4,0,3.63
1.66,70.12,4.05,55.60,7.58,56.17,5,1,3.95
3.45,82.58,4.32,71.56,7.41,66.39,8,4,4.83
2.73,57.61,3.88,97.02,5.35,38.34,6,0,4.36
2.26,58.78,2.79,62.11,6.01,98.96,10,3,3.65
4.87,94.28,3.93,94.45,7.80,73.82,1,1,5.00
1.50,62.09,4.34,96.67,5.26,99.20,6,2,4.64
1.34,71.69,3.87,59.58,6.77,85.70,10,2,3.98
2.89,75.15,3.75,80.98,8.48,94.39,6,3,4.63
3.08,60.07,2.02,50.04,5.98,35.67,0,4,3.31
3.36,80.91,2.34,58.41,8.14,41.90,3,0,3.89
5.23,64.30,3.37,91.96,8.74,93.64,3,2,4.81
1.09,99.93,4.59,56.75,5.06,47.91,1,1,4.32
4.63,62.71,3.08,90.16,8.54,47.61,9,0,4.42
1.51,93.75,2.38,84.37,5.56,55.47,8,0,3.74
5.36,74.01,3.98,90.80,7.54,38.96,9,4,5.00
5.17,56.63,4.15,73.69,8.89,35.52,9,3,4.50
2.61,57.17,2.40,83.20,8.31,93.99,0,1,3.64
5.47,85.73,4.35,70.90,6.04,47.99,8,2,5.00
4.25,91.89,2.63,75.82,7.38,65.41,6,3,4.25
2.05,55.71,4.44,77.44,7.35,86.29,8,2,4.26
0.63,81.71,3.42,93.39,6.45,46.51,0,2,3.92
3.31,71.02,3.87,74.28,6.08,87.14,2,3,4.46
3.63,90.40,2.86,56.58,6.51,74.17,2,2,4.38
0.91,64.28,4.60,70.61,5.06,48.23,3,2,4.42
4.26,69.89,2.83,58.73,6.02,52.89,4,4,4.20
5.38,86.35,2.30,50.52,8.45,97.51,1,2,4.31
5.07,76.55,4.25,51.97,7.92,45.11,7,4,5.00
3.35,97.43,2.24,60.05,7.84,99.60,3,0,4.22
2.71,69.08,2.12,64.70,7.51,49.75,7,3,3.23
1.01,90.15,3.36,77.96,5.74,53.71,2,4,4.12
1.87,80.90,3.01,94.79,7.80,67.55,0,1,4.13
2.73,69.16,3.19,99.36,5.22,38.13,9,1,4.18
1.35,61.62,2.73,95.72,8.90,52.42,6,2,3.83
4.34,94.77,2.41,95.87,6.54,62.84,9,0,4.35
3.37,96.95,3.35,93.71,5.25,81.45,2,1,5.00
0.83,72.96,2.87,82.75,7.82,54.29,10,2,3.72
4.62,56.54,3.88,70.03,5.28,80.23,2,2,4.48
1.13,90.31,2.05,59.95,6.72,61.10,8,0,3.56
5.03,58.61,4.14,90.97,8.69,49.66,1,1,4.95
4.53,67.78,2.92,54.67,7.67,93.51,1,0,4.26
1.16,89.00,3.09,71.65,5.28,90.69,3,2,4.00
1.47,89.35,2.08,73.60,7.05,73.00,3,1,3.85
4.48,57.04,3.46,60.50,6.78,46.23,9,3,4.05
1.98,92.06,4.61,82.57,5.07,81.36,0,4,5.00
5.12,76.96,4.00,63.13,8.22,78.62,0,2,4.92
2.10,66.71,4.80,79.95,7.19,75.50,2,1,4.77
2.75,82.36,4.47,83.32,8.51,47.05,10,4,4.64
1.20,97.10,4.07,73.63,7.35,79.42,3,4,4.74
0.64,67.06,2.24,60.44,6.09,83.93,8,3,3.26
1.80,68.31,3.54,68.17,6.21,54.83,4,0,4.02
0.69,74.79,2.83,55.19,6.81,55.07,4,1,3.60
4.34,56.93,3.02,98.86,6.62,37.07,10,2,4.08
1.38,67.11,2.32,59.63,7.23,76.46,2,2,3.47
2.50,76.28,3.59,99.31,7.95,42.03,4,2,4.60
3.44,60.87,3.54,88.82,7.00,36.55,6,4,4.12
2.44,73.49,4.19,72.14,8.11,93.68,7,1,4.58
1.45,97.53,2.96,53.93,7.23,37.75,0,0,3.74
0.73,92.74,2.38,92.39,7.69,87.39,4,0,4.05
1.84,60.62,4.41,92.77,8.24,46.81,1,3,4.32
2.58,92.19,3.25,69.95,6.80,64.70,0,4,4.35
4.51,91.06,4.54,89.86,8.42,61.55,4,2,5.00
1.36,95.07,2.29,65.24,8.78,46.68,3,1,4.10
3.93,78.93,3.55,92.67,5.22,78.00,3,4,4.85
1.25,64.33,3.11,51.99,6.93,55.15,3,1,3.40
0.56,60.45,4.65,69.36,5.30,57.97,3,4,3.95
4.27,69.67,3.41,74.02,5.98,53.93,4,3,4.60
1.66,79.70,4.15,65.80,8.91,73.98,9,1,4.23
5.30,96.80,2.66,88.80,5.73,74.04,7,4,4.86
4.54,82.96,4.28,79.76,6.10,51.37,0,4,5.00
5.21,89.60,4.21,60.55,7.76,82.85,3,0,5.00
3.10,72.04,3.92,77.73,6.06,60.72,4,4,4.56
0.96,56.48,4.28,67.34,8.34,87.93,10,4,4.17
4.59,72.48,2.17,59.46,5.94,51.27,4,4,3.93
1.75,87.23,3.65,74.56,6.16,42.47,3,2,4.13
3.35,72.16,3.34,60.30,8.41,46.67,1,2,4.29
2.45,81.17,3.42,93.03,7.45,41.21,4,3,4.25
4.25,88.16,4.03,90.87,8.30,50.33,1,3,5.00
1.59,61.35,2.93,78.66,5.58,75.50,5,0,3.71
1.83,96.37,4.50,66.08,6.37,99.21,2,2,4.89
1.99,99.10,4.37,64.66,5.16,82.42,0,3,4.94
0.97,76.45,3.52,56.52,5.61,96.34,0,2,4.03
0.96,79.24,2.43,83.63,7.70,50.84,1,2,3.69
1.44,69.77,3.30,94.66,6.62,86.60,9,1,4.11
4.28,87.68,4.04,79.15,7.53,83.94,4,1,5.00
3.13,92.61,4.34,98.50,5.89,83.20,3,1,5.00
4.50,83.66,2.22,92.18,6.05,40.22,1,4,4.33
4.73,99.71,3.85,62.61,6.13,89.85,10,0,4.84
2.63,79.64,3.09,51.96,7.57,83.07,5,4,4.17
3.29,74.30,3.84,92.78,8.42,58.90,6,3,4.48
2.73,68.39,2.43,97.75,8.67,56.36,9,2,3.75
3.07,59.88,4.62,85.36,8.35,58.08,8,1,4.41
4.37,71.53,2.19,78.23,6.38,99.16,10,0,4.07
0.72,57.80,2.81,76.40,8.26,79.39,8,1,3.41
4.38,79.00,2.42,76.20,7.20,92.99,1,3,4.42
4.68,60.12,3.54,53.52,7.96,81.53,7,4,4.22
4.30,83.76,3.71,57.95,5.60,73.90,0,3,4.72
3.70,74.94,3.55,61.72,8.70,88.67,8,4,4.46
1.26,79.33,3.38,94.31,5.08,39.26,1,0,3.87
1.76,61.80,4.12,68.57,6.81,66.00,6,3,3.97
2.62,96.80,3.18,70.67,5.90,58.87,1,1,4.12
4.71,76.60,2.82,69.04,7.40,90.24,7,2,4.27
1.96,65.01,3.30,58.04,6.50,40.73,9,4,3.82
0.89,75.77,2.30,77.70,5.38,99.96,6,1,3.30
5.04,79.88,3.05,97.92,7.24,61.95,9,1,4.12
1.18,56.68,3.54,65.22,5.54,62.26,8,2,3.32
2.72,63.78,4.11,66.17,6.33,81.83,7,4,4.49
3.02,61.21,2.36,72.18,5.67,58.05,10,3,3.36
4.42,75.97,4.30,80.47,6.80,82.30,1,4,5.00
2.94,82.21,2.43,66.56,6.31,54.19,4,2,3.95
3.07,60.90,4.33,77.02,6.42,51.07,0,2,4.46
2.57,96.47,3.98,63.44,5.28,45.03,7,4,4.45
3.67,76.00,3.46,86.71,8.36,48.41,3,3,4.56
5.03,92.76,4.13,78.44,6.95,81.87,7,0,5.00
1.64,58.43,2.57,61.75,5.08,77.69,8,1,3.58
1.99,95.00,3.31,50.69,8.54,77.77,6,1,4.01
2.82,82.99,3.21,71.11,6.51,49.69,0,4,4.28
1.74,79.72,3.17,65.43,5.72,61.14,6,2,3.76
5.10,80.19,2.14,84.02,5.57,94.41,1,0,4.42
3.80,92.62,3.73,89.70,7.15,73.58,1,3,5.00
3.97,83.04,2.41,93.83,7.32,63.78,8,2,4.35
3.00,76.10,2.46,98.64,7.14,88.78,9,0,4.56
2.58,56.27,2.96,66.59,5.21,42.19,0,1,3.84
3.14,87.37,2.74,71.61,6.94,73.39,1,1,4.15
3.52,80.62,2.01,56.04,7.50,70.55,3,4,3.84
4.55,92.07,2.97,65.67,6.11,57.09,1,1,4.20
2.87,60.06,3.11,69.64,6.55,93.31,9,1,3.81
2.73,95.14,2.02,73.45,8.81,70.74,5,0,4.04
4.09,64.45,4.14,76.66,5.26,98.04,4,0,4.72
2.08,96.68,3.36,76.65,5.87,58.75,3,4,4.48
0.52,73.19,2.67,96.64,5.96,82.50,8,4,3.78
4.23,60.15,3.21,65.43,7.96,69.40,3,0,4.32
5.08,56.86,2.19,81.55,7.90,95.42,10,3,3.93
2.61,91.31,3.71,78.62,8.57,44.84,6,3,4.49
3.87,85.98,3.56,82.81,7.74,81.61,10,2,4.65
4.24,75.94,3.70,70.01,6.10,85.34,2,4,4.66
3.63,75.67,4.34,98.09,6.02,64.80,1,2,4.65
5.03,65.15,2.33,52.37,5.90,39.64,4,2,3.82
0.99,58.64,2.35,88.49,8.31,74.96,3,1,3.39
0.77,57.10,4.39,82.52,8.20,75.04,10,1,4.10
4.19,61.69,3.19,57.40,7.78,35.20,2,2,4.03
3.54,80.64,3.77,78.03,8.97,49.13,9,0,4.53
1.27,99.26,2.95,51.89,5.85,46.04,3,3,3.73
4.82,89.39,3.61,99.70,7.76,91.59,5,4,5.00
5.11,64.22,2.23,58.83,5.02,76.90,5,4,3.95
3.06,98.59,4.33,85.48,5.34,85.95,9,4,4.88
2.90,77.07,2.08,81.50,5.64,45.49,1,2,3.88
1.42,84.85,3.04,80.98,6.49,60.23,10,1,3.93
3.62,82.83,4.48,81.59,6.76,81.61,10,2,4.98
4.22,95.85,2.82,75.12,8.06,43.62,10,3,4.60
1.35,72.61,4.41,81.11,5.56,55.55,4,0,4.10
2.17,93.49,2.39,55.68,7.57,70.87,0,1,4.22
3.20,83.31,3.98,57.08,5.40,38.04,6,0,4.18
2.24,65.62,3.82,62.81,6.03,38.62,4,2,3.99
3.16,90.18,3.69,50.26,5.34,78.35,0,0,4.68
4.78,77.33,4.53,56.05,6.35,89.88,0,3,5.00
2.00,74.79,4.62,62.58,7.64,35.48,0,3,4.45
0.86,93.99,4.78,92.51,5.31,72.29,7,1,5.00
1.53,73.77,2.16,81.01,7.64,73.58,0,1,3.76
2.66,79.79,4.00,66.94,7.67,37.71,7,0,4.18
1.46,97.53,3.24,82.93,7.30,50.99,4,3,4.41
1.61,65.71,3.46,71.67,6.52,52.75,1,1,4.17
4.88,93.08,3.69,73.44,7.25,74.42,10,3,5.00
4.92,60.74,3.14,97.72,6.62,96.71,2,3,4.52
4.16,62.25,2.83,91.86,8.05,95.92,1,0,4.21
2.47,63.06,4.14,82.25,7.31,68.41,10,0,4.37
0.58,87.03,4.62,83.45,6.44,73.06,7,1,4.48
1.18,91.68,3.12,59.81,7.73,98.19,0,0,3.91
1.35,56.35,3.91,89.15,5.59,57.66,1,4,4.06
4.57,77.12,3.17,66.42,5.82,82.22,5,4,4.35
3.68,84.66,3.27,98.53,8.05,85.36,1,0,4.76
0.67,56.36,3.54,72.88,5.78,80.96,2,4,3.61
2.68,68.19,3.31,53.59,7.75,59.23,0,4,3.83
5.40,64.90,3.94,57.67,7.73,90.78,6,3,4.57
3.95,78.16,3.86,61.95,7.00,75.54,6,3,4.61
2.69,62.19,2.21,78.19,8.10,52.16,7,0,3.65
5.14,80.71,4.68,72.44,5.64,98.85,10,3,5.00
4.12,55.70,2.60,85.36,5.42,76.47,2,3,4.19
2.52,69.96,2.40,64.13,8.28,71.80,7,4,3.59
4.04,60.34,2.93,52.61,8.02,99.22,4,4,4.26
2.20,84.21,4.59,70.54,8.49,63.98,5,0,4.78
1.63,62.28,4.40,99.18,6.40,63.91,3,4,4.46
4.24,94.86,4.33,81.32,5.61,90.44,3,0,5.00
3.60,76.79,2.08,72.80,8.25,42.84,8,2,3.75
0.64,91.04,3.72,54.39,8.32,57.21,8,0,3.75
3.84,65.70,2.55,75.10,8.83,39.38,6,2,3.83
3.96,72.52,4.07,53.11,6.94,76.51,5,4,4.75
0.75,90.56,3.22,65.73,5.94,99.83,1,1,4.06
1.58,73.17,4.09,63.67,6.63,70.25,7,0,4.01
1.76,78.08,3.84,69.15,5.43,77.15,6,4,4.03
1.69,75.59,3.97,60.06,5.99,97.24,0,0,4.09
3.62,59.54,2.50,86.98,5.41,38.09,3,0,3.77
3.59,83.55,4.55,67.06,8.47,59.96,5,4,5.00
2.88,78.80,3.61,84.49,7.06,87.06,2,2,4.77
4.93,83.54,3.43,89.67,6.63,59.10,9,3,4.73
2.74,94.49,4.54,61.69,8.53,36.56,6,1,4.61
2.18,92.53,4.62,97.70,6.94,57.12,0,4,5.00
3.13,71.55,4.73,88.70,6.01,73.07,0,4,5.00
4.43,67.75,2.17,58.20,5.18,63.27,10,2,3.80
2.07,69.77,4.33,90.09,6.94,84.37,9,3,4.58
2.30,77.75,3.04,72.70,6.95,52.73,3,2,4.16
1.27,88.10,4.02,91.76,8.58,54.80,6,4,4.41
3.03,71.48,2.15,95.07,8.47,90.31,7,2,3.89
4.62,74.61,3.54,70.68,8.54,83.74,10,0,4.82
3.77,78.58,3.44,90.84,5.49,76.17,4,4,4.79
0.78,75.57,4.48,90.48,5.80,78.14,3,4,4.64
3.02,72.86,3.02,72.68,7.25,90.99,1,2,4.05
3.17,59.34,3.70,61.72,6.80,78.81,9,1,4.11
3.76,84.93,4.70,85.88,7.44,73.79,0,2,5.00
4.73,61.99,2.90,93.81,8.98,65.08,0,3,4.28
4.44,64.74,4.05,90.76,5.94,82.71,7,0,4.70
4.24,93.61,4.08,61.75,8.76,92.06,6,1,4.95
2.18,70.36,4.21,67.37,5.11,48.80,4,4,4.19
4.45,83.10,4.61,96.69,6.90,94.23,2,0,5.00
3.18,92.45,2.08,74.30,5.09,96.48,10,0,3.83
0.93,59.49,4.16,76.43,5.65,52.30,5,1,3.90
1.87,81.13,3.64,96.62,6.91,73.71,1,4,4.55
1.79,75.78,2.29,72.00,7.52,76.34,10,4,3.60
3.26,75.40,3.06,83.60,6.92,86.47,1,1,4.36
2.92,63.53,2.04,93.88,8.73,99.77,6,2,3.76
1.85,75.34,4.73,80.98,8.81,52.00,8,2,4.64
3.00,90.08,3.84,93.92,6.91,60.50,5,2,4.91
4.68,69.18,2.78,70.35,5.09,81.68,3,4,4.54
1.01,62.09,4.78,70.57,8.95,45.38,2,3,4.32
4.12,97.06,2.75,76.20,5.76,68.58,0,3,4.63
0.98,99.86,4.65,83.54,8.50,85.84,2,4,4.88
2.42,70.56,4.44,59.10,7.98,47.01,5,4,4.25
2.20,86.28,3.01,67.57,7.92,85.88,4,0,3.88
1.49,59.89,3.06,70.08,5.24,60.75,6,0,3.47
2.29,99.91,4.71,92.60,8.58,98.09,3,3,5.00
2.32,63.36,3.38,80.26,5.14,74.19,1,0,4.15
2.28,76.86,3.91,99.66,7.07,41.37,8,0,4.45
5.23,80.36,4.28,56.23,6.69,55.92,6,3,4.87
1.80,70.95,2.14,92.86,6.52,88.49,9,4,3.80
5.37,68.16,2.06,95.95,6.83,84.33,1,2,4.14
2.37,61.60,4.68,50.94,7.63,51.18,7,0,4.24
3.26,77.93,4.28,51.64,6.96,82.21,5,0,4.48
5.21,68.30,3.22,71.55,8.36,85.91,0,3,4.61
0.90,73.32,3.63,83.89,8.80,98.62,9,4,4.31
1.52,56.34,4.13,90.39,7.43,46.87,9,3,3.87
1.70,93.51,3.98,80.41,7.05,92.09,4,1,4.83
4.88,77.33,4.69,74.30,6.36,85.68,2,4,5.00
4.86,75.41,4.31,74.43,5.17,40.78,5,3,5.00
2.96,97.07,3.62,76.33,7.60,48.36,9,4,4.48
4.50,91.32,2.35,94.38,8.16,67.29,9,2,4.30
4.74,62.18,2.64,63.21,7.46,58.98,0,3,4.09
4.01,57.43,4.28,60.47,7.23,92.10,5,4,4.45
4.24,86.99,3.03,92.56,5.09,82.30,3,3,4.96
2.78,91.81,2.20,79.90,6.36,43.06,6,1,3.82
1.67,98.20,2.23,95.64,6.42,59.65,9,2,4.13
4.69,97.70,4.23,89.78,8.18,75.05,9,0,5.00
2.28,83.30,2.58,99.48,8.30,75.80,5,4,4.26
4.57,84.24,4.77,51.85,7.24,95.71,1,2,5.00
5.21,86.45,4.14,53.43,7.91,57.31,9,1,4.80
1.13,69.72,2.65,84.15,5.23,65.20,1,0,3.58
0.64,63.32,3.10,76.39,5.84,81.30,3,3,3.62
1.88,61.63,4.28,95.48,6.20,43.14,7,2,4.12
2.55,73.76,2.36,91.99,6.80,62.06,5,3,3.94
4.28,97.19,2.70,87.35,5.67,98.03,6,1,4.72
2.47,64.11,2.85,66.80,8.33,36.46,6,3,3.51
0.93,74.09,3.66,53.21,8.81,87.30,6,0,4.03
4.57,88.83,2.13,77.69,6.76,49.28,4,4,4.33
3.36,62.39,4.75,54.17,5.73,82.07,1,0,4.63
2.42,96.94,4.78,85.39,6.73,39.13,9,2,4.98
4.36,62.84,4.44,61.48,6.49,76.11,6,1,4.73
0.54,62.87,2.26,77.16,8.05,36.93,3,4,3.07
3.66,67.94,3.21,59.22,7.44,72.70,1,2,4.05
5.50,68.80,3.60,72.49,6.20,44.56,5,3,4.86
4.87,91.43,3.78,82.59,5.79,43.52,8,4,5.00
4.58,97.67,2.27,66.50,6.79,44.91,6,0,4.28
5.42,58.21,3.70,85.78,7.84,61.62,9,2,4.54
1.67,86.66,4.16,65.38,5.11,72.46,7,2,4.35
1.79,73.42,3.03,91.80,6.00,45.46,4,1,3.92
4.15,76.03,4.75,81.61,8.34,80.02,10,2,4.95
2.59,79.20,3.19,60.57,8.96,83.77,6,1,4.17
1.33,88.47,3.46,74.57,5.42,35.70,0,0,4.28
3.79,59.53,3.14,85.25,7.59,74.42,9,1,4.08
5.05,65.50,3.34,56.78,6.52,61.24,9,2,4.14
3.37,88.76,3.10,98.84,8.52,60.54,6,3,4.73
1.18,80.60,4.06,81.30,5.77,37.88,0,3,4.18
3.11,62.18,2.55,90.13,6.91,45.10,8,3,3.53
4.53,92.35,4.38,64.38,5.04,45.97,1,4,4.80
4.87,82.24,4.40,50.83,6.34,89.59,4,2,4.94
3.86,65.59,3.43,89.02,8.86,90.49,0,3,4.76
3.70,64.43,2.16,54.48,5.23,62.56,9,0,3.33
1.43,84.50,2.72,65.23,5.17,66.29,0,0,3.85
3.50,82.60,2.24,63.30,5.16,69.47,4,0,3.54
3.02,59.91,2.02,52.24,6.16,52.95,9,2,3.20
1.02,93.82,4.02,95.38,8.91,47.82,5,2,4.73
5.28,95.74,4.73,77.07,5.41,99.99,9,3,5.00
2.82,84.55,2.34,82.24,8.75,97.73,9,3,3.93
2.30,60.74,3.34,88.55,5.46,42.55,4,1,3.96
0.72,56.61,3.06,70.58,8.38,79.00,2,0,3.64
4.75,75.00,4.48,96.80,5.93,81.43,6,0,5.00
1.95,60.97,2.20,57.31,5.49,76.97,10,1,2.88
1.43,90.79,3.57,63.72,6.90,85.90,6,4,4.47
4.29,89.07,4.73,60.55,5.00,60.87,7,3,4.90
0.53,87.20,4.37,51.35,7.84,93.16,8,3,4.28
2.13,60.07,2.74,87.69,5.52,91.22,1,1,4.00
4.90,95.85,4.06,84.27,6.87,39.33,8,2,5.00
2.60,75.82,4.31,94.41,7.39,38.75,9,4,4.50
4.84,63.46,2.18,64.47,7.47,57.81,7,2,3.71
3.15,99.19,3.43,86.69,8.14,57.98,5,0,4.63
3.41,67.18,2.42,74.17,6.73,88.26,4,0,4.02
2.82,67.40,3.42,85.96,7.37,94.18,2,3,4.25
1.90,76.87,2.95,90.55,7.70,69.68,6,1,4.07
3.71,86.45,4.57,77.53,8.48,37.07,0,3,4.81
3.95,79.63,3.60,58.11,6.80,88.27,1,0,4.54
2.31,83.42,4.75,50.98,8.47,52.95,6,1,4.41
4.75,89.98,2.95,84.27,7.53,74.01,5,3,4.91
3.27,76.44,4.28,95.03,8.39,56.09,9,3,5.00
4.29,69.17,3.53,80.31,8.96,86.90,5,2,4.62
2.40,82.16,2.01,56.38,5.70,64.90,3,1,3.57
3.61,85.32,4.40,55.36,5.36,99.32,4,3,5.00
2.92,95.83,3.66,61.82,8.71,82.66,7,0,4.65
0.51,75.21,4.51,88.14,7.10,95.70,0,3,4.85
3.83,68.63,2.03,99.64,6.90,57.83,1,3,3.91
2.52,86.32,4.18,76.41,6.86,62.82,2,3,4.78
0.63,86.79,2.39,77.82,7.45,40.10,0,3,3.63
4.58,88.41,4.77,70.70,5.10,41.79,3,0,4.99
1.23,68.37,2.31,53.90,8.09,70.18,10,1,3.09
0.53,80.10,2.70,87.00,8.40,54.46,3,0,3.79
3.07,77.97,3.47,96.39,6.58,88.97,6,4,4.48
4.59,83.18,2.92,95.19,8.61,81.63,5,1,4.70
0.81,97.29,4.01,80.37,7.37,42.94,4,2,4.73
1.56,60.75,4.57,98.77,5.27,41.21,5,4,4.69
1.59,70.68,2.01,72.91,8.40,57.39,7,4,3.27
1.43,84.00,3.79,68.73,5.57,96.16,10,0,4.15
4.27,65.20,4.20,53.85,8.23,45.66,2,0,4.90
3.70,74.48,4.78,66.39,8.33,98.47,0,1,4.97
0.78,68.85,2.28,94.34,5.63,92.85,0,1,3.97
5.38,91.50,2.03,81.87,7.34,62.71,5,1,4.26
3.58,79.32,3.52,93.64,8.11,85.36,10,2,4.72
2.52,64.34,2.86,73.86,7.07,58.80,4,2,3.71
4.75,69.28,4.49,64.25,7.04,66.49,10,0,4.79
4.47,62.70,4.37,61.36,5.95,42.57,10,4,4.62
1.63,78.11,4.18,86.38,5.29,73.55,5,0,4.58
2.17,89.67,2.02,71.47,5.05,80.79,7,3,3.73
2.72,98.08,2.52,53.06,8.37,91.21,5,3,4.19
3.41,67.12,2.34,52.73,5.02,56.04,7,2,3.35
1.20,55.91,3.69,70.15,6.35,43.29,3,0,3.49
2.14,70.01,2.78,78.65,5.47,43.30,2,0,3.62
2.78,94.34,2.28,71.86,8.62,37.56,1,1,3.93
3.61,74.57,2.71,88.69,5.02,39.98,2,4,4.16
4.08,81.32,2.46,86.11,5.64,64.41,7,4,4.36
2.31,66.30,3.63,91.70,8.77,74.94,0,0,4.05
1.71,78.57,2.23,69.51,6.65,93.60,2,3,3.73
4.73,90.10,4.76,92.92,7.30,66.46,0,4,5.00
4.09,74.92,3.04,57.49,7.55,97.16,9,4,4.22
3.86,71.70,2.66,57.86,7.88,98.91,9,2,4.09
1.96,66.43,3.20,53.69,6.69,73.57,6,0,3.72
1.73,71.42,3.99,77.48,5.84,99.47,9,3,4.48
1.14,72.08,2.16,74.53,6.86,76.65,1,2,3.62
2.80,71.63,4.61,55.08,6.65,66.78,7,3,4.51
1.20,70.57,2.40,86.72,6.39,97.00,4,0,3.59
1.71,99.25,2.61,91.44,7.17,56.73,3,2,4.12
3.67,68.68,2.44,55.35,6.77,38.87,10,2,3.48
2.94,98.16,2.08,63.42,8.22,60.87,7,3,4.02
3.92,98.21,2.79,97.88,5.88,35.72,7,1,4.38
5.21,57.32,2.05,82.51,5.57,53.17,1,0,3.99
2.28,86.40,3.15,67.25,8.88,90.32,0,4,4.44
5.32,81.94,3.36,85.91,5.31,40.93,0,2,4.91
3.06,61.18,4.61,92.59,5.43,94.22,7,4,4.90
4.57,59.56,4.61,59.29,8.58,71.36,9,0,4.50
3.60,81.43,4.73,56.57,7.60,81.06,10,3,4.61
3.93,56.59,2.71,78.43,7.19,57.83,7,2,4.03
0.75,71.77,2.96,84.28,6.75,58.56,2,0,3.85
1.39,92.64,2.13,57.64,6.74,97.04,8,0,3.40
3.08,78.33,4.17,97.29,6.74,45.25,4,0,4.91
1.02,86.08,3.89,55.94,6.39,65.75,3,4,4.06
4.39,97.80,3.05,86.68,7.95,35.57,0,2,4.85
1.41,95.26,4.46,59.93,8.96,46.84,3,0,4.55
3.24,57.62,4.30,83.08,8.51,53.87,1,1,4.49
4.33,76.36,4.45,93.67,5.02,36.77,8,1,4.87
4.13,85.65,3.66,79.57,8.37,44.20,2,3,4.75
1.48,59.27,2.61,88.77,8.37,56.67,0,3,3.90
5.48,85.47,4.24,96.35,8.81,54.06,9,2,5.00
2.16,93.72,3.19,78.91,8.42,73.45,0,4,4.73
0.95,86.79,4.77,69.75,8.80,45.00,6,1,4.50
0.85,93.98,2.34,89.70,8.00,60.54,8,4,3.67
3.83,91.99,2.58,88.85,6.58,74.31,1,1,4.43
1.77,64.69,4.27,72.15,8.02,52.05,7,2,3.77
1.38,65.01,2.64,72.80,8.97,93.54,9,4,3.64
3.55,90.08,3.07,59.06,5.08,67.76,9,1,4.26
1.57,59.36,4.73,60.80,7.73,83.55,1,2,4.28
1.30,60.63,4.21,86.79,7.85,37.26,7,0,4.32
4.84,83.70,2.45,88.45,8.05,87.29,7,4,4.49
3.75,63.66,4.36,53.28,5.47,56.01,4,1,4.35
4.80,69.75,2.28,73.66,6.56,40.65,6,3,4.18
1.31,96.85,3.77,69.28,8.48,76.09,5,2,4.60
3.76,72.83,2.20,76.91,7.94,95.96,0,1,3.98
1.15,79.53,2.22,68.67,6.23,97.39,9,3,3.55
1.09,63.31,2.92,98.39,8.21,88.88,9,0,3.71
3.62,65.13,4.03,50.34,7.85,60.80,3,1,4.08
4.41,72.11,4.53,77.87,5.84,80.98,10,3,5.00
0.64,90.75,3.99,62.95,8.63,48.38,8,0,3.87
5.28,97.30,3.21,85.60,8.51,36.05,2,0,4.78
3.98,78.17,3.32,96.85,5.73,89.97,6,2,4.50
4.30,87.56,3.19,98.25,6.23,36.66,10,3,4.62
2.87,77.22,3.96,83.98,6.18,57.11,9,2,4.34
5.07,96.56,2.83,75.56,5.45,52.10,9,4,4.33
3.03,96.43,2.46,68.46,6.05,36.19,9,0,4.10
4.87,70.24,4.52,56.32,8.36,46.93,4,4,4.72
3.42,65.74,4.71,91.61,6.03,79.98,1,1,5.00
5.33,90.01,4.45,50.97,7.50,96.41,0,1,5.00
2.81,78.67,2.30,78.42,8.18,64.89,10,4,3.88
2.50,63.15,2.00,72.60,7.97,43.62,0,3,3.47
4.53,67.26,3.53,59.17,8.35,94.25,3,0,4.53
4.76,65.91,4.60,83.35,8.85,75.49,5,4,5.00
3.57,70.80,4.31,69.76,8.62,40.62,2,3,4.74
3.66,84.90,4.48,93.22,7.29,66.81,8,0,5.00
3.36,66.19,3.57,75.54,8.60,95.19,2,0,4.29
4.15,80.35,4.72,95.86,6.32,93.19,5,1,5.00
2.62,93.96,2.50,56.16,5.72,69.12,8,3,3.86
1.63,76.33,3.49,59.92,5.09,36.40,4,1,3.66
4.83,84.28,2.07,77.70,6.73,90.37,0,3,4.49
0.65,84.69,3.86,84.46,6.72,60.44,0,4,4.31
0.92,70.58,3.77,80.72,5.51,89.95,4,0,4.30
4.44,73.56,4.16,97.68,7.90,80.87,10,1,4.62
2.23,96.41,3.55,64.58,6.18,62.98,8,3,4.27
4.37,67.65,3.09,79.56,6.94,64.72,9,3,4.23
5.18,94.72,4.60,50.40,5.69,94.56,0,3,5.00
1.70,70.69,3.40,94.25,7.82,91.32,9,3,4.57
3.83,73.73,2.61,68.14,7.79,54.62,7,0,4.03
3.47,58.30,4.43,78.48,6.76,51.92,10,0,4.40
2.78,72.52,4.74,87.68,6.64,72.82,9,4,4.76
0.62,99.30,4.53,83.95,6.12,54.38,3,1,4.67
4.97,60.22,3.91,68.53,7.41,80.90,9,4,4.91
2.82,62.70,3.56,66.26,7.56,97.28,7,0,4.36
3.60,88.10,3.84,60.19,7.36,97.43,4,4,4.89
3.75,59.05,2.51,50.68,6.25,82.26,3,3,4.05
2.59,75.15,4.44,90.56,6.91,72.74,2,3,4.69
5.12,96.35,4.08,94.13,5.59,83.04,7,2,5.00
1.41,98.85,3.56,53.77,6.34,41.79,10,0,3.88
3.49,88.51,2.23,84.58,7.75,38.21,9,3,4.06
1.26,83.10,2.59,96.96,7.67,73.77,4,2,3.95
2.09,99.75,4.16,65.40,7.65,94.22,5,1,4.93
1.25,83.92,3.79,75.31,8.22,45.88,0,2,4.30
0.73,69.28,4.56,77.68,7.73,73.04,10,0,4.13
1.80,74.53,3.90,82.29,7.52,40.89,4,3,4.38
3.35,64.49,4.33,76.83,6.23,52.36,3,3,4.93
5.41,74.08,4.76,59.87,6.44,75.93,5,2,5.00
5.22,68.05,2.76,85.88,6.53,46.70,1,4,4.38
3.99,80.75,3.81,59.80,8.35,35.35,9,2,4.49
1.89,79.50,3.33,62.47,6.19,38.89,4,4,3.73
1.50,92.61,4.72,60.28,5.62,52.24,6,3,4.78
1.44,58.10,4.38,71.44,5.75,82.91,0,3,4.35
0.62,58.83,4.42,80.26,8.56,35.97,9,3,3.88
2.89,75.37,3.66,92.95,5.59,64.56,10,4,4.29
2.90,64.69,2.12,71.57,6.44,81.29,2,4,3.82
1.27,95.15,3.50,60.87,6.49,85.04,4,4,4.36
0.60,75.67,3.47,70.45,7.30,74.25,8,3,3.89
2.81,74.33,2.63,57.49,5.00,45.06,1,0,4.08
1.30,90.70,2.59,64.54,6.85,81.04,0,4,4.01
3.90,79.38,2.16,97.79,5.45,80.81,10,3,4.31
2.37,97.77,4.16,57.95,6.62,62.10,10,3,4.52
4.52,68.48,3.78,70.88,8.22,36.82,9,2,4.52
2.11,61.72,3.55,86.90,5.19,92.78,4,3,4.26
0.87,84.38,4.63,95.77,6.00,45.42,7,2,4.68
4.09,61.71,3.91,57.50,6.07,83.18,10,3,4.56
4.67,89.06,2.32,76.47,8.87,58.34,10,2,4.29
4.06,70.35,2.42,65.69,5.57,92.60,0,3,4.15
2.76,79.07,3.81,99.05,8.89,50.58,0,2,4.66
5.23,81.71,3.25,69.75,6.26,65.77,3,0,4.75
1.86,87.39,2.04,92.17,6.41,42.75,6,2,3.95
0.53,69.88,2.62,72.27,7.54,57.29,9,4,3.21
2.07,84.13,4.76,85.71,8.70,53.43,8,2,4.71
0.61,63.91,2.58,50.48,7.43,78.13,1,0,3.07
0.82,92.99,3.86,61.13,7.40,39.77,7,3,4.08
2.49,59.82,3.09,81.84,8.57,66.35,7,3,3.75
0.54,55.34,2.91,72.43,5.26,58.57,9,3,2.98
2.52,79.27,2.66,81.78,8.35,58.32,5,2,3.95
3.59,60.11,3.40,51.89,8.99,61.87,8,2,3.91
0.52,81.62,2.98,53.70,7.02,73.48,0,1,3.44
3.78,70.11,3.18,56.26,5.12,56.11,9,4,3.87
1.18,84.31,2.77,68.99,7.86,41.38,7,1,3.53
4.09,84.64,2.63,74.19,5.01,35.96,5,3,3.98
4.32,59.31,3.66,73.78,5.79,68.22,1,0,4.58
1.80,80.50,3.22,87.98,5.10,68.84,8,3,4.21
0.76,77.58,2.51,55.23,8.07,45.88,1,2,3.58
3.20,80.06,4.37,74.68,5.93,63.27,3,0,4.65
3.51,97.54,2.06,82.86,8.30,75.15,7,3,4.28
1.90,64.35,2.04,58.32,6.62,63.59,0,0,3.51
5.09,66.95,3.50,65.59,6.37,57.95,6,2,4.46
4.64,80.60,3.99,78.93,8.18,66.27,6,4,4.93
5.35,81.49,4.10,91.59,5.59,37.70,7,0,4.95
2.63,68.67,2.58,90.16,7.91,89.45,4,2,3.80
4.54,56.45,2.68,72.65,7.86,59.29,7,1,4.18
2.57,59.16,4.39,62.45,5.58,84.32,1,2,4.22
4.90,61.39,4.65,70.75,8.01,38.97,5,3,4.78
2.68,94.23,3.26,57.18,5.01,74.16,6,2,4.19
5.10,56.27,2.43,96.69,5.36,98.07,10,2,4.42
1.23,90.65,2.78,54.57,5.93,64.44,10,1,3.48
3.78,75.76,3.40,77.92,5.73,94.18,10,4,4.16
2.81,94.10,4.08,76.50,7.34,60.24,2,1,4.88
3.27,70.16,3.65,61.76,6.37,64.34,0,4,4.55
0.68,64.64,4.63,57.52,5.31,45.07,4,3,3.99
3.21,67.22,2.99,89.22,7.70,49.57,8,0,4.01
3.62,62.88,2.73,86.62,5.14,52.58,3,3,4.08
4.68,94.87,4.20,55.88,5.97,39.76,3,2,4.73
2.94,90.07,2.25,53.36,6.42,57.23,1,0,3.60
0.78,60.20,3.49,50.27,7.49,71.89,1,2,3.43
2.05,63.20,3.64,75.25,6.45,88.78,0,0,4.33
0.76,95.92,2.03,76.14,8.40,43.78,1,4,3.65
1.20,92.54,4.04,96.14,6.02,75.18,10,3,4.61
1.79,82.90,2.97,84.12,5.87,84.36,8,0,3.74
2.39,82.72,4.10,68.65,6.41,38.55,0,1,4.36
1.14,83.88,2.21,54.42,6.58,62.79,8,3,3.31
4.96,98.17,2.47,51.24,5.99,58.85,9,4,4.02
3.97,62.72,3.83,92.56,7.86,70.26,2,3,4.94
5.31,74.55,3.15,97.85,6.41,55.87,9,0,4.68
4.25,60.30,2.73,85.63,7.86,81.16,2,1,4.24
3.48,61.42,2.16,71.58,7.82,48.57,6,4,3.47
2.97,89.60,4.11,85.31,6.23,83.09,6,3,4.93
3.82,99.53,3.74,61.30,5.22,35.10,8,0,4.22
1.13,76.12,4.52,94.48,6.06,99.64,4,3,4.69
1.03,73.95,4.30,66.85,7.56,84.72,1,1,4.14
1.76,65.31,4.63,94.14,5.05,79.41,5,4,4.68
2.05,85.37,4.78,87.53,8.50,35.52,4,3,5.00
2.35,92.71,2.41,77.21,5.59,42.17,2,0,3.61
2.67,61.42,2.89,79.81,6.44,70.96,4,3,3.90
3.90,90.48,2.38,54.29,5.78,72.85,10,4,3.98
5.44,70.70,3.75,88.20,6.10,97.75,3,1,5.00
3.20,72.36,3.98,69.95,7.34,79.08,4,0,4.57
4.32,92.24,2.50,88.56,5.16,45.18,9,2,4.47
4.29,58.74,3.74,54.99,8.97,58.90,6,3,4.19
3.60,58.83,2.19,70.35,8.25,44.21,1,2,3.57
4.74,92.65,3.45,85.95,8.73,64.31,6,2,4.94
1.44,96.59,3.85,52.65,5.82,92.59,3,2,4.41
3.65,92.52,4.14,69.08,8.38,73.65,10,2,4.98
4.51,99.45,4.38,62.21,6.76,41.05,7,2,4.88
3.19,76.56,2.78,51.55,8.01,76.85,9,1,3.73
3.65,87.19,3.51,89.58,6.27,74.06,5,1,4.88
2.54,59.44,2.39,52.06,7.80,78.96,8,0,3.30
0.94,92.83,4.02,72.02,6.12,64.01,1,1,4.53
3.39,67.20,3.97,85.48,6.90,61.69,8,0,4.21
1.81,78.86,3.50,76.34,8.05,38.29,7,0,3.97
2.92,79.47,3.53,61.25,7.90,93.68,5,3,4.41
2.63,83.98,3.82,94.93,5.41,85.21,0,4,4.66
5.17,92.60,4.72,97.55,7.03,83.46,5,0,5.00
5.42,82.51,4.35,81.89,5.14,71.97,5,1,5.00
1.00,58.27,2.33,93.70,5.23,52.17,7,4,3.22
3.80,86.85,4.57,62.65,5.14,37.67,8,1,4.64
0.93,68.54,4.43,92.01,7.38,43.41,8,3,4.41
2.96,90.51,3.74,90.82,8.43,59.24,4,1,4.78
3.80,63.34,3.63,81.61,8.44,59.95,5,0,4.30
2.44,67.49,2.21,99.17,6.63,89.59,9,0,3.78
1.65,89.24,3.24,91.96,8.53,51.25,9,3,4.45
2.40,95.88,4.78,73.45,5.89,86.42,1,0,5.00
1.67,64.96,2.31,65.06,8.19,37.82,8,4,3.33
2.48,55.42,2.27,67.37,7.20,96.52,6,3,3.56
1.26,85.20,4.32,54.75,8.99,84.23,6,2,4.50
3.24,66.92,4.09,50.28,6.99,94.95,7,3,4.40
3.95,71.32,4.23,92.66,5.62,62.58,7,0,4.78
3.07,78.26,3.06,65.91,7.41,46.46,2,0,4.03
1.83,58.37,2.04,83.88,6.56,97.98,4,0,3.35
0.57,55.42,4.68,72.29,5.49,78.37,0,2,4.22
1.67,95.15,4.61,66.57,6.41,76.56,4,2,5.00
3.12,91.61,3.40,65.12,6.75,68.89,6,0,4.51
3.98,96.65,2.12,92.59,5.18,59.96,1,3,4.30
4.66,85.08,2.08,91.37,6.82,59.40,4,0,4.17
5.47,86.27,3.73,64.43,5.21,46.58,2,2,5.00
1.69,93.26,4.21,83.07,5.68,71.01,5,3,4.65
2.29,64.42,3.28,66.75,8.41,73.32,5,2,4.22
3.00,78.22,4.22,94.04,6.74,93.45,8,4,5.00
2.32,61.14,4.71,90.19,5.92,71.47,9,4,4.72
4.40,86.90,2.32,83.17,7.85,53.41,5,1,4.38
1.53,95.48,4.24,79.58,6.53,48.82,3,1,4.54
3.03,81.95,4.29,87.98,8.43,44.50,3,1,4.62
2.23,91.40,2.18,68.55,6.94,36.61,2,4,3.68
2.79,56.12,3.93,61.73,8.80,40.25,6,3,4.07
4.61,79.67,2.64,66.34,8.99,43.51,4,1,4.19
3.71,62.03,3.36,86.45,7.48,41.65,8,0,4.24
3.50,91.78,4.43,74.79,7.59,59.82,0,3,5.00
4.10,94.25,4.74,69.75,8.03,64.26,1,3,5.00
1.36,76.18,4.18,62.18,7.93,88.14,3,3,4.35
2.41,68.72,4.50,63.01,6.88,97.07,6,1,4.36
3.85,66.56,2.66,70.68,7.08,48.71,8,1,3.67
3.17,99.44,4.37,81.41,5.85,70.14,8,1,4.87
2.78,70.15,4.32,53.68,5.67,79.73,4,1,4.53
4.48,71.17,4.24,65.32,5.64,94.39,6,3,4.87
2.68,98.00,2.12,78.04,7.63,85.52,5,1,3.87
2.10,72.38,3.22,76.72,5.26,81.00,2,3,3.98
3.57,83.61,4.11,87.77,6.36,41.45,10,4,4.76
3.05,55.60,4.65,59.25,6.69,99.46,9,4,4.46
3.42,60.12,3.70,93.96,8.69,50.54,1,0,4.33
2.82,82.74,3.57,82.02,5.46,35.41,1,1,4.29
2.36,68.64,3.56,89.08,6.38,78.45,4,2,4.29
3.64,93.29,3.74,84.06,7.55,94.97,4,0,5.00
1.33,64.00,4.71,79.70,7.69,49.03,9,4,4.62
0.68,76.00,4.17,76.87,5.03,96.60,8,1,4.16
3.54,96.26,3.46,89.36,8.60,45.07,10,4,4.63
3.69,97.57,3.82,98.92,5.15,70.04,6,4,4.87
5.10,73.94,4.23,89.13,8.29,40.63,8,2,5.00
1.11,95.61,4.35,52.33,8.67,41.28,6,2,4.34
1.05,66.63,2.84,66.28,5.33,57.86,7,0,3.44
4.94,72.60,3.40,54.30,6.29,49.99,4,4,4.31
5.00,78.26,3.65,93.53,7.27,45.13,8,2,4.85
2.88,79.83,4.63,58.52,6.21,76.87,2,3,4.73
1.71,75.21,3.66,78.93,6.69,77.64,8,2,4.30
2.45,81.93,2.28,92.72,6.91,47.08,10,3,3.82
5.40,60.27,2.24,58.61,5.19,42.70,3,0,3.74
2.61,56.90,2.93,89.53,8.28,57.69,3,1,3.61
4.76,89.64,3.55,53.64,7.01,57.56,1,1,4.71
1.89,71.90,3.29,64.03,7.16,56.15,3,2,4.14
2.65,95.27,2.42,61.50,6.52,50.79,0,3,3.92
1.35,73.80,3.56,95.11,8.49,76.49,3,1,4.34
0.89,84.79,3.27,65.25,6.54,58.25,3,3,3.79
2.74,80.29,2.91,92.44,5.23,95.88,6,1,4.22
3.41,72.29,4.60,87.59,8.49,40.84,1,3,4.69
2.96,61.02,2.49,70.33,7.20,93.94,4,0,4.00
2.63,69.60,4.68,77.57,7.57,62.39,2,2,4.72
0.88,88.53,3.49,71.96,8.02,39.97,4,3,3.88
4.30,75.64,2.88,52.66,8.32,73.44,9,3,4.28
1.27,71.95,4.73,79.08,8.08,44.14,6,3,4.24
1.79,98.83,4.75,72.32,5.89,62.01,7,4,4.92
1.27,57.40,4.14,52.36,6.64,37.25,1,2,3.91
1.38,98.26,3.94,67.90,8.36,54.58,3,4,4.82
0.99,68.27,2.74,70.08,5.43,99.70,2,2,3.62
2.62,87.59,2.97,83.82,5.48,62.21,1,3,4.39
0.78,76.17,4.21,91.66,6.30,69.80,8,0,4.40
5.01,84.87,4.57,51.52,8.12,41.29,9,4,4.81
5.21,91.68,4.73,65.30,8.55,97.22,0,0,5.00
0.89,73.82,2.96,95.31,6.78,50.26,1,3,3.91
3.39,68.33,4.47,73.47,8.27,70.56,0,1,4.81
5.02,66.22,4.37,68.85,7.53,40.82,1,4,4.99
5.32,85.48,3.47,69.45,6.20,82.44,1,1,4.90
1.36,89.50,3.87,57.71,6.88,35.06,5,4,4.01
5.38,76.54,2.30,96.70,7.03,59.10,10,0,4.36
5.20,68.94,4.68,51.71,6.53,67.40,9,2,4.89
5.09,84.17,2.91,96.04,6.35,40.60,3,2,4.69
2.15,63.85,2.14,76.94,5.94,82.92,4,4,3.67
2.82,97.48,2.64,57.66,8.01,48.00,5,3,3.88
3.98,73.90,3.51,97.17,5.74,54.15,2,0,4.69
3.31,63.52,3.42,53.24,6.69,87.68,4,2,4.12
5.46,58.78,4.70,56.84,6.96,73.94,6,3,5.00
1.55,66.72,4.74,54.12,5.59,99.04,0,2,4.42
2.78,68.71,2.67,99.86,6.94,41.73,0,1,3.89
1.53,87.09,3.39,61.17,8.21,77.67,6,1,4.08
3.51,62.47,4.21,70.16,5.65,83.13,5,2,4.42
2.90,92.45,2.03,70.20,7.29,81.55,4,0,4.03
0.95,87.24,4.08,86.39,8.45,53.84,2,0,4.13
5.40,64.16,4.10,50.22,8.81,42.33,1,2,4.53
4.59,58.44,4.70,69.75,8.45,51.18,9,1,4.84
0.91,70.93,2.53,85.52,5.21,93.08,3,3,3.51
1.52,79.23,3.12,75.52,8.36,47.41,5,1,3.72
3.75,61.98,3.18,94.61,5.86,54.65,5,4,4.29
4.81,68.70,2.47,73.02,5.97,59.09,0,2,4.10
4.66,77.76,3.37,72.04,5.11,66.70,10,3,4.56
2.41,87.78,3.68,67.77,7.80,80.67,9,3,4.44
0.54,84.90,2.59,93.52,8.71,58.72,0,1,4.05
5.09,99.33,3.59,57.26,7.94,75.59,3,3,4.98
4.11,60.57,2.84,98.30,6.68,89.82,7,4,4.53
4.01,95.59,2.45,95.34,6.77,81.28,3,2,4.66
5.17,60.95,3.60,72.37,6.63,40.13,1,0,4.38
3.46,74.80,2.01,91.64,8.77,80.33,4,3,4.16
5.28,76.85,3.96,74.17,7.57,62.19,10,4,5.00
1.76,79.53,3.51,85.33,6.34,52.60,4,2,4.15
4.67,73.51,2.52,50.72,7.84,99.15,9,1,3.77
2.57,93.27,2.67,62.70,7.44,63.92,3,0,4.30
1.93,84.74,3.00,94.26,5.10,50.75,2,3,4.21
1.99,85.03,2.42,68.38,6.30,90.33,8,4,3.94
1.87,70.76,3.97,50.78,6.57,91.69,6,0,3.98
3.51,74.69,2.22,70.79,5.68,66.54,0,2,3.78
3.05,93.87,3.91,74.25,5.97,51.64,2,0,4.59
3.11,73.25,4.04,70.86,6.92,86.35,2,2,4.52
1.87,98.84,4.26,70.35,8.61,54.22,1,3,4.88
2.73,90.39,2.15,93.01,7.59,50.47,8,3,4.18
2.29,58.81,3.19,64.81,5.20,67.02,5,2,3.74
0.94,91.79,2.22,82.92,5.04,89.88,6,0,3.67
1.20,95.79,2.08,98.70,6.20,85.95,8,0,3.69
4.93,97.23,3.84,88.87,6.37,36.92,10,1,4.93
0.59,71.68,4.62,66.52,7.81,87.22,10,1,4.18
4.21,84.99,2.48,97.92,6.58,60.35,10,3,4.16
5.30,78.76,4.27,87.79,8.85,97.25,6,0,5.00
1.94,67.35,2.57,79.78,5.16,57.62,10,0,3.28
3.53,65.45,2.59,56.77,6.80,52.25,1,2,3.65
3.38,74.24,3.24,74.63,6.50,65.76,1,3,4.43
2.55,72.57,3.09,72.48,6.21,36.86,9,4,3.96
1.96,93.22,2.23,52.53,8.84,95.00,5,2,3.96
0.82,76.38,3.48,92.34,8.72,83.53,8,4,4.00
4.69,89.67,2.52,55.17,8.96,54.69,8,3,4.34
5.07,56.62,4.46,64.39,8.09,40.17,4,4,4.55
3.34,60.35,2.43,71.47,7.00,82.36,3,1,3.53
4.56,80.00,3.04,98.20,8.64,42.04,7,2,4.68
4.83,96.89,4.33,88.75,5.44,37.37,4,1,5.00
5.45,56.87,2.25,73.71,5.66,92.15,0,4,3.91
4.45,72.89,2.62,84.13,8.99,89.55,6,1,4.14
1.16,58.75,4.41,92.33,8.66,69.88,4,0,4.22
3.37,90.26,2.58,70.42,6.16,96.82,1,2,4.19
3.66,56.43,2.04,91.05,6.77,81.54,6,3,3.63
2.33,58.49,3.72,96.78,5.06,93.49,7,3,4.33
3.72,84.14,4.31,85.30,6.99,83.88,3,0,5.00
0.62,72.86,4.39,54.12,7.40,69.04,7,4,4.28
4.37,79.50,3.79,75.54,7.53,99.16,1,0,4.80
0.86,66.19,3.96,59.28,7.34,63.17,8,4,3.90
5.12,74.40,3.27,64.65,5.58,51.13,9,0,4.13
4.93,98.38,3.10,65.50,7.49,59.54,5,4,4.92
0.64,66.63,3.48,71.23,8.49,58.33,1,1,3.76
1.18,94.69,2.61,70.95,6.06,88.52,6,0,3.87
1.23,86.86,2.66,63.89,6.48,57.26,2,3,3.97
3.10,55.52,2.30,65.23,6.46,47.24,2,4,3.75
3.08,80.94,4.32,53.27,8.75,64.33,2,1,4.48
1.89,99.00,3.74,67.43,7.91,74.23,7,1,4.52
1.66,98.02,3.38,76.11,5.26,84.19,1,0,4.51
3.90,90.55,3.30,69.63,8.96,49.30,5,2,4.71
2.01,82.25,3.47,50.87,6.85,74.22,8,0,4.09
2.41,79.35,2.59,94.13,7.53,82.74,7,1,4.19
3.02,98.86,3.59,76.37,7.03,54.14,7,3,4.55
1.51,85.25,3.56,66.63,7.17,45.07,10,2,3.98
0.56,70.14,3.63,97.51,8.34,59.69,1,0,4.13
1.49,56.94,2.89,51.00,5.16,39.14,5,2,3.13
2.72,84.31,2.73,51.03,6.36,91.02,2,0,3.69
2.45,70.62,3.91,94.92,5.41,91.08,6,2,4.56
0.94,93.10,3.88,99.24,6.94,54.21,10,3,4.53
0.67,96.09,2.79,75.07,6.46,42.45,2,1,3.81
1.07,75.07,4.24,71.10,7.48,90.24,3,2,4.66
2.74,83.77,2.10,91.85,7.19,88.97,4,2,4.26
1.11,56.19,4.61,85.01,5.89,73.49,7,1,4.19
3.39,84.99,3.59,76.49,6.04,65.06,5,1,4.67
4.28,96.49,2.33,96.79,6.01,55.48,7,3,4.22
4.87,63.73,2.98,71.91,7.99,35.22,9,4,3.99
3.21,62.24,3.68,60.80,5.44,82.31,4,1,4.05
4.43,79.00,2.74,74.33,7.79,91.63,5,1,4.34
3.27,82.12,4.59,58.64,5.11,45.24,8,3,4.72
0.58,96.96,4.67,54.58,7.98,38.41,7,3,4.23
3.18,65.52,3.81,77.98,5.11,59.73,2,3,4.43
1.08,94.19,4.78,59.34,5.81,86.12,3,1,4.60
3.54,66.52,2.69,51.95,7.57,49.74,3,1,3.62
4.12,78.87,4.28,67.64,8.83,49.25,1,0,5.00
5.34,84.42,3.14,94.22,7.01,48.73,2,3,4.86
1.82,97.51,4.09,73.91,6.62,58.86,10,2,4.60
4.78,58.87,2.01,53.61,7.45,63.22,4,4,3.79
2.07,92.43,2.12,64.69,8.66,79.69,3,2,3.67
4.56,55.63,3.97,96.32,5.37,93.31,7,1,4.73
4.36,56.06,2.26,59.38,8.99,69.04,5,1,3.86
0.54,82.80,3.28,82.36,7.99,42.66,3,0,3.89
4.01,60.35,3.36,73.92,8.50,40.60,0,4,4.14
4.53,75.49,2.30,86.29,5.01,76.53,10,3,4.05
1.64,72.54,3.83,81.75,7.70,45.35,5,3,4.13
5.38,92.00,2.64,85.44,5.45,64.70,3,4,4.86
3.31,66.13,2.02,83.96,5.20,40.52,5,2,3.67
4.96,98.17,3.61,81.52,6.74,98.43,8,4,5.00
4.29,74.11,2.50,86.30,5.17,52.07,8,3,3.86
4.63,83.80,4.31,52.16,7.10,71.86,10,1,4.74
1.28,76.00,3.46,93.09,5.35,58.15,2,3,4.12
1.35,72.08,2.36,51.00,5.44,49.94,0,3,3.11
4.29,56.76,2.16,51.81,7.84,44.00,7,4,3.34
1.91,91.45,2.42,64.04,5.93,74.97,10,4,3.57
1.63,61.31,2.53,77.13,5.98,60.58,2,2,3.41
2.03,91.77,3.95,50.52,6.13,48.06,4,0,4.10
5.24,94.80,4.69,78.45,5.04,48.77,6,2,5.00
2.54,73.65,3.91,74.56,8.25,73.09,2,3,4.73
0.99,85.53,2.89,58.13,6.39,66.26,9,2,3.63
3.45,95.46,4.66,98.20,6.84,45.41,7,0,5.00
3.69,99.20,3.25,54.75,5.88,62.51,1,0,4.41
0.78,60.09,2.49,96.85,7.01,63.68,5,0,3.62
2.06,89.51,3.76,88.34,6.09,92.48,7,2,4.61
3.77,73.99,3.04,70.18,5.51,62.08,5,4,4.26
0.63,60.72,3.44,86.20,5.75,81.95,3,0,3.69
1.40,67.83,3.91,82.24,7.51,88.59,7,2,4.23
1.53,79.55,3.84,61.43,7.75,48.21,7,1,3.91
4.76,73.94,4.50,63.39,5.59,89.53,6,1,4.84
1.60,79.07,4.24,87.91,6.52,82.01,9,1,4.40
2.03,78.33,2.16,86.83,7.42,64.71,7,4,3.83
1.21,88.33,2.55,77.50,8.77,59.12,5,1,3.96
1.94,90.12,3.62,72.93,7.41,89.62,10,1,4.35
3.67,89.37,4.04,99.05,7.18,50.92,4,2,4.93
5.46,81.29,4.32,58.22,8.60,67.95,2,2,5.00
1.55,78.53,3.57,51.63,5.48,41.36,0,2,3.99
4.01,55.36,3.45,85.90,5.03,46.51,3,2,4.24
2.23,99.35,2.72,61.38,8.37,53.05,10,4,4.06
0.86,61.54,4.52,80.76,5.85,55.62,7,4,4.11
3.94,76.66,2.94,75.30,8.86,50.22,9,2,4.33
2.76,60.81,2.89,50.96,7.36,39.20,5,2,3.48
3.94,56.48,2.21,61.19,7.50,93.80,6,0,3.67
0.85,76.32,2.25,85.73,6.82,74.74,3,1,3.90
5.29,60.21,2.51,74.63,6.46,77.46,9,1,4.07
4.80,73.14,3.49,84.07,7.75,44.25,5,1,4.65
1.40,98.06,2.43,79.41,7.08,38.53,10,1,3.79
2.17,92.04,3.16,93.60,7.08,47.54,9,4,4.27
3.04,87.48,2.63,63.19,5.03,60.55,1,2,4.01
1.18,58.47,2.05,72.74,5.50,47.63,6,0,3.08
3.71,73.69,3.89,86.31,7.65,39.47,6,1,4.70
1.34,62.34,2.77,63.83,5.08,84.69,0,4,3.42
4.28,69.94,3.91,58.88,7.89,60.08,1,1,4.33
2.35,72.80,2.60,79.02,5.49,42.00,8,4,3.46
4.08,58.74,2.06,99.41,7.74,84.38,0,3,4.23
3.91,77.09,3.46,65.56,6.36,50.95,10,2,4.16
4.83,71.50,4.59,66.74,8.70,89.68,9,0,4.92
3.61,66.78,3.59,62.21,5.84,94.47,7,3,4.29
2.83,68.38,4.59,91.57,8.74,86.73,7,0,4.86
5.18,86.33,4.29,54.53,6.67,45.47,2,3,5.00
0.96,97.63,2.38,81.16,7.97,85.81,6,3,3.98
1.00,62.01,3.88,52.39,7.28,47.67,6,1,3.52
5.44,56.40,4.25,62.30,5.54,57.87,4,4,4.75
4.26,79.91,2.65,80.27,5.69,57.11,7,0,3.86
0.55,63.50,2.13,90.58,5.80,71.08,9,3,3.44
1.77,59.50,4.17,59.84,6.98,41.40,8,2,3.93
2.95,62.83,2.54,68.16,7.04,45.60,1,3,3.61
0.73,92.21,4.64,95.02,6.96,59.21,1,3,4.86
4.68,98.19,2.38,75.61,6.88,61.71,8,4,4.63
5.12,97.27,2.28,96.10,6.45,54.25,1,0,4.55
3.57,74.07,2.78,76.05,7.70,86.54,5,3,4.58
3.18,81.65,3.71,74.71,5.66,70.20,3,2,4.47
5.16,81.41,2.76,59.64,8.52,81.79,10,2,4.31
3.62,62.76,2.37,56.85,7.62,40.72,0,2,3.67
3.46,80.45,2.04,52.92,5.49,77.55,4,3,3.61
2.93,61.45,4.22,50.42,8.83,63.41,2,1,4.37
2.97,99.85,4.73,99.66,5.80,70.95,2,4,5.00
3.99,58.59,3.69,91.45,7.64,81.27,5,0,4.49
3.34,85.17,4.44,96.86,5.42,59.67,8,3,4.99
3.18,62.57,4.53,52.89,8.08,58.84,5,0,4.18
3.02,70.07,4.41,52.76,8.00,57.05,1,4,4.56
3.49,82.64,3.18,63.30,7.19,98.55,0,2,4.71
1.56,94.18,3.62,57.68,5.76,46.03,6,0,3.94
3.36,89.21,3.95,85.92,8.83,81.60,4,2,5.00
4.25,94.46,2.47,71.34,7.43,75.51,4,4,4.49
4.24,66.07,2.61,54.92,8.84,35.54,10,3,3.59
5.42,94.38,2.80,97.28,5.77,72.09,6,0,5.00
0.89,68.42,3.69,72.70,7.18,75.25,5,0,3.55
2.13,83.68,4.11,57.04,6.69,68.36,3,4,4.59
2.25,72.78,3.34,72.33,5.89,53.40,0,3,4.10
1.13,88.95,4.73,98.40,8.52,57.03,4,3,4.79
4.15,86.96,2.56,84.49,6.80,87.33,0,3,4.42
5.12,98.80,3.63,61.98,6.95,96.36,5,4,5.00
1.19,93.89,2.74,82.47,8.16,53.24,2,4,3.99
3.88,80.85,4.16,92.74,5.80,55.15,8,3,4.87
1.39,55.10,2.79,59.62,5.15,73.96,10,4,3.10
1.53,77.60,4.02,93.00,7.00,36.38,9,0,4.26
2.45,59.08,2.45,84.33,5.01,50.27,8,2,3.35
1.22,56.55,3.43,83.81,6.81,60.44,1,0,3.82
4.77,96.82,3.65,93.16,5.30,44.08,9,3,5.00
4.47,56.38,3.55,72.48,5.66,94.94,3,2,4.61
1.97,88.77,2.35,71.13,8.35,49.31,5,0,3.54
1.11,89.28,3.14,86.70,6.15,79.84,9,0,4.12
3.35,61.11,2.83,56.57,7.08,47.12,9,0,3.53
1.83,78.64,3.86,83.44,8.72,55.33,3,2,4.34
0.51,66.78,2.24,98.77,7.32,60.90,8,1,3.09
0.63,72.07,4.53,71.72,6.21,87.63,8,1,4.36
1.88,98.56,2.72,77.28,8.91,52.59,2,2,4.28
3.82,79.75,3.36,58.90,8.10,48.87,1,1,4.36
4.06,75.68,4.50,96.19,8.44,88.72,5,1,5.00
1.56,88.41,4.41,62.09,7.55,68.96,5,4,4.57
3.48,68.59,3.95,56.32,7.32,52.63,9,0,4.13
4.49,84.86,3.82,72.19,7.05,90.49,6,2,4.74
1.85,58.54,4.19,76.90,8.44,64.61,2,4,4.29
1.32,78.12,3.29,55.91,7.98,93.88,2,3,4.02
3.99,59.81,3.87,78.15,6.71,60.06,0,0,4.57
5.33,76.93,2.69,68.01,5.27,61.80,2,4,4.45
5.04,65.54,3.69,77.69,5.99,82.92,7,1,4.79
2.32,84.40,4.79,67.02,6.40,76.34,7,0,4.74
3.74,87.92,4.11,84.99,7.80,41.02,8,3,5.00
2.82,92.64,2.50,87.55,6.44,56.17,8,1,4.23
4.30,72.37,4.58,90.94,6.57,65.32,5,0,5.00
1.72,97.18,3.30,87.77,7.34,40.16,4,2,4.37
3.77,93.06,4.67,51.60,8.15,65.02,2,2,5.00
5.10,89.85,3.22,73.95,8.57,66.18,4,0,4.75
4.99,86.98,3.04,93.07,9.00,70.05,8,0,4.67
3.99,58.72,2.26,53.72,8.23,53.35,1,3,3.57
2.86,89.86,3.64,51.37,8.36,50.46,9,2,4.01
1.10,72.82,4.33,51.42,6.91,68.13,3,2,4.17
2.95,59.81,3.44,57.52,5.80,76.32,10,2,3.72
1.64,76.34,2.39,88.77,8.57,53.55,0,3,3.79
2.91,58.73,2.72,95.81,8.53,59.86,6,1,4.05
2.12,74.69,2.51,54.23,7.77,95.86,7,4,3.64
4.44,77.54,2.56,78.43,5.25,74.05,3,3,4.24
4.70,55.64,2.68,91.78,5.05,99.21,10,4,4.20
4.01,83.25,4.61,55.28,5.00,66.36,6,0,4.78
0.93,64.32,4.53,96.10,8.90,73.62,6,0,4.55
2.53,82.03,4.62,98.31,7.77,45.90,8,2,4.79
1.40,70.93,4.48,94.00,6.66,65.80,3,4,4.65
3.14,86.81,4.68,79.03,8.42,41.45,2,0,4.73
3.84,56.75,4.09,61.32,8.77,89.91,9,1,4.67
4.70,62.94,4.42,85.12,6.30,38.69,1,2,4.86
3.19,95.95,4.59,57.87,8.07,41.09,4,0,4.84
2.07,84.65,3.41,55.45,6.46,95.47,5,2,4.16
1.35,95.92,3.39,66.80,6.58,35.30,6,4,4.15
1.29,82.66,4.21,53.64,8.88,64.14,3,0,3.92
0.86,87.91,4.43,73.67,7.51,99.16,4,2,4.51
2.26,71.16,2.05,59.39,7.65,89.29,3,1,3.39
3.65,63.89,3.36,83.22,7.85,52.42,9,2,4.30
0.62,75.55,4.21,88.44,7.49,74.42,4,3,4.59
5.45,77.39,4.67,95.22,8.01,70.77,8,2,5.00
5.23,77.79,3.83,59.65,5.21,35.46,3,3,4.77
2.62,97.39,3.67,89.83,8.99,47.55,9,4,4.82
3.35,90.46,4.46,84.55,7.38,73.96,4,3,5.00
3.68,97.08,2.39,82.33,7.09,55.93,6,4,4.61
3.63,64.52,3.85,53.92,7.80,86.90,5,1,4.37
3.57,73.94,2.52,85.85,6.61,73.09,8,1,3.93
1.67,94.02,3.87,64.78,5.71,68.40,10,1,4.17
1.88,78.38,3.79,56.11,8.29,44.05,2,3,4.04
4.79,62.45,3.88,73.87,8.64,76.46,0,0,4.89
4.87,75.07,3.02,93.38,7.32,84.90,5,1,4.38
5.24,96.66,3.23,71.56,7.80,71.40,8,1,4.72
4.50,83.76,4.46,73.93,8.90,57.93,2,1,5.00
3.76,84.70,2.81,61.22,7.10,55.32,2,1,4.09
3.65,95.23,2.16,93.59,6.41,52.27,9,4,4.21
3.18,95.12,4.07,78.56,7.06,48.01,0,1,5.00
1.85,63.58,4.26,77.30,5.75,51.28,9,0,4.30
3.72,86.91,4.12,70.85,7.12,97.95,3,0,4.88
1.95,86.01,2.89,80.61,7.27,62.98,9,3,4.07
2.92,58.48,4.36,77.87,6.17,87.01,10,4,4.64
2.90,91.06,4.25,83.41,8.31,65.93,10,1,4.97
4.15,56.39,2.85,50.21,5.54,74.69,7,1,3.76
2.93,67.31,4.17,61.16,7.30,68.13,1,1,4.38
2.89,58.79,2.64,97.24,7.32,36.26,7,3,3.67
1.09,74.04,4.23,58.51,5.21,79.33,7,3,4.23
0.67,82.26,4.61,65.15,6.34,88.58,1,4,4.73
4.72,59.97,4.78,73.42,7.77,54.03,7,2,4.69
3.01,95.69,2.71,68.31,7.58,42.58,10,2,3.94
1.19,61.44,4.38,54.79,5.81,61.65,10,1,3.64
1.55,60.82,3.08,77.58,6.19,67.98,3,2,3.58
4.51,84.12,4.75,65.60,7.30,95.02,10,3,5.00
1.47,89.52,3.70,81.50,6.48,91.88,7,3,4.57
2.41,81.94,4.32,79.20,6.88,91.42,9,1,4.81
0.87,68.78,2.12,56.41,6.34,69.96,2,1,3.26
1.61,80.84,2.53,64.58,8.88,72.94,7,4,3.83
1.77,62.76,3.96,89.21,6.10,35.99,9,4,3.85
2.65,61.86,4.57,83.36,8.52,41.28,3,4,4.54
4.67,76.73,4.64,99.75,7.19,40.98,8,4,5.00
4.68,99.20,3.24,89.62,7.92,100.00,10,4,5.00
3.48,78.41,4.75,68.77,6.08,66.34,0,2,5.00
2.36,98.93,3.48,50.63,7.66,62.03,2,2,4.53
3.19,57.38,3.61,53.16,7.81,71.54,0,1,4.08
1.44,88.17,4.07,92.75,5.31,82.48,9,1,4.58
2.27,94.60,3.74,84.27,8.06,36.52,7,1,4.42
4.14,70.88,2.94,74.96,8.06,50.50,10,4,4.23
3.58,97.84,2.59,68.13,8.46,91.16,4,4,4.60
3.62,68.53,2.07,88.12,7.16,61.82,1,2,4.13
4.26,92.14,4.16,54.10,8.56,62.12,6,1,5.00
1.74,82.68,3.69,87.02,5.38,57.14,8,4,4.23
1.51,63.02,3.45,85.15,7.04,55.34,3,0,3.98
4.88,60.77,3.17,62.46,6.98,57.56,10,0,4.04
0.97,93.24,3.87,63.38,6.08,76.36,5,2,4.20
2.03,72.68,4.37,50.06,7.67,88.63,7,3,4.28
1.78,63.87,2.85,50.60,7.36,96.88,1,4,3.77
5.26,66.38,3.15,67.82,8.00,45.62,10,2,4.27
0.53,60.03,3.18,58.44,8.06,70.82,1,4,3.58
1.42,94.60,3.10,65.11,6.79,62.02,9,4,4.04
3.83,94.91,2.37,82.78,5.71,74.49,4,2,3.85
1.30,62.70,4.50,73.02,7.17,63.16,10,2,4.15
0.88,71.71,2.59,95.32,6.81,97.41,10,1,3.65
2.79,71.19,4.03,91.66,7.03,56.72,9,1,4.49
5.18,97.57,3.57,88.95,6.41,41.81,5,2,5.00
0.96,90.78,4.61,83.20,6.84,92.09,3,0,4.68
3.85,73.96,2.12,82.89,8.69,38.48,6,0,3.66
1.63,80.62,4.53,65.34,6.47,36.59,4,2,4.17
0.59,80.00,4.31,78.93,8.17,70.42,9,3,4.19
2.36,87.91,2.43,65.68,5.09,54.74,5,3,3.73
2.62,99.04,2.90,73.07,5.84,92.98,5,3,4.70
5.02,55.89,2.32,99.43,7.70,69.54,8,1,4.16
4.74,57.13,2.86,54.12,6.20,49.66,5,2,3.91
0.94,86.22,2.34,70.95,5.62,50.11,6,4,3.64
1.87,78.06,2.45,81.50,8.04,66.59,8,3,3.69
4.44,82.00,4.24,87.42,6.43,95.33,2,3,5.00
2.77,70.07,4.72,53.12,8.61,39.70,0,0,4.54
2.70,66.95,2.34,94.05,7.24,50.53,0,4,4.22
4.25,92.09,2.94,90.93,7.15,66.13,8,1,4.42
1.87,96.52,2.82,88.69,8.65,39.35,8,2,4.12
3.90,69.99,3.45,50.12,8.50,84.16,6,1,4.14
4.33,58.00,3.41,91.15,5.99,45.03,4,1,4.11
0.55,87.19,4.71,78.25,5.32,86.30,8,1,4.47
4.01,87.37,2.62,78.73,5.85,47.72,1,0,4.19
4.93,92.92,3.90,98.24,6.59,99.59,3,3,5.00
4.85,70.48,3.40,87.85,6.31,73.98,0,4,4.91
4.18,57.99,3.07,87.43,7.41,78.93,10,3,4.17
4.40,55.63,2.15,95.76,7.49,54.63,4,3,4.31
2.11,86.41,3.13,83.98,8.77,68.16,3,4,4.37
1.66,76.68,3.36,84.49,5.42,48.72,3,2,4.01
1.86,60.83,4.13,68.71,5.04,37.36,1,2,3.97
3.28,91.15,2.77,51.29,6.79,56.16,6,1,4.09
3.40,88.20,4.24,65.94,7.92,67.94,2,2,5.00
4.31,88.75,3.23,65.82,6.99,47.51,3,3,4.24
1.24,69.42,2.17,83.46,8.03,43.92,0,4,3.68
3.64,93.74,4.59,65.93,5.61,39.04,4,0,4.96
0.61,83.54,3.35,83.74,8.36,80.98,5,4,4.18
2.72,64.59,4.13,73.73,8.79,60.92,3,1,4.40
4.94,75.81,2.33,95.79,8.22,50.20,4,4,4.33
1.00,57.26,3.31,72.05,6.21,80.50,9,1,3.49
1.88,80.23,3.34,63.32,8.41,39.40,10,4,4.01
3.97,62.92,2.68,65.29,5.14,36.18,7,3,3.71
0.79,67.42,4.39,99.18,6.58,39.32,8,1,4.36
1.07,87.90,4.77,85.19,6.13,65.12,7,0,4.69
3.86,91.95,4.19,82.95,6.65,70.08,3,3,5.00
0.88,62.97,2.60,88.96,8.38,85.90,3,1,3.72
2.67,62.06,4.10,84.99,5.15,51.63,2,4,4.55
2.52,86.42,3.54,85.85,7.30,44.78,4,2,4.38
4.99,86.94,4.59,72.00,7.06,56.28,7,1,5.00
1.16,65.25,3.40,93.48,7.42,46.45,7,3,3.75
2.75,76.44,3.98,74.13,5.50,97.27,3,2,4.49
2.48,61.44,2.07,84.66,5.70,55.83,9,1,3.33
1.42,93.26,3.23,92.53,5.71,83.19,8,2,4.32
3.49,58.34,2.87,64.84,5.38,97.90,3,4,4.18
3.69,92.92,2.90,78.30,8.74,77.09,4,4,4.84
0.74,95.93,4.18,51.67,7.74,62.93,4,4,4.46
0.53,82.76,2.19,90.81,7.37,98.00,1,0,3.76
4.38,91.01,3.25,69.97,8.60,51.33,3,4,4.73
3.84,55.30,3.32,68.62,6.02,90.03,1,4,4.32
2.37,59.49,3.19,74.58,7.32,72.95,5,2,4.07
2.25,96.37,3.93,87.52,5.77,51.10,2,1,4.75
1.58,97.27,3.09,78.71,6.73,45.72,2,2,4.30
4.75,87.55,2.24,99.69,8.66,43.63,3,4,4.69
4.56,60.26,3.40,90.38,8.31,45.31,8,1,4.39
1.05,90.16,4.34,80.92,5.81,44.83,4,3,4.29
3.40,83.84,4.21,61.81,5.78,78.95,4,1,4.57
2.61,76.01,2.07,61.18,6.69,35.57,9,1,3.20
0.92,91.62,4.66,80.33,5.45,39.48,8,3,4.39
4.44,92.17,3.73,63.21,5.17,65.15,4,3,4.58
4.31,86.56,2.08,84.73,8.35,64.78,0,0,4.19
1.64,80.76,3.30,72.05,7.45,64.90,9,4,3.82
0.84,77.11,3.46,75.56,7.82,43.70,2,3,4.06
5.14,71.27,2.57,57.19,8.72,98.06,7,3,4.36
4.88,68.70,2.16,96.78,5.63,53.22,4,0,4.19
2.23,97.55,4.75,72.86,6.00,74.47,9,1,4.75
2.23,66.72,2.40,91.97,8.92,38.99,4,0,3.26
3.89,87.63,3.52,89.21,5.04,70.51,4,0,4.73
3.64,75.29,4.67,69.99,8.43,70.61,10,2,5.00
2.22,96.99,2.16,52.28,7.23,59.64,2,0,3.80
3.59,84.72,4.60,85.88,5.93,44.02,1,3,5.00
4.56,73.80,3.10,61.97,6.30,94.72,3,0,4.36
0.96,81.33,4.40,75.08,5.96,54.10,4,2,4.31
1.39,86.56,2.47,81.91,5.62,70.17,2,3,3.84
0.67,97.47,4.62,76.35,5.51,87.35,6,0,4.63
3.98,70.65,2.46,74.96,7.34,50.29,3,3,4.14
2.53,66.90,3.93,96.82,8.57,95.15,0,0,4.49
4.44,57.59,3.87,50.17,8.06,37.89,0,4,4.09
3.74,83.80,4.71,86.40,8.17,77.48,3,2,5.00
3.47,98.20,2.10,85.64,5.12,65.04,10,3,4.35
2.82,89.26,2.06,84.42,6.13,80.85,8,2,3.88
2.70,64.15,4.62,75.75,7.59,91.81,4,2,4.69
1.16,94.93,2.18,91.62,5.64,93.79,4,3,4.10
0.91,62.32,2.14,63.60,7.09,78.44,7,1,2.90
4.52,58.59,4.70,73.28,8.91,42.92,10,0,4.55
3.88,77.16,2.02,51.64,6.48,92.43,1,0,3.66
4.48,61.16,3.86,92.88,6.80,74.47,5,3,4.79
1.18,86.81,3.21,76.66,5.61,90.03,7,0,3.90
2.10,85.50,3.05,98.71,6.34,82.16,2,4,4.43
1.96,61.80,4.17,55.62,8.98,89.99,10,1,4.17
2.68,69.72,2.37,57.21,6.82,52.48,4,0,3.50
1.04,59.74,4.40,51.57,7.17,95.43,5,1,4.25
3.97,94.10,3.81,76.57,6.52,96.37,3,3,5.00
3.28,94.80,2.02,87.81,6.07,77.74,7,1,3.95
3.29,82.00,3.24,95.96,7.69,89.17,10,3,4.98
3.60,93.24,4.40,53.09,7.47,45.63,3,1,4.58
3.88,92.63,3.65,54.97,7.44,41.01,0,2,4.58
1.34,90.61,2.99,87.10,8.78,55.18,5,4,4.17
4.11,99.00,2.70,91.34,6.01,43.45,10,4,4.75
2.68,89.47,4.17,76.75,5.33,66.00,10,4,4.53
4.92,81.35,4.14,54.10,6.21,84.87,10,1,4.92
0.75,68.05,4.07,68.48,6.98,81.12,10,3,3.99
0.99,70.37,2.82,84.79,8.50,98.31,1,3,3.85
2.75,85.12,3.26,59.69,6.39,67.62,5,4,4.21
2.52,98.79,4.62,83.06,5.25,67.89,9,4,4.81
0.74,77.98,3.75,90.02,6.46,68.44,0,0,4.32
2.53,92.97,2.83,63.67,6.20,82.96,6,0,4.07
3.17,91.21,3.29,74.76,8.04,83.42,9,0,4.40
0.79,60.72,3.15,61.29,8.95,39.57,7,0,3.40
2.56,63.34,3.18,88.41,5.84,85.53,7,3,4.04
0.58,92.45,4.46,86.97,8.79,93.87,5,2,4.65
4.04,93.73,3.72,55.57,6.52,41.03,8,1,4.49
1.91,66.79,4.40,88.97,6.92,61.44,7,2,4.51
3.45,68.58,4.79,86.39,5.46,85.17,0,4,5.00
4.04,62.52,4.68,82.71,6.01,75.91,2,1,4.81
4.91,62.06,4.13,72.61,6.59,73.44,7,4,4.72
1.00,85.23,4.39,76.52,6.41,83.65,0,0,4.65
5.11,97.03,3.54,79.17,8.61,65.64,4,1,5.00
4.34,95.49,4.05,97.36,6.62,49.33,5,0,5.00
4.78,56.13,3.87,70.58,8.01,90.58,10,0,4.89
4.45,60.41,3.44,83.91,5.13,74.28,5,0,4.34
4.70,80.47,4.33,63.06,5.66,93.77,1,3,5.00
3.48,60.69,4.14,99.99,6.80,57.40,4,2,4.74
2.84,88.30,3.00,82.17,5.45,45.21,1,4,4.57
3.21,63.57,4.36,85.54,6.98,63.51,10,4,4.50
2.26,69.68,4.04,74.12,5.82,50.37,10,3,4.35
0.76,59.87,4.33,93.61,6.10,97.43,5,1,4.41
4.32,68.30,3.23,51.14,8.31,90.47,3,0,4.62
3.61,56.11,4.54,93.64,7.62,35.09,10,2,4.66
3.07,74.31,4.08,73.04,5.91,85.77,4,3,4.53
0.93,68.75,3.80,79.48,5.31,85.30,4,4,4.04
4.51,73.59,2.23,97.33,8.35,39.97,1,2,4.10
0.58,55.60,2.38,66.14,6.36,56.30,10,1,2.85
0.92,86.22,2.96,99.65,6.67,67.52,9,4,4.13
0.79,97.27,3.63,60.75,8.38,76.64,4,3,4.38
2.59,94.22,3.42,53.94,5.50,80.48,3,0,4.12
2.32,66.71,2.98,80.29,6.06,40.92,2,3,3.98
2.61,84.21,4.35,70.34,7.49,63.55,6,4,5.00
4.79,83.87,4.62,66.53,8.62,37.23,10,0,5.00
3.37,96.63,3.09,67.86,8.73,89.12,4,3,4.70
3.06,56.69,2.73,78.87,8.43,84.76,5,0,3.72
4.47,63.74,4.78,55.71,6.33,94.95,3,1,4.78
3.63,90.52,3.91,56.17,5.33,93.37,4,2,4.80
4.86,88.73,4.01,97.82,5.54,87.65,10,4,5.00
0.53,71.38,4.30,80.23,5.34,85.66,9,3,4.08
2.15,81.74,4.28,81.33,8.06,72.37,7,2,4.58
5.04,94.71,3.82,86.92,5.20,70.68,4,0,5.00
4.54,59.04,3.21,81.16,8.52,56.88,2,1,4.65
2.51,98.88,3.52,94.07,8.27,35.02,6,4,4.73
1.26,88.35,2.57,97.41,8.75,95.01,0,0,3.98
2.63,71.24,4.07,88.87,7.13,93.93,2,4,4.65
0.74,64.42,3.82,58.01,6.19,79.59,8,0,4.01
3.45,95.03,3.33,98.05,6.68,72.27,5,3,4.76
3.05,68.56,4.56,58.54,5.95,49.52,6,3,4.32
3.70,59.31,3.70,87.46,5.08,67.79,2,1,4.37
5.19,83.12,4.67,96.42,7.65,45.05,4,4,5.00
1.80,81.15,3.80,61.88,6.85,82.73,9,4,3.80
5.10,72.63,3.10,74.58,5.19,68.56,2,2,4.45
4.38,59.06,4.12,67.33,7.77,47.34,6,0,4.26
3.16,64.73,3.59,93.37,5.47,72.96,4,0,4.04
2.41,57.40,3.61,92.67,5.56,72.21,10,4,4.17
2.42,82.41,2.63,99.98,5.48,42.25,2,3,4.38
2.50,94.69,4.52,80.11,5.21,43.42,3,3,4.82
1.48,97.02,3.52,73.51,8.88,58.50,0,1,4.47
4.03,58.61,3.01,61.84,5.16,64.93,3,2,4.09
0.63,62.19,3.83,88.58,5.86,36.26,2,3,3.79
0.63,75.48,3.44,81.20,8.53,46.12,1,0,3.66
2.64,57.95,4.60,83.21,6.84,67.69,10,2,4.41
2.33,73.00,3.06,98.78,7.22,80.41,8,1,4.32
3.56,60.63,2.86,55.44,8.48,56.99,8,1,3.80
4.90,65.57,3.50,66.44,6.31,56.91,9,1,4.30
1.67,61.80,3.01,77.64,5.93,76.97,6,1,3.85
5.32,81.28,3.85,97.54,8.64,80.17,4,0,5.00
4.77,75.51,2.75,77.40,5.72,41.40,1,0,4.03
4.58,72.16,2.34,57.58,7.53,80.52,5,2,3.95
3.22,65.31,4.44,91.69,8.87,46.22,7,3,4.61
4.67,98.89,2.31,75.41,8.75,37.76,6,0,4.61
1.59,94.35,2.35,80.86,5.78,90.80,9,4,3.76
4.48,70.11,3.37,77.34,5.71,99.71,3,2,4.51
3.64,56.07,3.16,56.16,6.22,98.82,9,0,3.74
4.36,75.39,2.50,91.78,7.64,97.72,5,4,4.50
3.89,67.63,2.30,91.50,5.10,81.60,1,0,4.14
5.48,56.48,2.53,60.44,6.09,84.28,8,0,4.14
4.84,80.09,2.76,89.95,8.40,60.62,9,4,4.40
1.37,96.21,2.85,81.00,7.77,40.22,3,2,4.08
2.08,69.35,3.81,74.42,5.22,52.03,7,3,3.88
4.05,62.08,3.69,86.93,5.91,71.27,6,4,4.36
4.86,88.31,3.51,95.74,8.60,88.24,9,2,5.00
4.34,94.82,3.07,55.00,6.01,64.49,8,4,4.48
0.78,91.67,4.72,74.07,8.14,35.99,1,4,4.41
2.10,69.95,4.19,53.41,7.97,38.42,7,0,3.92
2.09,72.28,3.53,61.12,7.34,94.39,1,3,4.38
1.91,85.31,3.09,54.54,7.04,52.49,7,0,3.88
0.60,95.94,3.08,80.89,8.24,86.47,1,1,4.34
2.52,83.20,4.37,94.67,6.66,51.42,9,2,4.70
0.76,87.93,4.56,84.58,6.51,54.88,3,0,4.52
2.82,85.20,3.61,83.59,5.87,35.87,2,1,4.20
0.58,76.67,3.45,51.90,6.27,82.82,1,3,4.05
5.08,68.44,4.77,58.71,5.17,58.65,0,1,4.88
1.54,55.72,4.53,90.88,6.61,57.81,10,2,4.23
4.97,83.40,4.50,62.38,8.05,75.02,5,2,5.00
1.89,74.09,2.71,90.31,5.90,39.03,6,3,3.63
4.50,69.66,4.69,89.39,5.09,40.96,4,4,4.89
2.21,60.46,4.08,84.65,6.89,89.94,1,0,4.02
4.33,96.82,2.08,58.75,5.33,61.07,2,3,4.14
2.14,86.04,3.81,89.67,8.62,47.44,9,3,4.57
4.05,78.00,4.22,55.04,8.00,51.56,7,2,4.56
0.88,82.74,4.65,93.19,8.66,64.17,5,1,4.60
4.13,72.07,2.48,61.91,6.36,47.81,5,1,4.17
0.82,61.20,2.37,80.68,5.65,62.51,0,3,3.21
3.02,91.14,3.67,67.66,8.12,45.51,2,4,4.49
1.75,66.64,3.88,51.30,8.33,45.11,10,3,3.95
3.53,70.43,3.15,98.68,7.99,50.48,2,2,4.39
2.82,80.37,3.55,83.76,9.00,78.80,6,3,4.53
1.48,98.15,4.03,51.01,6.64,45.00,8,0,4.43
5.30,59.77,2.55,87.49,7.93,35.08,4,1,4.19
2.83,86.58,3.05,92.43,7.87,57.62,6,1,4.27
1.38,56.04,4.70,66.58,8.26,85.68,0,2,4.49
4.49,66.17,2.36,96.41,8.51,49.34,10,1,3.85
2.76,60.34,3.60,78.47,8.17,92.79,5,3,4.33
5.47,73.09,3.33,55.96,6.87,66.04,2,3,4.49
1.15,93.34,2.16,99.47,6.99,43.81,6,1,3.91
1.72,65.63,2.34,91.38,7.40,85.67,0,3,3.84
3.18,91.93,3.11,82.43,7.39,76.20,5,1,4.45
0.86,78.31,2.33,97.94,8.87,98.23,10,4,3.55
0.58,78.70,4.56,79.74,5.93,93.10,5,4,4.30
2.04,72.56,3.52,77.87,6.87,77.93,1,2,4.19
4.26,93.62,3.03,71.29,5.41,74.31,2,3,4.67
1.58,78.30,2.15,93.67,5.34,51.96,9,3,3.61
4.21,90.56,4.36,55.70,5.14,77.13,4,3,4.94
2.81,76.11,2.06,51.82,6.74,44.65,8,0,3.44
4.16,72.53,2.96,61.48,6.99,40.00,7,1,4.13
3.99,71.58,2.51,66.70,5.08,76.81,5,0,4.09
3.17,92.60,3.91,92.23,5.92,97.89,9,0,5.00
1.68,89.56,3.19,52.60,8.49,74.23,1,4,4.18
2.44,87.86,2.74,50.10,6.93,97.82,10,0,3.75
2.55,77.19,3.99,87.19,7.14,54.27,6,1,4.53
2.28,57.68,4.33,85.24,8.50,65.68,1,4,4.44
4.74,83.99,3.23,60.81,7.63,77.74,4,0,4.72
4.14,97.11,2.86,89.05,5.18,85.61,6,0,4.44
3.96,57.46,3.75,59.45,6.96,88.75,8,1,4.35
3.33,88.25,4.24,76.53,7.42,99.85,2,1,4.90
4.89,62.15,4.27,96.04,6.66,93.93,9,0,5.00
1.43,61.37,3.13,72.26,7.49,73.32,1,2,3.72
4.60,83.81,4.16,89.51,6.76,69.29,5,4,5.00
1.22,95.25,3.26,89.83,6.30,88.64,7,2,4.19
2.42,70.16,2.23,88.03,7.26,67.58,7,3,3.56
3.67,55.85,3.00,98.07,6.44,54.06,8,3,3.91
4.09,86.40,4.02,52.94,7.02,74.66,6,0,4.97
3.46,95.27,2.62,78.77,5.82,99.52,5,0,4.25
4.57,94.21,3.70,99.66,8.08,90.95,7,3,5.00
0.64,65.36,4.17,69.42,7.37,45.07,9,2,3.89
2.14,58.89,4.53,65.59,8.85,68.24,6,1,4.48
4.00,62.39,4.38,63.81,8.60,57.67,0,4,4.76
2.92,85.30,3.62,83.79,5.41,77.08,7,0,4.63
0.68,79.66,4.31,94.78,6.65,87.37,5,0,4.64
4.84,62.14,4.18,53.84,5.95,45.09,7,2,4.33
3.14,93.25,3.50,87.01,7.49,83.96,9,4,4.71
2.11,88.08,2.15,94.09,5.17,37.55,9,0,3.71
1.52,68.06,2.81,66.40,7.85,83.42,5,1,3.45
1.56,65.93,4.67,81.59,5.56,63.74,5,3,4.21
4.42,60.17,4.66,88.09,5.21,89.00,9,2,4.77
3.82,63.05,2.27,95.25,5.44,71.19,8,0,3.95
1.94,75.40,3.54,82.33,7.94,57.82,7,3,3.93
0.86,79.58,2.46,91.09,6.24,82.12,8,0,3.52
4.98,85.57,4.29,84.52,6.73,68.11,7,0,5.00
3.01,83.42,3.52,51.77,7.37,72.29,9,0,4.10
1.90,83.61,2.04,88.91,5.89,35.39,1,3,3.77
5.34,59.72,2.91,51.81,6.62,72.50,4,4,4.27
2.25,90.45,2.83,57.22,7.01,82.13,7,2,3.95
3.24,90.28,4.57,58.60,7.33,81.98,2,1,4.88
2.29,88.07,2.40,50.82,6.01,40.80,6,1,3.75
2.83,95.32,4.20,96.61,8.67,78.02,5,0,4.97
4.94,65.16,2.91,64.00,6.51,87.62,3,1,4.57
3.81,64.83,3.60,97.28,8.47,79.92,5,1,4.78
3.67,96.12,2.06,95.31,6.49,37.16,2,4,4.28
5.29,82.81,2.15,67.16,8.47,47.23,6,2,3.93
1.63,88.07,2.89,90.87,8.21,52.18,2,3,4.27
0.81,88.91,4.06,89.64,5.72,38.23,6,4,4.31
2.46,83.52,4.47,95.98,8.00,74.37,0,4,4.99
0.89,59.15,3.49,67.35,7.28,83.53,4,0,3.64
1.01,71.52,3.67,60.70,6.63,58.89,8,0,3.59
5.43,98.78,4.43,85.11,6.70,38.89,10,1,5.00
0.54,55.73,3.60,79.42,7.63,79.93,1,4,3.98
3.89,94.56,3.53,97.26,5.51,67.00,8,0,4.74
2.04,67.90,4.76,96.25,5.05,35.49,10,4,4.60
5.26,64.61,2.68,62.27,7.47,60.76,3,4,4.11
4.03,71.56,4.25,58.46,7.43,45.72,1,2,4.78
4.56,85.34,2.03,90.28,8.28,68.87,8,0,4.39
1.85,94.24,3.20,70.05,6.22,60.08,0,2,4.09
3.79,90.85,2.08,91.53,5.78,77.95,7,3,4.17
1.30,95.29,3.44,50.71,5.31,43.78,5,4,4.03
1.97,70.03,2.11,99.37,7.66,40.81,0,0,3.89
2.50,67.39,2.31,92.82,6.70,57.05,5,0,3.94
0.83,58.79,3.13,85.56,5.59,61.89,4,0,3.15
1.69,96.09,4.68,73.22,8.85,36.86,4,0,4.65
2.23,98.68,2.81,98.68,5.72,70.95,10,1,4.25
2.28,71.78,4.25,92.38,7.61,59.04,9,0,4.37
1.60,70.88,4.31,68.67,8.32,94.61,0,2,4.65
2.07,77.80,3.20,77.36,6.33,52.01,4,0,4.05
3.15,99.23,2.89,99.44,8.10,43.00,10,3,4.63
4.92,83.59,2.92,56.10,6.44,69.97,4,0,4.25
0.55,58.56,2.03,51.93,7.70,41.19,6,3,2.61
1.53,63.13,3.46,62.15,7.45,40.72,2,4,3.73
3.41,60.14,2.70,51.97,6.57,79.61,6,1,3.89
5.05,84.22,2.11,87.86,5.75,98.85,5,0,4.30
3.51,85.91,4.64,63.01,8.21,44.95,9,0,4.75
0.96,65.46,4.27,82.51,8.98,51.85,1,0,4.09
3.98,99.60,3.88,80.01,7.88,66.20,9,1,4.89
4.71,67.30,2.74,72.55,7.41,79.51,9,2,4.41
4.84,82.88,4.67,93.95,6.58,74.07,3,4,5.00
2.40,89.15,3.22,93.70,7.23,84.59,1,1,4.57
4.59,74.11,4.13,62.10,5.83,86.31,4,2,4.85
2.78,60.30,3.36,63.43,6.21,63.97,6,2,3.84
3.52,72.45,3.03,65.11,5.86,46.13,5,0,3.92
0.61,63.48,4.70,62.40,7.06,80.93,8,0,4.07
2.44,71.54,2.94,52.20,8.61,90.22,5,2,3.81
4.38,65.31,4.12,63.61,8.57,51.10,4,0,4.58
3.80,83.74,4.42,95.71,7.97,97.77,10,2,4.99
1.39,89.52,4.51,53.74,8.80,55.33,8,1,4.19
2.79,85.75,4.52,75.28,7.34,91.63,2,2,5.00
5.26,59.95,3.61,54.44,7.84,63.12,5,2,4.48
3.53,57.65,4.74,62.94,7.63,50.21,9,0,4.33
2.31,88.42,4.17,73.26,6.55,91.31,4,2,4.59
3.80,56.39,3.85,82.83,7.25,35.76,3,0,4.56
1.22,59.99,2.39,60.98,5.61,63.60,2,1,2.93
4.12,87.78,3.95,68.54,7.67,50.29,9,2,4.24
5.39,92.39,2.31,92.37,6.08,37.45,6,4,4.53
4.27,73.07,2.75,69.78,8.19,52.22,6,3,4.12
1.76,62.46,2.04,75.24,6.90,93.33,1,2,3.54
0.96,93.04,4.16,94.47,6.83,61.83,6,2,4.70
2.08,77.66,3.77,84.07,5.50,64.54,9,0,4.14
4.61,76.24,2.56,76.23,6.56,95.13,8,2,4.50
1.47,61.52,3.22,63.33,6.09,82.29,3,4,3.70
0.58,93.57,3.95,94.52,5.23,56.23,8,1,4.03
2.28,82.19,3.17,96.80,7.89,51.83,4,3,4.41
3.38,60.93,2.93,85.73,8.53,35.00,2,3,3.93
3.43,92.43,2.18,80.00,5.20,76.84,4,0,4.48
4.03,92.88,4.05,82.43,6.67,59.83,6,2,4.87
2.81,70.83,4.14,86.58,8.80,45.38,0,2,4.82
4.99,69.49,3.53,79.17,7.69,98.85,10,1,4.74
1.51,55.38,4.43,58.46,5.76,64.96,9,0,3.69
1.16,74.86,3.48,57.83,7.55,86.60,8,2,3.84
3.84,80.47,4.08,65.96,8.79,44.16,4,1,4.53
4.04,68.34,4.62,77.15,7.21,79.38,7,1,4.67
3.88,75.41,3.86,55.55,7.27,92.36,9,3,4.54
3.54,70.78,2.39,50.37,5.12,60.13,10,2,3.60
5.08,72.68,3.85,73.52,7.10,86.78,4,2,4.92
5.09,97.55,2.47,73.75,8.35,73.61,4,2,4.62
3.98,69.01,4.41,89.70,5.21,51.99,1,4,4.67
1.77,62.17,3.08,90.97,8.99,61.11,2,2,4.15
2.25,65.21,2.32,84.80,5.48,52.65,3,4,3.54
5.50,74.03,3.20,74.80,5.95,52.26,5,3,4.53
5.29,84.85,4.15,94.22,6.52,65.40,2,1,5.00
4.74,88.84,2.54,85.63,6.66,55.90,3,0,4.70
1.68,73.38,2.47,75.04,6.79,75.47,1,1,3.70
5.47,91.03,4.05,74.56,8.81,87.64,10,0,5.00
2.63,79.27,4.32,59.78,6.96,59.66,7,2,4.52
2.49,96.99,3.94,94.77,5.92,61.36,5,1,4.84
3.58,75.47,3.97,86.57,7.78,36.99,6,0,4.49
4.37,80.85,3.26,59.23,5.76,56.82,4,4,4.39
3.66,79.44,4.74,50.11,7.84,46.74,2,2,5.00
2.12,73.61,2.37,75.07,5.47,48.72,4,0,3.74
2.33,81.48,3.49,82.59,5.09,79.85,0,1,4.33
4.03,88.97,3.24,63.13,6.19,99.27,2,2,4.52
3.09,61.10,4.63,71.74,7.61,94.65,7,0,4.51
0.61,71.50,4.14,76.39,5.80,78.10,8,0,4.25
5.24,82.32,3.80,76.61,5.34,63.30,4,0,4.84
1.29,82.21,3.84,64.25,7.11,87.33,1,0,4.38
3.53,72.43,2.57,88.53,6.81,48.27,1,0,4.09
2.59,78.89,2.06,80.31,5.63,36.12,1,3,3.40
1.40,95.75,3.61,87.09,5.71,76.84,4,0,4.58
3.17,62.67,4.55,89.20,8.44,67.02,6,0,4.70
1.70,64.60,2.02,68.09,8.28,70.08,2,1,3.25
2.69,59.91,2.35,55.07,6.42,51.63,10,3,3.54
0.51,89.09,2.02,52.32,6.26,46.37,9,1,3.23
4.94,83.94,3.05,82.53,5.80,42.57,7,3,4.53
4.62,93.43,4.79,80.67,6.83,76.06,7,3,5.00
2.06,87.32,3.70,77.27,8.22,57.13,2,2,4.25
0.55,62.15,3.37,64.64,7.00,48.93,1,3,3.39
2.80,66.29,2.65,53.84,5.45,49.28,5,2,3.61
5.27,98.33,4.00,90.35,7.39,96.70,4,2,5.00
1.59,76.69,3.65,54.03,7.94,44.57,1,0,3.81
4.48,98.94,2.15,65.95,8.26,73.01,2,2,4.62
1.22,55.15,3.34,51.89,5.33,64.49,3,1,3.31
3.78,72.43,3.36,69.19,8.60,36.86,2,1,4.16
1.86,58.59,3.73,93.66,6.12,42.74,4,1,4.13
4.45,63.98,4.21,62.20,7.48,78.00,8,4,4.52
3.79,97.63,2.14,89.74,5.16,97.62,7,1,4.33
3.94,98.89,2.05,63.72,6.82,63.07,3,2,4.01
3.06,58.32,3.64,91.33,5.25,75.22,6,4,4.19
0.70,89.69,2.42,54.00,8.65,70.30,5,1,3.25
1.83,58.26,4.40,80.25,7.64,78.12,4,3,4.39
4.26,72.11,2.04,52.12,7.62,94.16,3,0,4.00
0.95,98.32,3.93,52.70,7.57,73.98,1,2,4.29
1.07,86.29,2.75,93.93,6.16,62.36,0,0,4.06
2.07,93.87,4.03,65.18,6.43,64.22,1,1,4.61
0.73,85.43,2.43,53.60,6.08,78.08,6,4,3.51
3.66,65.32,3.81,63.68,8.60,47.96,4,3,4.36
3.29,98.05,4.80,99.98,5.76,43.53,1,1,5.00
3.69,92.83,3.33,85.69,8.64,92.51,9,1,4.86
4.91,97.09,2.28,64.80,8.45,99.04,1,4,4.55
2.42,86.21,2.59,95.36,6.21,41.50,1,0,3.99
1.30,98.13,3.05,92.85,8.39,48.15,1,0,4.33
2.33,74.49,3.91,81.51,7.79,66.73,0,1,4.39
2.61,61.19,4.06,91.71,6.20,77.72,2,1,4.43
2.99,91.44,2.69,78.43,6.81,91.38,3,3,4.44
3.99,71.34,3.03,71.80,5.41,36.81,1,0,4.25
3.88,68.93,3.17,88.60,7.93,76.33,6,1,4.38
5.26,96.04,4.53,99.62,8.99,65.49,9,2,5.00
0.96,94.19,3.80,70.46,5.50,63.56,2,0,4.18
3.04,64.65,4.20,83.07,6.53,94.42,3,1,4.89
3.26,73.01,2.43,56.34,6.74,65.79,0,1,3.93
4.18,79.59,2.07,77.10,7.84,89.72,10,4,4.07
1.47,72.02,3.74,56.57,6.52,71.76,0,2,4.00
1.39,95.78,4.07,77.76,5.42,37.08,3,2,4.63
0.51,81.34,4.27,77.57,8.14,71.07,8,3,4.56
0.57,60.73,4.77,92.55,7.01,69.45,10,0,3.99
2.31,61.94,4.45,50.76,7.17,95.27,8,1,4.12
2.97,68.34,3.48,51.32,8.70,71.42,3,3,4.05
5.18,58.56,3.38,79.93,5.98,96.15,9,4,4.58
3.97,96.28,4.61,99.65,7.02,96.28,4,2,5.00
2.71,92.13,2.78,52.51,6.83,76.99,3,2,4.09
1.95,69.05,2.80,52.29,7.85,37.42,9,2,3.24
3.64,78.18,2.07,77.55,5.05,56.74,8,1,3.76
1.47,93.20,4.10,54.92,5.00,90.63,1,4,4.66
2.25,88.34,3.35,80.21,5.28,56.75,0,3,4.27
2.44,56.69,3.31,81.33,6.39,37.06,9,4,3.57
2.69,55.40,2.54,86.22,7.26,62.08,6,3,4.02
3.16,91.18,3.97,79.91,8.04,87.46,9,4,4.96
1.48,61.82,2.67,90.98,7.21,71.88,0,2,4.07
1.24,89.45,2.89,67.48,5.06,92.03,5,0,4.04
4.74,93.89,2.69,93.03,7.69,70.26,4,0,4.71
2.79,78.44,3.04,95.59,8.78,90.39,5,3,4.54
0.50,56.67,4.35,96.18,6.87,87.38,4,4,4.40
4.43,76.94,3.17,95.88,8.85,73.01,5,0,4.62
4.80,87.05,4.61,56.61,5.68,56.12,8,3,5.00
3.79,62.64,3.29,92.13,7.99,69.03,3,4,4.30
0.99,82.77,2.32,71.67,8.93,71.51,6,0,3.56
0.53,58.71,2.90,52.03,5.64,46.82,4,3,3.24
5.30,96.67,4.42,57.74,8.46,43.56,3,1,5.00
3.50,69.83,3.76,74.64,6.93,59.52,6,2,4.38
5.20,67.46,2.77,64.09,7.13,42.17,9,3,3.98
0.70,66.15,4.21,72.93,5.38,64.42,2,2,4.04
3.54,63.02,3.10,97.90,7.16,41.20,0,0,4.12
0.83,93.29,2.77,59.73,6.00,91.06,1,1,3.70
2.18,68.38,2.67,52.24,5.48,87.70,8,4,3.49
2.05,75.99,3.17,59.53,6.90,55.48,2,2,4.08
4.62,95.04,2.42,92.72,7.54,46.17,3,3,4.68
3.57,59.51,3.96,55.76,7.13,53.54,3,1,4.04
4.28,62.81,4.50,85.68,8.36,47.50,0,3,4.99
4.72,77.87,2.70,61.02,8.54,53.08,4,0,4.29
4.11,83.45,3.27,92.66,7.99,84.49,9,4,4.85
2.52,81.06,2.95,75.91,7.05,35.67,7,0,3.81
1.10,61.38,4.62,56.56,8.61,79.13,9,3,4.14
2.43,74.93,2.39,93.16,7.01,52.13,8,4,3.70
2.08,66.58,3.68,70.25,7.40,94.01,2,3,4.20
4.18,99.38,3.05,83.34,8.35,43.74,0,0,4.67
1.05,59.74,3.43,65.09,6.96,38.64,1,0,3.60
5.33,67.25,4.75,84.81,5.62,40.25,0,1,5.00
3.83,67.86,3.90,57.79,8.95,71.46,3,0,4.65
4.40,70.16,2.97,86.53,8.73,81.59,5,0,4.51
2.26,55.83,3.83,97.40,6.84,67.84,8,1,4.10
4.16,63.13,2.57,99.85,8.84,66.99,9,3,4.26
3.58,84.99,2.64,91.86,6.02,74.46,0,1,4.39
4.11,98.89,3.01,63.05,6.57,91.90,2,2,4.49
1.16,78.42,4.64,77.09,5.52,39.13,7,4,4.44
4.26,85.66,4.20,50.44,6.55,48.95,6,0,4.90
4.99,72.68,3.74,74.36,7.08,63.36,1,2,4.79
3.62,79.36,4.23,71.85,5.80,80.93,4,1,4.70
4.47,65.64,2.17,92.67,6.08,36.53,10,2,3.76
0.83,64.97,4.40,83.98,6.29,49.74,10,4,4.43
4.05,74.00,3.66,76.00,8.18,35.53,4,4,4.54
1.21,55.91,3.16,80.06,5.68,76.90,5,2,3.50
5.36,74.41,2.81,64.62,5.95,50.16,2,0,4.29
4.36,76.62,2.87,62.98,8.22,96.29,7,2,4.43
1.63,94.08,4.12,97.91,6.43,41.06,2,4,4.73
5.18,72.94,3.38,85.80,6.44,77.24,0,2,4.87
5.39,56.13,2.79,92.44,7.40,41.76,0,0,4.35
4.15,79.95,2.82,50.44,8.46,93.13,0,3,4.46
3.73,57.58,4.42,84.80,6.57,92.49,5,4,4.87
1.64,88.71,2.13,87.38,8.94,75.87,7,0,3.63
0.57,76.31,2.90,84.82,6.40,45.94,0,1,3.71
1.20,93.23,3.46,62.76,5.50,76.50,7,0,4.22
2.75,95.58,3.09,95.90,6.97,99.52,4,1,4.85
2.42,65.45,4.37,65.67,5.54,90.09,0,3,4.49
4.41,71.25,3.40,54.32,8.20,82.83,2,1,4.44
4.51,75.88,3.84,81.01,8.38,48.59,4,1,4.78
2.15,79.64,3.52,63.18,5.99,99.67,10,2,4.27
4.64,56.53,2.42,68.71,8.55,75.10,8,2,3.72
3.92,91.39,2.02,52.87,7.65,55.19,5,3,3.60
1.10,82.33,2.75,97.59,5.62,99.98,1,2,4.32
4.54,87.67,2.75,62.36,7.43,38.78,8,0,4.21
1.22,90.02,3.90,65.13,5.50,79.62,10,1,4.37
1.24,91.41,3.20,51.15,5.83,67.80,8,0,3.79
1.79,87.12,2.18,83.73,6.01,78.23,7,1,3.52
1.18,63.14,4.57,76.05,7.76,56.70,10,1,4.19
3.65,68.22,3.98,57.04,8.62,78.97,10,1,4.56
2.86,60.10,2.75,51.56,7.00,97.15,6,1,3.42
0.79,69.98,4.63,84.68,5.35,99.08,10,0,4.55
3.85,58.70,3.49,78.92,6.97,91.84,4,0,4.39
2.07,87.50,4.63,57.73,7.25,78.07,8,3,4.68
0.68,86.88,2.01,82.14,6.80,59.71,3,0,3.61
4.47,69.14,3.05,94.67,8.30,73.69,4,1,4.55
4.70,58.64,3.19,75.87,7.08,74.05,2,2,4.40
3.34,67.65,3.19,51.84,6.88,37.95,3,3,4.06
2.08,86.67,2.31,55.52,5.87,76.02,9,4,3.65
0.68,74.75,2.25,53.21,8.20,99.99,8,3,3.45
0.59,79.84,2.64,67.79,8.84,37.38,0,1,3.42
2.94,62.57,4.34,96.10,8.28,44.37,5,1,4.49
2.90,87.00,3.03,50.66,6.20,75.96,1,4,4.41
1.75,57.72,4.25,66.60,7.52,68.26,0,0,4.00
3.64,75.48,3.87,73.17,8.58,90.61,2,0,4.58
4.67,97.75,2.35,96.49,7.12,97.16,4,0,4.87
2.01,92.72,4.10,81.77,5.85,56.62,5,2,4.55
0.78,73.29,2.13,71.78,8.11,92.01,7,3,3.48
3.25,98.29,3.36,60.03,7.68,78.19,7,0,4.62
4.75,69.95,4.43,81.21,6.56,84.99,4,1,5.00
4.58,68.87,4.75,98.64,6.53,43.13,3,1,5.00
2.46,64.57,4.38,69.82,7.57,78.61,3,2,4.29
1.61,87.69,2.55,66.46,5.54,78.70,0,0,3.81
3.45,63.18,3.39,77.34,6.89,60.91,4,2,4.36
2.38,81.44,4.65,84.39,7.77,49.27,4,4,4.65
2.03,78.13,3.40,73.58,7.54,76.67,8,2,4.29
4.28,58.54,4.29,54.94,8.78,40.06,0,0,4.41
5.10,81.36,4.62,50.43,8.50,45.94,9,3,5.00
2.65,58.29,3.79,99.62,8.04,37.70,6,4,4.50
4.61,61.41,3.65,60.25,5.69,48.71,10,1,4.22
2.20,56.42,2.46,98.12,8.59,77.69,2,3,3.87
5.26,88.16,3.12,75.99,6.60,64.70,2,2,4.54
3.78,88.84,3.76,67.23,6.79,70.13,0,2,4.87
3.67,65.95,3.08,94.19,5.67,99.70,7,3,4.35
1.20,96.16,2.92,56.60,5.06,92.19,2,3,3.96
3.65,76.50,4.08,88.58,5.76,96.63,2,0,4.87
1.86,65.12,3.15,54.66,7.62,80.58,1,3,3.93
2.92,93.72,2.93,59.87,6.95,56.50,4,3,4.00
4.84,75.36,4.73,90.61,7.25,82.24,3,2,5.00
4.18,66.10,4.16,61.81,5.98,75.05,2,4,4.45
2.71,83.76,2.39,71.26,8.00,38.18,9,3,3.86
2.12,60.35,3.57,73.40,8.30,81.56,5,1,3.87
5.47,76.14,2.01,69.20,7.01,55.55,0,3,4.30
5.24,62.85,4.19,98.77,5.00,46.87,7,2,4.89
3.03,85.33,2.57,86.36,7.33,51.54,3,0,3.97
3.87,86.72,2.75,94.44,8.87,87.98,4,3,4.64
3.79,71.75,3.02,73.30,8.99,62.25,7,2,4.30
0.85,79.68,2.46,77.48,7.36,51.83,7,4,3.32
1.88,96.90,3.51,87.73,8.96,98.31,9,2,4.66
4.68,83.81,3.63,61.69,6.16,96.87,6,2,4.62
2.33,64.20,3.60,72.65,7.47,77.28,5,4,4.25
0.80,56.44,3.45,85.08,6.09,92.77,5,0,3.52
3.07,75.66,4.77,85.73,6.31,46.42,9,3,4.79
3.55,81.86,4.47,90.41,7.00,97.79,7,1,4.93
1.09,87.02,3.42,54.01,5.79,79.54,4,2,3.95
3.38,64.87,2.36,70.19,5.44,73.22,0,3,3.95
2.88,60.39,2.99,83.36,7.95,46.66,8,4,4.05
1.23,57.41,3.45,75.32,7.99,75.38,1,1,3.79
5.09,56.19,4.16,57.88,5.42,72.49,8,3,4.17
1.86,97.30,2.72,66.49,8.18,99.60,5,1,4.17
1.29,73.84,3.32,50.83,5.43,88.31,7,3,3.59
1.01,80.24,3.98,79.29,8.28,42.41,3,4,4.31
0.55,65.11,2.56,87.89,5.17,84.74,9,0,3.70
1.38,92.88,4.13,82.61,5.79,82.08,1,2,4.70
4.07,95.48,2.48,91.35,8.86,99.23,5,1,4.74
5.39,99.19,2.78,52.40,8.90,86.89,4,4,4.51
0.68,90.32,2.17,99.19,8.64,45.98,5,0,3.98
5.29,86.78,2.41,52.25,8.22,89.44,9,2,4.20
3.39,91.67,4.70,93.00,8.48,93.38,10,4,5.00
3.74,83.96,2.30,83.74,6.73,40.42,0,4,4.20
1.93,87.52,4.07,58.59,7.24,67.81,3,2,4.34
4.07,86.36,2.74,96.33,7.36,85.16,9,1,4.65
4.22,85.57,3.49,96.40,7.01,49.90,0,2,4.84
4.27,77.04,3.84,74.31,7.75,99.03,3,2,4.80
3.03,95.32,2.98,96.54,8.13,63.73,1,0,4.68
5.11,75.50,2.69,77.30,7.31,48.96,4,3,4.53
1.86,75.13,2.51,85.40,8.30,61.14,10,3,3.85
3.29,60.42,3.33,78.85,7.76,97.74,9,0,4.05
3.50,76.67,3.47,55.05,8.91,74.81,8,1,4.24
3.84,56.94,2.48,84.13,5.20,63.17,9,4,3.72
4.10,83.88,4.12,99.48,5.19,46.84,3,1,5.00
2.69,80.97,2.03,64.75,7.49,46.27,1,2,3.76
2.95,88.47,3.05,78.12,5.58,67.29,3,4,4.42
0.91,75.02,4.62,82.84,6.22,98.84,0,3,4.80
2.42,61.12,2.26,88.39,8.57,55.87,1,0,3.61
4.47,85.65,2.52,98.93,8.01,70.35,2,0,4.49
3.70,55.52,2.95,50.39,6.57,44.37,2,2,3.57
3.08,89.37,3.91,87.62,6.21,45.98,4,0,4.67
0.71,68.76,3.05,55.38,6.41,50.56,4,2,3.47
2.64,67.02,4.58,99.84,8.83,42.78,10,0,4.64
3.73,77.48,3.16,62.91,6.82,59.96,7,2,4.07
4.45,87.60,2.01,91.30,5.62,57.48,3,4,4.22
4.85,72.37,2.21,50.73,6.51,37.78,10,1,3.74
3.79,60.18,2.37,52.25,8.20,60.23,6,3,3.63
0.82,90.58,2.07,85.38,6.60,99.11,3,4,3.94
3.17,69.22,4.68,68.16,8.96,90.39,0,4,4.84
1.63,71.00,4.56,80.08,7.24,58.57,10,4,4.19
2.02,83.93,4.01,70.71,8.01,46.17,10,2,4.22
4.20,94.41,2.21,87.10,5.35,81.11,2,1,4.68
0.58,78.14,2.66,75.53,7.80,60.79,1,0,3.56
1.88,80.76,4.16,70.85,8.01,56.17,8,4,4.52
3.44,87.01,3.48,64.32,5.96,87.68,4,0,4.38
4.00,72.41,3.41,73.70,8.51,66.06,5,3,4.42
2.08,81.67,4.61,60.04,5.67,98.35,1,2,4.84
3.58,72.74,2.45,50.05,7.17,42.20,8,0,3.47
2.39,97.57,4.64,85.51,8.42,59.49,5,2,5.00
2.27,85.93,3.26,88.74,6.59,74.68,7,3,4.14
0.63,97.91,3.86,56.75,8.46,53.12,0,1,4.07
0.99,86.27,2.64,50.48,8.00,48.05,10,1,3.43
4.65,97.52,3.59,73.35,6.49,62.10,4,4,5.00
4.90,93.29,3.76,79.34,5.50,99.13,0,4,5.00
3.05,95.73,4.32,98.76,6.99,54.75,1,2,5.00
2.15,91.25,2.49,76.19,8.31,77.61,0,4,4.14
0.51,98.67,4.16,95.54,5.41,94.15,0,4,4.93
4.14,72.43,2.34,51.65,7.89,42.59,7,1,3.66
4.27,88.25,4.31,98.27,7.91,43.69,1,2,5.00
2.62,81.70,2.75,60.24,6.46,78.38,3,4,3.89
2.86,92.25,2.52,65.29,7.76,63.64,8,0,4.00
4.19,57.92,3.18,75.64,5.18,54.90,7,0,3.86
1.77,60.18,3.76,87.94,7.44,63.61,3,2,4.26
0.92,96.41,3.84,63.79,6.37,37.87,3,0,4.19
1.54,75.39,3.32,84.68,8.67,63.38,0,0,4.19
3.29,86.75,3.59,51.72,7.24,91.66,4,1,4.25
3.51,70.12,4.40,56.71,5.74,59.31,5,0,4.48
1.66,91.80,3.55,98.41,6.52,54.52,1,1,4.59
0.62,92.90,4.14,87.75,7.74,73.99,0,0,4.54
5.45,84.18,3.88,75.64,5.50,75.38,7,3,4.91
1.53,98.09,2.46,85.12,8.88,44.05,9,3,3.96
1.32,63.51,2.45,58.86,5.53,41.12,7,0,3.13
3.74,92.17,2.69,92.85,8.17,97.58,9,0,4.40
1.37,90.23,4.11,89.82,7.63,76.87,5,0,4.46
2.25,86.37,3.94,96.16,8.42,77.32,6,3,4.75
1.08,75.19,3.09,92.31,8.41,86.65,9,3,3.81
5.34,57.77,4.23,64.82,5.11,59.17,10,4,4.41
4.38,68.26,2.82,77.03,8.93,84.93,9,2,4.10
3.00,69.18,2.91,64.49,8.87,40.25,0,2,4.00
2.30,90.53,4.50,50.56,6.27,48.08,6,4,4.51
1.58,73.86,2.48,93.78,7.78,61.32,1,3,3.85
4.17,79.27,2.85,69.77,5.92,54.07,8,1,4.00
1.87,58.22,3.69,89.99,8.46,53.79,10,0,3.75
2.21,81.62,3.01,58.42,6.10,45.68,9,4,3.79
1.08,74.50,2.94,51.70,7.07,60.54,6,0,3.38
3.39,99.40,4.25,98.76,5.35,54.73,10,3,5.00
0.56,91.58,2.82,74.79,5.65,68.59,2,0,3.94
5.08,71.13,4.19,58.35,5.99,41.39,0,3,4.93
3.60,84.41,3.30,84.34,6.65,80.90,10,1,4.43
2.65,78.44,3.74,53.24,8.60,50.92,9,2,3.91
4.55,89.65,4.56,85.51,6.20,80.04,1,3,5.00
0.70,98.48,2.89,50.43,8.72,61.49,10,4,3.74
2.85,66.32,4.36,67.61,7.58,69.55,5,1,4.38
3.37,77.03,2.19,99.78,5.06,84.14,4,3,4.33
2.96,80.00,2.85,50.80,7.66,65.15,0,3,4.19
4.46,88.57,2.26,77.46,5.32,97.67,4,1,4.22
3.17,66.87,4.67,99.91,6.94,37.42,5,1,4.60
3.61,68.87,4.15,65.40,5.05,75.78,0,1,4.32
2.24,77.25,2.58,93.55,7.78,57.00,1,4,4.28
0.87,62.48,4.20,58.67,8.87,93.87,7,0,4.07
1.05,64.80,2.68,77.97,8.77,81.43,5,3,3.70
3.75,80.88,3.47,83.65,6.90,35.98,10,0,4.12
0.64,56.82,4.25,98.79,5.66,41.30,7,0,3.84
2.16,94.74,4.41,89.42,6.99,79.16,7,1,4.84
5.11,65.39,3.58,95.15,7.28,71.07,3,4,4.77
5.20,80.34,2.52,55.59,7.56,46.05,0,3,4.03
1.69,97.17,2.24,96.80,7.48,56.10,1,3,4.29
1.43,60.50,3.87,69.96,7.34,55.87,7,0,3.82
0.79,78.40,4.48,59.56,7.26,76.75,0,1,4.58
3.31,64.77,3.73,56.49,7.17,86.78,6,1,4.19
1.12,56.13,4.18,95.52,5.01,94.48,9,1,4.20
3.95,80.21,4.11,69.56,7.90,43.32,2,3,4.79
5.47,58.35,4.26,79.45,8.04,37.85,10,0,4.61
1.46,89.06,3.16,79.17,6.24,79.73,2,3,4.26
1.34,94.13,4.53,92.02,7.36,46.38,5,2,4.82
4.50,72.83,2.69,54.65,7.24,99.85,3,2,4.25
1.36,58.08,2.45,84.60,8.02,68.75,10,0,3.21
3.28,97.56,2.68,70.21,7.02,62.30,3,1,4.56
4.12,57.34,2.89,98.73,7.48,35.77,6,4,4.41
3.69,80.40,4.07,85.31,8.54,92.57,6,1,5.00
1.81,83.72,3.77,91.14,5.15,36.43,4,2,4.41
5.14,79.95,3.79,74.51,5.82,51.94,2,3,4.86
1.96,84.03,3.72,88.33,7.56,52.80,9,2,4.40
4.17,84.56,3.18,78.26,5.96,82.88,7,4,4.25
3.88,68.32,4.35,74.99,8.85,42.63,2,2,4.71
3.28,62.01,2.97,50.16,6.97,54.83,7,0,3.54
4.11,93.84,4.14,80.87,7.65,92.03,10,4,5.00
4.33,93.15,4.19,76.70,5.80,95.68,1,3,5.00
1.93,57.78,4.29,53.28,8.86,43.68,6,4,3.87
3.30,86.64,4.62,65.40,5.58,65.95,3,0,4.71
4.55,87.81,2.32,82.50,8.87,40.53,3,1,4.34
3.94,72.87,2.40,58.08,5.63,69.26,4,0,3.82
1.37,57.33,3.87,74.35,6.81,67.91,4,0,3.95
4.45,70.82,3.46,58.10,8.32,63.79,10,2,4.41
3.33,85.58,3.38,74.76,6.57,95.33,0,2,4.60
4.51,94.35,3.47,73.23,6.72,71.81,7,1,4.69
3.58,88.50,4.23,79.83,8.79,60.34,0,0,4.78
0.73,99.05,2.17,73.72,8.85,95.92,0,4,3.86
3.55,57.69,4.39,55.64,7.94,69.03,6,4,4.36
1.76,79.53,2.03,98.12,6.99,65.99,0,1,3.83
1.31,88.46,3.24,86.67,6.03,71.71,5,3,4.19
4.62,65.01,3.56,52.94,6.81,57.49,0,3,4.12
3.27,82.93,4.40,94.87,7.31,50.44,9,0,4.86
1.98,72.28,3.67,69.27,6.45,94.05,8,0,3.83
5.02,96.93,2.24,96.50,8.92,56.59,2,3,4.83
1.18,72.77,2.97,98.72,6.74,79.83,7,1,3.98
3.29,84.08,3.26,78.92,6.80,57.04,0,3,4.51
5.12,73.37,4.64,65.37,5.97,35.48,6,4,5.00
1.89,66.41,2.18,76.40,5.24,39.61,6,3,3.46
4.30,90.46,4.44,57.04,5.80,49.77,6,0,5.00
0.87,91.23,3.91,84.87,5.87,36.73,8,3,3.87
4.00,88.33,2.57,51.82,7.64,51.65,10,2,4.12
4.01,93.89,3.81,66.10,6.04,77.25,10,3,4.49
0.84,69.00,3.63,79.34,7.13,40.86,7,2,3.63
1.41,70.18,2.09,89.17,8.31,87.14,4,1,3.62
3.71,77.85,3.72,90.95,7.82,74.61,1,0,4.91
1.06,72.45,4.17,71.94,6.11,50.20,8,4,3.92
4.47,98.36,3.72,52.65,8.34,40.82,5,0,4.66
2.35,71.49,2.99,69.06,7.14,68.50,4,0,4.06
4.64,73.00,4.25,93.27,7.90,43.58,5,1,5.00
4.00,68.52,4.64,61.71,5.44,55.31,7,3,4.75
5.19,62.31,3.41,51.21,7.33,35.59,3,1,4.20
2.63,83.71,2.34,85.13,5.54,48.78,0,2,3.91
1.18,58.22,3.16,53.91,5.58,59.93,10,3,3.20
3.61,76.05,2.25,77.77,6.92,36.04,2,1,3.99
2.60,96.72,3.01,78.02,6.03,73.94,4,1,4.09
1.86,86.19,3.60,93.40,7.88,40.61,2,4,4.57
3.43,91.99,4.31,71.99,6.24,35.87,2,4,4.87
3.15,98.27,4.68,89.88,7.76,36.76,2,1,5.00
1.87,75.31,3.27,86.06,5.10,46.38,7,0,3.88
4.09,56.66,2.82,77.30,6.41,43.83,2,3,3.91
2.00,61.21,3.24,69.08,7.68,67.54,3,1,4.04
3.52,67.92,2.48,79.71,7.18,78.81,1,0,3.97
2.19,98.54,3.87,85.28,7.39,54.01,8,4,4.88
3.84,74.99,2.55,96.32,8.01,44.64,4,4,4.28
5.13,78.19,2.66,99.82,8.92,60.61,5,2,4.84
5.36,85.42,3.72,62.23,6.50,79.29,3,2,4.93
1.45,99.66,4.26,94.94,7.99,53.39,9,3,4.65
2.97,85.47,4.17,51.67,8.92,93.80,0,4,4.93
2.91,94.16,3.98,86.47,6.79,49.07,2,3,5.00
2.37,77.54,4.18,53.59,8.37,53.77,6,1,4.19
2.00,93.91,2.24,91.58,8.01,41.59,5,3,3.81
5.50,60.88,2.89,77.32,8.56,65.46,0,3,4.44
3.69,74.17,3.77,65.36,8.23,46.32,10,1,4.43
1.81,75.01,3.03,89.69,6.99,94.85,7,2,4.25
5.39,84.45,3.13,68.80,6.02,72.78,7,1,4.65
4.05,88.14,3.12,59.64,7.41,85.76,2,2,4.65
1.10,73.23,4.46,76.20,7.14,81.18,2,2,4.38
5.12,68.91,2.40,74.08,6.17,42.76,6,4,4.13
5.35,77.41,3.48,56.71,5.91,47.65,1,4,4.47
5.29,83.06,2.32,60.99,5.55,52.68,6,4,3.86
1.71,66.11,3.95,56.92,5.02,39.39,1,1,3.85
5.17,78.85,3.76,78.89,8.81,38.44,1,1,4.88
4.67,60.95,2.61,92.22,5.88,66.55,8,4,4.15
3.50,57.33,3.51,89.24,6.25,88.51,10,3,4.28
1.90,58.91,4.55,56.77,6.79,96.07,8,1,4.28
3.00,91.53,2.89,73.63,7.18,67.33,2,4,4.49
5.31,98.14,3.26,90.37,6.85,93.79,6,1,5.00
0.88,90.59,4.44,63.48,6.66,63.42,3,4,4.60
4.94,72.46,3.77,82.98,5.28,94.92,4,2,4.97
3.30,88.85,3.53,59.09,6.99,73.23,2,0,4.60
3.79,76.68,2.95,91.99,8.77,52.07,8,2,4.07
3.75,90.99,4.55,79.18,8.12,75.78,6,1,4.89
2.47,78.46,4.50,99.11,5.91,85.12,6,2,5.00
4.84,72.05,3.50,67.25,5.42,91.88,0,0,4.73
1.95,74.40,2.31,97.78,8.80,62.10,5,0,3.73
4.23,58.79,3.66,65.41,7.92,58.98,6,4,4.41
2.36,97.01,4.16,64.41,6.39,86.64,4,0,4.79
4.74,57.23,2.17,83.44,8.83,66.25,10,1,3.65
1.01,99.66,3.14,99.58,7.36,58.39,3,3,4.49
4.49,58.17,4.60,56.88,8.21,86.55,0,2,5.00
4.93,56.77,3.91,96.31,8.60,81.11,8,0,4.81
1.85,76.10,2.80,62.29,5.31,47.42,3,1,3.39
2.60,83.84,2.67,60.62,7.80,70.63,7,2,3.67
3.85,56.71,2.26,87.62,6.89,41.17,0,3,3.75
3.14,98.75,2.07,80.77,7.48,72.36,3,4,4.26
3.60,90.69,2.65,89.46,5.35,64.07,1,1,4.25
5.21,99.34,2.06,85.82,7.23,43.75,8,2,4.60
4.18,87.25,3.06,54.55,8.75,47.87,8,2,4.36
3.69,58.11,2.97,89.47,8.21,54.74,2,1,4.36
2.94,87.63,2.60,82.89,5.75,99.12,0,1,4.49
1.69,83.02,4.50,61.00,6.78,63.37,1,1,4.43
4.49,67.58,2.43,86.92,5.68,46.32,0,0,4.13
1.71,56.10,2.04,91.55,5.50,46.62,2,3,3.44
5.50,92.33,3.16,96.12,6.97,68.90,6,2,5.00
0.68,86.56,2.81,56.70,8.76,72.00,1,4,4.00
1.70,85.20,2.90,92.13,6.82,47.26,9,3,3.96
1.52,75.15,2.73,60.71,5.43,84.55,1,1,3.61
3.58,55.92,2.57,74.93,8.46,48.06,8,4,3.81
1.68,78.45,3.11,81.75,6.05,64.19,2,0,3.76
5.47,80.20,2.37,53.79,5.24,46.58,8,1,4.09
1.68,57.01,4.53,76.27,6.92,83.68,10,3,4.01
4.38,78.44,4.17,77.67,6.54,49.22,7,0,4.96
1.34,79.48,2.13,80.30,8.05,52.32,2,2,3.52
3.97,79.64,4.64,90.97,6.55,84.44,4,1,5.00
3.62,86.20,4.48,61.39,8.10,38.12,2,4,4.94
2.57,79.10,3.09,93.90,5.56,77.38,2,3,4.42
5.20,96.42,3.79,83.08,5.08,70.97,10,4,5.00
3.71,95.89,4.41,71.76,8.48,63.71,5,3,4.98
2.45,92.08,2.32,79.52,6.30,58.49,2,4,4.02
3.28,85.42,3.81,60.69,5.47,86.64,0,0,4.80
1.07,89.54,2.97,97.35,5.18,53.61,8,0,4.11
2.60,80.87,3.30,99.44,5.82,81.85,1,0,4.48
4.48,58.28,2.28,85.36,5.48,82.07,8,1,4.02
0.79,94.93,3.69,78.30,8.27,66.39,6,1,4.26
2.06,55.98,2.41,64.26,6.76,41.78,7,4,3.48
1.47,70.96,4.62,77.46,6.90,95.15,6,1,4.57
5.28,71.48,4.14,91.68,6.77,87.71,1,4,5.00
0.81,75.37,3.06,71.40,5.58,80.64,0,3,3.61
1.95,70.65,4.41,82.93,7.29,96.15,5,4,4.85
2.44,72.40,3.78,94.86,6.18,51.00,2,3,4.29
5.15,62.46,3.12,87.61,8.81,93.86,2,2,4.64
3.80,63.42,4.17,85.02,5.74,68.35,5,1,4.64
1.94,75.61,2.02,82.98,6.05,84.71,7,1,3.68
1.92,58.51,4.42,70.19,8.82,64.49,10,2,4.36
1.80,58.21,3.57,53.98,8.51,92.40,0,3,4.03
0.82,68.55,3.78,64.94,6.12,38.83,7,3,3.65
1.77,83.20,4.22,57.76,6.72,72.34,3,4,4.33
1.90,66.69,3.03,84.76,5.82,35.68,5,3,4.04
1.69,74.22,2.95,82.37,7.54,44.56,5,3,3.76
1.52,98.85,4.25,59.42,7.70,36.92,5,3,4.48
4.02,96.24,2.39,63.08,8.36,44.91,1,0,4.39
3.76,75.39,2.19,84.06,7.38,83.72,5,0,4.27
1.51,64.13,3.28,73.82,8.54,55.38,7,2,3.81
2.20,79.79,4.27,99.01,7.71,87.79,8,0,4.67
1.46,73.20,4.37,78.69,7.48,35.94,3,0,4.18
1.10,59.37,3.78,72.13,5.44,58.86,7,0,3.64
4.90,75.71,2.11,72.97,7.20,53.34,1,3,3.96
2.55,86.18,4.36,58.94,8.24,46.22,5,3,4.64
1.68,55.81,3.15,55.89,8.75,64.83,3,2,3.49
2.16,69.06,4.38,80.15,6.27,89.19,1,0,4.48
4.78,85.51,2.51,89.48,7.98,36.75,5,1,4.71
1.25,98.10,3.38,74.93,6.58,95.44,0,1,4.39
2.88,83.40,3.17,66.65,6.68,52.22,9,2,4.13
2.06,79.94,4.73,64.32,8.15,83.02,4,0,4.86
3.63,68.39,4.75,99.25,6.46,74.86,6,2,5.00
5.28,92.36,2.82,94.70,5.33,40.88,3,3,4.66
2.94,59.71,4.46,91.92,7.78,58.93,4,2,4.79
2.96,73.03,3.09,99.29,6.97,59.09,9,0,4.19
2.50,96.72,3.85,70.62,5.45,99.01,0,1,4.77
3.16,81.37,3.06,63.19,5.36,75.80,4,1,4.11
5.36,84.88,2.35,93.41,5.98,69.32,1,3,4.56
3.97,80.04,2.90,88.50,5.50,64.40,3,1,4.49
2.85,76.76,3.78,97.97,5.25,38.31,6,2,4.47
4.77,73.29,2.86,83.06,5.68,72.85,1,3,4.64
3.94,91.12,3.32,50.35,6.05,50.45,2,4,4.54
4.29,98.78,2.84,60.07,6.00,92.56,5,1,4.46
4.83,55.17,4.15,77.06,6.06,92.78,5,2,4.62
0.81,75.78,3.81,57.63,7.20,62.52,8,4,4.02
1.15,73.02,4.05,69.10,6.07,70.58,1,0,4.03
4.31,93.57,4.80,89.34,5.31,56.38,7,3,5.00
5.28,94.89,4.06,84.71,8.16,80.64,8,1,5.00
3.09,74.53,4.36,79.49,7.07,48.55,6,1,4.48
1.96,63.91,4.66,84.18,7.64,70.27,1,0,4.43
3.92,65.61,2.32,69.71,5.04,77.83,9,0,3.93
0.68,79.08,3.80,91.26,8.21,89.01,10,1,4.48
4.73,63.55,4.73,55.71,6.67,35.83,4,0,4.67
2.97,75.77,3.94,55.53,7.98,75.14,4,3,4.37
1.30,93.66,4.53,56.45,7.74,37.56,0,4,4.56
1.98,77.74,4.60,94.45,5.02,43.68,5,0,4.72
4.25,66.02,4.12,84.65,7.52,45.61,5,0,4.74
2.88,72.33,3.05,92.95,7.04,38.22,4,0,3.87
4.07,97.15,4.68,98.97,5.17,62.36,1,4,5.00
2.98,95.66,2.23,70.01,7.37,98.44,6,3,4.07
2.87,92.99,3.48,83.75,7.26,36.83,5,1,4.48
2.40,94.50,2.06,90.40,7.21,41.22,2,2,3.97
1.41,74.50,2.75,53.18,8.64,39.40,10,1,3.39
0.72,74.50,3.59,83.27,6.99,76.49,10,1,3.84
2.87,99.65,2.83,71.51,8.24,66.09,8,0,4.04
4.09,96.30,3.58,53.29,5.90,99.53,9,2,4.60
2.16,81.09,2.62,82.06,5.27,94.30,9,3,3.83
5.09,61.02,3.69,65.27,6.37,47.90,5,4,4.30
3.77,65.82,4.75,68.77,6.67,59.26,8,1,4.67
4.96,67.02,3.34,99.70,5.80,54.76,7,4,4.43
1.06,98.79,3.12,97.61,7.06,55.40,4,0,4.09
3.05,94.86,2.41,81.94,6.31,96.45,0,1,4.31
5.45,61.19,4.52,76.33,6.76,87.90,7,0,4.84
1.49,79.74,2.51,57.61,5.41,37.73,1,4,3.57
4.26,98.91,2.57,78.35,5.45,38.11,7,2,4.42
4.31,79.15,2.09,93.36,6.73,52.58,10,1,4.22
3.13,80.02,3.72,74.75,5.81,99.32,3,1,4.41
5.25,70.43,3.33,80.93,5.76,37.07,4,4,4.35
2.11,97.75,2.38,60.08,5.05,42.66,0,1,3.67
2.97,75.17,3.38,91.71,5.10,61.41,5,1,4.37
3.01,99.50,3.55,71.76,5.42,58.48,2,1,4.62
5.29,69.04,4.60,64.64,8.29,97.76,5,4,5.00
2.67,89.58,3.65,56.06,7.02,37.48,7,2,4.18
1.65,59.58,3.34,85.44,8.46,57.39,2,2,4.07
0.72,71.74,4.41,50.10,8.97,60.82,1,2,4.08
1.39,64.13,3.71,90.37,7.29,38.00,1,3,4.20
4.36,94.87,4.15,60.84,7.19,87.80,8,1,5.00
3.79,67.67,2.20,90.82,6.02,70.36,3,4,4.08
5.15,86.77,4.37,87.50,7.10,52.44,5,0,5.00
4.90,62.95,4.26,78.79,7.23,68.67,9,1,4.93
2.52,55.32,2.95,52.20,6.32,81.51,10,3,3.35
2.94,73.62,3.16,82.71,7.24,57.57,4,0,4.42
3.52,98.52,4.50,94.58,8.64,38.09,8,2,5.00
2.79,55.69,4.61,81.68,8.67,80.64,3,1,4.52
2.63,99.44,3.43,90.25,5.26,74.24,0,4,4.78
2.77,96.84,4.12,61.29,5.13,38.49,10,3,4.24
2.39,61.36,3.32,52.38,6.35,58.90,8,1,3.77
1.59,87.92,2.97,58.38,5.47,65.37,3,1,3.83
1.66,74.65,3.10,66.98,7.63,41.35,10,3,3.69
3.95,75.94,4.26,89.97,8.57,66.37,9,0,4.94
1.09,90.92,3.12,76.91,8.21,95.75,10,2,4.07
3.94,63.85,2.91,94.92,8.73,44.42,7,3,4.12
2.28,63.10,4.71,57.48,6.06,83.44,9,3,4.21
4.07,55.73,2.47,91.57,6.30,42.21,4,3,3.97
3.61,90.04,4.77,89.81,8.94,46.16,0,3,5.00
5.26,60.20,2.20,94.59,6.58,78.14,1,4,4.14
3.55,75.34,2.02,90.10,7.41,44.30,7,3,3.81
3.56,71.49,4.56,60.75,5.00,75.98,7,2,4.85
3.07,93.22,4.61,99.87,8.59,62.11,6,1,5.00
1.29,75.33,4.44,98.07,7.59,94.37,4,2,4.66
3.07,96.96,4.68,70.07,6.88,74.64,10,3,4.99
3.39,61.48,3.98,85.20,7.25,52.31,4,4,4.73
2.18,62.93,3.98,79.11,8.94,50.69,5,2,4.16
2.60,96.68,4.12,69.49,5.17,39.29,0,1,4.77
2.05,74.29,4.25,95.95,6.00,90.99,3,0,4.52
2.07,55.90,2.80,70.14,8.25,81.84,9,2,3.65
3.95,60.80,3.15,70.16,6.84,91.25,1,1,4.15
1.60,78.39,2.65,53.12,7.07,70.18,6,1,3.43
3.13,87.56,2.88,54.52,5.34,37.59,10,0,3.90
0.75,75.62,4.71,73.08,7.26,69.31,2,3,4.80
4.06,60.48,2.37,50.02,8.97,82.10,1,0,3.93
3.68,88.94,2.12,64.93,7.26,76.28,7,1,4.12
4.57,76.28,4.38,96.29,7.48,88.93,1,4,5.00
2.75,96.16,2.37,74.60,6.98,89.27,1,2,4.45
3.73,81.38,4.11,75.54,5.56,58.71,7,0,4.72
1.95,94.61,3.37,80.55,6.14,79.06,0,1,4.47
3.52,98.81,3.11,90.82,5.62,89.97,5,0,4.82
5.11,98.62,2.35,66.22,6.26,74.55,1,0,4.91
2.39,64.99,3.51,91.53,8.90,86.11,10,4,4.09
3.34,66.81,4.26,76.21,8.71,56.70,10,3,4.31
1.26,68.47,3.14,67.16,8.04,87.34,8,4,3.71
2.61,97.35,3.19,77.09,7.39,92.59,3,3,4.94
3.71,58.60,2.81,64.65,5.93,63.93,5,4,3.93
4.77,96.86,3.21,52.79,6.57,38.26,5,2,4.75
4.15,63.67,3.07,88.47,6.80,66.28,2,1,4.46
1.80,84.47,2.34,96.82,5.38,46.55,2,4,3.93
4.06,95.27,4.28,89.31,7.97,42.13,8,4,5.00
2.70,94.74,3.65,83.36,7.40,94.39,1,0,4.64
4.64,62.76,3.45,97.99,6.59,35.06,10,4,4.32
3.17,86.59,4.67,68.87,7.35,95.08,6,4,4.89
1.15,92.31,3.34,82.75,6.92,57.00,8,2,4.10
4.95,82.76,4.20,88.07,8.85,43.47,10,0,5.00
2.93,56.76,3.13,91.29,7.53,35.62,1,1,4.03
1.32,66.28,2.40,88.43,8.66,41.77,6,3,3.58
1.50,75.08,2.55,73.62,7.59,96.25,5,1,3.75
2.70,79.00,2.12,88.54,7.09,87.85,3,4,3.90
4.51,95.28,3.88,57.42,5.91,39.96,4,0,4.59
2.49,74.04,4.38,71.01,7.51,90.48,8,0,4.75
1.42,92.15,2.04,71.57,6.94,67.36,9,0,3.47
4.09,72.23,4.49,86.14,5.69,53.94,2,1,4.75
4.29,58.29,2.69,66.47,6.41,78.25,2,0,4.02
4.64,57.18,4.50,51.15,5.74,99.66,10,0,4.51
4.02,79.36,4.17,79.52,6.89,63.84,4,1,4.90
1.22,70.13,4.64,88.11,7.66,82.81,6,1,4.69
4.85,90.30,4.19,53.16,6.16,59.12,6,4,4.91
4.42,91.39,3.19,98.32,7.49,94.28,7,3,5.00
0.82,69.42,2.69,51.60,7.93,54.99,8,3,3.32
3.27,67.31,2.72,93.07,5.54,88.37,6,3,4.32
2.97,72.65,2.81,98.99,6.20,56.63,3,2,4.11
4.82,82.40,3.08,79.28,7.25,91.97,2,4,4.66
2.11,68.32,2.00,97.67,8.56,94.80,7,3,3.81
3.63,88.76,3.65,89.96,7.37,70.35,4,3,5.00
5.17,98.28,4.05,53.45,8.23,78.67,5,4,5.00
2.29,83.84,4.66,75.48,7.86,84.58,2,4,5.00
2.56,84.23,4.44,66.50,8.74,61.95,7,4,4.75
3.55,67.62,2.74,99.36,8.37,52.79,4,0,4.42
2.08,81.69,2.90,70.30,6.71,65.09,3,3,4.08
1.87,83.06,3.46,73.86,5.21,53.11,6,3,4.10
2.19,97.19,2.63,65.20,6.54,36.29,10,1,3.67
1.45,73.36,3.90,98.52,5.35,46.54,8,0,4.48
2.09,55.79,2.32,90.68,6.68,90.90,0,3,3.68
2.82,68.87,4.13,59.50,5.79,74.27,9,1,4.24
0.55,76.78,4.70,80.03,8.60,37.71,10,4,4.24
4.55,72.16,2.01,69.78,7.67,95.21,6,2,4.33
0.60,89.53,2.31,60.71,8.27,43.33,10,0,3.31
1.81,78.53,3.51,65.65,6.49,91.34,5,0,4.40
2.46,63.73,2.97,72.54,6.20,55.78,2,1,3.87
1.56,71.17,3.63,66.61,7.82,45.67,8,0,3.77
4.09,58.13,4.17,74.39,7.09,97.49,2,1,4.50
4.07,91.50,4.69,78.57,6.81,88.60,5,1,5.00
2.85,79.37,4.56,53.13,8.68,96.50,9,4,4.79
1.78,88.97,4.31,88.23,7.91,35.39,9,4,4.85
4.01,73.94,4.20,77.13,7.81,67.38,6,0,4.80
1.73,58.79,2.91,83.30,5.61,87.22,10,2,3.66
3.04,96.36,2.32,95.22,7.51,97.04,8,0,4.34
5.18,99.18,2.60,85.95,8.59,76.32,7,4,4.78
1.66,68.44,3.10,65.65,7.51,48.94,10,1,3.38
3.47,82.48,4.10,96.96,8.22,51.76,0,0,4.95
2.60,56.14,3.95,71.45,5.28,51.22,7,1,4.00
5.04,75.77,4.76,50.88,7.90,41.71,10,4,4.70
4.58,88.06,4.26,71.67,7.66,39.75,6,2,5.00
4.05,94.04,2.72,74.19,5.63,62.61,4,3,4.32
4.81,75.19,4.55,89.42,7.98,41.21,8,0,5.00
3.88,78.91,4.53,92.54,5.09,48.03,9,4,5.00
2.54,73.73,2.84,77.86,7.79,68.33,3,2,3.72
4.65,56.91,2.48,68.45,8.21,94.22,10,2,3.77
4.12,79.50,4.32,97.03,5.85,83.70,2,0,5.00
3.63,81.47,3.89,73.79,7.42,68.32,4,4,4.60
4.79,55.22,2.75,56.82,8.69,85.12,6,2,4.17
2.79,77.63,4.18,73.95,5.42,84.09,7,3,4.47
3.98,95.13,4.15,86.08,5.12,45.06,2,2,5.00
2.41,85.48,3.26,93.94,5.12,89.20,4,2,4.59
2.09,59.95,3.56,70.03,5.52,79.44,3,4,4.08
0.79,59.42,4.48,67.05,6.56,45.37,1,4,3.92
0.80,93.06,2.15,55.32,6.48,65.34,5,1,3.41
5.22,79.26,2.41,77.62,7.05,70.06,1,0,4.41
1.35,83.54,2.57,95.21,8.43,81.41,0,1,3.89
1.77,64.59,3.68,72.52,5.01,46.85,7,4,3.98
1.14,58.35,4.41,58.43,6.70,84.96,0,0,4.38
1.07,94.51,2.36,63.64,5.39,76.29,10,3,3.68
1.00,55.00,2.89,84.96,5.17,88.92,2,2,3.64
2.16,75.70,3.02,88.73,8.52,76.18,4,1,4.32
3.11,95.94,4.50,70.07,6.49,52.30,2,2,4.91
2.65,56.39,3.60,88.21,5.40,68.09,2,1,4.34
4.42,71.79,2.89,96.07,8.33,59.10,3,4,4.52
3.94,72.50,3.64,82.52,6.18,46.16,4,1,4.50
4.48,71.02,3.42,52.93,5.75,77.70,9,3,4.12
2.68,80.71,4.35,90.86,8.47,47.74,4,1,4.90
3.70,60.91,3.02,74.99,7.78,86.15,8,2,3.87
4.41,79.23,2.08,65.19,6.66,90.10,0,1,4.39
3.61,67.46,4.11,80.59,7.62,89.44,9,2,4.59
4.52,70.24,3.89,59.05,7.89,97.48,6,1,4.72
0.65,85.08,2.93,84.34,7.28,91.61,8,0,3.91
1.13,85.47,4.04,86.73,5.36,82.69,4,1,4.45
5.08,58.18,4.69,99.31,5.25,50.28,5,1,5.00
4.81,86.36,2.01,73.66,7.23,88.54,10,0,4.17
3.87,73.32,3.47,90.72,8.09,82.20,0,0,4.77
2.20,79.15,2.01,79.32,5.02,58.74,5,2,3.72
4.47,98.56,3.67,99.74,7.00,96.85,1,3,5.00
5.04,73.67,2.04,94.99,5.04,95.86,8,4,4.39
0.55,72.69,3.30,89.40,6.30,72.79,0,0,3.92
0.55,69.49,3.96,69.70,8.51,77.98,5,3,3.91
3.06,99.74,3.57,81.50,6.88,95.51,4,1,4.83
3.73,76.64,2.85,61.32,6.03,39.00,6,3,3.96
2.45,64.26,4.12,51.05,5.79,83.22,10,4,4.09
2.56,66.69,3.96,53.10,8.32,55.88,0,2,4.29
5.28,96.43,2.67,52.15,6.61,68.78,6,3,4.32
3.50,69.38,2.09,90.82,7.16,76.93,3,2,4.17
0.55,70.47,2.56,82.75,8.11,79.56,5,3,3.80
0.56,64.56,4.17,59.61,7.00,97.04,7,3,3.70
4.11,90.29,3.80,92.71,5.22,44.50,4,0,4.74
2.05,95.30,4.56,70.59,7.12,93.36,7,2,4.93
2.58,94.19,2.59,74.12,8.03,93.34,4,0,4.34
2.41,83.64,2.58,77.32,5.76,90.54,9,4,3.79
0.61,95.37,3.62,89.75,8.21,87.31,4,2,4.73
2.77,90.54,2.19,53.15,6.56,59.91,9,1,3.87
0.70,58.10,2.70,61.94,6.18,95.17,3,1,3.14
0.90,83.00,4.41,90.30,5.45,81.28,7,0,4.56
2.69,71.55,4.17,71.83,8.06,49.44,6,4,4.64
4.57,69.31,2.26,88.74,8.14,89.74,2,3,4.38
2.39,88.25,3.85,56.56,8.60,66.80,7,1,4.37
1.04,73.82,4.44,82.48,8.18,68.72,10,4,4.53
1.41,91.69,2.88,65.51,6.12,44.76,2,2,3.75
1.75,68.57,3.75,89.35,5.97,61.18,5,3,4.43
1.32,68.83,4.12,62.01,7.96,90.09,8,4,4.18
2.00,72.42,4.79,78.11,7.22,61.42,8,0,4.74
3.93,71.79,2.01,76.68,7.91,60.87,5,2,3.76
4.25,92.29,2.78,88.75,8.83,82.09,1,1,4.89
2.19,67.47,3.72,65.25,6.31,80.23,4,4,4.20
2.14,92.70,4.17,63.77,7.40,39.64,6,2,4.56
3.14,80.70,3.21,59.64,7.88,80.95,0,4,4.36
2.91,73.45,2.67,92.43,5.28,51.23,4,1,4.01
1.96,98.88,3.00,97.63,8.90,88.76,10,1,4.16
3.63,81.02,4.02,97.60,5.86,62.38,1,1,5.00
1.44,91.04,2.74,99.63,7.61,44.61,1,1,3.85
3.32,57.05,2.87,88.56,5.66,98.30,10,2,3.90
0.83,75.83,4.29,72.32,6.29,53.54,6,2,4.29
3.95,83.36,4.10,52.99,5.43,81.87,8,4,4.51
5.39,99.72,2.82,86.26,6.20,96.60,9,2,5.00
3.49,73.48,2.15,99.51,5.68,37.23,7,1,3.77
0.79,62.42,2.53,63.73,8.89,81.65,6,4,3.55
2.17,96.30,4.12,78.88,5.46,69.38,8,1,4.53
4.62,55.49,2.64,64.08,7.41,77.91,5,2,3.99
1.95,91.19,3.06,82.21,6.80,90.27,5,4,4.12
0.58,84.35,4.78,91.25,6.86,63.42,10,3,4.90
2.01,58.56,3.78,72.32,6.91,77.13,9,2,4.13
4.89,60.68,4.64,66.08,6.97,54.48,8,1,4.72
0.71,74.57,4.58,72.08,8.90,50.77,9,1,4.02
4.19,80.49,2.62,91.54,8.12,47.31,4,2,4.51
2.03,63.25,2.95,92.43,7.13,53.70,0,0,4.27
4.63,60.41,3.94,98.31,5.36,99.63,5,0,4.73
3.58,92.13,4.56,71.78,8.60,95.61,9,1,4.96
1.51,69.47,3.79,74.16,5.76,78.34,4,4,4.07
1.48,59.90,4.79,91.06,6.37,39.90,2,1,4.48
3.80,76.10,3.64,84.82,6.32,98.61,3,3,4.50
2.30,56.39,3.37,82.17,5.97,79.97,8,0,4.01
2.87,62.41,2.68,88.07,6.03,87.53,6,2,3.99
4.25,57.48,3.14,72.60,8.79,63.45,2,1,3.98
4.93,67.07,4.24,65.11,6.01,56.65,1,4,5.00
3.75,91.39,4.06,54.54,8.45,81.77,5,4,4.92
3.08,96.35,4.29,81.19,5.93,67.50,6,3,5.00
1.36,99.52,3.21,67.64,5.95,81.81,3,4,3.98
2.42,65.25,4.70,69.82,5.28,93.73,1,3,4.80
2.22,58.20,4.36,64.26,7.61,86.61,8,2,4.33
3.34,75.54,2.11,63.71,8.47,71.04,6,1,3.66
0.77,95.78,2.73,90.04,6.35,85.49,6,1,4.14
4.73,70.19,3.79,80.38,7.04,98.84,8,4,5.00
5.00,60.54,4.35,76.94,6.20,46.40,7,4,4.74
0.93,90.02,3.36,71.37,7.63,57.18,2,2,4.09
0.66,86.06,2.82,57.20,7.22,66.68,9,1,3.61
5.46,70.80,2.41,61.24,7.50,71.46,8,2,4.18
2.04,71.64,4.34,84.07,8.53,49.50,5,0,4.52
2.47,67.64,4.66,50.88,7.36,48.00,9,4,4.39
2.77,60.36,2.47,70.24,8.77,62.68,7,0,3.55
1.84,79.29,3.38,91.75,8.32,81.61,6,2,4.33
2.06,83.89,4.60,82.24,6.73,52.32,8,4,4.84
5.50,70.47,2.59,58.11,7.57,56.83,3,2,4.22
4.28,89.84,3.73,93.35,6.53,83.06,4,4,5.00
3.23,84.46,2.68,89.61,8.28,61.98,10,3,4.13
3.87,96.35,2.23,71.69,7.29,64.43,2,0,4.37
1.29,92.94,4.72,57.31,7.38,70.47,4,0,4.66
4.71,87.48,4.74,88.13,5.76,48.68,9,2,5.00
3.85,60.29,4.30,52.82,5.27,74.78,4,3,4.12
1.43,94.33,3.48,83.57,8.73,71.80,8,0,4.57
1.74,56.01,2.91,88.33,8.15,82.07,1,1,3.79
4.05,93.93,3.32,59.59,7.74,48.18,9,1,4.08
4.90,71.44,2.68,91.38,8.35,86.67,8,0,4.41
4.87,62.37,4.14,73.12,7.73,47.70,9,1,4.33
3.74,89.78,4.23,85.85,6.07,99.29,1,3,4.97
1.36,72.13,3.12,91.43,8.71,80.45,9,0,3.75
0.61,57.83,3.29,69.44,5.17,82.75,10,0,3.50
5.34,91.64,2.73,59.99,5.38,85.76,2,4,4.30
5.18,85.97,3.47,84.27,8.61,46.74,10,4,4.85
4.79,99.75,3.04,52.27,5.36,81.17,9,1,4.26
5.27,88.96,3.43,68.85,8.45,69.61,9,0,4.86
3.66,85.41,2.82,85.47,5.21,54.11,8,3,4.28
1.95,97.07,2.30,80.87,6.30,38.63,0,2,4.12
5.24,78.56,4.46,89.31,8.80,57.32,4,3,5.00
3.45,69.79,2.37,53.78,5.57,85.88,2,0,3.97
4.72,91.92,3.42,65.67,5.59,48.72,9,1,4.39
4.03,66.27,2.57,73.80,7.77,74.06,10,4,3.99
1.84,85.02,3.03,59.72,8.28,70.86,5,4,4.19
3.05,69.13,4.48,65.20,5.42,42.26,3,1,4.60
2.34,90.67,3.08,99.25,7.55,71.75,3,2,4.30
1.26,97.95,3.63,90.42,7.13,81.74,3,2,4.52
3.44,57.53,4.46,69.54,7.02,55.25,9,1,4.40
4.82,87.05,2.05,80.66,7.39,65.47,6,2,4.14
3.90,75.44,4.22,62.14,7.77,67.78,8,4,4.81
1.90,99.08,2.84,54.22,7.41,36.16,3,3,4.04
3.53,67.98,4.34,63.23,8.17,77.35,9,2,4.36
2.28,87.41,3.27,97.19,8.51,54.51,4,0,4.48
3.37,84.07,2.71,78.21,6.68,75.67,4,2,4.52
2.76,57.15,4.17,63.72,8.81,82.39,8,3,4.65
3.45,95.11,2.52,90.57,5.54,40.20,3,4,4.45
2.47,77.54,2.49,91.00,6.39,49.22,5,2,3.80
0.58,55.67,3.87,78.51,8.69,64.66,6,3,3.56
5.29,85.71,2.37,64.30,5.68,76.03,7,2,4.44
3.36,90.26,4.53,91.54,7.45,41.39,6,3,5.00
1.99,72.12,2.89,98.73,6.61,62.88,1,1,4.14
2.20,57.68,3.75,68.94,5.91,66.81,2,2,3.71
3.13,62.33,2.41,51.13,5.89,76.84,3,3,3.82
0.78,88.32,3.70,94.63,5.59,48.17,7,0,4.11
1.61,63.91,3.95,58.49,8.69,72.35,0,1,4.36
2.41,77.71,3.62,66.62,8.45,81.26,7,4,4.19
4.71,68.62,3.50,78.24,6.69,36.93,7,0,4.52
4.72,86.96,3.51,62.33,7.49,37.63,10,3,4.51
2.69,99.86,3.06,99.99,5.02,66.63,3,4,4.79
3.57,98.22,4.16,53.65,7.40,74.18,3,0,4.80
1.56,80.92,4.49,80.94,5.33,59.95,3,2,4.26
5.49,74.80,4.01,95.01,8.04,40.14,6,3,5.00
5.00,56.82,3.72,91.18,8.97,97.75,9,2,4.76
5.30,62.99,3.17,96.79,7.21,70.76,0,1,4.76
2.82,58.56,2.61,67.29,8.03,56.66,5,0,3.69
3.26,96.07,4.23,73.12,7.46,76.60,6,4,5.00
4.20,90.95,4.17,84.37,6.51,65.63,3,0,5.00
4.60,81.93,3.70,53.65,8.63,86.34,2,1,4.92
4.19,92.80,3.47,66.99,7.26,84.66,4,3,4.89
0.57,85.08,2.10,60.75,7.11,89.50,5,0,3.76
3.11,79.71,3.93,59.58,6.40,83.86,4,3,4.65
0.83,94.09,4.18,97.08,7.47,80.69,3,4,4.65
0.56,64.09,3.45,72.55,8.08,58.30,8,3,3.59
1.99,59.06,4.04,69.41,8.71,96.93,7,4,4.26
4.09,98.85,2.02,63.33,6.00,97.73,9,1,4.12
5.37,57.89,3.60,69.81,6.20,49.24,8,1,4.47
1.44,59.06,3.75,89.83,8.53,89.51,3,1,3.94
2.78,73.87,4.15,89.40,5.08,45.79,9,2,4.66
1.67,97.33,2.07,58.66,7.32,39.40,7,3,3.65
4.93,94.29,3.93,92.21,7.26,70.23,10,3,5.00
1.65,62.92,4.58,68.20,8.22,62.90,1,3,4.66
4.13,80.51,3.98,85.81,7.90,84.95,1,4,5.00
3.05,56.55,3.74,53.43,5.53,64.58,1,1,3.91
3.03,70.21,4.36,95.04,6.56,67.66,9,0,4.66
0.55,79.74,2.35,74.73,7.32,94.80,8,0,3.54
1.40,70.36,3.09,99.47,5.79,77.28,0,0,3.88
1.09,70.21,4.67,93.41,5.91,98.02,7,2,4.58
1.99,81.31,4.28,94.30,7.25,76.51,5,1,4.51
1.28,96.73,2.62,70.98,5.29,56.67,6,0,3.69
2.80,56.98,3.48,76.14,6.10,51.53,9,0,3.80
1.76,85.44,3.40,62.39,5.12,89.67,9,0,3.94
4.01,67.70,3.35,61.95,8.26,76.11,2,0,4.22
0.51,65.58,2.02,71.88,5.39,51.21,2,1,3.03
3.00,73.54,2.35,65.20,6.25,35.39,10,1,3.43
5.02,67.13,4.59,68.80,6.79,69.79,1,3,5.00
2.95,89.73,2.06,75.10,8.96,77.14,5,2,3.99
3.02,90.63,4.25,74.89,8.22,53.44,10,0,4.88
2.32,79.37,3.99,61.02,5.62,91.63,8,4,4.18
3.60,58.75,2.69,73.39,6.27,98.36,8,0,3.66
1.00,98.94,3.59,91.27,6.30,36.82,1,1,4.64
4.92,73.27,3.36,55.71,6.80,56.54,4,1,4.32
4.31,63.77,3.86,85.15,8.17,42.72,9,2,4.50
2.68,62.95,2.68,56.99,5.11,58.55,8,0,3.30
4.14,88.08,2.27,63.44,6.25,66.00,7,0,4.01
4.27,71.08,3.81,68.38,8.87,83.65,3,0,4.58
1.91,63.99,2.20,69.06,6.12,42.07,3,2,3.37
2.66,64.43,3.52,98.70,8.89,88.18,6,4,4.59
3.16,59.06,3.91,95.08,9.00,98.27,2,1,4.34
5.13,78.26,3.98,63.51,5.68,98.30,10,2,4.93
2.09,84.36,2.07,75.81,7.27,50.65,6,0,3.39
4.10,77.17,3.18,92.66,8.58,95.51,6,4,5.00
4.94,73.46,4.22,67.57,7.81,95.06,0,0,5.00
3.36,89.67,2.27,57.93,7.42,87.84,8,2,3.66
5.23,91.59,3.52,62.59,7.80,79.82,4,3,5.00
2.02,95.64,4.68,75.82,7.40,70.01,3,1,5.00
2.21,62.85,3.05,95.72,5.47,98.95,8,3,3.99
3.18,69.24,2.50,93.11,5.09,43.17,3,0,3.88
1.90,78.16,4.12,93.99,8.27,86.05,3,1,4.70
1.29,93.46,4.79,62.03,7.17,55.42,2,2,4.72
2.17,84.61,3.44,95.00,7.73,89.18,1,2,4.81
2.08,92.65,4.31,80.85,8.45,95.70,8,4,5.00
5.29,79.68,2.85,80.85,7.84,66.94,3,1,4.49
4.80,77.22,4.80,54.80,5.94,53.51,4,4,5.00
1.50,80.89,3.36,67.28,6.54,70.45,1,0,3.88
2.67,58.89,2.53,97.62,6.25,40.96,1,3,3.92
4.04,92.99,4.67,66.37,7.31,59.58,1,3,5.00
3.02,77.04,3.39,69.08,8.68,41.71,5,3,4.25
2.47,92.30,4.61,84.21,5.88,94.02,7,0,4.85
2.31,90.22,4.30,93.46,6.00,67.83,0,2,5.00
5.14,87.04,3.20,76.43,8.36,39.54,1,2,4.76
5.10,72.11,2.24,63.51,7.09,41.24,5,3,3.85
2.54,55.76,3.67,87.20,6.65,69.54,0,2,4.29
4.12,69.50,4.71,81.93,8.13,51.20,5,2,4.73
5.38,55.05,2.26,77.26,7.46,75.17,7,2,3.97
0.94,63.07,3.61,51.89,6.47,59.22,2,4,3.64
1.67,67.66,3.28,68.73,8.20,76.38,2,0,3.94
1.53,59.95,3.89,71.55,8.41,49.94,0,3,3.72
4.99,90.20,2.06,66.40,6.35,69.71,7,0,4.23
4.69,63.23,3.79,77.91,7.29,54.49,5,1,4.51
1.56,69.43,3.31,58.23,8.74,42.07,10,0,3.60
4.59,57.41,4.03,85.29,7.61,42.75,10,2,4.35
3.87,87.16,3.27,95.60,5.79,63.95,5,0,4.86
1.72,78.41,2.40,90.79,5.57,82.05,3,4,3.89
5.09,59.65,2.76,70.81,8.01,49.34,2,3,4.08
2.16,61.80,4.34,62.10,7.32,75.08,2,1,4.02
2.26,74.54,3.25,86.10,8.76,79.33,8,1,4.01
4.15,88.39,2.55,76.16,8.26,55.61,10,4,4.07
2.32,77.24,2.34,53.69,5.43,38.16,1,4,3.76
2.23,83.29,3.13,79.63,6.80,91.86,10,4,4.43
3.81,59.17,4.52,71.43,5.76,60.87,1,3,4.85
0.62,83.51,3.17,90.59,7.24,45.02,4,0,3.86
5.24,66.62,4.03,50.32,5.19,86.41,5,3,4.51
1.43,86.49,2.27,97.58,7.22,82.27,5,2,3.92
2.73,80.81,3.10,65.55,8.42,82.65,7,0,4.14
5.39,80.05,2.21,77.00,7.22,51.72,4,1,4.47
0.81,94.37,4.61,89.10,8.24,63.72,2,2,4.76
3.36,80.00,2.31,96.54,5.85,86.39,2,0,4.51
5.05,71.63,3.32,60.49,7.01,54.58,3,3,4.41
2.94,75.42,2.55,66.07,8.68,37.08,2,2,3.61
3.45,56.37,3.14,74.79,8.61,59.76,10,4,3.89
1.82,79.74,3.96,68.30,8.40,82.44,10,4,4.43
3.17,62.84,4.66,90.25,6.96,40.43,1,3,4.69
1.90,65.06,2.72,67.77,8.20,59.81,5,3,3.44
2.19,87.51,4.28,69.92,6.99,77.18,7,4,4.92
4.55,68.14,4.40,77.77,6.56,87.14,9,2,4.75
4.99,73.00,3.93,66.13,8.65,77.41,2,0,4.75
4.76,83.69,2.43,73.60,8.23,62.16,5,2,4.21
3.58,57.16,3.84,62.26,7.63,63.24,5,4,4.25
3.79,67.12,2.87,84.52,7.60,59.01,10,0,4.08
4.43,61.59,3.63,56.96,7.99,97.42,6,3,4.49
5.39,67.59,2.03,56.89,5.31,39.26,1,2,3.87
2.96,56.74,4.29,82.57,8.74,86.06,1,1,4.51
4.01,86.71,4.09,60.88,5.51,95.79,2,4,4.98
4.37,74.51,2.79,59.24,7.92,48.54,6,4,4.03
0.69,62.45,4.57,63.83,5.71,93.10,1,1,4.30
4.12,72.91,3.02,50.87,8.90,98.21,4,1,4.18
3.23,82.00,2.11,78.75,8.72,41.43,5,2,3.88
1.13,78.61,2.31,82.83,8.81,63.47,2,0,3.64
0.89,97.90,3.31,86.92,6.64,81.16,6,2,4.14
3.45,87.76,4.49,68.92,7.03,42.58,1,2,4.78
0.64,66.52,2.64,90.34,8.37,72.46,10,0,3.47
1.15,85.38,2.30,61.92,8.08,64.58,2,1,3.55
2.16,96.83,4.11,65.04,6.12,43.72,0,2,4.67
1.16,78.30,4.07,83.48,5.73,93.22,7,2,4.40
5.25,60.06,4.32,92.84,7.73,70.90,1,4,5.00
1.95,71.37,2.96,70.81,7.07,75.77,0,3,3.85
0.67,55.64,3.84,66.03,7.99,62.47,7,2,3.43
5.25,60.56,2.34,89.15,7.63,58.45,8,0,4.04
0.64,63.73,3.55,74.26,6.59,39.22,0,4,3.77
3.76,63.31,2.04,55.33,5.04,82.56,0,1,3.82
0.62,77.20,2.59,75.16,5.98,56.55,9,3,3.49
1.61,60.98,4.30,57.51,7.72,84.29,9,2,4.08
0.82,79.31,4.12,98.40,7.31,49.43,4,2,4.33
4.03,66.29,2.93,68.83,8.12,84.82,4,3,4.27
3.41,79.73,3.53,89.94,7.71,50.07,3,2,4.94
4.48,68.95,4.29,98.42,5.74,42.10,2,4,5.00
3.24,87.92,2.44,70.68,6.65,74.69,1,0,4.19
2.28,57.65,4.38,79.48,5.75,95.32,9,4,4.61
3.60,93.68,4.51,96.09,8.04,86.67,9,3,5.00
4.55,74.69,3.23,83.78,6.00,79.38,5,2,4.55
2.54,98.52,2.86,93.04,8.40,63.77,1,3,4.33
4.76,87.20,3.87,76.58,5.57,62.75,7,2,4.98
4.45,86.49,3.45,94.09,6.87,58.18,5,4,4.94
2.78,89.81,4.14,99.51,7.79,98.03,9,1,5.00
4.57,83.93,3.31,79.35,7.12,62.74,7,0,4.46
2.41,86.80,2.04,88.43,6.08,96.77,6,3,4.05
3.87,81.97,2.21,67.18,5.62,44.43,7,0,3.73
2.27,59.17,3.51,63.87,5.40,87.18,2,2,4.00
4.42,88.05,3.89,52.04,7.74,41.05,9,1,4.47
3.64,77.11,2.88,51.29,8.86,65.11,10,4,4.03
2.79,76.55,2.35,89.82,6.66,92.64,5,2,4.08
1.10,58.86,3.25,63.83,7.36,35.02,3,4,3.61
1.89,55.89,2.23,72.52,7.93,73.74,4,4,3.49
2.09,91.72,3.88,73.09,6.48,49.48,9,0,4.46
1.21,93.07,3.36,60.80,5.41,78.90,0,3,4.37
5.15,97.87,3.58,50.96,8.48,95.91,4,3,5.00
4.21,84.40,4.52,83.71,5.66,56.43,8,2,5.00
0.74,78.22,2.89,52.51,5.15,37.73,2,4,3.62
5.13,73.74,2.42,85.57,7.44,72.05,3,0,4.31
1.40,82.36,2.16,89.51,8.12,51.84,7,4,3.76
3.52,95.93,2.72,77.80,6.57,95.51,4,4,4.48
2.46,82.22,3.83,63.34,7.45,54.79,6,1,4.37
0.94,55.07,3.49,56.14,8.14,88.03,0,2,3.81
1.86,71.77,3.56,53.38,6.00,72.27,7,3,3.74
2.80,98.60,4.71,54.70,5.16,70.67,4,3,4.53
1.71,83.66,3.19,88.77,5.46,57.33,10,1,4.10
2.50,91.15,3.61,77.21,6.07,75.54,5,3,4.55
5.16,57.17,3.66,91.74,7.44,96.11,3,2,5.00
1.73,83.40,4.13,52.35,5.91,39.37,4,0,3.96
1.88,57.20,3.29,54.06,6.99,43.83,0,2,3.68
0.55,97.98,2.37,91.62,6.23,60.63,2,4,3.85
2.56,97.66,4.72,76.94,5.44,96.21,0,1,5.00
3.49,63.14,4.48,68.68,5.17,45.28,4,3,4.37
3.38,78.18,3.66,93.11,6.58,35.03,4,4,4.46
1.30,99.34,2.65,67.34,5.28,65.50,5,3,4.06
3.08,75.00,2.79,96.68,7.39,71.40,2,2,4.70
0.92,76.98,3.63,56.75,6.08,68.26,1,3,3.83
4.40,67.18,2.52,77.35,5.29,65.51,5,1,4.02
3.15,61.97,4.23,68.54,7.42,44.74,8,1,4.17
1.55,65.95,3.61,59.57,5.71,51.20,0,1,3.81
0.62,67.17,2.52,62.66,8.29,98.17,7,4,3.65
4.66,63.03,3.64,74.12,8.97,72.03,3,4,4.45
2.24,55.01,3.14,62.36,5.62,61.39,10,1,3.37
2.45,82.64,4.57,92.30,8.37,83.70,4,1,5.00
1.85,68.97,4.72,79.71,5.65,99.89,6,4,4.67
4.26,94.23,4.38,54.60,7.40,38.17,6,4,4.94
5.08,84.19,2.04,92.63,8.21,57.56,7,1,4.00
1.29,73.25,4.51,97.51,6.02,96.08,4,2,4.72
0.59,84.60,3.39,83.42,8.99,90.12,10,1,4.10
1.19,84.02,2.84,96.62,8.33,66.15,10,2,4.18
5.36,57.48,3.92,62.61,5.40,58.62,4,1,4.50
3.54,78.94,2.45,80.90,5.63,66.28,6,0,3.99
0.65,78.07,3.23,72.73,7.29,64.35,1,1,3.70
3.53,94.94,2.36,72.29,8.37,45.70,8,3,4.06
1.30,93.49,3.66,99.87,8.84,43.28,8,2,4.27
3.90,81.09,2.20,94.05,7.01,59.50,3,2,4.27
1.87,91.76,3.20,88.55,8.07,93.06,6,0,4.57
2.92,70.95,2.34,65.72,6.06,81.39,5,3,3.81
4.27,87.70,3.29,62.86,6.18,42.68,1,0,4.37
4.97,71.21,2.71,74.60,7.66,95.51,1,2,4.22
2.03,73.03,3.31,68.30,6.06,60.69,2,2,4.04
4.60,55.43,2.44,53.76,8.48,89.66,6,4,3.96
3.23,73.07,2.64,52.90,6.37,57.31,0,4,3.90
1.79,95.71,4.64,53.90,5.71,72.04,4,4,4.60
2.02,76.23,3.89,66.57,7.50,64.61,7,1,4.00
4.74,78.76,3.98,88.71,7.40,99.83,7,2,5.00
5.49,61.72,2.81,51.41,5.92,73.06,8,1,3.82
3.22,98.27,3.11,72.96,6.06,55.21,5,0,4.20
4.64,57.64,3.41,70.70,6.29,64.63,7,1,4.18
2.79,71.47,4.08,73.36,6.23,42.55,0,2,4.33
4.03,93.61,3.12,56.58,7.51,39.03,9,3,4.33
2.13,61.76,2.61,89.72,8.72,82.55,6,4,3.89
2.44,98.58,2.83,68.18,6.83,69.55,4,1,4.43
3.81,83.13,3.89,79.41,5.30,54.93,6,3,4.69
2.66,73.93,2.03,78.65,6.44,77.64,8,2,3.41
3.74,60.67,3.31,58.92,7.27,55.25,5,3,4.07
5.25,82.35,2.48,83.60,6.88,83.13,2,0,4.53
5.39,83.80,4.77,78.60,5.28,41.59,3,2,5.00
2.48,98.06,3.36,63.52,5.32,62.22,1,1,4.38
2.17,74.57,4.68,92.43,8.91,61.51,5,1,4.77
3.01,77.47,2.10,54.79,6.79,93.37,4,0,3.66
2.67,70.54,2.13,81.64,7.31,59.40,6,1,3.58
1.07,62.98,2.62,72.91,7.82,43.06,1,2,3.30
2.26,79.13,2.50,64.25,7.30,99.14,2,0,3.77
1.68,58.83,2.44,60.48,7.41,86.08,4,0,3.43
4.49,87.64,3.21,88.26,6.63,51.14,7,2,4.64
1.75,81.17,3.37,61.62,7.47,87.78,9,2,4.11
1.20,65.16,3.06,73.95,8.06,56.44,2,3,3.76
3.76,81.36,3.35,93.26,6.13,97.45,8,1,4.64
3.59,71.33,2.49,75.81,6.91,54.26,6,1,3.68
3.23,58.55,3.71,66.62,8.98,56.68,10,0,4.08
3.44,98.60,3.06,58.86,5.79,62.24,7,1,4.26
1.60,57.35,2.70,72.63,6.70,99.85,10,2,3.33
1.96,92.79,2.50,67.23,8.91,58.27,7,1,3.89
3.13,68.03,2.20,60.99,6.65,38.00,5,0,3.41
0.72,90.59,4.66,64.30,5.18,94.85,5,2,4.21
1.67,73.13,4.08,78.43,6.13,52.73,2,3,4.37
5.27,80.88,2.22,76.73,8.18,77.15,8,1,4.35
2.87,96.20,3.20,83.53,6.76,37.70,8,1,4.12
3.47,84.39,3.76,65.07,5.50,57.54,4,1,4.34
4.19,92.45,4.16,63.22,8.55,90.29,9,2,4.72
4.48,93.09,3.49,50.16,8.12,73.01,8,2,4.67
1.95,78.11,4.66,80.57,5.92,89.36,8,0,4.38
2.82,70.47,2.26,78.37,7.52,81.95,2,3,3.86
2.61,77.46,4.77,92.97,7.16,63.14,7,1,4.99
3.21,77.42,3.47,97.93,6.45,46.36,4,4,4.48
4.21,91.41,2.23,61.90,5.92,73.87,3,2,4.39
3.25,83.25,2.50,62.53,5.08,69.06,3,2,4.04
4.45,93.41,2.08,54.15,5.17,57.31,1,2,4.13
5.40,59.64,3.89,64.91,7.28,72.36,1,1,4.52
1.16,86.13,3.90,81.09,8.28,48.82,6,0,4.27
4.23,93.27,4.39,90.10,7.88,64.10,8,4,5.00
5.00,82.63,3.55,50.47,6.07,95.60,2,0,4.49
2.89,69.08,2.39,83.43,6.65,83.22,7,2,3.82
2.84,74.53,4.42,86.97,6.62,78.06,6,4,4.80
2.39,55.86,2.48,50.45,7.55,63.60,6,0,3.43
2.86,61.25,2.43,65.26,8.08,54.75,1,3,3.75
2.14,76.72,4.25,66.34,5.70,50.69,7,2,4.33
4.05,92.53,4.05,56.55,7.78,44.12,4,0,4.88
1.59,93.37,2.08,78.85,6.09,65.57,7,3,3.78
4.22,63.72,2.01,57.38,7.78,95.99,0,4,3.98
4.74,68.90,3.78,91.34,6.60,66.76,3,1,4.67
4.33,61.96,3.05,62.37,8.09,78.55,8,0,4.05
1.00,89.84,3.22,86.38,6.93,69.35,1,3,4.37
3.46,66.94,2.67,75.49,7.34,78.45,2,3,4.21
4.82,73.66,3.64,60.84,7.60,54.55,5,2,4.34
3.47,74.50,3.51,57.39,6.66,68.50,1,2,4.33
2.40,91.78,2.12,89.50,6.30,76.75,8,1,4.28
2.65,65.61,4.32,67.68,6.34,38.02,9,1,4.11
1.96,89.21,2.10,63.15,5.16,95.09,9,1,3.67
5.08,90.79,3.13,97.62,8.69,56.36,1,0,4.83
5.32,72.88,3.71,85.98,8.66,40.60,3,2,4.53
1.04,93.70,2.31,77.82,5.45,91.20,8,1,3.55
1.49,60.26,4.46,84.23,8.01,68.67,5,1,4.63
3.73,56.32,3.29,78.96,8.26,51.40,8,2,4.07
3.97,56.79,4.23,95.76,5.05,60.99,0,2,4.65
1.97,77.76,2.84,93.89,5.95,60.11,0,2,4.41
4.59,60.88,2.13,83.89,5.61,65.38,3,0,3.88
1.41,56.62,3.66,82.25,6.13,50.59,7,2,3.73
1.72,69.84,2.81,99.09,6.12,69.82,8,2,3.72
4.72,57.27,3.47,50.50,5.57,93.28,9,2,4.03
5.08,56.94,2.78,60.50,5.54,65.82,7,0,3.67
3.60,88.68,2.57,92.09,8.04,43.80,2,4,4.40
3.11,93.90,2.27,63.02,6.07,88.85,3,0,4.31
4.81,90.80,3.64,68.17,5.79,94.60,6,1,5.00
2.92,74.71,4.65,83.56,7.10,78.50,2,4,4.81
3.98,59.86,4.11,59.84,6.46,99.97,3,3,4.74
2.86,99.99,3.94,66.50,8.26,55.77,6,2,4.42
2.23,85.42,3.60,71.96,8.69,95.90,1,3,4.54
1.81,86.25,3.07,85.17,6.68,91.45,3,3,4.19
2.62,70.34,4.76,88.89,5.21,87.79,6,0,4.78
2.32,99.59,4.77,50.76,8.58,81.78,8,3,4.92
2.14,68.09,3.79,56.08,5.37,46.14,2,2,4.10
5.17,96.44,3.59,98.66,8.98,37.75,9,3,5.00
4.61,69.00,2.67,57.16,5.45,85.40,6,4,4.13
1.97,95.91,2.10,96.80,5.56,64.27,4,0,4.01
1.59,75.20,2.83,99.83,8.76,67.96,10,0,4.04
0.85,79.70,3.79,59.56,7.34,70.31,10,2,3.97
5.33,63.29,3.25,57.32,8.36,37.91,1,3,4.31
2.31,85.80,3.59,74.16,6.21,63.08,4,0,4.33
2.74,61.65,3.11,91.68,8.73,48.66,7,3,3.84
5.28,83.05,2.80,69.87,5.01,76.00,4,2,4.46
2.72,60.61,2.42,72.20,7.92,48.11,3,0,3.50
4.55,65.19,4.47,60.54,7.43,82.87,10,0,4.69
1.08,91.60,4.53,63.78,7.12,37.00,4,3,4.34
5.12,78.47,3.40,76.30,8.28,47.55,4,3,4.72
5.30,63.54,3.34,53.63,7.17,71.72,6,0,4.22
3.45,60.26,2.85,75.74,6.12,96.59,2,1,4.00
4.32,77.12,2.46,68.67,8.14,49.89,2,2,4.09
1.22,68.66,3.13,75.22,5.49,95.17,2,2,3.79
1.03,73.04,2.71,85.58,5.76,93.69,1,4,3.72
0.55,91.68,3.13,95.36,5.94,69.13,3,0,4.32
4.08,64.04,4.59,80.77,5.31,88.27,6,0,4.88
3.05,74.30,2.37,70.68,8.10,55.99,10,2,3.84
1.37,64.78,4.46,93.92,6.59,88.02,6,1,4.53
1.14,79.40,4.38,52.98,5.07,63.57,7,1,4.07
2.06,73.88,4.11,69.94,6.63,76.82,7,4,4.29
2.49,55.00,3.53,56.94,6.68,91.12,8,4,3.93
5.15,62.08,4.05,69.41,7.44,37.46,2,2,4.84
2.15,67.01,2.23,55.27,6.19,91.25,9,3,3.30
3.91,90.99,3.04,64.64,5.77,86.00,6,3,4.70
5.00,86.10,4.32,52.73,5.13,38.65,7,1,4.73
5.22,95.95,3.33,78.46,8.90,66.96,8,0,4.98
3.75,73.43,2.40,92.16,7.20,35.12,2,2,4.34
3.66,77.78,2.50,78.13,8.69,69.79,7,4,3.89
0.99,83.78,3.31,82.01,6.21,92.20,2,4,4.36
2.01,73.68,2.45,70.28,8.45,52.29,10,1,3.63
2.83,84.01,4.50,85.93,8.54,56.82,0,3,4.60
3.03,64.61,3.29,78.05,6.07,69.27,5,1,4.01
3.94,90.57,2.13,96.98,5.52,58.94,3,3,4.31
2.58,74.34,2.54,63.34,7.21,83.11,9,2,3.50
0.75,74.91,4.64,88.92,8.10,84.14,6,2,4.65
4.17,73.33,3.12,51.41,8.91,95.45,2,1,4.62
3.56,95.14,2.60,85.77,7.61,96.17,10,4,4.35
2.82,58.93,3.92,99.67,5.32,61.22,5,3,4.31
3.21,65.21,2.84,75.28,6.09,74.50,5,0,4.13
3.24,75.91,2.10,93.41,6.90,68.76,4,4,4.17
5.21,57.75,2.94,67.33,6.58,61.13,8,4,4.31
5.15,67.27,4.48,76.68,8.71,56.15,0,4,5.00
3.93,63.79,2.13,67.30,7.13,85.70,1,1,4.00
4.78,79.62,4.07,75.23,5.39,91.14,2,2,4.87
1.09,58.73,3.56,83.78,6.87,59.66,6,4,3.83
1.44,65.66,4.27,91.23,8.69,98.32,1,1,4.67
1.53,81.05,3.51,87.79,5.25,95.42,2,4,4.19
3.57,60.34,3.99,84.89,7.59,44.96,4,3,4.67
0.89,61.07,2.97,54.51,7.67,70.72,8,1,3.20
5.35,79.28,2.55,72.24,5.64,98.46,3,3,4.46
4.26,65.06,3.81,89.59,6.57,35.99,5,4,4.45
5.37,79.37,2.98,52.43,8.68,48.64,3,4,4.14
2.11,59.15,3.12,58.27,8.57,92.62,9,4,3.81
3.13,84.56,3.64,94.40,7.73,46.40,10,2,4.60
2.56,94.94,2.22,67.58,6.72,64.49,6,3,4.03
1.06,64.60,3.99,90.97,5.53,59.53,10,4,4.24
2.50,93.81,4.59,50.03,7.16,67.79,10,2,4.65
4.98,94.55,3.69,56.51,7.95,89.95,0,4,4.87
3.18,69.69,3.19,59.48,6.30,77.83,0,3,4.47
3.87,73.62,2.93,59.63,7.46,72.13,4,0,4.08
5.19,66.65,4.64,69.08,5.42,74.17,10,3,4.96
1.58,84.39,4.31,69.86,8.96,54.52,10,1,4.18
3.67,75.72,2.37,86.36,8.12,83.40,5,4,4.37
0.51,96.35,3.26,51.97,8.52,36.71,3,0,3.76
0.51,95.89,3.11,60.64,8.08,66.43,1,1,3.79
3.64,67.24,3.62,58.93,7.39,82.60,6,0,4.21
2.64,59.12,3.94,74.03,5.38,37.31,5,3,3.93
3.06,94.72,2.80,90.53,5.51,52.67,0,1,4.40
2.58,77.48,2.15,69.94,6.61,75.00,7,1,3.55
4.61,93.72,3.30,79.45,6.44,64.93,0,0,4.79
3.68,89.67,2.04,97.14,5.94,73.01,0,4,4.46
0.60,99.85,2.86,60.11,7.73,44.71,7,2,3.81
5.49,79.44,3.65,75.36,7.65,35.07,0,4,4.70
2.41,68.60,2.35,99.34,6.53,95.59,1,2,3.99
5.10,64.12,4.63,70.81,8.95,67.40,9,0,4.80
1.22,96.86,3.91,82.58,5.61,39.08,3,4,4.13
3.76,69.08,4.10,82.92,8.75,36.00,0,2,4.75
4.11,97.51,2.38,85.77,7.62,54.77,2,1,4.47
2.91,89.97,2.17,62.38,7.54,79.47,9,1,3.91
4.23,78.93,3.52,73.88,5.22,42.54,8,3,4.37
4.08,67.16,3.39,65.96,7.73,98.34,1,3,4.73
2.00,88.72,3.75,88.18,7.51,92.04,7,0,4.38
5.32,92.33,3.65,67.06,7.03,47.93,7,2,4.58
1.38,69.11,4.07,85.35,5.75,67.40,5,1,4.29
5.27,89.62,4.18,71.02,6.35,90.52,3,0,5.00
1.10,58.17,3.71,82.32,6.94,72.09,3,3,4.13
4.36,65.67,4.44,84.93,7.48,42.97,0,3,4.62
0.65,88.61,3.22,82.77,6.84,40.81,5,3,3.98
3.26,66.09,3.86,88.68,8.82,41.55,10,1,4.49
5.44,62.50,2.38,76.28,5.30,40.44,7,0,3.90
4.95,63.53,2.71,79.11,5.69,92.43,9,0,3.92
4.45,77.60,2.98,73.48,7.13,78.31,4,3,4.46
2.96,68.13,4.00,74.58,5.62,60.58,9,2,4.22
3.05,79.29,3.71,52.70,7.43,70.77,1,0,4.16
1.83,80.67,2.12,76.99,8.99,62.14,3,3,4.04
2.22,93.13,3.16,57.32,8.90,50.78,7,1,3.88
1.80,57.46,2.72,92.17,6.76,92.45,10,2,3.81
2.10,64.78,4.41,56.48,5.79,95.61,0,0,4.26
5.21,65.47,4.42,53.88,8.81,70.34,7,2,4.74
5.13,67.69,2.46,65.25,8.48,74.46,2,3,4.20
3.50,87.78,3.28,68.82,5.78,62.96,4,4,4.46
5.04,57.28,2.67,66.31,7.35,90.91,7,1,4.05
5.23,61.14,4.69,66.02,8.49,93.71,6,4,4.69
4.66,70.57,2.40,92.44,7.15,71.88,8,4,4.42
5.33,89.43,4.53,74.34,7.88,95.22,4,4,5.00
4.39,91.46,3.07,98.39,5.32,81.83,4,4,4.90
5.17,97.75,2.40,97.90,7.95,61.38,7,2,4.83
2.40,72.45,3.05,70.30,5.52,79.62,5,3,4.03
2.11,91.19,4.61,57.02,6.95,41.84,7,2,4.45
2.52,83.78,3.42,53.61,8.28,70.48,8,4,4.26
2.13,78.59,2.92,94.03,8.04,67.46,0,1,4.26
0.83,72.30,2.14,77.42,7.24,71.24,10,2,3.34
3.27,65.58,3.48,83.73,5.11,57.82,5,2,4.17
2.53,55.31,3.60,55.16,6.21,82.89,0,3,3.94
1.52,59.50,3.02,99.71,8.53,75.51,6,4,3.96
5.34,97.40,3.86,94.30,8.57,90.21,6,3,5.00
2.57,73.21,2.19,88.91,6.00,89.28,8,4,3.79
3.92,68.87,2.34,62.25,5.94,54.98,4,4,3.82
4.76,88.61,2.05,96.14,5.18,42.94,4,1,4.25
3.99,79.44,3.55,63.31,6.83,89.76,10,0,4.39
4.05,76.80,2.71,79.46,8.98,53.23,9,4,4.34
3.05,89.84,2.65,53.67,6.85,78.14,3,1,3.89
5.15,60.64,3.81,73.53,6.59,95.34,5,2,4.56
1.09,71.26,4.64,75.93,5.61,86.64,7,0,4.44
2.62,55.19,2.93,87.75,6.01,43.88,10,2,3.69
1.89,56.24,2.39,86.32,8.97,87.71,8,4,3.58
1.52,67.63,2.34,72.14,7.05,36.90,0,0,3.34
1.36,78.89,3.47,99.81,5.84,91.81,9,0,4.26
0.84,56.30,4.76,68.48,6.71,47.79,5,0,3.74
5.14,67.40,4.68,69.55,7.38,77.50,2,2,5.00
2.97,60.02,4.48,62.72,8.47,47.71,8,1,4.43
3.04,58.08,2.94,83.71,8.61,92.38,9,0,3.89
1.27,95.19,3.13,67.72,5.91,71.58,2,0,4.17
3.61,65.34,4.63,54.73,7.51,47.48,2,2,4.29
0.75,96.61,3.82,50.96,8.81,57.92,4,2,4.28
3.00,66.43,2.96,85.03,8.20,65.07,1,3,4.40
1.50,74.75,4.56,51.05,6.40,58.41,1,1,4.20
5.21,76.22,3.74,74.60,8.77,44.25,4,3,5.00
4.29,86.25,3.15,69.52,5.27,82.83,5,1,4.48
3.44,63.41,2.47,81.16,8.29,49.86,10,2,3.79
4.55,82.59,2.29,97.40,7.09,64.39,2,4,4.59
4.54,76.22,3.68,73.87,5.39,56.61,0,1,4.84
4.86,56.72,3.91,59.92,6.72,68.56,9,4,4.24
2.10,96.03,2.76,84.83,5.98,74.32,9,1,4.11
2.09,73.80,3.46,75.63,5.20,93.41,4,4,4.30
2.65,72.72,4.37,90.73,5.32,72.41,10,1,4.39
5.08,83.53,4.44,54.35,6.02,96.47,5,4,4.99
1.06,86.77,2.55,60.41,6.43,36.25,5,1,3.44
0.74,59.71,4.66,73.18,7.59,64.05,4,3,3.94
3.83,58.99,4.22,90.72,8.51,38.29,8,1,4.58
3.78,60.86,3.13,96.78,8.14,88.03,10,4,4.44
3.16,72.89,4.64,80.04,8.34,44.72,3,0,4.87
4.66,75.06,3.33,55.95,5.10,72.05,3,2,4.41
3.35,67.21,2.42,76.38,7.25,63.60,4,2,3.64
0.76,57.82,4.37,89.20,8.23,39.35,7,3,4.20
0.64,81.52,2.30,69.76,7.80,61.11,2,3,3.56
0.56,74.98,2.05,85.46,8.51,40.24,9,4,3.12
5.20,72.53,4.06,62.36,8.27,50.03,8,2,4.69
3.37,73.53,3.91,65.37,5.25,47.59,0,4,4.53
0.84,92.79,2.97,53.28,6.16,60.41,0,0,3.72
2.32,63.53,2.57,66.60,6.98,40.35,1,0,3.51
2.86,69.44,2.28,65.47,5.48,67.04,6,3,3.71
2.86,94.77,4.23,89.13,5.57,69.13,6,1,4.91
2.59,93.01,3.73,67.61,7.25,76.28,2,1,4.44
1.77,73.70,4.14,92.57,5.68,88.03,9,1,4.28
1.09,81.03,2.26,67.70,8.18,70.33,9,1,3.07
1.99,85.30,3.28,93.62,5.49,82.32,4,0,4.51
0.93,56.19,2.78,54.37,8.89,98.24,6,2,3.25
1.80,69.53,4.58,50.84,5.55,66.90,8,0,3.85
4.60,57.76,4.23,81.47,6.10,46.93,3,0,4.74
2.66,82.81,2.56,87.55,6.05,65.03,9,0,4.07
3.07,91.84,3.50,69.32,8.04,74.61,10,2,4.47
0.69,65.67,3.30,93.26,5.66,63.88,7,3,3.57
3.56,93.75,4.70,97.12,8.59,85.31,4,1,5.00
1.71,75.08,4.54,74.63,5.05,38.02,2,3,4.35
5.33,58.94,3.30,82.69,7.74,78.77,8,1,4.12
1.19,94.01,3.80,74.87,7.32,70.17,1,4,4.70
2.73,78.78,3.85,65.99,7.82,70.39,1,1,4.42
1.82,94.96,2.80,55.12,6.18,41.20,7,0,3.80
3.63,68.65,2.91,96.43,5.17,40.52,3,2,4.21
3.84,92.52,2.83,84.72,7.70,49.73,8,1,4.50
3.36,62.75,2.64,57.99,8.78,97.31,8,3,3.65
2.30,87.67,2.25,79.46,7.66,62.06,4,0,4.07
2.04,59.00,3.07,51.60,5.06,90.78,4,1,3.66
1.40,58.50,2.77,99.23,7.90,38.33,9,0,3.57
5.27,89.14,4.58,98.75,5.63,64.26,8,2,5.00
3.42,96.23,4.26,66.22,8.87,55.53,4,4,4.66
3.72,91.43,4.32,72.87,8.79,42.62,4,0,4.94
1.50,87.56,4.64,85.17,5.11,92.46,6,0,4.62
3.86,68.12,3.48,97.91,5.74,56.58,4,3,4.60
4.47,81.68,3.77,67.23,5.33,88.47,1,4,5.00
0.80,65.90,3.08,86.59,7.42,52.85,4,4,3.89
4.75,61.23,2.81,76.51,8.12,61.88,8,1,4.34
1.56,67.22,4.73,81.69,7.97,75.17,9,4,4.42
1.42,65.23,4.05,90.72,6.93,35.55,10,4,3.99
4.35,94.83,2.63,90.99,7.31,40.19,3,3,4.79
5.38,93.64,2.27,94.39,6.66,66.91,0,1,4.31
2.59,77.50,3.72,84.11,5.36,40.04,0,4,4.33
2.12,93.94,2.92,87.32,7.19,82.31,6,1,4.35
4.23,63.67,4.46,61.69,6.99,90.49,0,0,4.62
3.70,80.99,3.67,69.08,7.31,59.80,0,2,4.70
2.50,75.71,4.39,96.20,5.88,74.59,0,2,4.91
1.76,90.31,2.59,98.16,6.40,54.70,4,0,3.85
5.35,71.22,2.02,51.77,8.00,51.89,5,3,3.66
1.60,55.55,2.52,87.75,6.38,69.20,4,1,3.69
4.57,77.65,2.02,93.19,5.24,97.81,10,1,3.97
3.43,71.69,2.24,85.69,8.86,45.92,5,1,4.17
5.00,82.90,4.39,83.45,8.85,95.44,9,2,5.00
4.78,86.50,2.46,87.91,6.65,38.91,5,4,4.54
4.39,64.86,2.38,51.41,6.84,39.27,7,4,3.77
4.74,68.17,2.69,63.38,5.87,69.26,5,4,4.32
5.47,85.37,4.27,90.02,5.79,50.06,0,1,5.00
3.14,63.46,3.40,50.96,5.86,49.72,10,3,3.75
2.76,64.95,4.76,78.15,5.77,36.07,6,0,4.11
2.68,74.20,3.15,83.39,8.73,70.02,9,4,4.05
5.47,91.43,2.03,85.95,5.75,75.56,0,3,4.78
0.90,76.97,4.03,89.83,8.54,75.32,8,3,4.43
0.83,98.65,4.77,97.37,7.14,80.78,4,1,5.00
2.64,89.26,2.45,53.89,8.89,42.14,4,0,3.63
1.96,80.99,3.05,71.76,7.22,62.75,5,0,3.68
0.61,83.19,3.50,69.86,8.96,70.19,2,3,3.98
1.06,99.39,3.19,82.50,6.68,76.95,2,4,4.64
3.71,77.33,2.12,58.58,7.99,72.81,0,1,3.91
5.17,76.70,3.38,91.89,8.70,39.17,5,3,4.49
1.41,60.78,3.52,93.46,8.00,52.01,8,1,3.76
2.95,97.10,2.93,61.95,6.25,91.94,9,2,4.06
3.99,92.34,3.26,63.98,8.30,93.03,9,0,4.35
2.80,77.21,3.63,89.83,8.80,81.91,1,1,4.43
5.31,96.28,3.33,93.11,5.52,49.29,0,1,4.91
3.43,71.81,3.42,73.00,5.98,40.81,9,0,4.08
0.98,93.62,2.12,76.79,8.65,99.70,6,2,3.87
5.30,87.73,3.24,55.71,5.47,61.35,0,3,4.63
4.52,88.40,2.49,98.75,5.01,63.14,5,4,4.65
4.81,55.23,2.66,89.50,7.82,80.93,8,2,4.23
4.61,67.16,4.10,59.40,6.78,53.39,6,1,4.42
4.06,55.73,4.11,55.57,5.92,76.93,3,2,4.40
4.64,65.64,3.13,97.36,5.29,64.75,4,3,4.54
5.16,92.64,2.36,83.55,6.53,36.04,7,1,4.40
3.07,84.46,2.12,57.93,8.96,42.22,2,0,3.64
3.08,63.64,3.70,57.49,7.05,63.95,5,3,4.16
2.24,98.62,2.61,53.87,6.60,91.00,10,2,3.92
0.64,90.58,2.31,59.11,6.73,82.69,3,4,3.70
3.59,66.21,2.26,68.02,7.54,47.10,8,1,3.55
0.97,91.23,4.62,81.75,7.06,92.97,7,4,4.81
5.22,94.11,4.50,53.28,5.22,59.38,8,4,5.00
4.03,73.84,4.22,84.76,7.39,99.56,4,4,5.00
1.75,86.43,2.64,63.31,5.05,65.70,5,0,3.71
2.16,58.74,2.20,80.02,8.52,54.89,7,1,3.44
0.53,64.30,4.56,99.71,7.78,54.29,7,4,4.35
4.28,77.23,4.53,56.26,7.41,51.24,2,1,4.90
3.15,61.11,3.67,79.60,5.34,87.06,9,2,4.54
4.48,88.29,3.93,56.65,7.25,83.14,3,0,4.72
5.32,62.99,2.61,92.24,7.33,74.95,7,0,4.41
3.21,97.12,2.95,59.99,8.54,61.63,6,4,4.27
3.77,66.67,4.35,92.86,5.36,63.85,8,2,4.83
3.95,66.42,2.34,68.90,6.86,69.70,2,0,4.03
0.81,93.16,2.99,99.56,7.38,73.67,0,3,4.40
1.65,64.19,3.75,72.82,6.48,73.66,8,3,3.73
1.88,68.61,2.51,80.65,8.41,69.94,0,1,3.69
2.44,67.68,4.19,75.68,7.89,38.92,9,3,4.13
4.94,70.56,4.57,65.79,8.87,58.43,2,3,5.00
5.10,92.32,3.21,61.86,8.37,49.57,5,0,4.85
1.69,75.70,3.51,94.02,5.88,52.39,10,4,4.23
5.06,60.97,2.51,52.09,7.20,76.22,5,3,3.94
0.98,75.36,3.01,92.04,5.55,80.04,3,3,3.90
4.70,61.25,3.90,66.04,8.95,75.93,1,2,5.00
4.90,89.47,2.54,87.79,5.23,65.19,1,3,4.74
3.03,69.06,4.16,68.87,6.98,67.05,5,2,4.29
4.73,97.39,3.93,99.52,7.90,65.01,6,4,5.00
4.47,81.08,4.07,96.93,7.73,99.94,7,4,5.00
5.46,78.50,3.14,59.10,8.81,87.44,3,2,4.58
1.77,90.59,3.21,86.46,8.01,44.51,3,2,4.51
2.41,91.28,4.35,68.40,5.52,97.78,4,2,4.80
5.45,93.58,4.54,76.96,6.83,45.29,7,0,5.00
1.21,62.32,2.37,58.29,8.65,44.90,10,4,3.28
2.41,68.29,4.20,70.69,5.85,64.69,0,0,4.54
4.62,63.21,2.76,70.28,8.47,38.08,6,4,4.36
5.46,90.80,2.42,84.97,6.70,42.88,9,3,4.61
2.18,60.59,2.89,82.00,8.12,65.84,0,0,3.90
3.33,77.08,3.86,77.49,5.44,72.05,3,3,4.51
3.76,71.00,3.60,86.62,6.88,41.19,4,4,4.42
1.18,76.32,2.68,57.47,5.53,42.61,0,0,3.61
5.11,85.11,4.14,81.30,6.85,80.31,7,4,5.00
1.96,95.05,3.77,61.16,5.79,38.48,1,0,4.13
4.52,97.22,4.20,72.86,8.53,45.51,3,4,5.00
2.78,82.21,2.75,63.19,8.88,38.31,0,2,3.79
2.51,67.30,3.06,86.59,5.78,46.97,10,2,4.01
0.65,90.22,3.63,60.87,7.29,90.77,8,1,4.11
3.83,64.27,4.56,78.16,8.24,99.23,6,3,5.00
5.07,85.85,4.22,91.67,8.96,39.56,6,2,5.00
5.32,94.82,3.74,59.43,7.37,83.96,3,1,5.00
2.97,68.56,3.69,60.86,6.31,73.46,8,1,3.91
4.95,69.93,2.51,64.89,8.26,48.58,8,3,3.97
3.98,60.97,2.72,59.12,7.95,77.45,6,3,4.02
0.57,88.62,4.69,55.19,8.92,64.55,9,1,4.18
5.09,67.54,4.27,61.27,7.66,87.74,0,1,4.96
5.27,78.94,3.65,93.96,6.01,49.73,5,3,4.84
2.95,63.01,2.43,64.60,7.20,72.98,4,4,3.58
1.30,78.28,3.04,95.15,7.61,44.79,7,2,3.98
3.36,60.26,3.07,82.09,7.83,52.84,8,4,3.96
2.75,62.82,3.09,88.77,6.91,46.72,9,2,3.90
2.67,87.01,4.17,84.44,6.42,53.12,0,0,4.84
2.77,64.37,2.66,55.20,5.55,41.12,1,4,3.46
3.38,99.13,2.72,94.65,7.94,89.61,2,4,4.75
1.84,74.71,2.25,87.39,5.96,46.77,6,3,3.78
3.01,84.40,4.13,54.91,8.09,93.47,1,0,4.73
5.28,58.36,2.98,63.35,7.94,82.89,1,4,4.15
0.57,74.36,2.69,78.84,7.34,47.38,4,3,3.47
0.73,73.63,2.30,62.71,5.07,50.62,7,2,2.99
2.00,65.56,3.49,86.78,6.46,39.20,10,2,3.79
0.84,95.45,3.22,75.30,5.18,46.83,2,2,3.86
0.90,80.00,3.19,71.73,6.34,68.99,4,3,4.15
0.86,78.99,3.21,50.77,8.63,35.85,7,1,3.73
0.65,62.92,2.03,52.95,5.55,75.89,2,3,3.01
3.15,59.70,2.01,66.62,8.13,82.29,2,2,3.75
1.49,77.99,2.66,79.27,7.70,72.86,3,4,4.11
4.75,61.31,3.32,64.33,5.95,58.38,0,2,4.48
1.50,70.44,3.04,81.77,7.00,99.98,7,3,4.11
2.62,71.83,2.79,77.01,5.75,36.72,10,4,3.71
2.57,93.19,3.18,88.33,7.15,43.63,2,3,4.30
4.57,71.81,3.90,60.09,5.87,65.85,1,0,4.50
1.27,78.50,3.67,85.91,5.78,96.55,3,0,4.05
0.87,66.68,3.04,51.24,7.55,69.01,2,0,3.34
1.84,64.83,2.84,71.90,5.99,60.01,8,2,3.54
1.54,77.25,4.45,74.55,7.26,73.28,2,1,4.54
2.60,89.70,2.58,83.89,8.29,73.13,8,1,3.86
1.10,60.21,4.69,92.85,8.24,57.50,3,2,4.27
0.93,84.69,4.00,76.28,6.77,86.19,3,0,4.26
2.46,74.51,2.71,86.98,5.17,99.15,4,0,3.88
5.28,88.15,2.03,62.76,5.51,80.25,8,2,3.89
3.73,77.31,2.12,56.58,6.04,76.34,8,1,3.65
0.78,77.45,3.20,93.26,5.51,63.43,9,4,3.85
3.95,92.27,4.10,63.07,6.38,61.46,6,3,4.87
5.49,97.73,4.45,72.30,8.68,80.64,7,4,5.00
0.95,65.77,4.37,83.99,6.84,71.02,2,0,4.07
3.95,85.89,4.56,74.96,5.72,44.03,5,3,4.85
5.03,81.89,2.78,76.69,8.28,63.11,6,3,4.56
4.79,80.35,3.71,73.28,8.91,85.68,2,1,4.96
4.80,70.89,2.24,98.11,5.44,36.89,8,0,4.29
5.17,82.00,3.89,65.37,8.76,53.88,1,0,4.70
1.88,80.37,3.26,93.74,7.71,87.12,5,1,4.37
2.06,74.59,2.66,95.32,5.19,72.70,10,1,3.94
5.10,61.66,2.99,70.99,8.31,57.38,6,3,4.40
1.73,79.08,2.17,82.56,5.11,58.93,1,0,3.63
3.56,63.39,4.49,72.73,7.62,69.59,6,4,4.70
5.38,86.02,3.54,56.96,8.58,85.57,10,3,4.95
3.54,61.11,2.22,58.31,5.79,65.04,3,1,3.52
3.12,94.62,3.79,90.89,8.82,91.15,9,2,5.00
5.14,74.14,3.48,82.18,7.97,40.53,6,4,4.58
0.64,67.53,2.43,90.68,6.39,73.20,8,1,3.63
1.01,60.08,2.58,63.70,6.62,93.06,3,3,3.38
2.55,92.11,3.99,83.66,6.89,97.14,2,1,4.75
0.82,81.42,3.99,60.05,7.82,92.98,8,0,3.99
3.32,73.50,3.89,93.23,7.32,56.92,1,2,4.78
4.43,72.72,3.38,55.89,7.52,42.73,3,2,4.38
3.45,84.90,3.50,86.22,7.18,64.29,0,3,4.91
3.51,93.19,2.54,96.33,6.68,42.06,3,2,4.42
3.32,98.68,3.04,90.67,6.02,66.75,0,2,4.69
1.10,71.32,3.42,91.22,6.67,65.53,3,1,4.17
3.37,92.93,3.69,50.38,8.35,76.13,9,2,4.36
2.93,67.25,3.02,70.97,5.23,95.98,8,0,3.69
1.08,65.27,2.75,98.95,5.82,87.11,9,4,3.65
5.25,55.40,2.14,65.82,7.87,57.27,2,1,3.80
5.03,95.26,2.17,93.95,8.96,93.04,3,2,4.53
3.91,66.07,2.96,90.74,7.36,62.96,2,0,4.25
3.83,71.51,2.62,89.06,8.06,69.19,6,4,4.34
2.71,63.41,3.49,91.22,7.66,99.08,6,3,4.17
1.10,93.19,4.51,80.63,7.31,90.64,2,3,4.90
1.34,84.22,4.52,89.80,6.24,75.46,6,4,4.70
5.27,96.55,2.60,69.79,6.46,78.63,9,0,4.43
4.82,69.71,3.57,80.79,5.54,96.79,9,0,4.62
4.77,56.42,2.68,96.30,7.35,76.60,10,1,4.08
4.53,99.21,2.10,74.94,7.82,73.80,5,4,4.49
2.39,90.38,2.11,61.23,8.27,56.45,10,3,3.38
3.16,80.32,3.54,59.07,6.86,71.07,9,2,4.06
3.34,98.56,2.20,84.67,7.24,35.43,3,1,4.40
2.85,85.60,4.56,71.03,7.09,53.55,3,4,4.66
1.71,63.45,4.32,74.89,7.47,47.41,8,1,4.05
1.94,70.43,4.74,81.07,8.73,77.02,8,3,4.70
1.94,74.29,2.96,54.13,7.64,88.67,3,2,4.03
2.01,86.78,3.76,96.35,8.65,81.50,6,1,4.86
1.96,90.46,2.57,97.05,7.63,61.40,3,2,4.48
3.92,64.70,2.47,52.21,7.16,53.16,8,2,3.68
3.79,66.00,2.12,92.08,5.12,49.01,3,4,4.09
1.11,91.49,2.17,99.60,7.67,55.72,4,4,4.07
1.00,57.41,2.92,94.34,7.09,86.53,9,0,3.67
4.03,60.38,3.50,95.88,7.56,85.87,7,0,4.43
3.79,82.67,2.20,53.30,6.56,99.29,6,3,3.84
1.37,91.82,3.46,70.81,6.10,55.36,8,2,3.78
4.06,96.85,4.50,93.94,5.48,50.23,5,2,5.00
1.99,61.74,2.92,51.23,5.60,47.06,7,3,3.37
2.82,89.66,2.58,63.99,7.57,42.47,3,1,3.98
1.72,70.43,4.31,75.52,5.25,72.31,7,4,4.49
1.32,79.08,4.56,61.66,8.24,85.18,7,4,4.40
2.85,73.72,3.89,72.19,5.02,36.65,5,2,4.32
2.96,58.61,3.97,61.26,6.58,88.11,10,2,3.99
2.52,61.93,3.96,74.85,6.20,82.89,7,2,4.24
5.41,84.60,2.31,58.89,5.58,45.12,2,0,4.23
3.19,83.44,2.07,98.92,5.91,46.67,8,0,3.79
4.99,58.30,4.16,84.99,5.94,53.94,8,4,4.67
5.24,87.70,2.35,50.49,5.55,80.73,3,2,3.97
2.60,80.27,2.72,84.57,7.67,96.79,4,0,4.24
0.96,64.51,3.43,58.94,5.39,64.29,5,3,3.65
3.59,61.09,3.47,97.34,8.30,66.91,10,2,4.30
2.99,83.35,3.84,93.24,7.57,91.28,6,1,4.74
4.29,96.28,3.59,53.91,6.96,91.65,5,2,4.94
0.71,81.24,2.46,63.27,8.10,69.85,10,1,3.45
1.94,73.14,3.38,90.05,8.52,88.45,3,2,4.37
4.72,64.14,2.87,87.48,7.60,44.73,4,2,4.31
2.13,61.29,2.99,83.69,8.12,46.82,3,3,3.75
4.27,68.59,4.57,52.69,5.51,73.83,9,0,4.60
2.87,92.78,4.40,98.26,6.40,92.22,5,2,5.00
1.30,67.39,2.50,75.73,5.40,45.54,2,1,3.68
1.38,90.68,4.68,94.38,7.63,68.97,7,0,4.74
1.04,65.69,2.74,64.10,8.41,58.77,8,3,3.32
5.20,57.83,2.57,91.97,5.57,72.95,4,1,4.56
0.73,78.72,3.73,76.50,6.13,75.98,4,2,4.02
2.46,98.80,3.28,60.18,8.40,83.73,6,0,4.45
5.42,69.86,2.80,60.93,7.94,66.11,10,4,4.14
0.85,76.65,2.81,89.73,8.80,37.37,10,2,3.77
3.21,93.74,2.27,67.09,5.35,43.07,2,3,3.91
1.14,82.04,4.23,98.00,6.28,68.84,10,1,4.37
2.24,83.47,2.43,80.17,8.23,94.66,6,4,3.77
4.95,96.41,4.05,80.49,8.52,86.45,3,1,5.00
1.20,91.46,3.06,85.87,5.84,95.29,2,1,4.56
4.23,95.25,4.12,78.14,6.04,86.70,9,0,4.98
1.72,67.79,3.80,50.13,6.24,73.77,6,0,3.81
4.26,97.19,2.37,90.35,7.38,71.72,8,2,4.53
2.34,78.36,3.88,50.50,7.48,73.59,10,3,4.14
0.62,91.68,2.66,90.40,6.41,37.37,1,0,3.63
0.78,63.55,3.54,61.18,6.78,47.26,4,0,3.83
3.87,91.18,2.26,70.25,5.63,89.18,3,0,3.99
1.18,77.76,2.12,70.30,8.59,74.03,10,3,3.34
5.08,72.75,4.22,91.17,7.69,87.58,0,4,5.00
3.01,62.69,3.19,56.25,6.85,47.00,8,3,3.59
2.30,88.36,3.60,56.83,6.58,76.18,9,4,4.08
3.58,79.05,3.02,87.41,8.58,50.02,10,0,4.32
2.55,61.26,3.23,95.98,6.55,45.45,0,2,4.12
3.32,84.72,3.48,75.98,6.60,36.77,3,4,4.39
1.06,58.84,3.38,75.49,6.32,58.91,2,1,3.46
2.30,74.90,3.13,85.78,7.31,97.58,10,2,4.14
4.86,65.49,2.93,68.87,8.48,54.89,4,3,3.89
5.12,93.84,3.79,70.51,7.26,95.04,2,2,5.00
0.88,64.73,3.85,66.14,5.50,72.31,4,1,3.75
4.37,88.18,4.07,50.19,8.74,63.04,8,3,4.52
4.97,67.75,2.87,84.06,6.32,84.37,2,1,4.37
1.64,74.59,2.90,50.19,5.57,96.03,3,1,3.69
1.87,85.26,2.59,75.63,7.69,75.28,10,4,3.96
1.64,65.99,3.96,85.54,8.85,39.04,5,1,4.00
0.63,75.49,2.61,50.70,7.49,93.14,5,0,3.34
4.64,94.43,2.44,70.70,7.40,70.46,9,2,4.38
3.62,70.65,4.49,95.48,8.31,78.94,10,3,4.95
1.18,81.56,2.43,69.24,7.32,69.83,7,2,3.76
4.97,76.18,2.60,56.80,6.11,95.52,6,2,4.26
3.88,59.93,2.14,66.09,8.52,88.09,6,4,3.89
1.31,63.98,3.15,81.27,5.47,97.90,1,2,3.99
3.12,59.43,3.49,76.64,7.27,39.35,2,1,3.84
4.85,90.52,3.83,50.88,6.12,72.96,6,0,4.67
2.09,82.64,3.23,85.24,8.92,63.16,10,4,4.33
5.11,82.82,3.69,80.94,6.75,59.42,0,2,4.93
2.46,76.72,3.43,89.95,7.31,69.12,5,0,4.60
4.18,95.60,3.03,98.22,7.50,72.16,6,4,4.68
5.27,99.15,4.36,60.67,6.98,59.19,1,2,4.89
3.27,72.52,4.22,61.80,7.15,50.23,3,4,4.53
1.04,60.52,3.27,50.40,8.32,78.92,6,3,3.76
4.41,68.02,3.93,60.30,6.78,41.20,5,1,4.19
5.03,91.02,3.56,50.43,8.28,59.37,8,3,4.81
3.37,86.84,2.41,94.01,7.21,57.23,9,2,4.03
3.22,98.13,2.36,93.67,6.58,91.50,8,1,4.53
4.41,75.78,2.90,64.84,5.92,50.82,10,1,4.03
2.83,56.65,4.44,81.81,6.85,57.34,6,3,4.24
2.50,77.22,4.54,98.51,6.31,63.91,2,3,4.81
3.25,61.53,3.04,67.46,5.21,43.41,5,1,3.89
0.77,95.57,3.51,73.42,8.81,65.73,6,2,4.38
2.55,88.42,3.71,55.82,5.78,98.20,3,0,4.30
3.98,98.39,3.93,67.67,7.24,57.87,6,4,4.98
1.08,89.30,2.93,50.01,6.90,78.31,1,0,3.87
2.64,74.21,2.56,66.56,5.65,87.96,9,1,3.97
3.32,63.45,3.52,74.30,7.17,55.28,3,1,4.16
1.56,82.52,4.19,91.60,7.86,38.28,5,4,4.36
2.34,56.80,3.80,73.84,8.50,37.41,8,2,4.01
2.09,59.60,3.21,52.76,7.68,96.65,2,2,3.93
3.93,72.34,3.42,78.45,6.63,47.10,6,2,4.33
0.95,81.85,2.77,75.54,7.60,50.56,8,3,3.78
1.83,72.47,2.86,87.83,8.18,36.53,10,3,3.70
4.79,58.26,4.43,52.55,5.53,80.14,2,0,4.46
3.02,67.88,2.60,93.23,5.76,43.93,0,2,3.87
1.65,55.19,2.54,54.77,6.08,84.84,3,0,3.32
1.68,70.24,2.65,61.64,6.00,78.93,0,1,3.80
2.85,85.08,2.45,90.35,6.34,82.61,6,4,4.24
4.93,84.61,4.68,92.09,7.95,47.89,1,2,5.00
2.50,87.80,4.29,68.55,5.31,80.90,9,1,4.52
1.44,80.33,4.33,81.97,8.10,40.38,6,0,4.36
4.26,77.04,4.77,52.82,8.34,38.01,3,4,4.76
3.54,82.56,4.67,64.93,5.77,66.04,9,1,4.58
2.59,68.82,3.76,99.32,7.71,40.35,8,1,4.49
2.72,79.80,3.83,90.03,6.82,56.95,4,1,4.52
0.93,98.27,2.09,61.03,5.14,54.95,4,4,3.59
3.13,87.85,2.74,58.34,7.44,50.75,3,4,4.05
5.27,65.64,2.71,57.32,6.73,88.19,2,3,4.36
5.42,99.98,3.18,67.75,5.43,58.72,7,4,4.89
4.95,89.02,3.81,65.57,5.73,85.21,8,1,4.82
5.14,84.65,4.68,64.68,5.49,64.10,4,2,5.00
0.91,95.88,3.39,81.05,8.54,59.36,1,4,4.35
4.82,60.81,4.06,73.01,7.11,65.40,1,4,4.84
4.56,89.77,3.51,54.21,6.46,51.77,2,1,4.26
4.50,80.02,4.55,95.47,7.25,41.11,9,1,5.00
4.73,99.09,3.73,60.96,8.01,75.44,9,0,4.99
5.14,69.74,3.54,95.55,6.72,43.49,7,1,4.68
2.93,86.21,2.65,85.06,8.49,78.14,9,3,4.13
4.35,76.61,2.96,77.87,8.91,73.21,10,0,4.38
4.66,82.93,4.18,72.63,5.42,99.89,2,0,5.00
1.19,87.73,2.48,92.89,7.36,45.35,9,2,3.69
0.82,78.81,3.68,99.44,6.50,87.51,8,0,4.20
1.92,87.03,4.72,63.66,7.15,87.27,8,0,4.71
2.83,93.01,3.09,69.01,9.00,96.47,7,0,4.43
3.50,64.53,4.39,82.63,5.81,97.16,6,3,4.52
3.90,57.60,3.06,53.47,5.03,99.93,5,2,4.07
5.47,79.66,3.02,60.81,6.42,37.90,5,0,4.26
2.04,57.15,2.72,84.63,8.36,40.09,8,3,3.90
1.75,55.49,4.09,65.93,7.52,82.57,8,3,4.14
4.83,90.96,4.61,83.14,5.20,77.97,3,1,5.00
4.55,67.48,3.56,82.75,7.85,81.57,4,1,5.00
2.24,80.90,2.48,60.23,5.56,99.36,9,2,3.77
2.64,63.95,2.81,59.82,6.15,78.81,10,0,3.52
3.02,84.57,4.08,54.88,5.04,41.46,10,0,4.28
0.81,93.62,2.36,88.31,8.25,41.59,4,2,3.79
4.15,82.58,3.55,64.97,6.44,71.88,9,0,4.70
1.84,83.88,4.43,97.30,8.65,97.10,0,2,5.00
1.65,59.94,4.21,97.12,5.08,53.89,9,2,3.97
0.94,97.85,3.93,92.12,5.15,49.30,7,1,4.59
2.30,57.69,4.27,73.67,7.76,75.99,0,1,4.24
2.33,82.85,3.87,53.16,7.48,55.47,8,3,3.92
2.02,62.69,2.86,84.63,6.11,73.88,8,2,3.83
2.68,99.17,2.82,87.80,8.88,90.67,6,1,4.23
1.78,94.96,4.52,90.78,8.53,58.28,2,3,5.00
0.69,64.82,3.44,66.32,7.54,88.73,7,2,3.23
5.30,60.01,4.73,88.87,9.00,97.92,3,3,5.00
1.86,65.19,4.31,68.04,6.91,84.72,4,2,4.30
1.56,95.89,3.56,60.95,8.40,35.12,4,4,4.08
3.82,56.17,3.61,57.88,7.19,78.38,7,2,4.03
3.69,94.18,3.63,66.09,8.39,43.66,3,2,4.73
3.63,72.79,4.59,96.12,8.67,98.22,10,4,5.00
2.19,99.31,4.73,70.14,7.42,53.56,5,4,4.95
5.10,63.33,2.21,93.53,5.14,42.41,3,3,4.25
3.11,91.95,2.09,75.38,6.75,67.53,0,2,3.83
1.24,99.92,4.63,56.63,5.86,91.04,8,4,4.58
3.77,75.98,2.61,67.06,7.51,94.30,3,1,4.32
5.35,94.00,4.22,72.05,8.19,71.65,4,3,5.00
2.01,55.71,4.30,69.58,5.27,42.25,9,4,3.98
5.09,94.35,3.39,89.39,5.58,84.64,7,4,5.00
4.31,67.68,3.97,70.02,5.85,97.20,10,4,4.59
2.68,88.87,4.21,60.30,8.90,57.14,2,0,4.51
3.12,79.79,3.39,56.18,8.34,74.80,10,4,4.14
4.06,59.80,4.54,93.32,7.49,72.40,5,3,4.88
5.22,67.66,2.60,76.67,8.44,36.25,9,3,4.17
4.21,81.11,4.25,84.87,8.62,55.02,4,3,4.94
4.65,55.20,3.12,60.54,5.63,81.19,8,4,3.96
4.55,64.68,2.14,83.92,5.82,89.61,8,4,4.21
2.48,90.28,4.48,87.28,8.64,35.24,6,0,4.77
4.05,87.56,4.07,59.21,7.47,66.70,10,1,4.39
4.38,93.35,3.00,50.37,6.33,50.22,8,0,4.12
3.93,58.69,4.42,76.99,7.21,70.76,5,3,4.57
3.55,95.53,3.03,61.20,6.87,51.21,4,1,4.19
1.81,78.83,2.59,72.18,7.93,99.69,6,1,3.69
0.70,97.52,3.07,82.64,7.51,41.71,7,2,4.23
0.73,99.35,2.96,54.41,6.73,64.50,10,2,3.48
4.50,63.96,3.76,50.92,6.90,87.73,8,3,4.40
2.13,75.44,3.36,80.49,8.74,57.98,2,4,4.27
4.37,74.41,4.80,53.17,7.06,42.77,5,1,4.75
3.54,56.87,2.25,76.10,5.28,74.69,3,4,3.58
4.65,66.75,3.75,80.17,6.47,35.35,2,2,4.58
1.45,87.88,2.59,83.88,8.44,57.93,6,4,3.80
0.80,89.22,2.38,84.25,8.71,44.88,4,0,3.63
1.38,95.19,4.49,72.47,7.29,84.05,5,0,4.45
1.34,69.97,3.54,99.07,7.41,49.49,8,0,3.87
2.21,78.67,3.54,82.57,8.02,74.91,6,2,4.59
2.60,64.46,2.70,73.57,6.31,83.66,4,1,3.79
2.63,57.19,2.27,87.89,7.61,47.03,9,2,2.99
4.33,69.52,2.29,82.45,5.19,58.64,4,4,4.38
0.68,64.49,2.02,86.80,5.88,69.98,4,1,3.17
3.76,61.90,4.55,90.74,5.06,79.32,6,0,4.80
5.13,98.88,4.64,64.18,8.99,59.16,2,2,5.00
1.59,66.13,4.31,57.40,7.65,60.58,2,3,3.98
4.24,97.84,2.49,81.79,7.68,43.93,4,0,4.24
2.42,86.19,3.80,54.96,5.44,59.89,2,1,4.19
2.43,81.31,4.26,79.51,8.85,38.28,7,4,4.35
1.60,84.42,3.89,59.05,5.62,82.69,2,2,4.16
1.43,77.82,4.00,66.30,5.79,88.02,8,2,4.00
5.25,71.27,4.73,70.38,8.97,63.94,1,4,5.00
4.56,79.86,4.59,72.26,7.28,74.82,9,0,4.98
3.19,66.64,2.95,52.86,8.63,97.35,9,1,3.75
2.21,97.94,4.26,56.56,7.07,74.26,8,1,4.65
3.21,66.09,3.52,70.58,6.65,70.87,7,0,4.13
4.78,71.77,3.54,77.35,6.19,76.29,2,4,4.81
2.33,67.83,3.26,78.53,7.86,60.83,4,4,4.13
1.02,82.97,3.37,66.94,6.98,85.68,4,2,3.92
0.99,81.92,4.01,98.62,6.26,92.09,7,4,4.54
4.33,63.96,4.66,86.15,8.33,61.58,8,1,5.00
3.97,78.55,2.57,65.11,8.28,61.77,3,0,4.14
3.66,99.73,2.75,63.25,7.85,74.15,4,2,4.52
4.44,91.65,3.27,94.42,5.10,59.40,0,0,5.00
1.22,74.06,3.68,74.57,6.32,87.06,0,0,3.99
4.37,76.05,4.02,51.93,5.36,90.12,3,3,4.50
5.16,98.83,2.72,70.95,6.61,74.14,5,3,5.00
0.54,63.31,3.72,54.46,5.11,44.00,0,4,3.60
4.89,83.01,4.64,83.51,5.89,88.85,10,4,5.00
3.92,65.77,4.80,63.66,6.19,65.05,4,3,4.91
5.00,57.20,3.05,87.70,6.98,46.72,6,2,4.60
3.50,77.95,4.06,63.42,7.41,84.22,9,2,4.60
1.13,72.25,4.16,54.85,8.99,67.23,2,4,4.15
3.49,83.39,3.97,59.73,8.78,99.63,8,1,4.64
5.41,73.59,4.47,51.39,5.92,48.65,8,4,4.99
5.44,62.72,4.54,73.68,8.35,38.18,5,4,5.00
2.12,94.35,4.78,88.12,8.22,37.46,9,1,5.00
5.25,86.98,3.22,85.58,6.40,71.36,7,3,5.00
0.94,87.07,3.04,79.90,5.51,63.58,6,4,3.96
0.71,78.03,4.74,66.59,8.01,98.56,3,0,4.38
4.12,77.42,2.40,67.36,6.81,84.15,2,4,4.33
1.69,71.40,4.20,61.55,8.29,57.04,6,1,3.91
0.59,88.31,3.94,70.51,5.08,64.94,5,3,4.34
2.22,96.88,2.17,69.70,5.00,84.15,10,3,3.97
2.59,77.24,2.75,76.83,6.26,91.97,3,3,4.01
4.92,96.36,2.55,93.28,7.21,91.55,7,4,4.89
1.36,77.93,4.14,57.42,8.55,68.68,5,3,4.10
4.14,99.00,3.44,92.84,8.04,65.20,5,1,4.95
4.67,80.99,4.15,89.79,8.52,87.09,10,1,5.00
3.12,60.57,4.56,68.03,7.92,46.57,9,4,4.48
3.48,90.14,3.08,56.29,5.59,90.36,8,4,4.46
5.19,96.66,3.25,82.93,5.56,60.61,1,1,5.00
1.69,71.36,2.75,63.98,7.54,93.49,4,0,4.05
5.02,81.37,3.97,58.30,6.67,47.98,10,3,4.74
4.82,59.32,2.71,78.96,7.33,73.49,2,3,4.16
1.26,72.73,3.17,72.91,5.10,36.68,2,2,3.82
0.75,67.79,2.69,74.45,6.84,71.90,9,4,3.47
1.21,73.79,3.54,96.31,7.49,87.94,3,4,4.20
1.03,82.99,4.48,86.59,7.65,50.68,0,1,4.32
4.77,61.70,2.14,54.93,6.56,72.65,5,4,3.71
2.20,69.50,2.06,51.05,8.82,88.30,10,2,3.53
3.30,64.01,4.44,93.70,8.19,96.08,0,4,5.00
2.86,72.61,4.65,58.89,8.34,88.12,7,4,4.89
1.23,55.40,2.32,53.67,5.25,37.63,5,4,3.01
3.61,91.23,3.68,84.65,7.24,39.67,7,3,4.73
2.70,82.53,2.55,67.92,6.80,57.67,4,4,4.03
5.40,75.87,4.05,92.99,7.40,74.46,6,0,4.89
1.82,76.69,4.67,51.53,6.63,52.37,2,3,4.22
0.74,57.58,2.73,54.36,6.22,72.93,4,1,3.11
4.28,85.16,4.57,93.49,7.32,51.69,10,2,5.00
5.49,80.08,3.15,85.96,8.77,78.37,9,1,4.79
2.78,80.90,4.28,66.76,6.43,98.62,9,3,4.88
1.60,87.68,2.41,95.17,7.18,72.68,3,1,4.11
0.58,66.90,3.84,51.78,8.51,99.78,8,0,3.56
5.02,80.31,3.58,50.93,5.70,98.97,5,2,4.49
1.80,63.50,3.54,94.85,8.13,76.49,5,3,4.19
1.37,63.62,2.17,78.60,8.91,94.40,7,4,3.57
4.30,93.25,2.21,73.11,5.12,99.06,10,1,4.35
3.77,74.28,2.61,97.03,6.66,42.27,6,1,4.06
3.85,72.31,3.40,50.79,7.81,55.74,9,3,4.05
2.93,84.02,4.38,79.42,6.33,83.07,10,1,4.78
4.32,88.33,3.15,59.59,7.19,80.59,4,1,4.40
5.44,76.18,2.63,89.50,5.09,42.74,7,1,4.48
1.07,79.94,3.06,86.91,8.64,40.01,10,4,4.00
2.38,90.13,2.44,77.19,7.57,58.23,3,4,3.93
2.70,63.66,3.21,79.84,8.97,53.62,0,1,4.07
2.49,61.02,3.54,59.85,5.39,71.56,2,2,4.09
1.14,60.46,2.37,93.26,8.45,53.23,7,2,3.50
1.37,92.93,2.45,92.84,6.46,35.73,4,2,4.03
1.55,65.39,2.32,59.07,5.36,65.74,1,3,3.32
2.78,78.72,3.09,50.92,8.41,39.81,4,4,4.03
2.93,59.09,4.65,67.31,6.16,57.59,8,3,4.33
3.05,86.02,3.30,50.08,7.28,88.09,9,1,4.32
1.96,70.09,4.10,74.35,5.71,64.92,8,3,4.30
1.03,88.21,3.07,91.93,6.50,46.46,9,0,4.06
3.42,84.79,2.70,87.37,7.16,92.13,1,1,4.55
2.16,72.08,4.73,93.84,6.48,38.92,10,3,4.70
2.30,98.16,3.25,95.85,6.12,82.28,2,2,4.73
4.60,81.19,2.53,57.21,8.72,94.49,0,1,4.47
5.45,82.85,2.80,50.21,6.79,47.36,9,4,4.17
4.48,62.26,4.38,90.07,6.64,61.65,3,1,4.78
4.39,90.16,3.87,84.09,6.18,56.68,9,4,4.83
2.70,55.60,2.90,94.48,5.14,43.38,3,0,3.78
2.00,76.74,3.33,72.30,8.71,85.65,9,0,4.01
3.32,90.82,2.20,80.88,8.86,91.31,8,3,4.25
3.22,84.16,2.13,82.70,7.43,51.79,0,0,3.78
3.17,76.21,3.98,63.61,5.85,50.64,2,1,4.19
1.65,60.28,3.71,57.33,6.42,37.32,6,3,3.75
1.92,82.80,3.31,97.39,5.03,49.28,7,3,4.39
4.96,83.84,2.62,88.29,5.76,85.67,7,1,4.49
3.20,56.35,2.58,56.74,7.86,38.07,1,3,3.40
3.85,94.08,4.57,83.12,7.96,73.49,6,1,5.00
4.62,96.23,2.27,53.82,8.78,85.50,7,4,4.17
3.74,95.89,2.93,95.09,5.97,68.54,3,0,4.94
3.09,73.21,2.81,82.12,5.83,81.07,0,2,4.34
5.47,72.66,3.78,90.77,5.35,44.93,0,1,4.81
0.74,70.96,3.01,79.68,6.11,69.20,9,0,3.65
3.79,82.30,4.44,67.78,5.07,41.60,5,1,4.61
4.03,57.98,2.01,77.78,7.26,76.12,10,3,3.43
4.41,73.51,4.03,85.34,5.65,54.79,3,1,4.47
2.70,85.17,2.43,81.54,6.69,92.96,9,3,4.37
2.83,91.56,4.53,51.65,6.69,64.36,7,4,4.68
3.43,96.39,4.66,61.54,7.08,73.27,7,4,4.86
4.92,75.92,2.20,53.61,7.14,90.82,2,0,4.00
3.64,92.48,3.25,84.12,8.21,89.56,8,2,4.70
0.83,70.51,2.74,92.00,5.41,91.93,5,4,4.11
0.62,99.50,3.83,79.91,6.68,65.82,10,0,4.13
1.36,56.23,2.75,84.65,6.09,35.94,10,4,3.42
5.10,56.21,4.47,69.05,5.83,77.98,4,1,4.79
3.42,87.78,3.32,92.11,8.34,82.09,6,3,4.69
2.75,98.73,4.12,86.03,5.08,41.44,5,0,4.88
2.77,82.66,2.87,54.30,5.37,45.73,9,0,3.62
2.64,73.88,2.96,98.84,5.60,79.64,2,3,4.23
3.28,65.18,3.57,51.38,6.81,46.37,8,3,3.98
2.78,57.68,4.20,98.64,6.23,77.50,6,2,4.36
1.88,97.67,3.37,98.96,8.98,54.05,1,2,4.71
2.34,61.36,4.05,69.66,7.29,86.40,6,4,4.16
0.68,64.56,4.36,83.24,7.96,54.04,6,2,4.20
3.51,79.68,4.71,99.39,8.72,64.60,9,3,5.00
3.34,67.39,2.89,76.00,6.68,55.94,9,1,3.89
2.10,57.28,2.88,76.92,5.21,88.00,2,4,3.72
4.08,81.77,3.07,52.78,5.80,65.33,9,1,4.11
2.80,94.62,4.04,96.72,5.10,45.35,10,4,4.84
0.88,59.45,3.68,56.03,5.84,80.76,8,0,3.37
2.11,72.14,4.49,55.05,8.70,58.75,7,3,4.31
3.69,95.38,4.08,99.77,6.09,79.86,4,1,5.00
0.68,80.14,2.57,86.83,8.93,89.97,8,0,3.89
1.58,90.73,4.51,84.35,7.21,89.14,2,3,5.00
2.34,63.41,2.46,53.90,7.02,76.79,7,0,3.57
3.26,75.66,3.60,59.36,7.90,50.67,2,1,4.09
2.00,87.81,2.17,98.94,5.74,95.58,0,3,4.08
5.26,61.39,4.00,53.30,8.47,49.20,2,1,4.33
0.74,90.07,4.55,75.30,8.32,35.81,6,1,4.55
0.75,57.87,3.86,64.27,8.98,72.32,2,0,3.90
3.30,63.31,3.71,90.47,7.25,38.12,1,0,4.42
0.80,74.70,2.03,56.05,5.07,99.73,3,0,3.05
1.18,97.01,3.09,87.98,8.52,87.85,6,4,4.40
4.68,82.36,2.44,61.41,5.64,64.71,7,0,4.23
5.07,75.58,2.96,83.07,7.74,89.11,4,2,4.97
2.95,98.05,4.25,90.82,7.04,71.12,1,2,4.97
3.41,84.89,4.39,77.21,8.81,67.19,5,1,4.71
4.17,59.14,3.98,63.81,6.05,60.77,0,3,4.26
4.19,58.05,3.06,60.38,7.44,70.35,0,3,4.02
1.41,92.36,2.89,78.03,5.75,95.01,9,3,4.38
4.92,80.75,2.39,91.89,5.19,91.27,1,0,4.32
2.17,75.19,4.60,89.57,5.29,57.50,5,4,4.60
1.54,84.45,4.52,73.96,6.41,36.52,8,3,4.26
3.98,65.23,2.82,78.38,8.46,69.01,9,1,4.03
1.74,57.05,2.56,99.86,7.38,69.37,6,3,3.60
4.81,62.23,4.33,68.87,7.84,71.49,6,3,4.70
1.75,85.79,3.00,87.29,5.07,39.38,4,0,3.75
3.74,85.64,3.73,81.66,7.50,71.86,8,4,4.67
3.61,73.37,2.71,50.27,8.22,94.88,10,1,3.89
1.98,64.20,2.77,71.79,8.53,53.64,6,4,3.75
0.54,76.80,2.16,79.80,5.42,50.42,0,0,3.21
2.60,82.46,3.39,97.05,6.49,42.84,0,3,4.58
4.21,67.60,2.35,95.47,8.82,75.98,10,2,4.10
0.87,88.99,2.61,52.93,6.35,93.77,6,2,3.13
5.04,96.57,4.77,96.65,6.63,86.84,0,2,5.00
3.63,85.84,2.50,66.70,5.11,47.32,7,0,4.12
3.12,72.54,4.63,94.34,7.46,55.93,5,0,4.63
4.45,59.14,3.83,53.35,5.89,62.02,9,2,4.34
3.30,64.98,3.30,88.40,8.12,83.06,0,4,4.44
1.43,55.68,3.41,92.22,6.92,45.14,8,0,3.64
1.25,99.49,3.81,58.79,8.79,53.13,0,1,4.16
4.38,90.32,2.51,99.29,6.98,83.57,6,3,4.49
2.07,92.90,3.58,99.10,8.78,81.35,4,4,4.82
0.93,93.56,2.98,61.20,7.44,67.26,1,3,3.83
3.07,66.83,2.40,71.18,8.60,70.04,5,0,3.93
4.03,83.32,3.41,64.82,6.80,80.17,10,2,4.50
1.64,99.45,2.10,78.32,6.20,69.45,2,3,4.02
4.09,72.77,3.19,90.64,5.40,89.18,3,3,4.73
2.82,74.94,3.24,56.00,7.22,68.77,10,1,4.01
0.98,72.62,4.57,84.96,5.41,68.40,6,4,4.50
3.57,93.40,2.50,84.65,5.26,48.13,5,1,4.40
4.62,58.95,3.17,92.71,5.71,77.48,10,0,4.21
1.85,56.90,3.68,76.34,8.82,75.58,0,1,4.08
4.90,96.51,4.50,73.89,5.21,37.59,1,3,5.00
5.49,56.13,2.53,95.55,6.31,60.10,4,3,4.42
1.93,92.64,3.65,58.83,5.74,68.31,7,3,4.43
2.24,87.47,3.17,62.56,6.52,42.34,2,2,3.98
0.78,99.50,3.98,72.89,5.28,40.95,1,4,4.46
0.61,63.14,3.98,76.03,6.55,85.03,8,2,3.92
4.19,95.94,2.66,61.27,7.26,78.53,0,3,4.38
3.00,76.68,2.20,80.18,5.84,99.09,1,2,4.15
1.03,72.38,4.76,85.47,7.51,35.41,5,3,4.41
2.36,74.97,3.56,78.43,7.26,56.63,5,2,4.18
1.56,60.34,4.45,96.57,7.44,99.93,10,1,4.39
1.11,82.03,2.41,78.75,7.12,72.76,9,0,3.64
2.12,55.66,4.23,95.04,5.15,53.42,2,4,4.08
4.36,56.37,3.10,50.89,8.70,55.02,4,3,4.02
3.96,66.61,4.68,62.08,6.35,67.37,6,0,4.65
0.57,62.38,2.56,65.94,8.27,91.33,1,4,3.66
1.15,87.77,3.80,50.09,6.27,42.73,0,0,4.07
2.87,85.53,2.06,54.07,5.74,85.61,7,0,3.59
1.64,70.69,3.81,92.56,8.35,54.17,10,0,4.13
4.23,97.33,3.77,69.58,8.00,78.49,7,0,5.00
5.36,74.47,4.59,63.48,6.68,43.27,6,2,5.00
2.72,76.24,3.90,56.69,7.89,91.78,9,4,4.29
2.11,81.75,3.75,71.12,8.20,35.42,1,1,4.07
0.93,64.22,3.27,53.70,6.61,52.17,5,3,3.30
1.01,87.08,3.51,54.01,7.24,72.06,7,2,3.85
0.97,83.39,4.05,84.28,8.58,96.04,6,3,4.47
4.01,71.65,3.52,83.97,5.13,56.87,5,3,4.15
1.30,89.36,4.58,60.09,7.22,84.78,4,3,4.63
2.06,57.51,4.67,72.33,5.25,66.17,1,1,4.42
5.16,69.62,4.07,85.74,5.20,64.87,8,3,5.00
1.69,59.28,4.16,82.35,7.19,67.25,9,1,4.17
2.00,71.65,2.82,95.81,5.50,38.11,5,0,3.66
5.42,64.53,4.55,95.56,8.75,68.39,4,0,5.00
3.06,84.46,2.01,66.93,5.09,62.40,4,4,3.89
2.98,89.35,4.43,85.14,5.09,64.11,2,1,5.00
5.00,82.24,4.28,79.47,7.54,54.67,9,2,5.00
4.80,88.87,3.67,70.06,5.11,45.38,5,2,4.74
2.37,66.37,4.24,69.46,5.86,35.90,6,3,4.00
2.41,82.24,2.32,70.78,8.55,92.98,5,2,3.66
2.76,99.05,2.41,94.70,8.96,96.57,7,3,4.35
1.26,97.77,2.31,77.68,6.38,94.32,7,3,3.86
3.99,70.76,3.68,88.73,8.51,36.96,7,3,4.36
4.74,99.21,4.17,95.37,8.19,83.92,4,0,5.00
3.92,96.70,3.63,98.51,5.19,56.57,6,2,5.00
1.77,74.26,2.91,94.68,8.16,89.13,3,3,4.02
2.25,75.15,2.73,75.84,7.41,88.40,1,2,4.01
4.45,94.54,4.17,52.50,5.35,71.76,3,0,4.84
3.29,87.43,2.89,90.19,7.90,81.19,6,1,4.45
2.20,72.59,3.78,76.61,8.31,95.80,8,2,4.34
0.84,89.02,4.29,58.99,5.15,79.55,10,2,4.22
3.00,65.83,3.16,58.52,5.55,94.10,7,4,4.04
1.14,97.60,4.49,67.91,7.86,55.99,0,3,4.59
4.38,72.12,4.29,95.34,5.74,95.47,9,0,5.00
1.17,71.01,4.49,50.52,8.30,55.09,4,3,4.01
5.16,68.13,2.01,95.06,7.81,62.10,2,2,4.01
1.22,66.41,2.83,89.97,5.60,92.11,1,3,3.87
4.28,74.98,4.27,76.14,7.20,93.30,2,2,4.93
0.75,63.19,3.36,59.00,6.21,79.34,4,3,3.42
1.61,84.11,4.34,89.11,7.83,36.77,4,1,4.39
1.80,66.54,3.63,90.78,7.34,68.09,4,1,3.77
4.93,93.34,3.24,97.86,8.56,50.41,2,1,4.88
3.46,92.22,4.40,61.62,6.39,58.84,8,4,4.90
3.78,69.90,2.42,91.74,6.48,92.03,10,0,4.12
1.09,76.84,2.71,66.12,5.52,62.54,7,1,3.38
1.59,58.75,3.71,54.73,7.75,72.81,2,1,3.87
1.95,92.55,2.37,69.74,6.31,72.05,7,3,4.18
3.84,93.12,4.72,56.97,6.84,44.18,8,4,4.90
0.95,86.51,2.35,60.58,5.98,50.03,5,0,3.51
3.91,80.89,3.48,80.39,8.15,77.19,10,0,4.61
1.91,63.88,3.08,65.74,7.10,59.86,4,3,3.92
4.81,66.74,3.59,97.54,6.76,91.41,0,3,4.97
2.37,80.76,4.44,66.38,8.93,51.76,0,0,4.45
5.30,60.38,2.02,87.55,6.57,42.65,2,4,3.82
3.93,98.15,3.53,57.67,8.10,44.01,8,1,4.69
0.82,69.77,2.50,74.07,7.85,50.02,4,3,3.38
4.93,60.72,3.63,83.01,6.74,74.22,3,1,4.50
1.22,59.62,3.84,85.81,8.87,84.45,3,1,4.27
1.25,85.11,3.38,66.38,8.17,87.53,6,2,3.97
1.86,74.45,3.96,61.88,8.37,90.17,9,1,4.44
4.62,98.50,3.78,57.14,8.60,88.37,1,3,5.00
4.74,73.05,3.36,81.17,6.36,50.63,5,0,4.32
1.76,77.38,4.78,98.69,5.63,98.71,2,1,5.00
4.63,68.31,3.77,70.78,8.47,77.17,2,0,4.51
3.85,58.34,4.30,88.91,8.98,86.91,0,0,4.89
4.83,66.03,4.80,50.51,7.95,90.10,2,4,5.00
3.25,69.54,3.42,84.19,5.27,42.12,10,2,4.13
0.60,74.79,4.19,71.68,8.44,35.59,9,3,4.00
3.28,67.61,3.04,50.36,7.81,58.39,7,4,3.78
1.01,91.86,4.48,74.21,8.23,64.44,3,1,4.68
4.43,84.93,3.96,75.15,5.43,92.34,5,2,4.74
1.62,91.67,4.08,59.05,6.87,76.94,3,2,4.34
2.18,81.63,2.17,79.95,6.62,92.16,1,3,3.88
1.72,92.76,3.77,56.33,7.35,80.49,5,1,4.19
5.06,57.23,3.19,61.45,8.00,36.67,0,1,4.35
1.83,77.00,4.77,82.68,5.03,62.01,1,4,4.62
4.65,60.62,3.01,58.06,8.87,91.62,4,3,4.61
4.58,72.07,3.37,59.35,8.10,82.48,4,0,4.47
4.88,79.83,3.73,95.81,5.77,80.79,6,0,5.00
5.12,89.28,2.68,92.64,7.66,88.87,6,3,4.89
4.10,75.75,2.44,66.76,5.02,70.19,7,4,4.04
0.66,83.59,3.68,96.83,7.88,97.40,5,2,4.53
4.95,68.33,3.55,74.32,7.63,40.52,8,2,4.28
0.57,87.67,3.87,63.95,8.57,80.65,1,3,4.21
3.84,92.27,4.58,64.45,7.88,60.88,9,4,4.97
1.98,64.25,3.80,99.66,8.10,61.19,6,4,4.17
0.91,81.08,2.26,82.74,7.10,95.64,0,1,3.77
2.09,68.93,2.54,96.71,5.85,76.52,7,1,3.82
3.02,74.47,4.07,80.08,8.27,52.40,7,1,4.31
4.72,83.94,2.29,59.13,8.98,60.07,7,0,4.25
0.96,86.83,3.87,77.62,5.62,57.73,6,0,4.02
2.06,81.77,4.62,99.95,5.60,61.45,6,3,4.85
4.05,81.34,3.35,51.85,7.82,35.01,3,3,4.13
5.38,62.05,2.09,61.21,6.63,81.87,0,4,4.29
1.73,84.37,3.13,97.08,7.52,69.07,5,4,4.31
2.48,60.91,4.33,92.51,8.19,77.28,9,0,4.52
4.84,60.59,2.33,96.73,5.09,80.49,2,4,4.32
0.50,75.47,3.35,81.65,5.62,69.79,5,0,3.80
2.13,93.07,3.24,62.17,6.26,95.34,4,4,4.06
2.77,86.04,3.24,64.77,8.66,68.00,5,0,4.05
1.83,56.59,2.99,79.64,6.46,45.78,6,2,3.67
0.79,92.72,3.07,55.21,7.90,67.44,1,1,4.13
2.77,96.78,4.72,90.97,8.48,61.49,1,1,5.00
3.61,83.19,4.69,76.50,7.09,88.35,10,3,4.82
5.20,87.67,4.75,67.70,7.59,82.89,4,2,5.00
1.19,61.60,3.88,53.96,8.47,45.35,9,1,3.83
0.62,94.56,2.13,98.17,7.51,83.58,5,2,3.88
0.64,61.80,4.42,84.22,6.44,37.43,2,2,4.13
4.72,64.14,3.16,93.61,7.27,40.05,10,1,4.63
1.51,94.86,2.15,93.40,8.76,76.07,5,3,3.97
1.76,97.09,2.71,61.69,7.17,93.86,0,0,4.13
2.62,89.32,2.71,95.41,6.52,61.92,5,2,4.13
1.74,61.92,2.15,66.37,7.63,86.40,3,4,3.48
3.03,69.10,2.04,67.83,7.34,36.78,6,2,3.43
1.43,68.86,3.43,76.72,6.87,84.20,2,3,3.92
2.08,91.84,3.45,64.54,5.69,59.17,2,3,4.53
5.02,65.84,2.58,74.91,5.05,62.88,9,1,4.13
4.81,92.85,3.05,75.16,7.75,54.20,10,2,4.44
1.20,98.04,2.63,55.49,5.86,74.40,5,2,3.88
2.45,80.46,2.76,84.22,7.61,92.37,7,1,4.16
1.45,79.84,3.23,76.63,7.21,67.21,5,1,3.98
3.76,55.93,2.95,97.75,8.42,59.38,3,3,4.45
2.78,82.53,4.01,75.56,8.94,82.75,2,4,4.91
5.15,57.94,3.58,98.08,5.88,84.41,6,0,4.62
2.77,74.05,4.56,67.52,6.13,52.23,4,2,4.52
5.41,88.41,3.32,80.48,8.53,61.01,9,1,4.80
1.87,58.34,4.73,66.74,8.03,44.94,10,3,4.25
2.79,59.50,2.98,69.24,8.51,39.46,6,4,3.57
3.51,56.21,2.24,64.95,6.66,65.59,8,1,3.71
2.70,69.94,4.12,79.43,8.40,78.18,7,4,4.69
4.27,79.10,2.43,91.60,7.15,61.01,8,2,3.97
4.88,91.17,4.57,62.14,5.16,35.19,3,0,4.88
0.53,96.25,3.43,77.77,5.89,92.35,0,4,4.16
0.84,93.17,4.78,99.02,7.94,71.77,6,3,4.93
2.54,86.18,2.37,61.51,7.35,41.80,8,1,3.99
5.22,71.54,3.18,80.07,5.19,97.55,1,4,5.00
3.70,86.63,3.26,53.30,5.41,95.32,6,3,4.28
5.04,85.14,3.01,53.32,7.84,73.47,8,3,4.35
1.44,69.63,3.84,73.17,5.89,90.75,4,1,4.22
4.46,97.77,4.52,70.37,6.23,72.42,10,4,5.00
3.00,99.40,3.85,94.54,5.57,90.43,4,2,5.00
4.22,70.71,3.70,68.73,6.28,44.69,5,2,4.32
3.99,81.49,2.61,88.34,6.54,98.75,8,2,4.30
4.40,99.09,4.13,95.44,6.92,45.91,1,4,5.00
2.34,78.74,2.08,72.00,5.90,71.71,7,4,3.62
0.74,86.20,3.42,86.74,7.99,78.87,1,3,4.18
1.46,81.85,2.27,93.77,5.35,56.58,5,4,4.00
4.20,81.17,3.98,83.26,5.31,91.39,6,0,4.99
0.77,84.15,4.26,87.60,7.24,57.54,6,3,4.48
4.57,57.01,3.00,55.42,6.16,91.25,5,2,4.03
1.24,67.77,2.77,95.76,8.20,51.22,4,0,3.96
0.87,92.58,2.33,89.24,7.69,96.95,3,1,3.89
4.12,64.54,3.33,95.74,8.63,60.61,3,0,4.57
4.83,71.92,3.22,98.45,5.39,48.99,1,1,4.84
4.42,61.88,2.76,63.25,5.33,66.41,2,4,4.09
0.59,57.46,4.02,91.53,7.73,78.88,0,4,4.43
0.82,71.54,3.21,60.61,7.43,43.30,3,1,3.45
1.43,92.73,4.51,81.75,5.10,65.02,9,3,4.46
4.09,72.31,2.43,72.78,6.35,89.28,7,3,4.14
3.32,98.35,4.07,56.21,6.73,97.50,9,4,4.91
1.36,75.17,3.17,88.58,5.15,98.78,1,4,4.52
3.08,91.19,3.96,84.09,5.07,49.55,4,1,4.80
2.78,56.77,2.24,72.29,5.61,93.33,8,2,3.40
5.31,68.38,4.24,88.48,6.33,36.07,5,4,5.00
3.16,67.21,4.50,63.06,7.38,46.63,4,3,4.52
0.75,96.45,4.45,80.46,5.27,39.10,2,2,4.75
0.68,71.99,4.11,75.36,6.91,91.67,6,1,4.11
3.61,79.49,4.56,85.63,6.46,83.52,6,1,4.94
2.00,91.40,2.17,85.10,5.75,41.44,8,3,3.92
3.36,90.63,4.19,94.92,6.44,52.64,8,0,4.82
0.85,77.16,3.45,66.74,6.70,96.37,0,0,3.97
2.82,65.93,2.76,88.17,7.04,70.45,10,4,4.05
2.49,94.77,4.57,51.92,5.00,63.20,10,3,4.54
1.95,91.64,2.90,72.59,5.53,60.10,3,0,3.87
4.61,58.59,3.35,61.68,8.48,73.56,10,2,4.11
1.25,77.31,4.53,81.12,6.06,65.16,1,2,4.54
4.69,83.48,2.85,66.79,8.81,65.87,7,3,4.49
2.59,82.78,2.34,51.29,5.93,60.09,1,1,3.55
0.56,82.38,3.09,80.53,8.20,76.04,7,1,3.94
2.53,75.21,4.33,82.62,8.78,56.35,8,3,4.55
3.66,57.74,2.19,50.57,6.02,85.16,6,3,3.20
0.74,62.95,2.82,61.30,6.52,77.83,3,0,3.51
5.45,58.70,2.07,75.52,8.42,50.67,1,3,3.91
3.42,97.70,2.86,94.44,8.33,72.78,2,2,4.79
1.04,88.42,4.44,65.95,6.23,59.93,4,3,4.43
0.97,76.81,4.78,66.70,6.60,59.00,0,2,4.38
1.32,56.97,3.78,54.03,5.61,82.01,1,2,3.69
1.52,91.98,4.09,56.32,7.39,51.20,5,1,4.17
3.32,87.78,3.86,53.60,7.05,52.95,3,1,4.40
3.49,81.73,4.01,60.39,8.42,59.41,3,2,4.74
1.77,55.38,3.16,67.29,8.19,50.22,3,3,3.48
2.01,90.79,3.72,90.02,8.69,97.41,5,3,4.70
2.69,76.82,3.98,93.98,5.86,69.31,2,4,4.64
4.23,65.61,2.49,52.56,8.09,65.54,10,2,3.60
3.37,99.24,3.57,97.17,8.25,99.71,1,3,5.00
2.31,98.90,2.52,55.88,8.48,89.96,1,1,4.23
3.71,79.15,3.46,65.39,7.47,58.27,8,0,4.35
0.79,87.97,3.22,88.19,6.33,62.95,3,4,4.12
3.03,85.53,4.11,55.25,6.95,36.86,3,2,4.37
4.59,66.48,4.24,86.37,6.61,79.98,3,0,4.99
3.44,98.04,4.70,72.93,7.88,94.12,9,0,5.00
3.17,88.53,4.49,68.89,7.27,42.95,6,3,4.86
1.39,95.46,2.64,68.34,8.30,94.87,10,0,4.12
5.38,55.97,4.03,94.25,7.63,90.81,4,0,4.99
4.96,90.97,3.75,95.92,6.81,99.99,8,0,5.00
2.46,59.52,3.78,66.46,8.78,68.45,8,0,3.78
3.19,74.33,2.03,71.65,7.11,98.05,4,3,4.01
4.94,74.07,4.26,74.26,7.59,63.93,2,0,5.00
1.05,73.22,3.79,58.00,7.24,44.18,3,0,3.87
5.25,72.71,3.01,95.06,8.61,71.10,3,3,4.58
1.59,86.61,3.80,63.06,7.76,68.21,9,0,4.20
1.20,69.12,4.65,72.72,8.16,73.47,1,2,4.44
4.68,68.73,2.60,85.36,8.55,76.98,5,1,4.41
4.45,57.77,3.95,85.96,7.73,41.58,1,1,4.56
0.90,98.67,3.98,77.53,5.13,44.25,10,0,4.31
5.20,66.45,4.39,94.12,8.03,69.81,3,3,5.00
3.54,58.69,4.60,68.09,6.69,89.13,1,1,4.42
5.46,73.77,4.64,53.01,5.32,59.31,6,4,5.00
3.39,88.29,2.41,71.48,5.98,56.86,9,2,4.06
3.62,99.20,2.60,97.50,6.67,65.60,3,0,4.63
2.74,56.10,4.22,54.71,6.25,76.88,9,4,4.19
4.91,68.15,2.55,55.48,8.80,95.12,2,0,4.14
3.29,85.84,4.57,59.74,8.08,39.19,10,1,4.75
4.43,88.09,4.63,65.37,8.64,92.97,7,1,5.00
3.53,90.12,3.13,64.47,8.60,85.52,4,4,4.50
3.00,95.98,2.32,97.31,7.95,99.19,8,2,4.38
2.65,56.54,2.38,62.79,5.62,41.15,8,3,3.22
1.54,63.31,4.49,97.44,5.61,38.74,0,2,4.52
1.70,93.70,3.16,87.38,8.56,46.97,10,3,3.94
1.67,73.86,4.23,69.41,8.85,55.55,6,1,4.37
4.85,67.50,3.00,52.58,5.58,93.15,5,3,4.34
5.30,69.46,3.19,91.09,5.33,42.04,4,1,4.42
4.89,64.73,3.85,97.70,5.23,81.98,0,2,4.76
1.78,74.10,3.95,61.81,6.97,83.30,5,3,4.36
3.96,97.83,3.59,53.03,8.86,55.95,1,3,4.82
2.95,97.99,4.39,94.02,7.77,65.65,5,1,5.00
4.46,72.28,3.38,77.49,7.65,46.57,10,0,4.13
0.84,57.56,2.43,51.46,7.95,77.35,1,2,3.27
0.95,55.17,2.33,52.45,6.85,57.71,5,2,2.67
2.60,78.59,3.53,97.32,6.50,70.28,0,0,4.20
3.52,94.96,2.04,98.80,7.59,94.83,6,3,4.30
2.43,80.18,2.24,75.32,7.27,64.88,2,2,4.03
4.69,75.74,2.99,90.00,8.52,82.94,2,2,4.63
1.71,99.49,2.02,90.84,6.03,79.37,7,2,4.17
1.41,57.96,3.88,89.03,8.38,51.42,8,2,4.00
4.86,58.07,3.86,97.11,6.74,84.73,1,2,4.84
2.80,58.51,2.25,86.00,8.78,98.74,6,0,4.14
1.50,69.17,4.29,85.55,5.42,77.08,4,0,4.32
2.61,64.08,2.62,87.82,5.07,50.50,8,0,3.84
2.16,96.97,4.05,71.40,7.91,83.29,3,0,4.71
2.13,80.91,3.00,59.33,6.18,47.24,6,0,3.87
0.58,98.01,2.63,54.49,6.38,52.48,2,2,3.49
1.14,68.56,2.61,73.68,7.29,75.17,2,1,3.42
2.45,86.05,3.24,92.36,6.10,36.51,0,0,4.53
0.68,74.75,4.80,99.16,7.23,71.09,3,2,4.56
0.54,62.89,2.43,91.95,8.78,83.82,2,3,3.96
3.95,83.50,2.72,75.70,8.71,77.91,3,4,4.14
3.04,86.73,4.58,94.43,6.05,86.90,7,1,5.00
3.94,88.51,3.66,67.43,8.50,59.53,4,4,4.78
4.23,93.03,2.14,73.48,7.13,94.51,2,2,4.23
1.35,73.97,2.92,60.75,8.05,60.44,2,4,3.81
3.32,99.49,3.62,65.72,7.88,56.03,10,0,4.45
1.94,86.45,2.27,85.76,7.27,83.11,1,2,3.95
1.98,92.68,3.07,97.18,7.92,65.10,0,0,4.77
1.39,73.99,4.52,78.19,6.87,99.75,1,3,4.62
4.90,85.54,4.56,89.65,7.89,51.92,1,4,5.00
3.12,95.13,2.41,55.14,7.29,94.12,7,0,4.04
4.34,56.61,3.08,80.24,8.12,82.69,2,1,4.21
2.32,70.64,3.15,79.90,7.97,51.39,5,4,4.00
1.52,72.39,2.19,73.00,5.19,82.33,7,4,3.18
0.99,57.83,3.61,88.17,6.99,76.64,5,4,3.85
1.63,80.88,4.36,53.27,7.34,45.25,9,3,3.99
1.08,98.36,2.99,61.30,8.92,44.03,6,2,3.92
4.94,65.00,3.54,89.91,5.87,84.46,3,0,4.88
2.66,87.57,4.78,96.05,6.96,40.40,0,0,5.00
3.66,76.80,4.10,67.64,5.10,92.76,10,4,4.81
3.27,94.58,4.44,97.59,8.24,88.16,7,4,5.00
2.29,93.25,2.47,84.34,6.01,75.09,1,0,4.03
3.78,74.02,3.95,91.53,7.24,99.22,8,1,4.80
3.46,69.38,4.70,79.21,7.43,86.14,6,0,4.85
3.58,73.82,4.56,86.57,6.35,59.88,7,1,4.80
2.14,62.27,3.03,86.01,6.83,63.71,8,2,3.61
5.43,73.08,3.72,56.91,8.11,69.27,7,0,4.76
0.78,83.17,2.55,90.13,5.61,97.88,1,0,3.93
3.90,92.23,4.58,94.97,7.79,35.85,10,2,5.00
5.50,66.70,3.00,89.83,7.93,97.98,5,0,4.54
1.14,90.83,2.52,95.23,5.12,64.53,7,2,4.07
1.87,89.15,2.71,55.16,8.24,90.37,10,3,3.91
0.53,84.37,2.17,62.35,6.88,81.52,7,1,3.44
2.36,82.64,3.06,59.91,6.81,93.20,7,3,4.13
3.74,96.41,2.13,80.73,7.25,93.71,1,2,4.79
1.32,57.03,3.29,90.09,8.91,75.42,10,1,3.54
3.16,88.90,2.51,55.31,6.72,60.66,10,4,4.05
3.88,73.03,3.66,73.33,6.65,97.37,7,1,4.80
4.61,60.71,2.94,97.08,6.59,78.60,3,0,4.46
4.79,61.04,3.32,71.90,8.82,96.87,0,3,4.49
2.44,81.67,3.18,98.46,6.59,45.60,8,0,4.29
1.35,77.09,4.67,91.69,6.14,96.69,3,1,4.81
4.00,58.46,2.72,82.34,7.26,91.79,3,1,4.22
3.53,83.97,2.19,87.27,5.12,63.43,10,1,3.94
3.56,90.47,2.93,64.27,5.33,58.94,3,3,4.42
5.24,87.66,4.76,85.17,8.21,47.46,8,3,5.00
3.43,91.91,4.59,53.16,6.13,97.89,5,4,4.95
4.86,72.94,4.73,78.32,8.62,72.00,2,4,5.00
2.73,69.56,4.08,62.61,5.15,79.54,6,3,4.48
4.74,58.92,3.15,75.51,8.61,71.93,9,0,4.07
3.32,67.71,2.64,92.27,5.70,98.47,3,3,4.37
3.41,67.57,3.02,84.22,8.27,70.16,9,4,3.98
2.92,78.55,3.38,85.74,5.82,73.61,10,1,4.13
4.73,64.53,2.87,61.18,6.99,69.52,6,3,4.21
3.55,99.85,2.24,64.59,5.43,74.93,10,2,4.08
2.66,82.80,3.62,57.69,6.07,78.45,1,2,4.25
1.29,73.31,2.16,67.89,8.05,50.90,3,3,3.32
3.23,89.25,4.55,97.43,6.74,88.49,1,1,5.00
2.87,82.85,2.33,81.57,6.58,41.82,5,0,3.94
5.02,99.81,3.84,70.27,5.69,35.31,8,0,5.00
1.96,77.70,4.80,83.07,7.40,41.75,7,2,4.61
5.07,62.28,3.65,65.25,6.43,47.71,7,4,4.39
2.05,86.64,4.68,61.57,6.55,75.12,8,0,4.35
3.58,81.57,3.94,64.85,8.08,64.71,10,4,4.38
1.67,73.92,4.35,63.32,5.50,81.15,9,1,4.34
4.60,68.42,3.36,76.12,6.09,38.59,2,3,4.32
5.46,86.09,4.62,55.05,5.71,66.97,0,0,5.00
1.98,70.38,4.77,89.29,5.27,91.26,8,1,4.59
3.91,88.28,2.39,91.67,5.54,63.42,3,4,4.42
2.71,90.85,4.32,80.86,5.55,72.62,8,3,4.86
2.89,60.10,3.90,94.32,6.40,98.04,3,4,4.84
3.68,97.13,2.59,75.05,5.61,91.58,3,4,4.61
3.72,60.06,4.43,83.24,8.86,72.09,9,1,4.70
2.08,70.81,2.51,53.89,6.48,58.34,7,2,3.35
2.91,62.07,3.52,80.84,6.65,69.44,1,4,4.17
1.27,98.64,2.68,50.62,6.32,63.41,4,2,3.93
2.40,58.82,2.95,86.94,7.49,48.47,3,3,3.92
1.17,88.03,4.44,50.62,5.70,62.43,10,4,4.27
2.20,74.97,3.68,76.71,7.27,77.94,9,3,3.99
2.64,62.22,2.65,87.21,8.86,37.51,2,4,3.76
0.60,95.75,3.84,71.14,8.00,85.31,0,4,4.29
1.76,96.42,3.06,74.11,6.32,40.03,6,3,3.91
1.35,89.97,2.25,86.63,6.37,74.07,4,4,3.73
2.31,91.16,2.61,77.77,8.66,38.47,9,3,3.80
2.35,95.67,4.72,97.17,6.98,69.41,10,1,5.00
2.67,58.35,3.10,78.78,8.86,70.78,3,1,3.98
0.83,84.45,3.49,93.34,6.58,79.64,5,1,4.28
3.47,65.70,2.16,55.19,8.04,54.73,3,4,3.60
1.88,77.76,4.09,67.55,7.48,94.29,8,1,4.53
4.41,85.08,2.01,87.69,8.40,86.69,6,2,4.22
1.60,80.54,2.73,96.58,8.64,64.07,2,0,3.98
4.73,78.44,2.59,60.79,5.83,85.50,1,2,4.39
4.47,55.44,3.57,66.47,5.77,67.43,7,2,4.06
1.90,83.71,2.37,56.10,7.19,86.35,9,2,3.59
3.34,68.31,3.25,89.46,7.78,86.53,9,0,4.31
5.42,86.93,2.28,66.32,7.09,70.02,0,3,4.19
2.45,86.11,3.23,96.84,6.73,38.76,4,0,4.36
2.19,78.18,4.13,58.40,8.97,45.86,1,4,4.36
2.25,99.32,2.21,67.04,5.26,70.40,0,0,3.92
1.05,84.64,4.25,72.62,8.47,87.07,4,4,4.47
4.88,96.34,2.80,67.59,6.84,52.64,1,2,4.61
2.52,86.34,4.64,79.65,5.01,47.94,3,1,4.76
2.13,56.54,3.88,68.39,5.69,57.15,3,4,4.00
0.90,63.29,4.53,91.64,6.38,73.55,9,3,4.32
3.50,64.84,3.04,71.44,7.58,87.01,8,3,3.82
4.99,67.60,2.07,97.44,8.91,44.02,9,1,4.24
3.51,94.90,4.18,87.68,8.80,93.86,4,0,4.98
2.08,75.43,2.10,56.58,6.88,71.18,2,4,3.50
4.77,75.79,2.39,84.22,7.68,50.19,1,0,4.16
4.83,77.08,2.78,97.42,5.48,61.17,4,4,4.63
4.84,70.94,3.01,80.16,8.07,69.69,5,4,4.73
4.47,86.48,4.51,94.09,8.78,56.10,1,1,5.00
2.25,59.85,2.90,74.37,5.50,86.94,0,1,3.95
1.48,95.07,4.19,74.42,7.85,77.33,4,3,4.69
3.09,94.92,4.72,85.86,6.22,47.42,4,0,4.83
2.02,93.30,3.68,58.43,8.26,91.32,5,3,4.34
2.55,86.30,2.12,53.77,7.91,51.44,6,2,3.77
3.73,75.18,4.53,75.41,5.31,62.65,9,3,4.90
4.89,99.53,2.37,84.45,8.25,41.67,5,3,4.61
1.56,99.97,3.42,71.80,5.36,55.18,7,4,4.40
2.56,97.16,4.42,92.57,6.96,54.63,6,4,4.92
1.86,68.84,2.73,58.95,8.42,40.76,3,1,3.52
3.31,76.81,3.50,66.48,6.86,86.78,3,4,4.62
3.78,67.64,2.92,59.34,6.18,97.22,5,0,3.97
4.24,71.80,4.35,88.29,7.56,43.62,8,1,4.74
2.70,83.30,4.36,62.78,8.14,45.26,9,0,4.62
0.86,87.77,2.50,63.78,8.43,39.26,10,2,3.56
4.90,86.34,2.40,98.42,8.25,89.06,8,4,4.72
2.65,91.14,2.58,63.25,8.41,74.46,6,4,4.11
4.77,80.99,3.34,97.07,7.55,38.15,5,3,4.78
2.59,87.37,3.69,77.54,7.99,75.98,4,2,4.47
1.20,61.15,2.61,87.41,7.08,95.30,0,4,3.74
0.82,67.71,3.50,83.72,5.04,40.65,2,1,3.46
2.66,56.88,4.04,71.27,8.15,65.88,5,0,4.22
2.62,84.20,4.19,91.40,5.99,86.12,0,1,4.94
4.13,97.97,3.90,94.65,5.92,90.94,3,3,5.00
1.83,90.04,4.04,78.49,6.73,90.24,6,3,4.84
2.08,63.45,3.45,84.40,6.64,67.58,4,3,4.28
4.22,66.87,2.23,87.32,8.28,60.14,3,1,4.00
4.20,58.01,2.82,66.16,8.65,71.17,7,3,4.03
1.43,78.20,2.48,79.55,5.43,77.80,6,3,3.75
5.37,65.19,2.11,91.58,8.96,43.37,3,1,4.22
3.69,77.48,3.08,53.44,7.82,96.16,9,1,4.18
1.71,82.40,2.58,98.25,5.26,83.08,5,2,3.84
3.83,77.06,2.09,89.88,8.11,98.53,1,0,4.34
4.82,85.93,3.67,82.11,7.64,79.48,2,0,5.00
3.67,84.93,2.01,78.37,8.27,85.57,0,1,3.99
3.72,71.63,3.94,50.09,6.68,47.66,0,0,4.42
2.74,71.27,3.85,92.40,5.21,65.94,4,1,4.48
1.17,91.77,4.42,77.62,8.28,56.17,10,2,4.43
2.97,98.42,3.07,93.92,7.85,99.37,10,3,4.76
5.38,79.41,3.96,63.46,6.63,37.11,2,2,4.90
4.77,92.89,3.81,76.45,5.52,35.07,9,1,4.87
1.79,68.01,3.51,54.07,5.56,72.82,1,2,3.93
0.58,57.41,4.53,91.42,6.95,74.51,9,3,4.13
0.98,88.15,2.96,63.69,8.93,66.40,8,2,3.88
5.29,61.84,3.28,65.87,5.37,85.10,5,3,4.27
1.03,87.59,3.79,88.99,6.91,48.79,9,4,4.16
2.31,92.31,2.24,81.05,6.42,62.85,4,2,3.68
3.23,85.59,3.52,75.02,5.76,57.78,8,2,4.50
0.51,70.27,4.07,98.31,6.73,78.29,0,4,4.52
1.11,66.07,3.78,64.13,6.90,37.73,10,4,3.69
4.47,89.86,3.20,63.71,8.90,46.06,9,2,4.52
2.47,69.62,3.80,50.28,7.14,71.84,4,2,4.04
2.52,61.20,3.32,97.01,6.68,88.15,8,2,4.24
4.43,60.87,3.13,79.75,6.54,89.83,9,1,4.41
1.47,87.65,4.79,90.66,7.57,90.50,8,3,5.00
1.00,55.32,4.48,85.16,7.94,94.28,5,0,4.33
3.99,96.76,3.14,70.80,7.22,58.86,1,4,4.70
4.25,85.49,3.95,84.14,7.27,44.22,1,2,5.00
4.31,94.85,2.94,75.71,6.83,83.00,5,0,4.68
2.52,71.27,2.55,55.16,8.33,49.17,4,2,3.73
5.13,75.54,2.84,81.87,5.42,36.33,4,4,4.36
1.27,78.75,3.66,88.59,5.64,43.56,9,4,4.34
2.86,76.57,3.90,70.45,5.85,42.32,2,1,4.28
1.71,92.74,2.08,51.55,6.81,40.90,1,4,3.46
1.39,98.68,2.89,79.10,7.75,44.62,1,1,4.24
3.57,99.16,2.41,85.87,6.55,52.14,5,4,4.45
5.00,96.03,3.12,58.68,6.73,39.12,3,1,4.52
4.57,97.14,2.25,99.15,6.92,92.18,2,2,4.60
3.81,67.48,4.75,83.89,5.42,64.76,3,2,4.79
1.80,74.20,2.16,91.70,6.60,71.05,7,1,3.80
4.09,94.74,2.53,57.49,8.45,47.35,3,3,4.16
3.43,77.49,4.54,90.14,5.48,55.32,6,0,4.83
1.29,84.16,4.65,83.88,8.85,80.12,2,2,4.51
1.27,75.54,3.37,66.13,5.86,96.76,1,1,4.10
4.05,93.18,4.30,59.89,7.76,94.66,4,2,5.00
2.30,95.82,2.86,91.83,7.38,77.33,6,0,4.42
1.40,84.79,2.53,87.76,7.84,71.44,4,0,4.01
5.36,68.13,4.62,71.98,8.86,88.44,8,3,5.00
2.54,74.72,2.71,91.68,6.59,91.33,8,3,4.07
2.42,78.10,2.09,55.96,5.76,46.45,2,2,3.37
4.49,59.07,3.57,74.65,8.70,92.57,9,2,4.42
3.29,87.24,4.18,75.44,8.37,66.53,6,2,4.82
1.12,74.66,3.61,85.04,6.06,78.58,7,1,4.10
2.44,93.36,3.90,77.85,6.39,86.66,7,0,4.73
2.87,71.82,4.62,69.96,6.67,97.38,2,4,4.79
1.37,82.08,3.59,72.29,6.86,60.08,5,4,4.07
4.15,78.90,2.12,97.27,6.15,68.49,5,0,4.24
3.29,77.15,3.33,75.60,8.23,49.48,1,1,4.52
1.89,89.19,2.81,53.72,6.12,88.23,5,3,3.80
3.22,72.64,2.49,81.33,6.81,82.07,4,2,3.87
2.14,77.00,4.12,54.28,5.55,36.98,5,3,3.86
3.92,83.06,4.37,91.15,7.82,87.36,7,1,5.00
4.79,55.02,2.28,79.62,7.31,57.91,9,0,3.63
3.99,95.19,2.80,99.14,7.81,37.39,2,2,4.65
2.95,66.27,2.25,89.46,5.42,74.84,1,3,3.85
3.52,84.85,4.39,83.45,8.73,37.24,9,1,4.90
3.90,86.34,2.03,98.60,8.95,94.89,9,4,4.40
4.99,93.48,2.41,93.31,5.77,36.63,6,1,4.63
0.72,85.32,4.00,97.51,6.24,85.63,5,1,4.53
1.90,77.97,3.78,68.26,5.61,39.91,1,4,4.07
5.08,92.11,4.52,87.36,8.17,71.29,1,2,5.00
2.11,72.29,3.04,70.28,8.83,68.52,2,0,3.88
4.56,56.55,3.54,72.39,5.30,82.05,8,0,4.15
3.52,94.32,4.65,54.63,5.48,79.75,5,1,5.00
2.37,90.62,4.69,52.78,8.04,61.83,9,0,4.47
4.60,97.29,2.92,65.94,8.57,56.85,4,0,4.67
2.28,81.58,4.12,93.63,7.82,86.74,8,4,4.59
0.50,60.96,3.51,55.37,6.91,64.87,1,4,3.77
3.95,78.03,2.61,72.01,8.45,90.90,8,0,4.10
3.43,56.28,2.34,83.96,5.84,61.28,9,1,3.38
3.27,95.82,4.25,56.72,5.77,88.37,1,4,5.00
4.88,73.77,3.38,78.50,6.14,53.56,9,0,4.23
4.04,57.37,4.43,76.97,8.05,45.57,1,3,4.58
4.32,61.93,2.10,95.00,7.34,43.43,4,3,3.96
1.21,86.98,4.17,70.09,6.51,90.02,9,3,4.60
1.88,92.52,2.16,84.13,7.53,54.49,4,4,3.96
4.63,81.62,4.56,83.83,6.00,42.04,9,1,4.86
0.97,75.16,4.21,81.98,6.09,37.25,1,3,4.35
4.36,92.68,2.25,91.51,6.10,73.62,5,1,4.26
3.65,56.82,4.40,73.78,8.92,78.05,8,1,4.55
1.64,79.79,2.12,61.28,6.48,79.15,4,3,3.73
1.82,98.43,2.37,71.10,5.53,96.89,1,4,4.17
2.48,68.45,2.15,69.88,6.83,87.69,4,3,3.40
3.25,67.73,4.69,75.12,8.06,67.58,3,2,4.84
4.86,85.71,2.03,51.16,7.87,68.86,0,3,4.34
2.87,59.98,4.58,67.63,8.76,97.69,6,1,4.86
0.70,79.84,3.92,79.90,6.45,90.35,9,2,4.05
2.92,72.67,4.39,89.85,5.28,39.92,1,1,4.49
3.55,84.70,4.42,92.81,5.82,57.96,1,4,4.92
2.59,57.89,3.55,75.66,5.53,66.77,3,0,4.08
4.65,56.04,2.68,54.79,5.13,96.61,3,3,4.05
1.15,65.43,3.93,74.97,5.08,75.54,1,0,4.09
1.52,75.32,3.55,88.43,8.21,38.11,5,1,4.14
1.51,55.87,4.01,99.86,7.49,67.74,2,2,4.58
4.92,96.23,4.42,90.54,7.53,73.46,4,3,5.00
1.44,80.95,4.12,54.10,7.58,51.09,3,2,4.30
5.33,89.61,2.62,63.80,5.87,92.87,9,4,4.80
2.98,80.58,2.77,77.71,7.13,80.78,8,1,3.92
1.58,75.84,2.55,70.24,8.95,85.53,9,0,3.89
2.88,88.06,3.80,99.64,7.39,47.80,3,4,5.00
2.40,91.56,3.82,72.05,7.88,52.72,5,4,4.55
1.65,79.19,3.21,91.04,7.38,85.54,0,4,4.44
1.08,79.09,2.43,52.24,6.24,97.93,0,2,3.61
4.08,63.43,2.27,80.45,7.50,63.22,9,3,3.96
0.59,70.05,2.75,97.22,8.31,67.79,7,0,3.87
0.76,77.15,4.12,70.99,5.05,43.17,10,0,3.85
4.72,65.30,2.79,93.66,7.04,64.46,1,2,4.50
4.60,98.07,4.33,59.81,7.19,48.34,10,3,5.00
1.29,55.27,3.51,58.35,8.90,80.34,7,0,3.54
3.41,87.83,4.40,88.98,8.24,75.77,9,2,5.00
5.48,78.53,4.44,94.79,8.95,46.01,1,3,5.00
2.08,80.84,4.65,96.32,6.72,76.02,4,2,4.93
1.61,59.28,2.47,51.45,6.76,97.94,10,0,3.19
2.10,79.84,3.27,50.88,7.84,38.75,0,0,3.81
3.13,66.68,2.56,72.14,5.02,37.74,1,0,3.68
4.17,82.20,3.88,55.01,6.25,88.73,6,2,4.80
0.68,76.02,2.09,65.90,8.14,37.62,3,3,3.16
2.23,94.74,4.14,62.63,6.56,67.36,7,3,4.65
1.88,86.97,4.28,67.07,5.52,67.98,10,0,4.37
1.56,97.39,3.91,70.56,5.11,88.03,5,4,4.36
2.41,66.80,2.16,53.54,5.95,97.10,5,1,3.30
3.63,68.37,3.81,90.22,8.67,48.63,8,2,4.57
2.21,72.11,3.79,52.86,5.98,41.43,6,1,3.63
4.06,56.70,4.07,70.22,8.76,47.63,0,0,4.21
1.89,68.59,4.14,83.61,6.85,52.24,10,0,4.16
1.73,56.57,3.87,96.56,6.53,38.67,3,4,4.43
4.31,96.54,3.17,58.23,8.04,87.83,6,4,4.75
3.43,59.33,3.25,86.73,8.59,68.34,8,3,4.18
3.66,72.74,4.53,72.55,7.94,83.49,7,2,4.96
2.73,69.92,4.20,57.18,5.51,47.62,6,0,3.95
0.55,87.07,2.65,68.33,5.68,78.72,1,3,3.44
3.31,85.69,4.02,59.28,5.96,58.49,4,3,4.67
0.84,86.45,3.18,66.37,7.00,55.75,1,1,3.95
1.62,62.05,2.61,97.18,5.83,82.28,6,0,3.72
1.74,99.83,3.17,87.22,6.63,42.42,10,4,4.47
2.71,77.05,4.66,98.44,8.01,64.23,7,3,4.94
5.13,85.14,2.27,57.99,5.62,95.70,10,2,4.23
2.67,63.88,2.81,68.11,6.64,89.90,2,3,3.71
3.40,87.37,2.59,71.05,8.99,97.30,1,0,4.59
4.42,99.79,4.16,54.02,8.23,48.31,2,0,5.00
1.51,72.97,2.29,69.09,6.90,81.57,6,2,3.60
2.20,72.90,4.27,95.80,8.16,38.99,0,2,4.65
3.23,84.35,3.72,87.17,5.12,45.42,0,3,4.56
4.52,61.42,3.53,64.85,7.15,95.89,8,0,4.46
2.21,94.55,2.19,80.45,5.06,40.90,1,1,3.88
3.25,68.69,2.66,86.77,8.37,41.83,10,0,3.91
4.61,85.33,3.68,79.86,5.22,81.57,1,1,5.00
3.81,57.13,2.01,81.43,8.78,48.28,9,2,3.58
2.33,78.40,2.01,84.79,8.00,93.79,6,0,3.47
0.60,63.33,3.30,80.75,6.88,96.61,6,2,3.77
4.65,82.98,3.06,90.54,5.75,41.27,10,4,4.53
1.99,65.11,3.90,95.49,6.41,66.16,5,1,4.32
1.88,61.49,4.73,78.77,8.28,65.81,7,2,4.63
1.95,92.56,2.99,72.07,5.64,81.17,5,2,4.22
0.62,75.57,2.72,95.67,5.23,72.23,10,1,3.59
0.56,71.67,2.56,92.42,8.03,79.97,4,4,3.97
3.10,75.51,2.46,61.66,7.42,38.30,9,4,3.71
1.12,81.32,3.34,99.07,5.83,43.80,6,4,4.26
2.01,93.97,4.15,85.80,5.47,71.96,4,1,4.56
4.08,97.30,2.78,73.21,5.93,50.00,9,4,4.24
4.33,88.09,2.36,79.52,6.96,98.56,7,1,4.31
3.69,61.34,4.30,77.46,6.97,36.22,8,2,4.54
4.97,87.04,2.19,60.04,7.14,96.29,7,0,4.14
4.00,85.59,2.88,90.85,6.27,37.70,3,0,4.19
0.66,74.60,3.11,75.91,7.95,67.58,3,0,3.68
3.75,70.16,4.24,65.81,8.27,59.08,8,3,4.70
1.78,69.10,2.36,80.47,7.91,40.61,1,4,3.40
2.21,76.97,2.11,70.04,6.98,71.48,6,3,3.95
3.40,64.96,3.13,64.79,7.14,58.50,5,0,3.84
2.42,83.34,2.90,80.35,5.61,78.25,7,0,3.83
5.44,64.57,2.81,59.51,5.35,98.09,5,3,4.33
3.08,93.68,2.34,76.87,5.92,64.54,10,3,4.03
2.01,85.67,3.93,53.50,5.64,42.09,6,2,4.06
1.90,80.59,2.39,88.65,7.22,62.13,0,2,3.96
3.18,83.73,2.42,85.19,6.46,49.50,0,1,4.13
2.42,65.49,2.39,91.99,6.61,67.70,8,1,3.67
4.42,97.09,4.74,87.20,6.59,40.51,5,1,5.00
3.95,71.00,3.32,61.63,8.44,83.77,5,2,4.00
1.24,86.66,4.01,53.26,7.16,83.70,1,4,4.00
3.91,75.72,2.47,80.03,8.74,37.62,4,1,4.01
4.72,71.21,2.88,58.57,7.80,38.68,10,3,4.01
2.82,84.86,2.77,75.59,6.28,81.66,6,3,4.29
1.94,82.02,2.18,76.13,6.44,40.01,1,0,3.46
1.27,63.41,2.65,90.16,7.23,98.97,2,2,3.90
1.51,99.93,3.54,58.32,5.25,84.98,2,4,4.28
3.36,62.37,4.26,68.00,6.54,85.92,4,0,4.48
1.99,92.64,3.24,71.20,8.44,63.06,3,0,4.29
3.42,65.34,2.54,55.71,7.14,93.47,8,2,3.73
1.52,61.08,3.80,92.06,6.20,78.18,1,4,4.42
4.08,81.27,2.26,77.43,5.11,62.86,7,0,3.98
2.18,86.63,3.27,95.19,6.35,90.32,2,1,4.53
2.09,97.57,3.67,87.62,8.82,51.69,1,1,4.46
4.09,57.22,3.21,96.93,6.55,90.74,5,0,4.21
1.52,83.88,2.19,52.01,8.93,42.53,10,4,3.59
2.38,67.76,2.77,58.56,5.35,87.22,8,1,3.78
3.29,67.97,3.14,58.07,6.96,96.79,2,0,3.84
1.71,75.50,2.86,68.66,5.69,85.94,6,2,3.86
4.15,60.50,3.19,75.82,8.80,81.17,2,2,4.10
1.16,84.22,2.22,76.54,5.97,40.32,8,2,3.35
2.24,74.43,2.27,96.29,7.45,52.93,1,4,3.99
1.97,96.42,3.22,83.81,5.32,68.74,4,2,4.33
3.62,97.65,4.72,95.10,7.74,56.39,4,4,5.00
1.48,90.70,4.43,84.87,8.21,87.79,2,2,4.65
4.33,80.97,3.80,61.82,7.55,83.25,7,0,4.37
5.23,87.78,3.79,94.80,5.50,44.57,1,3,5.00
3.63,61.64,3.79,56.44,6.20,57.00,7,2,4.24
3.05,77.11,2.06,64.20,5.27,37.91,9,2,3.36
1.54,80.22,4.52,85.77,6.52,87.60,0,0,4.72
2.96,81.61,4.44,91.34,7.87,99.57,2,2,5.00
2.23,80.70,3.35,50.95,5.60,78.31,6,3,4.05
4.52,66.41,2.57,55.49,5.19,89.68,3,2,4.03
4.91,75.85,3.21,56.04,7.08,40.20,1,0,4.36
4.46,80.68,3.77,71.04,6.29,82.94,4,0,4.80
0.99,88.57,3.43,83.44,8.82,62.98,4,4,4.32
0.54,86.63,2.20,51.21,5.90,54.90,5,3,3.27
4.10,90.75,3.34,75.55,6.94,35.84,2,3,4.73
3.50,73.03,2.18,64.55,8.85,89.78,9,3,4.06
3.29,71.39,2.38,70.61,7.69,91.21,5,3,3.97
4.27,88.65,3.48,53.91,7.92,91.41,3,0,4.74
4.30,84.89,3.32,79.28,8.17,86.49,1,2,4.59
0.93,69.08,3.63,53.08,6.94,98.82,9,3,3.92
3.57,68.72,3.35,64.80,7.01,46.25,8,2,3.91
2.59,65.40,3.52,83.68,8.58,37.04,4,2,4.00
4.65,98.34,4.63,97.55,8.20,44.01,9,1,5.00
2.28,97.09,2.22,62.29,7.56,37.63,3,4,3.76
5.25,78.18,3.00,62.34,8.21,80.55,9,2,4.54
2.49,79.69,2.01,84.02,6.47,77.76,5,3,3.84
4.74,92.81,2.81,76.71,6.38,51.95,2,0,4.38
1.87,93.62,3.15,77.98,6.62,96.64,3,4,4.29
0.71,73.58,4.60,87.76,7.81,96.49,7,1,4.22
0.63,99.12,3.69,50.13,7.18,61.10,8,1,3.89
4.00,78.32,2.06,98.46,8.31,40.34,2,3,4.19
0.62,85.76,4.33,50.52,7.24,91.97,0,3,4.17
5.38,59.94,2.88,86.16,5.35,38.84,0,1,4.11
1.51,62.37,3.48,79.50,7.39,70.03,5,0,3.77
4.46,91.24,3.55,93.21,6.05,94.39,10,0,4.91
4.62,88.53,2.69,59.14,7.69,80.12,3,1,4.21
0.81,96.81,3.23,72.90,7.70,62.21,1,2,4.06
0.78,62.03,3.43,78.52,5.97,68.08,5,0,3.76
1.97,77.46,2.86,85.16,6.24,95.40,5,3,4.08
5.30,67.02,2.16,55.28,6.68,99.19,6,1,3.78
4.49,85.60,2.99,86.07,6.32,57.04,10,2,4.19
1.29,57.11,2.27,86.13,6.40,82.20,2,4,3.37
1.81,98.38,4.65,87.26,5.72,74.07,8,0,4.77
4.38,94.76,2.29,98.24,5.87,68.29,6,4,4.78
1.38,78.65,4.45,53.04,8.51,95.93,2,2,4.80
2.74,63.57,2.20,84.49,7.87,88.35,4,2,3.85
2.54,68.12,2.11,96.36,5.04,75.74,8,2,3.91
0.62,95.31,4.05,72.62,8.33,92.66,5,0,4.52
2.93,75.94,3.90,69.30,8.99,98.74,0,1,4.64
3.05,72.95,3.73,83.04,6.49,36.58,10,1,4.20
4.36,61.50,3.39,67.25,8.12,44.44,6,0,3.95
2.56,58.37,2.88,96.90,6.38,48.56,7,3,3.82
1.43,79.27,2.41,83.60,7.33,46.59,1,2,3.54
1.83,92.31,4.23,59.46,7.56,36.27,4,4,4.45
1.81,77.02,3.73,56.95,6.39,86.23,2,1,4.28
3.29,79.04,3.61,88.21,6.97,59.92,0,3,4.67
1.24,56.55,4.56,83.91,8.52,91.08,1,4,4.54
3.90,94.52,3.56,91.92,7.74,41.52,8,3,4.68
3.27,66.36,4.03,96.45,7.00,70.51,10,2,4.38
1.73,96.71,2.83,52.80,8.58,80.74,8,3,3.88
1.25,85.10,2.84,97.54,6.77,36.03,10,1,4.07
1.60,62.49,4.13,52.27,5.05,37.59,4,4,3.93
2.29,82.79,3.22,67.45,8.15,73.78,8,1,3.86
3.74,85.65,2.90,69.08,6.16,88.75,4,4,4.35
2.09,59.25,3.86,86.43,8.01,86.37,6,4,4.27
4.11,70.80,3.09,65.88,6.72,93.94,8,4,4.28
5.19,95.35,3.97,93.87,8.64,35.53,7,4,5.00
0.92,89.94,4.73,76.43,7.26,70.44,5,2,4.62
2.85,66.70,4.66,89.65,6.90,93.08,10,3,4.75
4.67,60.07,2.52,91.29,6.28,68.37,6,3,4.11
2.66,65.78,2.71,56.69,8.70,36.26,0,4,3.56
0.64,59.81,4.75,82.64,7.27,39.40,7,1,3.90
4.64,64.03,4.40,76.83,7.58,54.50,8,3,4.50
3.98,97.81,2.29,73.79,6.32,59.42,0,3,4.35
1.55,84.47,3.93,92.08,5.40,98.12,2,2,4.67
1.04,68.13,2.32,76.09,5.96,40.15,8,4,3.23
2.75,80.69,4.57,90.38,8.85,67.02,1,1,5.00
1.14,75.80,2.06,70.28,8.77,57.69,10,3,3.43
5.40,57.77,3.17,53.99,6.47,84.13,2,2,4.42
2.71,91.63,2.52,52.53,6.45,62.77,10,1,3.80
1.99,73.55,2.08,85.00,7.34,81.14,8,0,3.51
5.20,99.41,3.24,91.62,6.92,67.85,5,3,4.83
3.85,70.17,2.56,93.06,6.47,77.85,0,3,4.31
3.36,68.06,3.80,54.65,7.71,68.86,3,3,4.20
4.89,56.88,2.47,92.09,6.33,98.26,6,1,4.20
0.67,81.74,3.91,88.85,5.03,87.00,6,0,4.31
1.02,55.46,3.82,82.77,8.09,44.17,1,1,3.75
5.24,55.44,3.13,53.52,5.13,80.03,2,1,4.22
3.77,65.20,4.66,66.73,5.66,58.20,7,4,4.67
0.75,82.16,4.24,54.60,8.02,67.98,10,4,3.94
5.26,55.25,4.67,85.51,8.06,62.63,0,3,5.00
2.28,93.69,3.00,96.94,8.63,74.78,3,2,4.62
4.84,83.52,2.39,78.78,8.39,79.62,3,0,4.32
4.04,91.02,3.01,72.71,6.54,60.27,5,2,4.72
4.82,69.50,2.71,81.61,5.07,59.17,7,1,4.10
3.56,84.18,4.53,87.27,5.36,53.20,3,0,5.00
3.14,59.02,4.62,80.94,6.53,99.47,3,1,4.84
5.22,99.80,2.64,79.65,7.71,77.07,1,1,4.73
5.34,96.42,3.35,56.12,5.41,83.46,7,3,5.00
4.59,91.13,3.82,59.27,6.84,51.38,7,0,4.72
4.59,93.54,4.16,92.22,5.81,59.04,5,3,5.00
5.27,89.86,3.15,64.55,7.66,63.92,5,2,4.80
3.68,77.77,2.72,77.81,5.87,52.43,6,0,4.23
1.26,83.33,3.54,55.74,5.02,86.82,1,1,4.13
3.07,92.59,3.27,57.99,5.55,56.04,4,4,4.23
4.29,88.02,3.05,61.85,6.59,83.79,4,1,4.29
2.76,82.59,2.84,59.67,7.30,83.26,9,4,4.02
1.39,97.69,2.46,50.10,7.30,82.02,2,1,3.82
1.68,59.13,2.67,85.71,6.19,51.88,9,2,3.69
3.17,90.03,2.04,68.03,6.35,55.45,4,1,3.81
3.53,83.64,2.97,94.05,8.77,92.24,6,0,4.72
3.05,63.69,3.14,81.05,6.21,68.43,10,4,4.03
4.61,83.39,3.97,67.15,8.32,66.94,8,4,4.84
4.84,56.97,3.37,96.92,7.71,35.38,4,3,4.42
0.58,89.87,2.84,79.08,6.83,68.55,5,1,3.83
2.11,56.76,4.68,51.14,7.53,62.33,5,0,3.92
2.19,85.34,3.14,86.35,5.02,94.91,8,3,4.03
4.03,61.10,4.29,89.87,6.38,86.34,8,4,4.48
5.36,90.10,4.49,84.90,5.76,70.82,1,1,5.00
5.32,58.12,4.30,63.19,5.60,76.30,5,2,4.75
0.56,66.60,3.45,97.64,8.42,58.75,6,1,3.98
3.52,76.63,4.13,52.31,7.21,51.68,1,2,4.44
1.59,71.99,3.75,64.67,6.08,44.15,10,2,3.50
1.04,55.32,3.67,77.92,7.81,76.56,1,4,4.02
2.46,55.57,2.40,94.53,6.57,86.58,4,4,3.83
5.45,75.68,2.66,51.28,7.66,46.96,4,4,4.16
3.19,85.80,2.86,81.46,6.35,80.17,10,4,4.20
2.06,87.58,2.16,89.57,8.95,55.90,0,0,3.97
2.06,93.29,3.07,74.72,5.42,63.95,6,0,3.98
3.98,61.28,2.98,54.05,6.47,88.80,1,1,4.06
0.65,98.25,2.57,50.95,5.48,89.91,0,1,3.53
1.06,56.10,2.53,76.33,8.99,46.68,5,2,3.35
4.36,69.21,2.15,87.22,7.57,91.16,10,1,4.22
1.91,59.47,3.40,78.64,6.30,51.05,10,0,3.71
3.99,95.96,2.91,87.10,7.67,87.99,2,0,4.67
4.47,65.40,4.18,82.73,5.09,49.31,1,1,4.56
1.45,67.46,2.77,78.14,6.84,64.53,3,2,3.57
4.84,68.66,3.70,72.16,7.26,39.56,6,3,4.38
4.93,66.47,3.55,74.45,8.49,42.15,2,2,4.62
0.92,65.88,3.60,61.74,6.49,93.39,2,3,3.87
1.51,56.93,3.91,76.80,5.64,80.63,7,0,3.76
4.22,72.77,2.95,64.22,8.39,35.17,10,4,3.89
3.44,77.30,3.27,79.78,5.06,97.18,5,3,4.50
1.28,69.94,2.85,67.82,7.72,60.32,5,3,3.60
4.82,65.65,2.71,64.92,7.73,96.53,7,0,4.11
3.13,59.17,2.04,62.50,8.35,77.97,6,4,3.64
2.43,71.13,3.41,66.06,6.63,53.97,6,2,3.68
2.23,85.66,3.18,71.05,6.29,88.13,10,4,4.26
4.24,94.84,2.70,50.34,6.46,68.40,2,4,4.15
4.04,80.41,3.99,79.18,5.29,45.31,6,3,4.62
4.27,60.36,4.54,59.43,7.24,66.04,7,2,4.82
2.24,70.88,4.29,99.83,5.75,58.12,8,2,4.49
4.15,57.71,4.33,53.02,5.43,55.65,10,4,4.25
2.66,77.61,2.45,88.36,8.01,64.85,8,4,3.78
1.43,82.17,3.57,52.56,6.18,84.43,3,0,4.35
1.68,57.89,3.72,73.28,6.01,86.03,5,3,3.97
4.21,59.64,4.50,89.16,6.05,78.02,9,3,4.88
3.51,73.85,4.79,94.98,8.32,39.48,5,4,5.00
2.65,74.14,3.92,53.71,7.46,39.93,8,3,3.88
3.46,74.56,2.84,71.05,7.42,38.48,2,3,4.05
2.57,69.34,2.87,55.47,5.93,44.40,9,3,3.85
3.66,74.10,2.07,64.63,7.77,79.42,4,0,3.87
5.26,64.02,3.78,67.07,8.16,43.53,6,3,4.62
0.53,80.78,2.96,81.80,7.12,96.31,6,1,3.64
3.41,85.04,4.02,88.26,8.75,96.50,4,4,5.00
4.47,60.12,3.13,80.21,7.61,58.49,9,2,4.20
4.11,71.11,3.63,59.94,7.45,45.01,1,2,4.05
3.15,69.58,3.90,95.22,5.71,40.32,4,3,4.52
0.67,72.36,2.61,56.27,8.37,92.34,1,1,3.44
2.55,66.16,2.38,97.47,8.69,84.83,3,4,3.96
0.62,60.99,3.01,83.14,6.47,52.62,6,1,3.71
0.58,61.92,4.29,51.38,5.74,67.87,7,1,3.47
1.26,88.59,2.53,79.34,6.48,55.11,2,0,3.83
3.43,59.52,4.01,73.95,8.22,57.68,7,2,4.02
2.64,88.51,4.48,54.67,5.09,85.04,9,0,4.58
2.52,85.23,4.15,84.35,8.29,87.99,0,3,4.99
2.58,75.43,2.31,78.21,7.86,48.73,5,2,3.83
3.88,96.06,3.73,99.70,8.24,89.22,5,0,5.00
4.10,69.42,2.52,56.48,5.53,73.95,7,0,3.79
5.44,77.13,4.52,97.03,7.66,70.35,2,2,5.00
4.10,56.35,2.80,58.57,8.05,99.89,5,4,4.30
4.81,80.16,3.01,67.65,8.27,92.25,3,2,4.49
1.79,95.20,3.35,56.86,5.62,83.02,9,4,4.03
4.20,83.08,4.68,54.15,5.80,36.71,9,2,4.69
3.09,86.07,4.73,93.55,5.41,97.00,7,2,5.00
4.38,93.81,4.23,68.73,5.25,63.87,0,4,5.00
4.48,62.30,2.46,57.43,8.70,72.99,8,1,4.04
1.70,80.02,3.89,89.07,7.07,95.71,2,2,4.59
3.54,79.89,4.18,68.63,5.93,99.43,1,4,4.66
3.85,66.54,2.21,92.22,8.42,45.85,2,3,4.16
2.33,83.70,3.23,60.06,6.22,89.24,3,1,3.97
3.11,62.36,2.70,62.51,5.42,39.55,3,1,3.61
5.25,69.12,2.85,88.18,6.70,85.40,5,3,4.69
5.42,77.57,3.75,76.43,7.98,50.52,5,4,4.91
1.58,60.97,3.65,65.11,8.09,99.98,10,1,3.97
1.41,60.70,3.35,56.87,7.06,38.35,5,3,3.51
4.02,84.88,4.30,65.48,6.35,43.67,0,1,4.87
3.85,91.45,2.98,60.45,8.69,86.27,1,1,4.54
5.03,99.38,4.54,76.31,8.70,74.53,8,4,5.00
4.37,93.78,4.76,52.10,7.23,68.29,0,3,5.00
0.76,64.42,2.98,88.92,8.26,49.63,8,0,3.48
1.00,75.20,4.46,81.12,8.92,85.97,7,0,4.60
1.56,70.76,4.27,82.34,6.70,86.93,0,4,4.47
3.81,56.79,3.03,91.25,8.70,77.39,8,0,3.91
1.48,57.08,2.84,62.92,5.08,96.42,10,3,3.43
4.60,92.61,2.11,68.38,7.34,37.72,4,3,3.90
4.13,69.50,3.41,85.99,7.24,59.47,9,0,4.40
4.17,99.19,3.39,53.52,6.19,87.61,8,4,4.68
4.12,62.28,3.16,64.68,6.00,87.80,10,4,4.32
5.44,68.24,2.40,87.68,6.92,38.19,1,2,4.44
5.14,71.52,2.69,66.28,8.38,97.01,4,2,4.38
0.56,86.80,2.40,96.62,8.29,86.86,5,1,3.77
1.46,57.96,2.61,68.62,8.74,84.33,2,2,3.58
4.31,55.69,2.64,80.19,5.41,62.51,1,4,4.19
4.53,85.22,4.41,76.72,6.68,88.38,6,3,5.00
5.25,56.91,4.76,52.64,5.66,68.32,6,3,4.90
1.22,75.58,2.23,79.40,6.96,98.44,10,4,3.75
2.28,62.97,3.37,68.23,8.70,87.07,6,0,3.75
1.38,85.82,3.38,93.05,7.18,44.91,8,1,4.18
1.85,60.14,3.40,95.76,7.33,85.46,10,1,3.96
0.57,62.19,4.10,73.62,8.12,95.62,8,0,3.86
1.19,56.70,3.49,96.62,8.97,68.39,7,0,3.95
1.64,90.02,3.50,86.90,8.55,62.52,1,2,4.29
3.03,64.74,3.53,94.04,5.69,70.02,3,2,4.54
3.48,56.85,3.35,95.49,7.98,52.21,1,1,4.17
4.37,83.63,3.07,76.76,6.09,82.12,4,2,4.65
1.62,62.59,2.19,92.09,5.81,99.42,2,1,3.57
2.23,81.71,3.89,51.67,5.08,90.43,2,2,4.26
0.69,83.73,4.65,78.91,6.24,38.95,8,2,4.63
5.07,71.73,3.16,51.79,7.10,81.33,9,1,4.25
5.40,83.79,4.73,60.99,8.68,93.89,1,3,5.00
4.51,80.37,4.38,85.79,5.25,98.61,10,2,5.00
2.67,83.88,3.40,76.70,6.34,58.97,10,0,4.19
4.58,95.58,4.49,75.69,5.46,48.51,4,2,5.00
1.01,90.94,4.09,75.55,8.38,81.59,0,1,4.42
3.83,94.45,2.73,75.84,8.51,88.56,9,4,4.84
2.85,83.86,4.58,63.77,7.47,51.12,1,0,4.69
0.60,60.75,4.20,68.54,5.11,88.46,3,2,4.11
1.72,57.05,2.94,57.02,6.55,79.19,8,4,3.58
2.43,70.32,3.41,94.11,6.23,85.79,5,0,4.20
0.86,57.50,2.11,55.94,6.79,96.96,4,2,2.88
1.92,97.00,3.28,64.48,8.67,85.72,10,3,4.44
5.24,77.51,3.86,97.90,6.54,42.01,0,2,5.00
4.32,72.75,3.99,73.22,6.89,68.28,1,0,5.00
3.20,73.54,2.52,78.70,8.95,72.22,3,3,3.93
1.49,93.97,2.41,73.23,6.75,98.34,0,3,3.77
3.30,56.33,3.44,76.40,5.08,71.95,0,1,4.04
2.88,75.56,2.50,74.73,7.67,98.70,4,2,3.95
5.19,90.18,4.62,69.84,6.86,82.37,7,2,5.00
1.09,98.80,4.60,70.24,5.88,73.15,6,0,4.53
3.05,91.72,2.86,64.98,7.99,39.47,2,3,4.21
4.43,57.30,2.37,59.41,6.43,43.85,10,2,3.48
2.01,77.05,3.96,55.79,7.49,59.18,8,4,4.21
4.76,74.10,3.26,99.46,5.81,66.20,9,1,4.64
5.41,90.36,4.20,95.93,7.21,92.34,2,3,5.00
4.05,81.19,2.80,94.43,5.69,52.44,6,2,4.35
4.88,70.04,4.06,77.75,7.27,86.52,3,4,4.78
1.21,81.85,2.52,95.17,7.80,41.82,8,4,3.72
2.79,78.25,3.37,61.18,7.15,59.25,10,2,3.90
2.43,71.44,3.17,67.96,7.39,72.69,6,2,4.07
2.08,84.32,3.46,50.74,6.55,56.30,9,3,3.84
4.07,91.48,3.86,57.06,5.30,84.63,0,4,4.92
1.23,68.82,3.46,57.17,6.07,66.63,3,0,3.59
4.84,65.80,2.03,83.17,8.88,93.66,6,3,3.97
4.44,66.74,2.63,81.42,6.50,74.52,7,0,3.86
1.76,86.55,2.02,52.18,5.14,47.81,7,2,3.51
1.40,75.98,4.16,57.31,6.33,38.83,8,0,3.92
3.36,89.90,3.46,86.30,7.58,87.85,10,1,4.38
0.84,78.10,3.65,59.24,7.79,68.02,2,1,4.10
0.66,57.37,4.21,65.68,5.81,86.46,8,4,3.85
2.27,89.97,3.08,98.95,5.88,54.78,1,1,4.39
1.02,86.33,2.18,67.37,8.19,42.96,4,3,3.42
3.45,95.44,4.08,71.81,8.40,97.02,1,3,4.99
3.01,90.84,2.14,52.19,8.47,37.36,0,0,3.71
3.33,97.76,2.23,60.21,6.29,68.99,3,0,4.10
3.29,85.93,2.64,85.02,8.28,56.38,9,0,4.39
4.44,74.93,4.77,56.30,8.43,97.10,1,3,5.00
2.89,99.50,2.20,61.80,8.12,55.60,5,4,3.87
1.14,83.05,3.66,79.61,5.62,93.31,4,4,4.22
