area_m2,habitaciones,banos,estrato,antiguedad_anos,parqueaderos,distancia_centro_km,piso,precio_cop
45.52,1,1,4,19,0,9.29,8,93220000
53.98,3,1,4,18,0,11.73,6,251720000
118.88,3,2,4,2,1,12.27,1,615700000
102.08,3,2,3,40,1,15.47,13,476330000
196.06,4,5,3,1,1,15.3,20,873240000
172.38,5,3,5,11,1,6.68,4,865890000
140.4,4,3,4,35,1,14.2,17,738850000
80.42,3,2,4,29,0,9.65,1,525650000
182.61,5,3,5,30,2,12.02,20,892340000
121.89,3,3,4,26,1,9.89,2,740480000
82.15,2,1,4,25,0,10.18,9,447190000
79.74,2,1,6,1,1,5.51,6,577580000
99.21,2,1,2,24,0,22.55,13,360670000
109.83,3,2,4,36,1,11.79,15,529730000
126.64,3,2,4,26,1,10.4,2,700290000
196.54,6,3,5,20,1,8.44,1,1041730000
56.35,2,1,3,22,0,13.43,20,414020000
195.29,6,3,4,0,2,16.37,10,892020000
160.8,4,3,4,36,1,7.67,1,680930000
187.91,5,3,5,27,2,15.81,15,997800000
54.36,1,1,4,16,0,14.14,15,265340000
200.94,6,3,2,32,2,11.21,16,800390000
41.08,1,2,2,33,0,18.99,13,141400000
117.46,3,2,3,15,1,5.28,13,587150000
43.63,1,1,5,37,0,5.75,9,193960000
209.35,5,3,4,2,1,13.74,4,1123240000
73.93,3,1,3,33,0,18.44,4,275610000
54.63,2,1,3,6,0,11.89,15,310570000
93.83,3,2,3,40,0,8.93,7,413500000
77.57,2,2,4,30,0,8.96,15,405920000
52.09,2,2,3,27,0,12.77,17,245350000
46.25,1,1,3,8,0,19.53,9,338320000
51.68,2,1,3,22,0,13.75,1,352810000
117.24,3,2,2,20,1,14.12,1,479970000
64.73,1,1,4,32,0,8.38,8,391040000
199.73,5,2,4,12,1,7.23,18,887670000
103.96,3,2,3,15,1,16.12,6,527510000
172.07,4,3,4,29,1,11.17,4,680440000
116.61,3,2,4,7,1,6.73,19,558930000
96.51,2,2,2,40,0,18.53,15,343540000
155.25,4,3,3,25,0,13.33,11,531320000
183.74,6,3,4,39,0,11.01,8,996200000
170.66,4,3,2,21,1,17.17,13,617700000
178.26,5,3,3,23,2,6.28,18,772970000
195.01,5,4,3,32,2,10.01,10,984380000
140.68,3,2,4,18,1,10.47,5,719480000
199.34,6,3,3,35,1,9.43,8,852290000
60.31,3,1,6,1,0,7.14,10,294780000
147.28,4,3,2,0,2,11.36,2,609730000
152.27,4,3,2,7,2,16.89,3,779660000
53.61,2,1,4,1,1,19.01,2,213810000
199.09,4,3,2,3,1,10.96,7,931690000
54.66,1,1,3,2,0,8.91,15,225980000
85.0,2,2,5,37,0,18.49,6,518750000
66.16,2,1,5,5,1,15.09,12,436210000
199.54,5,3,4,32,1,8.76,14,1040090000
60.48,2,1,4,28,0,17.54,4,203830000
112.57,3,2,4,24,1,16.03,2,554010000
140.03,4,3,4,4,1,9.91,11,609890000
121.51,2,1,3,34,0,10.25,10,385410000
199.63,5,3,5,21,1,11.46,1,1028210000
67.3,1,2,3,27,0,12.53,8,329850000
193.61,5,3,3,27,1,7.15,8,815140000
178.29,4,3,4,22,1,13.37,8,890870000
179.11,5,3,3,10,2,13.02,12,924190000
118.38,4,3,5,35,1,13.33,9,575160000
168.22,5,3,3,24,1,9.14,15,798020000
111.12,3,1,4,8,0,11.85,12,586980000
43.58,1,1,4,29,1,4.3,8,332350000
162.93,5,3,3,3,2,13.74,7,902330000
152.08,4,2,2,5,1,13.19,13,765320000
70.7,2,1,3,39,0,12.43,2,341460000
49.92,1,1,4,16,0,4.31,9,439760000
135.46,4,3,2,2,1,9.62,1,448550000
179.22,6,3,5,0,1,17.68,12,1024730000
59.78,1,1,4,3,0,13.35,11,521370000
180.69,5,4,4,32,1,7.64,6,952520000
76.68,1,2,5,17,1,6.71,11,555510000
116.95,3,2,4,37,1,6.79,2,438950000
104.41,2,2,3,38,1,17.16,4,370600000
184.47,5,4,3,31,1,12.56,12,846670000
143.03,4,2,5,35,0,8.58,9,719740000
200.57,4,3,3,11,2,12.2,11,973290000
75.32,1,1,2,7,0,14.51,13,241710000
90.2,3,2,4,35,0,10.5,11,500400000
49.0,1,2,4,23,0,7.76,9,162390000
185.27,5,3,3,31,1,13.2,9,783800000
201.03,6,3,4,1,1,16.41,8,987750000
89.76,3,1,4,38,1,13.9,12,601910000
205.68,6,3,2,13,1,15.64,10,770950000
202.65,5,3,4,35,2,7.77,1,968300000
130.92,4,3,5,22,1,11.11,1,762570000
153.4,4,3,3,21,1,7.8,13,713130000
159.66,5,2,5,13,1,3.56,17,822810000
111.73,3,2,6,22,1,16.02,18,876630000
178.55,5,3,3,13,1,18.01,8,912120000
85.88,1,2,3,6,0,12.02,9,500730000
39.75,2,1,2,23,0,17.97,16,80280000
130.72,3,3,2,29,2,8.93,10,523410000
168.75,5,3,4,38,2,10.97,2,829880000
62.92,2,1,4,11,0,18.26,9,333300000
156.61,4,2,2,1,0,14.26,13,657430000
82.98,2,2,3,37,0,10.93,9,313950000
68.57,2,1,3,27,0,8.73,20,381320000
53.37,1,2,3,33,0,7.86,11,262600000
97.81,2,1,3,11,1,12.29,10,459080000
108.39,4,3,5,40,0,12.05,11,624380000
149.19,4,3,4,9,1,9.19,19,807330000
103.13,3,2,2,8,1,10.75,16,697630000
97.5,2,1,3,16,0,12.5,8,403800000
57.25,1,1,4,30,0,12.22,18,304550000
109.17,3,2,3,11,1,12.43,10,559890000
43.73,1,1,4,18,1,6.07,14,352360000
138.8,4,1,6,31,1,5.83,4,911090000
90.08,3,2,3,33,0,6.46,1,373140000
143.37,3,3,3,32,1,18.78,5,480810000
190.44,5,3,2,26,1,10.13,10,819670000
125.86,3,3,2,22,0,19.07,6,515150000
144.69,4,3,2,34,0,10.43,12,569320000
84.44,3,2,4,3,0,11.61,2,429760000
54.91,2,2,3,31,0,20.18,16,182300000
108.79,3,2,3,40,1,15.1,7,471990000
199.34,6,3,5,9,2,15.27,16,1260440000
160.53,4,3,3,16,2,16.57,12,936540000
51.0,2,2,3,12,0,14.63,18,266450000
113.6,3,2,6,7,0,5.7,17,801560000
201.46,6,3,4,30,3,11.44,17,923850000
71.91,2,1,4,7,0,11.66,3,522430000
167.97,4,3,5,12,1,8.65,3,858190000
199.33,6,4,5,30,1,8.27,13,1190250000
73.06,1,1,3,29,0,10.9,20,272260000
55.91,1,1,3,14,0,10.38,16,295920000
102.04,3,2,3,7,1,11.78,8,693080000
41.38,1,2,3,8,0,12.94,2,242500000
138.99,4,3,4,38,0,10.47,13,621530000
89.13,2,1,5,8,0,10.19,9,419550000
133.62,4,2,4,39,1,9.84,7,621710000
65.58,2,2,3,3,0,15.51,8,357060000
194.36,5,4,3,4,2,13.08,8,1078470000
83.66,3,1,5,21,2,8.29,11,341300000
149.18,4,2,4,21,1,13.51,15,745830000
119.69,4,2,3,26,1,11.64,7,613270000
142.1,4,3,2,0,1,13.2,1,587880000
83.39,2,3,4,20,1,7.59,15,527600000
173.86,4,2,3,23,1,11.27,15,941590000
73.74,2,2,5,16,1,8.87,5,386830000
100.77,3,2,3,0,0,16.9,16,411820000
198.51,5,3,5,31,2,7.73,15,1188100000
205.63,6,3,3,3,1,26.71,13,857200000
65.63,2,1,4,33,0,7.29,1,220120000
162.25,4,2,2,1,1,0.5,11,620740000
71.48,1,1,3,37,0,12.67,20,401920000
85.1,2,1,3,3,1,12.52,3,512930000
187.56,6,3,5,7,2,3.13,16,987630000
110.43,3,2,4,35,1,16.38,6,446180000
91.46,2,2,4,12,1,5.4,14,532050000
78.11,2,2,2,4,0,11.63,13,429560000
47.73,2,1,3,21,0,3.17,1,151760000
101.9,3,2,3,29,0,10.3,18,358920000
209.15,6,4,4,35,2,7.48,3,1010610000
67.23,2,1,2,31,0,13.1,11,199060000
174.42,5,3,4,26,2,16.46,12,816360000
198.8,5,3,3,37,2,5.43,12,811840000
203.89,6,4,5,34,1,4.28,12,1144620000
205.44,5,5,3,36,2,9.03,12,885050000
196.28,5,4,6,22,1,13.18,20,991130000
106.36,3,1,4,19,0,0.5,3,578940000
75.9,2,1,2,20,1,12.11,14,341100000
127.9,3,3,5,16,1,5.78,1,579330000
64.61,2,1,3,23,0,6.54,4,278390000
173.71,4,3,3,31,2,13.61,2,872200000
183.29,5,3,3,3,1,16.13,8,1039140000
195.18,6,3,5,6,2,7.61,7,1071170000
44.7,1,1,5,34,0,11.14,3,298200000
166.53,5,3,3,27,2,9.82,19,802070000
63.94,2,1,5,20,0,6.08,10,328610000
52.45,2,2,4,39,0,9.81,15,337080000
143.52,4,3,5,33,1,15.71,18,930040000
57.75,1,1,4,37,0,13.69,5,334800000
63.63,2,2,2,32,1,13.08,12,171990000
92.16,2,1,4,23,0,7.18,20,389610000
103.37,3,2,2,29,1,13.91,2,372270000
161.6,4,3,5,4,2,4.92,16,844340000
114.51,3,2,3,15,0,13.89,13,521370000
148.26,5,3,3,37,2,17.5,19,620900000
147.16,3,3,3,0,1,16.69,13,732130000
92.55,2,2,5,15,0,12.44,10,528160000
66.44,1,1,3,13,0,21.04,14,375350000
177.18,3,3,5,7,1,6.63,19,1045870000
126.99,3,2,5,0,0,12.31,9,693790000
141.25,5,3,5,2,1,14.51,3,848280000
129.13,2,1,5,7,0,9.86,9,633590000
182.73,5,3,4,7,1,13.13,14,875470000
140.08,4,2,2,11,1,15.4,2,592240000
125.65,3,3,5,26,1,9.41,2,665080000
88.56,3,2,2,4,0,14.77,19,419150000
68.49,2,2,4,40,0,12.44,8,343900000
193.58,6,3,3,32,2,4.71,16,861660000
71.85,3,2,2,26,0,11.13,4,509730000
42.99,1,1,3,7,0,10.7,15,186560000
168.01,5,3,4,40,2,8.52,9,747610000
73.44,2,1,5,13,0,9.39,12,467400000
86.81,3,1,2,0,0,16.61,4,330390000
102.24,3,2,3,2,0,13.52,6,552040000
64.03,3,1,4,14,0,5.66,14,327480000
182.56,4,3,6,29,1,7.36,1,1123470000
172.79,6,3,3,38,2,12.44,14,582210000
72.57,2,1,3,21,1,18.95,3,463550000
110.39,3,3,5,40,1,11.98,3,505260000
197.7,5,4,2,4,2,13.83,8,950700000
156.48,3,2,3,34,1,4.38,18,589210000
182.21,5,2,3,6,1,12.42,8,775200000
144.39,4,3,3,26,1,17.19,18,564360000
45.12,1,1,2,17,0,17.49,17,238200000
65.4,1,1,3,36,0,16.26,19,417510000
94.7,2,2,4,30,1,11.88,5,441090000
97.16,4,1,6,10,1,10.35,14,682050000
132.35,4,2,3,20,0,12.55,16,577060000
97.16,3,2,2,28,0,16.92,17,349170000
117.68,3,1,2,25,1,17.96,1,475260000
106.3,3,3,5,8,1,12.67,13,664590000
103.49,2,2,3,3,0,18.19,19,507020000
152.81,4,3,3,34,2,19.27,20,746170000
89.48,2,2,3,25,1,6.87,16,380810000
181.25,5,3,3,27,1,3.08,2,603420000
170.49,5,3,4,10,0,8.77,19,818890000
183.61,5,4,3,25,2,14.6,3,764320000
128.74,3,2,3,28,1,2.73,9,549670000
169.52,5,3,5,20,1,3.44,11,985240000
124.97,3,2,5,23,2,11.39,4,714120000
95.67,2,1,3,0,0,17.53,20,439860000
117.88,3,3,3,22,1,16.0,20,546230000
107.45,3,3,3,8,0,12.24,2,479940000
103.87,3,1,4,35,1,13.61,14,490680000
126.25,4,3,3,20,0,12.52,19,528470000
192.2,6,3,5,22,2,7.45,13,1165490000
164.68,3,2,3,9,1,12.29,3,651010000
160.41,4,2,6,15,1,5.87,11,1064900000
57.52,1,1,3,27,0,14.34,18,344210000
209.07,5,3,3,18,2,7.17,8,924330000
148.69,4,3,4,33,2,19.64,9,763500000
194.97,5,3,3,1,2,15.25,8,994010000
161.41,5,3,4,29,0,6.68,8,930750000
145.52,4,3,5,22,1,1.22,4,905530000
173.03,4,3,2,27,2,9.95,7,746540000
198.31,6,4,2,7,1,11.84,12,819420000
151.18,4,3,3,7,1,5.59,1,655670000
73.21,2,2,6,9,0,14.12,12,545220000
141.97,4,3,4,23,0,9.8,5,764890000
56.62,1,1,5,29,1,9.22,18,405080000
188.27,5,3,3,21,1,10.32,14,871980000
138.1,5,2,5,11,1,7.53,12,738060000
96.36,3,3,4,35,0,8.54,1,305130000
83.68,2,2,4,16,0,9.44,6,387590000
144.25,4,3,4,18,2,12.16,16,818010000
59.85,1,1,5,26,0,12.15,5,293960000
196.03,5,3,3,13,1,13.0,19,931740000
68.02,2,2,2,1,0,13.86,3,312140000
142.92,3,2,3,11,1,13.16,7,420580000
152.08,4,3,4,11,1,16.16,1,780660000
140.66,4,3,2,9,1,20.76,19,691370000
164.04,4,3,5,6,1,10.15,2,838190000
155.78,4,3,3,0,2,13.34,3,717780000
39.41,2,1,2,11,0,11.12,3,268840000
130.59,4,2,4,18,1,18.39,16,657300000
85.73,3,2,5,1,0,14.06,3,429520000
205.34,5,3,5,39,2,7.21,3,1175950000
170.37,5,3,2,28,0,7.43,8,688100000
66.63,2,2,2,37,0,17.49,8,245490000
126.61,4,2,3,17,1,12.95,10,639380000
56.55,2,1,4,29,1,13.79,10,275270000
201.65,6,3,4,6,2,15.26,17,1093810000
86.98,2,2,3,0,1,10.59,7,540390000
196.81,5,3,4,16,2,8.33,20,960730000
54.61,3,2,3,35,0,12.4,14,401510000
56.81,2,1,6,24,0,6.93,5,418050000
134.34,4,3,4,3,0,10.2,20,644330000
100.52,3,1,2,21,0,8.99,11,410640000
147.48,4,1,2,25,0,10.13,10,647400000
179.95,5,3,4,39,1,16.3,14,844840000
75.07,2,2,3,40,0,12.27,11,400760000
191.02,6,3,4,29,2,11.33,19,1063930000
92.4,2,1,2,2,1,17.4,20,536730000
146.84,4,3,4,10,2,10.3,16,716840000
194.01,5,3,3,30,2,14.81,1,768950000
141.9,3,3,3,27,1,7.7,15,720190000
203.79,5,4,5,16,1,10.39,14,977830000
203.34,6,4,3,38,1,19.48,2,981650000
135.01,4,3,5,34,1,6.14,8,735860000
129.36,4,3,3,21,0,7.22,20,707580000
96.36,3,3,2,37,1,11.66,3,436720000
185.17,5,2,3,4,1,9.79,5,761410000
54.18,2,1,4,38,1,5.6,15,328510000
92.9,3,1,2,14,0,12.4,1,382830000
149.4,5,3,6,0,1,3.04,6,1029180000
149.78,5,3,4,0,1,9.98,14,698410000
154.24,5,3,2,29,1,18.2,6,637540000
197.31,5,2,2,5,2,5.47,19,886070000
91.23,2,1,3,27,1,11.84,20,485980000
123.6,3,2,3,7,0,11.45,5,567450000
134.55,4,2,4,16,1,13.91,3,678410000
171.02,5,2,4,7,2,13.21,19,797300000
134.97,4,3,3,2,0,22.49,3,540530000
60.7,2,1,3,20,0,17.77,4,215610000
135.74,4,2,3,27,1,13.26,5,512580000
113.58,4,2,4,5,1,14.75,11,627420000
115.28,3,2,4,3,1,15.34,7,662200000
49.38,1,1,3,22,1,8.96,2,449980000
197.58,6,4,4,0,1,5.39,15,1083980000
158.6,3,3,2,10,1,12.4,2,707070000
179.76,5,3,4,31,1,13.23,5,862300000
63.81,3,1,5,22,0,13.9,8,313650000
157.23,4,2,4,33,1,12.58,12,820420000
50.38,1,1,4,12,1,13.12,5,413760000
167.16,4,3,3,12,2,7.67,20,862810000
66.82,2,2,6,29,0,4.79,4,330980000
184.78,5,4,5,24,0,9.78,13,1059630000
132.75,3,3,3,2,1,10.96,13,635150000
152.35,4,2,4,9,1,16.53,6,853120000
176.55,3,3,5,35,1,13.35,14,904220000
71.92,2,2,2,29,0,13.07,10,189330000
171.75,5,3,6,17,1,15.93,4,1044570000
162.66,5,2,3,23,2,11.26,9,660140000
109.59,3,1,3,39,0,17.66,3,391740000
102.7,2,2,5,38,0,1.9,20,498000000
120.22,3,2,5,29,1,7.77,7,717930000
128.59,3,3,2,7,1,13.74,19,453170000
155.62,4,2,6,28,1,7.5,7,802760000
174.88,4,3,4,14,1,7.58,18,919710000
184.15,5,3,6,31,2,7.26,7,1123190000
136.8,3,2,4,32,1,14.3,15,659410000
131.19,3,2,4,26,1,7.57,5,746840000
140.41,4,3,3,18,2,9.69,15,567620000
195.1,4,3,5,28,1,8.84,13,1061050000
200.77,6,3,4,6,1,5.92,13,1093480000
118.29,3,3,5,24,1,12.02,8,656710000
166.15,5,3,4,17,2,9.5,7,893300000
48.86,2,1,4,3,1,19.42,19,252930000
54.26,1,1,3,40,0,12.72,3,189460000
201.48,5,3,3,30,2,7.48,2,935670000
114.13,3,2,3,19,1,5.15,6,623070000
48.37,1,1,3,20,0,16.44,19,268340000
195.44,6,4,5,32,2,4.75,6,1120200000
205.49,5,3,6,19,2,7.23,9,1176040000
182.49,5,3,5,33,1,15.88,6,837450000
101.2,3,2,3,3,1,12.58,2,496630000
64.81,2,1,4,27,0,9.97,13,307940000
97.64,3,1,4,0,0,16.58,12,537990000
56.21,1,2,5,17,0,3.82,6,458030000
188.5,4,4,2,33,2,13.79,3,593620000
42.54,1,1,2,23,0,19.23,1,181140000
62.67,2,1,3,34,0,9.33,9,298420000
52.99,1,1,4,30,1,14.47,11,321150000
132.55,4,3,3,39,1,19.53,1,552870000
203.64,5,3,5,6,2,9.83,6,1060470000
40.77,1,1,3,26,0,12.23,7,233020000
169.52,5,3,3,31,1,11.13,1,685980000
148.68,4,2,5,21,1,13.34,20,670480000
160.1,5,3,4,27,1,12.42,13,826390000
165.35,6,2,3,17,1,8.98,9,581030000
68.26,2,1,3,40,0,10.8,11,361900000
58.63,2,1,3,24,0,7.55,11,257150000
80.45,3,2,3,36,0,15.05,13,312290000
184.89,6,3,2,37,2,11.29,2,800230000
87.67,2,2,3,35,0,6.37,10,414240000
185.07,6,3,3,24,1,17.16,20,966770000
72.08,1,1,2,35,0,12.69,16,293540000
152.45,3,3,2,0,1,6.64,5,703050000
43.49,1,1,4,10,0,17.79,18,189840000
121.22,3,3,4,15,0,15.25,11,589310000
147.41,5,2,4,15,2,11.97,6,862660000
136.06,5,2,4,39,2,3.96,2,643300000
209.42,6,3,3,24,2,9.23,12,955160000
111.37,3,2,4,26,0,7.87,15,574370000
56.34,2,1,3,34,0,14.74,11,215010000
167.22,5,3,3,32,1,18.87,1,715220000
122.12,4,2,3,13,1,18.24,12,565000000
169.83,5,3,5,1,2,7.17,8,1017090000
167.94,4,3,4,23,1,14.37,4,890860000
122.08,3,2,4,25,1,13.75,10,546230000
135.4,4,2,3,29,1,15.11,17,647830000
154.04,3,2,3,2,2,10.82,2,680310000
167.63,4,3,2,30,2,16.43,9,563220000
51.24,2,2,3,39,0,8.68,15,189540000
74.4,2,1,2,11,0,8.55,13,346760000
201.7,5,4,5,38,2,6.46,5,1241450000
150.48,4,2,3,36,0,12.49,3,745430000
52.56,2,1,4,7,0,7.79,6,365690000
157.34,4,3,4,32,1,15.52,2,766360000
43.81,1,1,3,21,0,10.36,17,279460000
200.14,6,3,4,0,1,16.66,18,969050000
178.61,5,3,4,40,2,4.69,12,1030530000
46.78,1,1,4,3,0,11.52,4,430300000
104.64,2,2,3,18,1,10.58,20,646050000
39.41,1,1,6,26,0,11.24,16,313140000
198.71,5,3,2,20,2,13.17,3,850540000
209.75,6,3,4,33,2,10.2,12,1073380000
63.55,2,1,6,11,0,8.47,14,417660000
54.1,1,1,3,35,0,15.09,8,336560000
42.5,1,1,3,6,1,12.88,15,308000000
113.86,2,1,2,32,0,16.02,11,221140000
162.29,4,3,3,9,1,19.08,15,832010000
59.98,1,2,4,24,0,4.48,7,456390000
141.47,4,2,3,11,1,21.71,6,646070000
182.82,5,3,4,18,1,9.86,3,950910000
98.43,2,2,4,7,1,0.88,3,644750000
196.49,5,4,5,0,1,17.45,2,1057330000
188.56,6,3,5,0,2,14.41,5,1133080000
195.32,5,4,3,6,2,9.51,14,864090000
104.57,3,2,3,25,1,8.24,18,570600000
129.01,3,2,4,16,2,14.74,14,771840000
79.53,2,2,4,12,1,12.19,4,260980000
209.33,6,3,4,35,2,7.09,17,931420000
138.07,3,3,6,35,1,5.22,7,880720000
209.54,6,3,4,1,2,15.78,18,1030530000
49.42,1,2,5,26,0,5.2,8,397210000
106.27,3,2,3,38,1,12.16,3,469340000
52.91,2,1,5,16,0,11.41,10,269910000
170.88,5,3,4,26,1,11.31,6,861870000
45.11,1,1,4,26,0,12.65,15,338730000
62.48,1,1,4,26,0,15.23,18,304650000
88.15,3,2,5,26,0,5.4,8,556240000
172.77,5,3,4,33,2,11.49,13,676560000
177.69,5,3,3,2,2,7.61,13,922100000
105.32,3,2,3,18,1,15.95,13,552230000
117.74,3,1,4,21,1,17.23,17,729340000
154.38,6,3,4,17,2,10.63,13,894020000
175.27,6,3,5,21,2,8.43,15,880150000
161.54,5,2,3,21,1,7.91,9,649130000
93.51,2,2,5,36,0,15.59,2,435450000
180.56,5,2,3,10,1,12.95,2,862790000
40.33,1,1,4,35,0,16.36,14,264670000
71.89,2,2,3,14,2,11.38,14,225230000
55.63,2,1,5,23,0,6.83,9,230480000
112.0,3,2,6,2,0,1.94,13,751480000
140.11,5,2,3,33,0,11.06,6,689920000
84.18,2,2,4,39,1,8.85,12,423970000
181.74,5,3,3,14,2,11.06,20,884980000
164.41,4,3,4,12,1,0.5,2,735560000
62.24,1,2,4,29,0,16.15,9,306030000
187.67,5,3,4,19,1,8.5,12,1010950000
148.68,4,2,3,14,1,4.3,5,828040000
90.39,3,2,4,14,0,8.57,3,550920000
207.78,6,3,3,16,2,10.48,18,1036410000
184.57,5,3,3,11,1,22.08,19,912090000
177.16,6,3,3,0,1,5.36,18,673790000
103.92,3,2,3,22,1,16.25,1,511480000
143.56,4,2,3,16,1,16.1,10,560790000
167.68,5,3,2,40,1,15.38,19,669740000
93.0,4,2,3,37,0,4.73,6,398050000
96.4,2,1,3,30,1,16.02,2,481080000
77.78,2,2,3,19,0,13.63,16,355610000
186.34,4,3,3,3,1,16.74,19,988290000
144.6,4,3,3,21,1,15.48,6,583990000
172.01,5,3,2,1,2,14.93,3,873980000
148.86,4,2,4,6,1,12.31,5,951150000
153.1,5,3,3,12,2,12.78,7,749710000
187.46,5,4,5,39,2,12.17,10,1012510000
158.71,4,3,3,25,2,14.24,5,740760000
199.19,6,3,5,2,2,14.43,17,1094550000
197.92,4,3,5,38,2,6.75,10,1024480000
99.74,3,2,3,15,1,12.76,16,442110000
173.49,4,4,4,21,1,10.49,15,909640000
147.69,5,2,6,35,1,8.28,1,959380000
70.1,2,2,3,40,0,11.28,2,302780000
138.79,3,3,3,6,1,9.57,17,701510000
186.7,5,3,3,12,1,17.02,6,824770000
105.64,2,2,2,39,0,12.75,8,263530000
184.81,4,3,5,34,1,10.84,7,990880000
196.97,4,3,3,25,1,7.18,20,999780000
171.18,4,3,3,8,1,9.14,17,865060000
137.33,4,3,2,17,2,18.8,7,453800000
137.28,3,2,4,16,1,5.57,15,675920000
156.48,5,3,5,5,2,12.86,6,901510000
54.61,1,2,4,30,0,12.04,4,343720000
197.42,5,3,3,24,2,8.01,10,948490000
147.46,5,3,5,18,2,10.26,5,891120000
108.43,3,2,5,26,1,10.34,1,625660000
145.28,4,2,5,5,1,7.88,2,762170000
181.65,5,2,5,39,2,15.38,19,878540000
93.11,4,2,3,11,0,17.58,16,457360000
66.05,3,2,3,17,0,11.42,15,408340000
203.1,6,3,4,33,1,17.31,9,857710000
69.64,2,2,3,20,0,7.45,7,274690000
158.75,5,3,3,22,1,11.87,2,650700000
107.73,2,2,4,14,0,12.29,2,477620000
141.61,4,3,5,4,1,19.24,6,648970000
149.22,4,3,3,7,1,6.41,15,567300000
84.99,2,2,3,18,0,12.26,12,471860000
119.76,3,2,3,21,1,19.01,3,497540000
64.55,1,2,4,17,0,15.47,16,255310000
149.16,3,3,4,3,1,6.1,1,669120000
82.71,2,2,4,32,0,15.22,10,430420000
76.9,2,1,3,29,0,12.82,18,221130000
109.75,2,2,2,35,1,12.66,6,524180000
186.22,5,3,5,23,2,6.08,17,1049390000
190.4,5,4,3,8,1,16.66,13,752170000
166.93,4,3,5,9,0,13.36,11,905900000
60.74,3,1,3,13,1,13.63,9,297930000
133.91,3,3,3,24,1,11.08,20,682990000
82.79,3,2,2,13,1,17.8,1,338620000
198.2,5,3,3,14,2,14.03,15,916040000
115.73,3,2,3,31,1,9.86,18,461010000
123.96,4,3,4,3,1,16.67,18,591290000
128.57,3,3,3,15,0,11.11,12,440860000
59.93,3,1,3,39,1,13.45,16,408310000
119.55,3,2,4,6,1,12.83,5,700770000
209.84,6,3,4,2,1,8.65,11,1175490000
205.69,6,4,3,23,2,12.98,4,1019480000
116.06,3,2,6,34,1,12.06,20,641400000
39.58,2,1,4,16,0,22.94,11,244950000
129.98,4,2,3,11,0,12.48,9,590990000
202.74,5,4,4,30,2,10.05,10,976070000
127.61,3,2,5,32,0,9.11,5,733750000
119.57,3,2,4,19,0,7.22,3,590280000
199.06,5,4,4,16,2,13.38,8,900490000
104.53,3,2,3,22,0,19.93,6,426960000
197.09,5,4,3,23,1,14.85,8,804330000
87.82,1,2,4,29,1,17.11,19,448310000
145.87,4,3,6,37,1,3.12,17,947570000
209.18,6,3,5,29,1,17.17,9,1027570000
92.03,3,2,3,26,0,12.33,7,397210000
146.82,4,2,2,14,2,22.59,20,692440000
42.93,2,1,2,34,0,10.42,4,164170000
88.49,2,2,6,27,0,13.16,15,652190000
192.71,6,3,2,34,2,11.69,10,710020000
164.68,5,3,3,5,2,16.92,3,668500000
99.14,3,2,4,21,0,6.71,13,412290000
208.46,6,3,2,15,2,14.96,5,983140000
170.52,5,3,3,14,1,13.91,16,724040000
40.73,1,1,5,40,0,11.62,20,113320000
209.3,6,4,3,20,1,13.42,5,921260000
91.14,3,2,3,19,0,8.46,1,419710000
88.15,2,1,5,20,0,6.85,13,461500000
42.92,1,2,3,13,0,11.81,6,150950000
68.76,2,2,2,33,0,8.39,15,318940000
172.39,4,3,4,11,2,6.09,7,1050650000
180.6,5,3,4,25,2,10.28,6,910020000
50.0,1,1,4,31,1,17.68,14,262560000
162.3,4,3,3,34,1,21.26,4,737240000
157.42,4,3,5,15,1,4.51,8,880140000
97.26,2,1,3,4,1,4.59,8,645400000
70.01,2,1,4,12,0,9.91,9,443870000
185.05,4,3,3,28,1,15.43,2,804810000
190.53,6,3,3,34,1,6.13,4,799150000
163.45,5,3,4,34,2,15.9,18,803820000
62.19,2,1,5,34,0,9.15,17,407080000
109.06,3,2,5,25,0,8.9,18,594580000
122.11,2,2,4,10,0,11.43,15,618960000
144.23,4,2,3,12,1,13.51,6,615400000
38.2,1,1,4,14,0,5.13,19,173340000
80.36,2,2,4,17,0,11.03,3,589040000
58.58,1,1,3,29,0,8.69,2,227240000
109.92,3,2,3,0,1,14.35,17,656100000
145.34,4,3,4,11,1,3.08,17,892960000
116.25,2,2,3,5,1,9.82,17,583060000
38.62,1,1,3,29,0,23.38,12,144040000
43.93,2,1,6,19,0,10.18,12,407550000
156.5,3,3,3,23,1,13.26,18,611820000
141.79,4,3,3,34,0,9.42,10,719200000
175.26,5,3,5,34,1,1.08,9,978010000
119.27,3,3,4,34,1,11.39,7,558420000
79.84,2,2,3,29,0,14.39,1,269560000
187.75,6,4,3,7,1,15.75,1,1001450000
181.51,5,3,4,22,2,12.14,2,1090510000
132.38,2,3,3,12,1,14.67,15,656820000
97.88,3,2,4,9,0,12.18,9,437370000
141.35,5,2,4,6,1,3.16,18,786050000
69.41,1,1,3,13,0,6.96,15,383820000
162.16,4,3,4,31,1,15.61,4,704990000
205.02,5,3,3,27,2,7.59,7,1003190000
105.79,2,2,4,10,0,13.22,2,528210000
51.14,1,1,5,27,0,9.23,12,264300000
81.49,3,1,4,17,0,9.22,8,417300000
93.03,2,1,4,18,0,11.78,3,494690000
88.63,3,2,4,17,0,7.79,16,476030000
135.15,3,3,4,23,1,9.68,5,693090000
101.12,3,2,5,33,0,10.61,5,518010000
78.43,3,1,2,1,0,17.96,9,263710000
165.13,5,3,3,9,1,6.94,5,840500000
144.02,5,3,5,3,1,7.09,13,714120000
42.5,1,1,3,31,0,11.09,5,178530000
135.81,4,3,5,24,1,10.06,7,738830000
67.86,2,1,4,32,0,6.15,8,299610000
121.91,3,2,3,29,0,11.01,20,450150000
43.44,1,1,5,16,0,16.86,9,229720000
145.63,4,2,3,18,1,9.44,19,560170000
198.27,6,3,2,35,2,15.22,14,900230000
83.58,2,2,4,14,0,10.75,18,590760000
142.91,3,3,4,4,1,12.79,18,754150000
98.67,3,1,4,27,0,10.91,17,498690000
141.37,4,3,5,1,1,7.76,11,801310000
127.31,3,3,4,24,1,9.24,10,633160000
119.95,3,2,4,1,1,14.16,3,595270000
115.61,3,2,3,9,1,14.15,19,469230000
93.26,3,2,3,20,1,11.49,2,467760000
157.81,5,3,5,34,1,13.23,15,857940000
102.73,3,3,2,5,0,14.92,13,459340000
143.64,4,3,5,24,1,12.37,11,633920000
198.04,6,4,4,1,1,13.02,4,1055100000
170.26,5,3,3,2,2,9.04,14,863730000
88.59,2,2,3,13,1,9.84,10,426910000
58.86,2,1,3,37,1,14.51,8,231060000
203.75,6,3,4,2,2,8.05,2,1044490000
147.29,4,2,5,1,0,11.15,2,748750000
140.55,4,2,4,1,1,10.22,20,759580000
207.19,6,4,2,6,2,14.26,4,863340000
46.66,1,1,4,30,0,11.17,6,318430000
209.59,5,3,4,39,2,17.81,8,945510000
122.88,4,2,3,35,0,12.86,12,426980000
39.23,1,2,5,22,0,6.09,12,206580000
179.95,6,3,3,32,1,12.37,8,745810000
187.66,6,4,3,8,2,10.81,17,917360000
90.97,2,2,3,17,1,2.27,5,366280000
174.93,5,3,5,11,2,11.33,12,962390000
181.05,5,3,3,4,1,12.13,3,857620000
196.28,6,3,6,21,2,10.8,2,1185820000
74.11,2,2,4,40,0,6.21,13,378300000
158.09,5,3,3,3,0,21.13,13,775050000
96.49,3,1,4,27,1,7.23,8,560810000
144.31,4,3,3,12,1,15.2,10,598930000
68.41,1,2,3,28,0,7.05,5,347360000
171.73,4,3,2,20,1,15.83,12,676020000
156.88,4,2,4,13,1,10.13,5,733830000
138.96,5,2,2,32,1,16.53,11,640960000
170.58,5,3,2,40,1,20.01,12,706260000
77.28,2,1,5,26,1,13.86,6,286360000
101.77,3,2,5,11,1,13.25,10,512260000
94.8,3,1,3,23,1,14.59,13,321430000
71.5,2,1,4,37,0,13.27,4,423480000
43.46,1,1,6,28,0,7.17,9,440520000
204.92,6,4,3,12,1,12.26,9,940740000
190.46,5,3,3,10,3,4.18,4,925380000
79.72,2,2,3,37,0,15.75,9,335090000
172.05,4,3,4,39,2,10.95,3,787770000
202.66,5,3,4,18,1,18.01,18,907440000
61.88,2,1,2,9,0,13.46,12,218640000
65.81,2,2,3,22,0,15.98,9,318470000
38.22,2,1,3,13,0,10.18,12,319900000
67.61,2,1,3,7,0,11.65,15,416110000
195.9,5,4,3,12,1,12.92,4,974080000
73.66,1,2,4,28,0,12.68,17,269110000
165.42,4,3,3,36,2,17.42,14,726480000
58.0,3,1,4,6,0,9.32,5,375240000
101.4,3,2,3,34,1,12.02,6,500610000
88.4,2,2,3,25,1,14.23,17,420660000
94.4,2,1,4,40,1,12.44,13,480360000
154.53,5,3,4,5,1,10.69,15,840590000
104.93,3,2,4,12,1,9.88,14,587230000
101.17,2,2,3,9,0,3.64,10,519840000
117.26,3,2,2,4,0,14.97,2,437100000
76.33,1,1,4,33,0,13.17,8,431320000
53.19,1,1,2,7,0,15.31,12,301040000
72.34,1,2,3,21,1,16.52,17,327490000
41.33,1,1,3,0,1,10.33,17,187260000
133.31,4,2,3,7,1,7.63,5,731500000
167.49,5,3,5,29,1,21.09,17,852690000
186.89,5,4,3,4,1,14.06,11,807070000
110.5,3,2,4,4,0,14.8,10,491140000
174.79,4,3,5,20,2,6.86,2,1009020000
61.2,1,1,3,13,0,9.46,6,272070000
144.49,3,3,3,12,1,8.01,4,798500000
68.17,2,2,4,39,0,14.24,15,382580000
149.33,4,3,5,16,1,8.13,6,747240000
109.43,2,2,3,40,0,11.57,12,435960000
123.56,4,3,4,33,0,10.49,7,614130000
145.82,4,2,5,30,1,8.02,14,755300000
167.69,5,3,4,8,1,7.21,5,770960000
156.76,4,2,3,4,1,10.17,11,747060000
53.85,2,2,2,17,0,14.61,2,80000000
178.75,5,2,5,39,2,5.85,19,957940000
136.57,5,2,3,8,1,19.01,19,700470000
42.24,1,2,3,6,0,23.0,1,162230000
69.29,2,2,3,22,0,16.49,13,229500000
118.85,3,2,2,37,1,7.42,3,399760000
194.61,6,3,2,17,2,12.49,14,960020000
193.23,5,4,4,35,2,3.39,16,1054570000
46.29,1,1,3,0,0,16.59,3,294330000
43.31,2,1,3,17,0,21.62,15,80000000
114.74,3,2,4,6,0,10.05,2,735290000
94.05,3,2,4,20,0,12.41,4,489730000
95.78,2,2,4,10,1,8.76,4,538020000
139.9,4,2,5,32,1,9.01,4,745420000
137.68,3,2,4,32,1,4.55,8,614670000
201.81,6,3,2,33,2,7.08,12,754520000
121.35,4,2,4,28,1,3.3,4,638740000
187.15,5,3,3,19,1,20.63,12,807500000
151.51,5,3,3,37,1,12.02,2,707740000
209.81,6,4,4,35,3,15.98,5,902870000
45.59,1,2,3,16,0,12.42,16,245790000
54.9,1,1,6,14,0,11.29,19,479200000
70.81,2,1,4,20,0,14.98,8,316790000
126.09,4,2,3,8,1,7.29,4,743950000
166.12,6,4,3,26,2,9.47,3,739960000
105.7,3,1,4,23,0,9.25,12,653430000
113.13,3,1,3,17,2,13.1,16,612520000
57.74,1,1,5,34,0,10.49,17,234900000
93.4,2,2,4,26,0,9.1,5,394070000
49.7,1,2,3,28,0,13.54,18,191720000
42.4,1,1,4,8,0,10.95,17,208920000
47.46,1,2,5,2,1,9.03,14,211230000
59.17,1,1,4,32,0,7.85,19,403580000
123.18,3,2,3,38,1,8.11,2,460370000
191.34,5,3,3,17,2,5.71,16,848060000
71.97,1,1,3,12,1,16.56,13,300310000
203.81,5,3,4,18,1,10.29,4,1004990000
115.39,2,2,3,38,1,12.8,12,347910000
84.45,2,2,4,16,0,8.65,16,357600000
112.11,4,2,3,29,1,10.19,12,481660000
125.01,3,2,4,36,2,8.92,4,614750000
150.45,4,3,3,22,1,14.92,14,724280000
195.62,5,3,3,3,1,16.42,8,758800000
39.56,2,1,4,15,1,8.36,7,342110000
193.14,5,3,3,9,2,14.02,7,880950000
46.32,1,1,3,9,0,16.5,5,356660000
71.13,3,1,4,19,1,5.9,12,593250000
209.47,6,3,3,14,2,10.51,10,1148820000
94.03,2,1,4,2,0,10.06,2,445040000
198.56,6,3,3,30,2,17.76,10,950900000
135.7,3,3,3,11,1,10.57,4,616040000
53.74,2,1,3,23,0,6.33,18,301140000
181.96,5,3,4,8,2,12.09,8,1052880000
95.8,3,2,3,17,0,5.3,5,395190000
133.01,4,3,4,22,1,5.69,9,671200000
180.94,4,3,6,31,2,11.59,17,1095170000
72.7,1,2,4,3,0,6.8,6,362220000
75.33,2,2,4,2,0,14.29,12,334730000
139.16,3,2,3,9,2,11.79,16,572390000
88.58,4,2,4,31,1,10.36,12,512040000
127.76,3,3,3,23,1,10.5,11,570710000
123.48,4,2,5,26,1,9.01,17,745290000
124.61,3,2,5,4,1,8.69,15,715520000
41.52,1,2,5,19,0,7.83,7,199670000
41.07,1,1,2,5,0,14.16,2,171020000
52.52,1,2,2,39,0,17.54,6,192790000
176.86,6,3,4,22,1,15.36,14,915200000
60.77,2,1,4,40,0,9.19,2,225170000
44.42,1,1,4,9,0,7.93,9,233260000
127.37,4,3,4,37,1,11.23,10,663220000
205.25,6,3,4,22,2,13.23,12,866250000
112.77,3,2,2,33,1,10.66,9,516170000
112.69,2,1,4,3,1,11.7,15,698270000
71.37,1,1,3,29,1,16.41,14,328360000
108.44,3,1,5,26,0,8.43,8,575290000
56.24,1,2,3,40,0,14.92,7,265510000
172.76,5,3,6,36,1,1.88,8,1028330000
137.65,3,2,3,22,0,11.41,19,648620000
72.36,2,2,5,8,0,2.26,7,431350000
91.5,3,1,3,10,0,9.39,10,387140000
136.08,4,3,2,35,1,13.53,20,481290000
116.44,3,2,2,16,1,15.07,20,529120000
130.32,3,2,4,36,0,17.96,4,579950000
39.22,1,1,2,16,0,10.83,3,101620000
105.97,2,2,6,13,0,5.76,15,771160000
128.35,3,2,3,6,1,17.97,11,537820000
88.69,3,3,5,16,0,0.5,13,634990000
86.84,2,1,5,28,0,9.96,2,419870000
150.85,4,3,2,10,2,8.19,1,716220000
118.87,3,3,2,33,1,10.46,15,361910000
92.13,2,2,3,26,0,13.34,12,339610000
152.64,5,3,6,30,1,0.57,18,916760000
204.64,6,3,5,18,2,9.72,13,1111130000
83.08,2,2,3,21,0,11.75,13,436760000
138.82,4,2,3,37,1,12.05,11,784680000
58.65,1,1,5,28,0,5.5,13,387730000
195.33,6,4,3,37,2,8.16,6,977550000
157.11,5,2,3,18,1,12.99,9,639110000
131.09,3,3,3,11,1,14.39,7,603160000
49.14,2,1,2,5,0,14.39,19,258430000
108.79,3,2,4,3,0,10.11,17,530950000
110.16,3,2,4,12,0,3.1,13,579330000
41.21,1,1,5,36,0,13.18,19,313610000
197.43,5,4,3,25,1,14.85,6,691110000
95.33,2,2,3,20,1,14.35,6,340990000
156.76,4,3,3,21,0,12.79,9,744500000
188.52,5,4,3,35,1,12.0,7,917460000
175.16,4,3,4,31,2,12.82,2,853090000
82.29,2,2,3,31,0,16.0,12,317970000
151.18,4,3,4,27,1,17.28,8,768190000
176.7,6,3,4,40,2,8.16,1,788850000
41.36,1,1,3,24,0,11.83,5,164560000
155.26,5,3,3,22,2,11.02,5,792430000
146.03,3,2,3,11,2,11.38,4,724110000
63.06,1,1,3,12,1,15.8,8,225240000
177.64,5,3,4,37,1,6.44,4,944670000
182.83,5,3,3,8,1,10.43,3,918460000
163.65,4,2,4,24,2,7.99,17,808110000
85.5,2,2,5,38,1,3.94,19,489160000
46.75,1,1,2,34,0,10.13,15,265300000
182.92,5,3,4,12,1,9.62,5,882590000
98.66,3,2,5,20,0,11.2,11,623970000
209.78,5,3,3,38,2,10.97,14,921720000
208.25,6,3,2,7,2,9.76,17,842530000
134.68,4,2,5,31,1,13.3,4,818240000
78.25,2,1,4,31,1,9.48,16,427120000
65.07,3,2,3,21,0,10.62,7,371760000
86.86,2,1,2,11,0,21.11,5,408220000
196.26,6,3,3,11,2,14.71,8,844450000
205.67,6,3,3,13,1,6.41,11,946840000
116.79,3,2,6,30,1,10.14,17,762120000
67.29,2,1,3,13,1,11.89,16,408700000
196.09,6,3,3,34,1,9.46,6,844540000
198.94,5,2,5,9,3,13.69,1,1080520000
110.61,3,2,4,12,1,15.64,5,575620000
190.62,6,3,4,32,1,15.35,5,903630000
110.19,3,2,5,31,1,5.95,17,579020000
146.95,3,3,2,11,0,15.33,20,827510000
123.54,4,2,2,2,1,17.03,11,427100000
170.55,5,3,6,17,1,10.95,9,982810000
191.61,6,3,4,9,2,8.85,6,1029130000
66.43,1,2,2,1,0,8.11,12,245400000
72.84,2,1,6,30,0,11.42,18,554450000
68.87,1,1,3,11,0,18.35,20,300120000
176.22,5,3,5,10,1,9.94,10,1062060000
88.02,2,2,4,8,0,16.31,9,356370000
84.07,2,1,5,6,0,6.42,19,438000000
90.4,3,2,4,15,0,7.01,3,332800000
200.11,5,4,4,7,1,9.19,8,903880000
84.0,2,1,6,30,1,6.6,8,454580000
154.27,4,3,6,20,1,7.51,9,1091740000
207.87,5,3,5,32,2,10.16,17,1047540000
54.02,2,1,5,11,0,18.05,15,330250000
96.74,3,1,6,5,1,0.5,17,546510000
154.15,4,3,4,22,1,9.3,13,688460000
206.89,5,3,3,30,2,7.48,4,974220000
118.42,4,1,4,23,1,7.12,2,558820000
91.03,3,2,4,13,0,7.19,7,520580000
168.81,4,3,3,34,1,17.03,7,738320000
139.5,4,3,3,26,1,14.36,8,542480000
185.66,4,3,3,2,1,8.68,10,763790000
192.23,5,4,4,16,1,11.54,5,967240000
207.79,6,4,4,8,2,10.95,2,1190180000
175.34,4,4,4,4,2,13.46,9,676320000
181.03,4,3,5,9,1,12.15,10,984900000
128.85,4,2,5,27,1,14.08,3,681630000
103.37,2,3,2,11,1,7.77,10,464620000
56.2,1,1,3,40,0,10.61,13,154730000
45.23,1,1,3,29,0,10.28,11,145810000
109.21,3,2,4,29,1,15.35,14,528020000
188.39,5,3,6,2,1,5.29,6,1152420000
152.06,3,2,6,12,2,10.95,8,909320000
176.66,5,3,2,5,2,6.09,5,745410000
73.52,1,1,4,0,1,16.05,3,273160000
138.48,3,3,3,14,0,14.52,11,524940000
209.59,5,4,2,15,2,15.99,19,881070000
112.31,4,2,3,31,1,12.61,13,480520000
203.25,5,3,6,26,2,9.84,2,1239860000
204.02,5,4,4,33,2,13.32,6,1000690000
110.09,2,3,3,14,0,9.8,19,515100000
106.57,3,2,3,38,0,18.91,8,386860000
70.33,2,1,4,39,0,14.89,18,331000000
65.92,2,1,2,15,1,11.19,19,310950000
184.47,4,3,2,22,2,12.06,3,884050000
80.53,3,2,5,32,0,11.95,13,568950000
41.67,1,1,3,8,0,11.2,20,319730000
137.01,4,2,4,26,2,9.76,20,766030000
209.97,5,3,5,39,2,13.05,5,1058070000
80.88,3,2,3,21,0,18.03,10,402140000
179.68,5,3,5,17,1,7.33,1,954370000
136.92,3,2,5,15,2,9.32,12,739670000
180.59,4,2,2,22,1,11.29,9,732850000
167.64,4,3,3,9,1,14.73,4,739020000
61.27,2,1,4,16,1,15.03,10,308220000
178.18,4,3,4,0,2,8.63,10,906270000
39.75,2,1,3,23,0,13.78,14,126280000
188.49,6,3,5,4,2,8.84,2,1128120000
82.02,2,1,4,20,1,10.58,3,448710000
185.65,5,3,3,38,2,19.07,17,671630000
173.02,5,3,3,14,2,13.58,5,862590000
185.02,5,4,4,16,1,12.98,2,791550000
155.47,4,3,4,0,1,7.82,5,924030000
134.28,4,2,4,12,0,15.49,2,524330000
131.64,5,3,3,10,0,13.29,5,538510000
129.35,3,3,4,30,1,16.08,19,665830000
151.0,6,3,3,3,1,14.77,7,565970000
146.35,4,2,3,22,1,13.43,1,554260000
74.87,3,1,3,1,1,11.91,4,294700000
69.85,3,1,4,19,0,4.01,9,467840000
170.38,5,3,4,11,1,9.29,8,816040000
101.59,3,2,3,31,0,9.12,20,441090000
112.41,3,2,4,4,1,8.99,11,643870000
152.72,4,3,3,5,0,13.26,17,732370000
162.14,5,3,4,33,1,9.16,18,749100000
40.18,1,1,6,14,0,8.54,6,351630000
43.8,2,1,2,39,0,15.18,15,159310000
160.87,4,3,4,0,2,5.59,13,948840000
78.23,2,1,5,32,0,14.71,16,534520000
140.69,4,2,4,1,1,12.77,12,814270000
87.62,3,2,4,16,0,12.02,19,485080000
63.72,2,2,2,11,0,11.84,1,268590000
75.3,2,2,3,16,0,7.48,13,314670000
76.38,2,1,2,21,1,18.82,4,252340000
181.67,5,2,2,29,1,18.73,16,688600000
141.86,4,2,3,1,1,15.19,12,599170000
171.94,4,4,4,15,1,20.18,13,824540000
38.2,2,2,3,11,0,4.87,7,300930000
91.89,3,2,3,36,1,16.79,12,527370000
133.33,4,2,3,4,1,6.84,16,551280000
89.35,3,2,4,34,0,19.68,10,440290000
108.35,2,2,4,2,1,12.75,12,658010000
168.76,4,2,6,25,1,3.78,5,990810000
158.8,3,2,4,36,2,16.7,11,755520000
138.84,5,2,5,3,2,8.5,1,675930000
80.61,1,2,3,9,1,10.82,3,355760000
136.61,4,2,4,21,1,15.86,19,731430000
201.65,5,3,4,37,1,9.22,13,1000780000
192.72,5,3,5,5,2,9.48,11,1121780000
168.6,5,3,5,10,2,10.26,16,845820000
180.63,5,3,3,21,1,22.55,6,819670000
133.58,4,3,4,17,0,12.1,12,780010000
97.96,3,1,4,34,0,7.85,8,436640000
157.91,5,3,3,19,2,5.43,8,770130000
42.42,2,1,4,15,0,15.51,20,290400000
150.84,4,3,6,28,1,4.96,7,974270000
110.48,3,2,6,4,0,16.02,15,542370000
66.49,1,2,3,7,0,14.32,6,282330000
77.94,3,2,3,38,0,11.7,1,364980000
139.43,3,2,4,25,1,14.14,5,685130000
114.67,4,2,4,13,1,5.37,5,659170000
98.41,3,1,5,19,1,10.43,6,549940000
188.39,6,3,5,15,2,3.69,8,1111670000
72.37,2,1,2,1,0,17.63,20,223760000
67.07,1,1,2,25,1,16.97,5,171870000
120.18,2,2,3,37,0,15.0,9,524700000
126.66,4,3,4,38,1,16.1,20,591530000
136.29,4,3,3,17,1,13.41,17,683660000
200.85,5,3,5,14,2,2.69,4,1006890000
58.44,2,2,4,16,0,13.31,10,438860000
180.22,5,2,4,26,1,14.54,12,696870000
72.63,2,1,4,25,0,13.54,13,347080000
205.13,5,3,6,8,2,8.38,2,1290350000
198.77,5,3,5,28,2,15.67,11,1023610000
110.53,4,2,2,10,1,10.15,19,444500000
208.94,6,4,3,4,2,16.58,1,950620000
166.91,4,3,4,5,1,12.28,2,944710000
91.26,2,1,5,3,0,6.82,14,679360000
42.61,2,1,6,9,0,3.17,1,448910000
134.61,4,2,3,5,1,5.81,17,708730000
145.62,5,2,3,35,1,12.59,18,513450000
52.16,1,1,3,16,0,13.86,6,275160000
167.26,5,3,3,40,1,13.3,20,769430000
205.75,5,3,2,18,1,16.41,3,741140000
195.32,6,3,3,25,2,9.55,6,840300000
136.18,3,2,3,11,0,11.98,9,579000000
113.92,3,2,4,14,1,1.69,16,606350000
55.44,1,1,4,2,0,4.93,11,448000000
84.99,3,2,5,14,0,5.36,18,400460000
114.86,4,2,3,24,0,15.32,19,500390000
67.32,2,2,3,27,0,11.84,5,319490000
170.02,4,4,2,18,1,16.53,18,628190000
136.65,4,2,5,26,1,11.67,13,860630000
49.28,2,1,6,15,0,8.13,18,360450000
179.85,6,3,5,36,2,12.14,10,1030360000
59.51,2,1,3,16,0,18.27,11,334930000
193.69,5,4,5,23,2,6.78,15,1003600000
176.8,5,3,2,34,1,9.54,12,591690000
60.69,2,2,4,19,0,12.99,13,398330000
71.39,2,2,4,7,1,9.07,1,506070000
175.07,4,3,2,20,1,11.6,12,697040000
89.02,2,2,3,13,0,6.57,2,385870000
197.06,6,4,3,37,1,19.83,18,821870000
93.17,3,2,2,36,0,16.87,2,362570000
115.37,3,2,3,14,1,6.9,11,600260000
61.94,1,1,6,34,0,3.84,20,370200000
42.66,2,1,4,39,0,12.45,2,186450000
82.57,3,2,4,17,1,5.36,10,442380000
44.64,1,1,3,4,0,10.91,13,80000000
170.25,5,2,4,23,1,17.31,9,636670000
68.3,3,1,4,39,0,10.28,2,368080000
106.64,3,1,5,27,1,10.39,12,611160000
139.11,3,1,2,5,1,16.62,9,527330000
104.62,3,2,4,1,0,24.3,15,396390000
70.82,2,1,5,15,0,6.8,15,381410000
45.8,3,1,3,13,0,8.08,1,349150000
83.97,4,2,5,32,1,7.77,16,353300000
109.57,4,2,6,2,0,5.9,5,703110000
176.08,4,3,4,40,1,8.06,3,801890000
67.73,2,1,5,25,0,10.42,18,368560000
155.93,4,2,3,38,1,7.34,14,787310000
63.81,2,1,3,33,0,12.48,9,116400000
40.07,1,1,3,12,0,13.55,11,240090000
167.56,5,4,3,9,1,9.35,9,854390000
77.74,3,2,4,19,0,3.73,14,531680000
203.1,5,4,3,35,1,12.14,7,834380000
176.84,5,3,5,4,2,7.58,13,978600000
199.94,5,3,5,18,1,3.69,7,1225330000
127.37,3,2,3,16,1,7.72,8,607740000
53.82,1,1,3,3,0,13.38,7,336560000
178.82,4,3,4,11,0,6.43,11,889360000
80.9,2,2,2,35,0,10.27,13,226570000
136.15,3,2,2,16,0,18.58,1,467970000
105.04,3,2,3,21,1,16.29,17,544940000
167.12,5,2,2,8,2,12.96,7,710630000
75.33,3,2,4,36,0,9.23,20,251430000
83.76,2,2,4,32,1,9.87,4,405200000
89.35,3,2,4,12,0,11.37,4,363090000
54.15,1,1,4,3,0,11.81,19,401880000
53.67,2,2,5,34,0,12.05,12,237080000
70.3,1,1,4,3,0,7.32,10,385290000
168.0,4,3,3,7,1,11.85,9,805690000
128.36,3,2,2,33,1,10.11,6,615600000
175.75,4,3,3,29,0,13.49,13,811120000
183.43,5,3,4,21,1,12.08,16,1004930000
111.4,3,2,4,3,1,16.0,9,620600000
134.07,4,2,2,31,1,19.23,15,395370000
114.65,4,2,4,3,1,10.67,20,545440000
126.43,3,2,2,4,0,15.85,1,424220000
170.97,4,4,2,31,1,20.63,7,680490000
45.53,1,2,3,3,0,16.48,18,292160000
171.59,4,3,4,37,2,13.47,3,943060000
181.89,5,2,3,40,1,11.33,14,809920000
168.7,4,1,4,33,0,11.47,18,960010000
148.23,5,2,3,25,1,9.81,18,605980000
64.26,2,1,2,29,0,14.16,2,340880000
81.36,2,2,5,10,1,12.87,14,546950000
110.89,4,1,3,11,1,11.84,1,450760000
182.67,5,3,4,12,1,15.86,8,931470000
88.16,2,1,3,24,0,11.03,11,459890000
51.51,1,1,3,14,0,10.81,12,194720000
194.22,5,3,3,9,2,11.2,7,893610000
61.53,1,1,3,12,0,10.84,1,216140000
114.36,3,1,4,5,0,11.39,18,763950000
124.64,3,2,4,10,1,11.17,16,506020000
172.76,4,4,6,11,1,9.35,11,1053680000
121.99,3,2,3,19,1,19.19,12,426220000
126.42,4,2,3,9,1,13.93,5,604910000
109.14,4,3,3,27,0,8.17,5,500260000
147.07,5,2,4,36,2,8.3,5,753050000
193.87,5,3,4,28,2,13.33,5,911880000
77.15,3,1,5,35,0,11.09,10,429840000
89.09,3,2,4,13,1,15.36,14,469370000
117.94,3,2,2,20,1,14.8,19,446680000
80.69,2,2,2,6,0,18.22,20,313340000
196.35,5,3,3,35,2,19.18,2,891020000
151.51,4,3,5,27,1,15.12,8,734640000
157.25,5,3,5,7,1,10.34,5,801840000
124.15,3,2,4,7,2,12.77,4,549700000
109.49,3,2,4,23,1,13.19,10,516980000
128.67,3,2,5,34,1,3.56,5,657540000
141.82,4,3,4,18,1,9.41,2,555340000
177.42,5,4,6,20,2,8.98,13,1107030000
119.47,4,2,5,32,2,9.37,16,769140000
114.79,3,2,4,27,1,12.89,20,739840000
161.38,4,2,2,14,1,8.52,4,631260000
92.44,2,2,3,40,0,11.3,11,332940000
38.75,1,1,4,0,0,14.82,16,164870000
166.14,6,3,4,7,1,9.94,18,890880000
195.69,6,3,5,20,2,7.89,4,980650000
110.6,2,2,5,1,2,11.62,16,652370000
153.87,3,3,3,15,1,9.23,20,828960000
166.6,4,3,5,5,2,6.46,3,887320000
145.61,5,3,5,25,1,5.34,12,725290000
193.86,5,2,4,15,2,16.79,6,1158270000
55.02,2,1,2,28,0,16.31,14,97030000
47.36,1,1,3,27,0,11.86,1,280200000
164.87,4,3,3,8,1,13.67,7,882330000
142.63,4,3,4,32,0,12.44,9,607480000
64.34,2,2,3,11,0,10.02,11,341150000
186.68,5,3,4,6,1,13.64,13,880310000
196.47,6,3,5,27,1,10.56,5,1076300000
125.91,4,2,3,29,0,22.03,3,627200000
120.7,3,1,4,7,1,12.53,1,642330000
69.6,1,1,2,6,0,12.38,9,387560000
145.29,4,3,3,9,0,8.6,7,694940000
165.85,5,3,2,39,1,10.19,3,640720000
67.34,2,2,3,17,0,13.12,11,311750000
95.59,2,1,5,35,0,10.09,10,560340000
130.8,4,3,4,33,2,10.76,4,583660000
97.83,2,3,3,29,0,16.3,19,554020000
129.51,4,3,6,20,1,7.39,3,885050000
185.34,5,3,4,30,1,17.3,17,827520000
89.63,3,1,3,39,0,10.93,2,343460000
50.36,1,1,4,9,0,7.17,17,266820000
73.49,3,2,3,31,1,14.82,15,403960000
112.25,3,2,5,27,1,11.82,10,483930000
70.88,3,2,4,23,0,11.53,8,513760000
76.09,2,2,2,28,0,10.71,9,363960000
188.52,6,3,4,25,1,10.77,5,863070000
189.91,5,3,5,24,1,13.59,18,989150000
163.79,4,4,5,40,2,10.85,15,916680000
105.6,3,1,6,15,0,5.39,6,638510000
40.64,1,1,5,20,0,11.24,2,247900000
61.33,1,2,4,20,0,8.66,1,345470000
67.22,2,1,3,19,0,15.01,1,264470000
177.95,5,2,2,2,2,15.03,3,601980000
147.54,4,3,3,5,1,8.99,2,707460000
43.76,1,1,2,6,0,15.12,12,241860000
112.88,3,1,5,38,0,5.33,10,621670000
206.64,5,2,4,38,1,6.57,19,1039090000
156.58,5,3,2,34,1,13.75,11,588730000
113.24,4,2,5,28,0,8.5,11,666120000
197.62,5,3,6,20,1,0.5,16,1153530000
162.43,5,3,3,30,1,15.6,5,678080000
107.5,3,1,2,37,1,15.62,6,408620000
159.93,4,3,5,36,1,14.92,1,1012040000
96.43,2,2,6,15,1,2.96,4,640270000
76.74,3,2,5,18,0,7.85,20,456590000
166.61,4,3,3,35,2,12.17,7,711630000
144.69,4,3,6,18,1,6.95,10,898970000
42.77,1,1,3,29,0,9.24,4,293440000
152.75,5,4,2,18,1,7.95,9,582190000
156.96,4,3,6,30,0,8.12,20,823130000
46.59,1,2,6,36,1,5.83,19,371680000
74.99,2,2,5,0,1,12.04,7,470050000
81.49,2,1,3,26,1,2.81,4,323730000
79.04,3,2,3,11,0,11.12,15,440840000
145.35,3,4,3,16,1,13.78,18,664770000
144.23,4,2,3,0,1,12.87,20,801030000
120.01,3,2,2,4,2,15.84,19,541730000
190.28,6,4,4,9,1,12.46,13,1032760000
115.23,3,2,5,27,1,5.44,2,637890000
95.88,3,3,3,34,0,10.46,9,236520000
128.63,4,2,4,38,1,11.53,9,504220000
173.22,5,3,2,26,1,17.44,20,801700000
92.15,3,1,5,24,0,7.35,18,513530000
99.87,4,2,4,7,1,10.86,6,426970000
64.43,2,2,3,21,1,12.39,18,265710000
124.91,3,2,3,39,1,15.8,17,574450000
179.72,4,3,2,11,2,13.21,5,874070000
150.46,5,3,3,32,1,20.14,12,593350000
47.68,2,1,3,16,0,22.94,13,176330000
124.68,4,1,4,10,1,7.69,5,605880000
129.81,4,2,3,0,1,10.48,16,593220000
149.98,4,3,5,33,1,7.15,4,928150000
183.68,4,3,4,0,1,8.57,3,964900000
173.49,4,3,5,35,1,10.44,3,795690000
166.68,4,3,3,7,1,10.24,8,783450000
95.95,2,2,6,17,0,2.4,4,668420000
174.01,5,3,5,26,1,3.02,9,956790000
130.13,4,3,4,28,1,16.27,4,694600000
52.76,2,1,3,33,0,16.4,11,97240000
85.2,2,2,4,3,1,6.97,14,656490000
82.28,4,2,2,32,1,9.05,7,432350000
133.11,3,3,4,8,1,23.09,1,716040000
121.13,3,2,6,26,0,2.74,6,609370000
84.53,1,2,3,20,0,7.16,2,401740000
123.85,3,3,3,31,1,2.34,13,617010000
181.91,5,3,4,5,1,9.05,10,970840000
55.45,2,2,4,34,0,7.76,9,357100000
162.69,4,2,4,30,1,5.72,10,854080000
54.4,2,2,5,17,0,18.79,14,365310000
103.99,4,2,2,7,1,13.91,10,535500000
96.44,3,2,2,31,0,10.15,3,349590000
72.01,3,2,3,38,0,9.4,3,478060000
99.53,3,1,2,36,1,14.46,6,420370000
100.59,2,2,2,10,0,11.57,20,385060000
99.31,3,2,3,24,1,11.4,1,449800000
200.64,6,3,6,10,1,4.8,6,1188700000
82.59,3,1,3,5,0,11.99,2,300230000
205.52,5,3,5,34,2,9.12,13,1189320000
102.42,3,2,2,5,1,18.53,4,386990000
133.08,3,3,3,8,1,17.1,2,576430000
200.19,6,4,6,22,1,4.92,10,1132370000
51.62,2,2,4,12,0,9.7,11,413540000
73.24,2,1,3,20,1,11.61,13,343490000
79.42,2,2,2,11,1,16.11,11,342790000
188.81,5,2,3,35,2,12.68,20,846400000
187.81,4,3,6,14,2,10.19,8,1081670000
122.66,3,2,4,12,1,11.44,1,738060000
175.46,3,3,5,34,1,10.42,3,961150000
183.98,5,2,3,22,2,15.79,5,925080000
158.71,4,2,3,18,1,15.77,19,737180000
166.74,5,2,2,34,1,19.85,2,673920000
116.31,3,2,3,5,0,11.8,6,549610000
78.22,2,1,4,5,0,5.86,3,549360000
182.06,5,4,5,18,2,9.63,11,1027280000
99.1,3,1,2,9,1,10.68,2,309080000
177.88,4,3,3,5,0,14.43,17,741700000
199.89,6,4,3,28,2,17.3,14,688400000
59.63,2,1,3,31,0,17.11,5,237400000
42.78,1,2,2,16,0,9.06,4,229710000
85.57,2,2,4,12,0,13.31,19,445510000
108.57,3,3,2,37,0,15.9,15,314880000
167.98,4,3,4,38,2,8.55,1,690410000
105.84,3,1,3,25,0,16.43,4,200190000
52.75,1,1,3,23,0,16.2,14,298240000
177.93,6,4,3,27,2,9.78,13,795670000
136.5,5,2,4,21,0,13.1,10,739880000
104.13,3,1,6,36,0,7.77,18,646770000
170.75,5,3,5,32,1,14.33,15,869770000
39.26,1,1,4,0,0,11.24,4,287020000
146.83,4,3,4,33,0,10.92,18,700020000
209.83,6,4,4,27,1,6.76,9,1106310000
188.49,4,4,4,35,1,8.53,19,1013360000
178.34,5,3,2,12,1,11.75,15,850830000
207.15,6,4,3,6,1,14.37,14,1033210000
78.13,1,1,5,37,0,7.17,15,422880000
82.29,3,2,2,12,1,17.22,3,282920000
163.56,4,2,4,35,1,10.76,18,838530000
109.75,3,2,4,7,0,16.01,18,477530000
66.51,2,1,5,2,1,3.3,16,393860000
151.02,4,3,4,32,1,15.87,13,830460000
194.35,4,3,3,37,2,20.33,20,928210000
136.72,4,3,3,5,1,2.2,17,704390000
61.25,1,1,4,36,1,9.37,17,346430000
127.93,5,2,5,20,1,10.96,15,863650000
176.65,6,3,2,9,1,16.24,5,713420000
188.2,6,3,4,14,1,13.12,17,927290000
153.6,4,2,4,34,1,14.47,15,847770000
148.17,4,2,2,19,1,8.58,6,572140000
69.85,3,1,2,3,0,13.14,4,384810000
141.08,5,2,6,27,1,8.69,19,1032470000
124.68,3,1,4,16,0,10.52,1,640340000
55.92,2,1,4,36,0,10.88,19,309760000
202.53,5,4,4,7,1,9.38,6,918590000
117.74,3,2,4,38,0,12.74,14,518730000
100.07,4,2,6,28,0,7.34,4,622680000
45.4,1,1,4,24,0,8.3,17,392170000
184.11,6,3,4,18,2,14.73,12,905330000
87.83,2,2,4,11,0,14.37,4,497360000
69.85,2,2,3,21,1,10.73,13,421020000
168.28,5,3,3,32,1,11.28,2,721000000
39.15,1,1,4,34,0,13.52,13,273180000
94.15,2,2,2,8,0,10.33,7,342140000
189.44,5,3,4,15,1,8.7,4,770050000
110.27,3,2,4,28,1,10.16,3,529800000
187.31,5,3,4,10,1,13.86,17,941730000
129.07,4,2,5,36,2,11.17,10,672280000
138.01,4,2,5,17,1,5.92,13,761610000
117.87,3,2,4,12,0,12.06,16,653540000
86.24,1,2,6,19,0,6.31,4,571750000
148.43,4,2,6,13,1,10.4,15,902850000
156.7,4,3,6,20,1,14.05,5,970230000
100.16,2,2,3,5,0,14.64,20,422150000
184.05,5,3,2,33,2,12.61,6,674820000
133.26,3,2,6,30,1,3.36,11,978940000
168.37,5,3,3,1,1,7.83,17,835830000
103.2,3,2,4,11,0,16.7,11,623180000
144.82,3,3,4,5,1,8.94,15,898010000
121.14,4,2,2,21,1,8.91,11,456340000
38.18,2,1,5,18,0,12.13,7,319560000
152.49,5,3,3,7,1,19.17,15,686760000
107.41,2,2,4,23,0,12.1,4,634640000
42.4,1,1,3,21,0,6.47,15,342840000
178.27,4,3,6,14,2,5.44,3,1134880000
63.16,1,2,3,4,1,12.48,2,456490000
39.03,1,1,5,26,1,6.63,11,241980000
126.26,4,2,4,7,1,7.77,16,669130000
178.55,4,3,2,6,1,16.57,4,716440000
48.72,1,2,5,29,0,7.2,19,485170000
74.46,2,2,5,28,1,13.59,6,457350000
75.52,2,2,4,8,0,13.73,2,364750000
70.06,2,2,5,28,0,5.2,13,343080000
167.77,5,3,4,40,1,8.66,9,930800000
148.12,4,2,5,10,1,6.56,15,870660000
47.74,2,1,3,17,0,17.47,16,202210000
205.96,5,3,2,7,1,17.23,1,720620000
144.07,4,3,3,26,1,15.22,13,876940000
107.6,3,2,4,28,1,11.37,10,638910000
184.36,5,3,4,3,1,11.98,12,896050000
174.53,5,3,5,24,1,2.05,5,1012490000
76.88,2,1,3,17,0,9.99,15,440990000
95.48,3,2,3,6,0,25.85,14,478400000
114.49,2,2,3,16,1,14.56,10,436850000
138.08,4,2,2,38,1,7.81,9,498140000
62.22,1,2,5,9,0,7.47,5,431760000
94.35,1,2,3,7,0,4.66,19,394960000
116.52,3,3,3,36,0,19.51,18,525300000
145.05,3,2,5,39,1,6.09,1,646020000
161.32,5,3,2,22,2,14.19,13,660470000
100.38,3,2,4,6,1,3.17,15,663030000
79.77,3,2,5,21,0,7.84,19,491140000
183.61,5,3,3,17,3,7.26,2,912130000
161.62,4,3,3,7,1,12.4,7,619550000
153.55,5,2,4,13,2,15.84,17,641470000
88.19,3,1,3,4,1,14.25,4,551600000
80.4,2,1,5,10,1,14.99,15,397470000
59.89,1,1,5,20,1,5.4,9,422540000
117.11,3,2,4,22,1,10.47,16,604490000
62.09,2,2,4,5,0,6.88,5,328690000
79.7,1,2,5,17,0,10.18,7,495580000
146.98,5,2,2,14,1,14.54,20,708900000
121.86,3,3,4,23,1,14.73,12,713210000
155.68,3,2,3,15,1,11.67,18,758980000
200.17,6,4,2,27,2,13.46,15,747150000
99.08,2,2,3,34,0,9.62,1,477120000
203.73,6,3,3,27,3,15.42,3,1048820000
126.12,3,1,5,15,1,8.95,16,744830000
177.98,5,3,4,12,2,10.78,16,1119720000
144.59,5,2,6,21,1,2.61,16,868140000
156.07,4,2,2,11,1,7.51,6,628560000
46.76,1,1,4,10,0,6.72,2,262360000
68.47,1,1,3,20,0,17.46,7,306040000
126.77,4,1,4,8,1,7.47,7,721330000
55.94,2,1,5,19,0,10.3,16,431310000
171.77,5,2,4,20,1,8.27,11,795890000
69.44,1,1,3,33,1,10.17,8,440140000
132.25,4,2,4,31,1,2.05,13,716860000
169.67,5,3,4,19,1,14.6,15,790300000
162.87,4,3,4,4,1,4.55,14,751620000
71.76,2,2,3,14,0,6.63,9,264220000
209.44,5,3,6,27,2,4.56,2,1154740000
95.07,2,2,3,7,2,7.18,3,631190000
53.37,1,1,3,17,0,8.14,9,263140000
49.91,1,1,3,37,0,16.63,1,112120000
152.66,3,4,2,30,2,14.93,1,762990000
81.72,3,2,4,17,0,0.68,11,449730000
68.31,2,1,3,20,0,10.83,17,396320000
142.79,4,3,4,30,2,2.17,19,892190000
74.93,2,1,4,20,0,14.68,16,440070000
65.6,2,2,6,12,0,10.6,13,670940000
187.27,5,3,4,33,1,12.59,19,750420000
149.85,4,3,2,27,0,13.91,19,609890000
185.83,5,3,5,38,1,9.68,18,1125530000
65.93,2,1,3,15,1,11.61,9,664350000
150.03,4,2,5,9,0,11.36,17,924570000
60.35,1,1,3,8,0,8.26,8,254430000
58.26,2,1,4,28,0,7.95,16,477640000
145.43,3,2,5,8,1,6.97,7,874390000
172.45,5,3,4,24,1,10.6,12,904020000
42.82,1,1,2,37,0,15.43,7,136350000
202.38,5,3,4,23,2,13.69,11,916660000
157.58,4,3,4,11,1,10.64,5,844050000
168.89,4,2,4,14,0,13.8,7,728030000
119.66,3,2,4,24,0,6.32,20,643740000
195.33,4,3,5,24,1,9.64,1,1003840000
125.08,3,3,5,29,0,11.83,14,652740000
188.44,5,3,5,23,2,14.39,19,1171840000
138.39,5,3,3,9,1,14.64,15,590880000
204.16,6,4,4,17,2,7.16,19,1026080000
117.4,3,3,5,6,0,4.57,14,562790000
106.82,3,2,4,6,0,16.03,14,629000000
176.71,5,3,4,10,2,7.39,4,912440000
184.38,4,3,4,21,2,5.41,12,1071620000
143.61,3,1,3,30,1,16.68,12,625940000
146.57,4,4,3,7,1,18.81,5,669200000
136.33,4,3,3,2,1,8.48,4,616050000
163.58,3,3,4,28,1,11.39,11,840660000
111.09,4,2,5,4,1,11.39,9,595630000
76.72,1,2,3,5,1,14.53,4,389480000
186.81,5,3,5,25,1,3.84,12,1062340000
43.17,1,1,4,36,0,16.53,15,300490000
52.47,2,1,3,31,0,19.67,7,156960000
173.49,5,2,6,17,1,8.31,11,990700000
97.42,3,2,3,2,1,9.84,20,666920000
171.28,5,2,5,11,1,5.03,4,1086560000
199.04,6,3,5,12,1,10.72,8,1122440000
79.41,2,1,3,4,0,6.64,12,498170000
152.48,4,3,4,40,1,16.56,12,571290000
140.13,4,2,4,33,1,11.22,12,679330000
116.47,3,3,4,24,1,14.62,19,568020000
42.1,2,1,3,24,0,9.91,3,301090000
191.7,5,3,3,1,1,16.55,10,800530000
117.76,3,3,3,16,1,13.19,3,475090000
144.69,4,3,3,10,0,12.03,18,648750000
149.94,4,2,3,16,2,13.53,8,642920000
109.87,3,2,3,27,1,9.0,13,479740000
196.96,5,3,6,27,2,10.71,10,1177350000
69.23,2,2,4,4,0,11.03,14,301710000
140.92,4,2,4,34,1,8.16,1,653920000
64.26,3,1,6,13,0,4.69,20,398070000
92.84,3,2,3,39,0,7.57,4,517530000
63.94,2,1,5,22,0,14.14,3,330130000
45.94,1,1,3,14,0,11.45,11,296110000
82.89,3,2,5,38,1,10.87,18,489780000
136.07,2,2,5,34,1,12.21,14,652490000
206.8,6,3,5,18,2,7.31,6,1028680000
200.3,5,3,3,11,1,11.32,7,741350000
157.91,4,2,6,23,1,7.93,16,877640000
85.68,3,1,3,9,0,11.66,7,470340000
72.27,2,1,4,21,1,11.24,20,522430000
70.49,3,2,4,0,1,16.03,13,514420000
42.22,1,1,3,29,0,15.75,7,303880000
120.27,3,3,5,36,1,13.19,14,538670000
120.47,3,2,4,23,1,14.73,13,658000000
64.59,1,1,2,10,1,15.94,2,173260000
41.56,1,1,2,23,0,21.25,8,132360000
117.57,3,2,3,15,1,18.17,15,522970000
65.59,1,1,3,17,0,13.94,14,164300000
154.79,6,3,4,7,2,12.73,4,876500000
102.35,3,3,5,18,1,10.64,12,731050000
176.26,5,3,2,34,1,6.84,1,605470000
93.55,3,1,3,1,1,10.67,3,337620000
50.64,2,1,4,26,0,8.7,18,352920000
161.38,3,3,4,39,2,12.28,1,770880000
181.36,4,3,3,37,2,15.22,20,674850000
160.42,5,3,4,32,1,18.48,15,704470000
115.69,3,2,3,13,1,6.36,20,544260000
200.67,6,3,6,33,2,11.63,7,1249320000
84.76,2,2,3,1,0,14.74,20,312110000
38.91,1,1,4,21,0,4.2,4,314910000
91.9,3,2,3,40,0,9.22,15,289870000
41.64,1,1,5,23,0,5.04,7,289040000
49.18,2,1,6,32,0,7.83,16,351760000
106.44,3,1,3,33,0,10.96,2,438340000
39.47,2,1,3,23,0,16.31,8,316870000
107.63,2,3,3,8,0,12.88,18,325060000
144.44,4,3,5,39,1,11.38,2,779440000
38.72,1,1,5,30,0,14.23,3,228790000
150.87,4,3,5,27,2,6.27,6,845710000
61.24,2,2,4,23,0,7.83,16,342810000
161.33,4,3,4,7,1,14.96,12,807070000
169.24,5,3,4,10,1,2.86,8,883920000
82.57,3,1,5,14,0,6.16,17,423550000
46.89,1,1,4,37,0,12.64,5,150040000
130.82,3,2,5,17,0,11.16,10,743430000
141.71,4,3,3,36,1,16.15,19,600600000
86.12,2,2,6,28,0,4.86,1,532660000
195.84,5,4,5,7,1,14.25,6,1015010000
180.31,4,3,3,32,2,11.83,2,863080000
204.81,6,3,5,22,1,14.38,6,860200000
111.41,3,2,4,8,0,14.21,19,545990000
176.94,6,2,4,9,1,9.29,3,796200000
109.14,3,2,3,10,1,16.55,6,404280000
189.32,5,3,4,23,2,9.42,7,899010000
112.94,3,2,4,33,1,11.66,16,671390000
196.12,6,4,3,38,2,4.18,16,894700000
63.28,1,1,3,2,0,9.21,6,229700000
150.66,4,2,4,7,1,10.36,2,827000000
117.53,4,2,4,4,1,10.3,7,629840000
133.39,3,2,3,27,1,11.04,16,599650000
44.16,1,1,5,25,0,8.54,1,275580000
131.15,3,2,4,39,0,12.51,19,594520000
145.37,4,3,3,33,1,14.0,15,685000000
181.88,5,4,4,36,1,10.21,15,977320000
121.86,3,3,3,38,1,13.46,8,584800000
47.75,2,1,4,37,0,11.91,6,252500000
91.39,1,2,4,6,1,9.6,8,576370000
47.04,2,1,3,25,0,8.21,14,408270000
62.25,1,1,4,31,0,10.21,13,302680000
82.27,1,2,4,20,0,12.06,14,462990000
103.13,2,1,3,14,0,9.85,2,477750000
59.99,2,1,5,10,0,13.06,3,464440000
191.56,6,3,3,21,0,12.66,2,907330000
157.25,4,3,4,28,1,12.72,10,865420000
203.48,6,3,3,17,2,15.52,17,977450000
166.97,5,3,3,2,1,14.68,18,791030000
140.48,4,2,4,3,1,19.23,9,706290000
122.89,4,3,3,25,1,19.71,7,552100000
152.2,5,3,2,6,1,14.42,4,668580000
59.53,1,1,5,38,0,11.01,1,316300000
56.1,2,1,5,26,0,13.96,6,390650000
81.2,2,1,4,11,1,12.76,15,384910000
91.29,3,1,3,25,1,13.47,9,455930000
101.68,3,2,5,36,0,3.99,1,566270000
112.74,4,1,4,3,1,11.72,4,552630000
154.95,4,3,3,23,2,12.98,6,688530000
207.94,6,3,5,29,1,10.7,9,896860000
131.03,4,2,2,1,1,12.74,17,550890000
169.26,4,3,4,23,1,10.82,4,614390000
168.4,5,2,4,17,1,0.91,11,955710000
144.75,3,2,4,8,1,7.17,4,813900000
183.75,4,4,4,26,2,9.47,5,832520000
70.26,1,1,3,5,0,16.74,5,277230000
146.26,4,3,5,6,1,10.4,3,800790000
175.93,5,3,4,25,2,9.18,14,1016590000
130.67,3,2,2,14,1,11.15,14,632450000
146.23,4,3,2,37,1,9.86,4,555390000
108.15,4,2,4,38,1,12.75,14,567160000
53.18,2,1,4,23,0,14.88,1,164930000
137.4,5,2,5,6,0,11.65,9,616700000
83.21,2,1,6,16,1,11.12,7,608680000
121.27,3,2,2,21,1,14.03,3,540450000
111.25,2,2,4,8,1,10.58,16,554060000
198.56,6,3,3,36,2,14.43,12,774590000
207.13,5,3,3,5,2,6.36,5,990010000
55.34,2,1,5,36,0,12.73,12,300300000
151.55,4,3,3,12,2,15.11,18,703700000
52.86,2,1,3,25,0,14.8,4,134060000
122.67,3,3,4,34,1,9.96,10,489360000
151.55,5,2,4,37,1,12.68,9,777770000
104.89,2,3,5,11,1,10.17,3,548610000
77.67,3,1,2,8,0,3.66,17,514240000
103.24,3,1,5,32,0,10.64,16,495090000
78.35,1,1,6,31,0,9.95,20,583550000
106.28,3,3,5,9,0,10.0,13,819670000
64.15,2,1,4,39,0,12.78,15,329630000
132.38,3,3,2,2,2,19.37,20,583950000
156.56,4,3,5,34,1,0.5,16,925570000
126.38,3,2,3,21,1,7.13,18,500840000
83.63,2,1,2,4,0,16.6,9,442970000
40.31,2,1,4,39,0,13.18,14,270610000
78.37,1,2,5,18,1,10.58,7,384520000
128.24,4,2,4,13,1,8.07,13,642240000
157.76,5,3,3,26,2,7.41,16,920600000
180.96,4,3,2,19,1,1.34,6,774540000
208.81,5,3,4,21,2,5.97,16,1074920000
78.95,3,1,3,35,0,16.89,13,297670000
99.62,3,2,4,2,1,8.44,19,653990000
124.07,4,2,5,24,0,9.31,3,629220000
100.56,3,2,4,39,1,16.72,9,574050000
172.14,5,3,4,25,1,13.16,2,853060000
73.59,2,2,5,1,0,7.74,12,385490000
125.02,3,3,3,37,1,16.78,13,507860000
97.65,3,2,5,28,1,7.06,8,610010000
116.72,4,2,3,33,0,11.36,20,469140000
179.45,5,3,4,18,0,11.0,11,772270000
148.36,4,3,4,36,2,6.14,13,899600000
141.12,4,2,6,33,0,6.19,14,786820000
161.68,5,3,4,11,2,13.34,20,756030000
67.44,1,1,4,7,0,8.87,16,362650000
103.72,2,2,4,38,0,12.95,6,562920000
153.28,4,3,6,6,1,12.49,18,867520000
129.75,4,2,3,21,1,14.75,10,499920000
116.35,3,2,4,8,1,15.14,14,652720000
174.91,6,3,3,33,2,16.73,14,617690000
112.89,3,2,4,1,0,7.15,17,628800000
92.89,3,2,2,7,0,10.93,16,348190000
143.68,3,3,2,38,1,17.1,16,513890000
125.61,5,2,3,32,0,8.3,17,567130000
138.43,4,3,4,29,0,16.63,8,479340000
117.65,2,1,2,20,1,6.98,20,611010000
101.82,3,2,4,13,1,12.35,1,461590000
145.87,4,2,5,16,1,10.66,19,984660000
66.67,1,1,4,26,0,8.25,3,306360000
44.08,1,1,3,7,0,13.45,12,196390000
142.6,3,2,4,39,0,12.29,17,613760000
147.59,3,3,5,30,1,6.42,11,874830000
196.24,6,3,3,35,1,12.98,2,805960000
59.1,2,1,3,21,1,6.7,17,217020000
56.75,1,2,3,10,0,13.03,11,238830000
190.83,5,3,4,5,2,10.94,11,1045000000
192.79,6,3,3,29,1,6.72,14,857360000
119.75,2,3,2,27,0,18.06,6,477570000
79.54,2,2,5,1,1,6.17,16,543900000
105.24,2,2,4,3,0,13.24,13,574070000
206.57,5,3,5,13,1,14.55,11,1176850000
110.57,3,2,4,18,0,7.45,20,556980000
184.48,5,4,3,40,1,15.49,18,697080000
85.93,2,1,4,9,1,16.36,18,541940000
112.11,3,1,4,3,0,8.74,6,609850000
67.14,2,2,3,35,0,17.86,4,287950000
51.52,2,2,4,33,0,5.4,9,322130000
114.95,2,2,5,8,1,1.21,11,785650000
138.17,4,2,3,15,1,7.46,9,760950000
122.68,3,3,6,30,0,15.3,7,585250000
111.42,4,2,4,17,0,10.93,4,697100000
51.02,1,1,4,11,0,3.18,13,271870000
168.87,5,3,4,28,2,14.48,13,714350000
64.57,2,1,4,17,0,11.04,17,421200000
82.48,2,1,5,34,1,8.75,2,530300000
64.55,1,2,2,27,0,8.08,4,171920000
68.29,2,1,4,1,0,15.46,18,384080000
55.02,1,2,3,10,0,21.34,16,201660000
110.91,3,2,6,21,1,13.41,1,651660000
47.49,1,1,3,18,0,12.49,1,222340000
193.2,6,3,2,38,1,15.7,11,686830000
199.93,6,3,2,35,3,13.34,15,647120000
51.3,1,1,6,38,0,6.02,19,425240000
137.52,3,3,4,14,1,7.82,9,556620000
193.41,5,3,5,4,1,9.75,20,1070150000
203.64,5,3,5,24,1,12.2,17,1142900000
67.45,2,1,6,15,0,5.11,1,432160000
205.98,5,3,6,19,2,8.61,12,1300310000
199.72,5,3,4,11,2,13.33,8,778740000
195.97,6,3,3,4,2,12.97,8,750830000
94.8,3,1,6,15,0,14.16,13,560390000
117.71,4,2,4,8,1,2.19,15,612070000
157.73,5,2,5,26,1,8.45,11,834540000
134.79,4,2,5,4,1,9.94,11,780270000
208.64,6,3,3,19,2,15.31,13,904390000
74.24,2,1,4,32,0,13.1,12,386130000
116.44,3,2,3,5,1,8.92,1,570660000
73.4,1,2,2,25,0,14.25,1,265100000
141.5,4,3,4,20,0,5.29,16,695940000
120.62,4,2,4,25,0,11.24,12,633970000
53.47,2,1,4,33,0,10.4,8,206180000
206.72,5,4,5,19,2,14.63,15,1171460000
178.55,4,3,3,40,1,14.6,15,814660000
52.11,1,1,3,36,0,14.84,15,238840000
73.01,1,1,5,32,0,11.27,10,420010000
149.83,3,3,4,40,0,3.26,2,727050000
186.19,5,3,4,29,2,9.6,15,1034750000
181.18,4,3,3,15,2,14.82,14,872930000
103.83,2,3,3,32,1,19.26,12,536300000
39.4,2,1,6,5,1,7.83,17,252440000
195.77,5,4,3,0,2,16.31,13,954670000
162.02,4,4,6,11,1,2.34,14,1016060000
158.67,5,2,2,35,1,14.83,2,600120000
198.78,5,4,3,32,1,18.51,1,906560000
139.75,4,2,3,34,1,10.53,6,531870000
202.38,5,3,4,29,2,14.69,4,1102380000
81.44,2,2,2,23,0,6.56,6,255190000
181.38,5,3,4,39,1,18.41,6,883020000
109.31,3,3,4,15,1,11.93,11,606010000
87.31,1,1,4,18,1,12.56,1,623660000
89.21,3,1,6,26,0,4.07,4,602880000
85.21,1,2,4,1,0,13.64,13,336090000
141.39,4,2,5,10,2,5.51,5,856130000
125.61,2,3,3,20,1,17.26,15,557660000
127.77,3,2,3,1,0,10.98,19,498680000
85.13,2,2,5,5,0,4.71,8,525540000
114.86,2,3,2,34,1,17.18,18,416140000
99.62,3,1,2,36,0,13.79,2,450380000
52.99,1,1,6,25,0,12.38,17,404340000
62.18,1,2,3,30,0,14.62,14,387670000
190.24,5,2,4,33,1,12.18,19,778180000
40.97,2,1,4,39,0,11.74,10,230580000
165.66,5,3,4,29,2,8.5,19,870390000
203.27,6,3,5,31,2,13.3,1,1061170000
87.52,3,2,3,9,0,2.29,7,421060000
142.28,4,2,2,17,1,15.9,8,561990000
137.12,3,3,2,30,1,19.66,12,416310000
108.68,3,2,5,7,0,14.1,4,606230000
88.16,3,2,3,22,0,12.85,4,538820000
48.85,1,1,5,25,0,12.97,11,386180000
182.21,5,3,4,28,1,9.85,13,970730000
195.09,6,4,5,1,2,11.12,8,1055870000
135.76,4,2,3,29,1,16.45,9,595600000
177.71,4,3,3,4,2,13.17,14,805080000
187.01,6,4,4,40,1,17.76,3,654850000
208.3,5,4,4,15,2,12.26,3,945550000
173.86,5,2,5,40,2,4.62,3,872170000
60.67,1,1,4,24,0,18.29,2,128670000
136.56,4,3,2,8,2,9.93,18,660870000
146.71,4,2,4,15,1,9.82,7,850520000
100.94,2,2,2,6,0,9.54,2,418810000
148.71,5,3,3,2,2,16.9,9,766160000
42.03,1,1,4,30,0,14.51,4,335560000
171.17,4,4,3,11,1,10.74,1,746210000
50.29,2,1,2,3,0,15.2,15,184160000
196.76,5,3,4,0,2,8.58,12,1145680000
190.3,6,3,3,33,1,13.95,5,903440000
42.79,1,1,4,13,0,15.43,8,319670000
61.29,2,1,4,0,0,17.66,20,266620000
63.05,1,1,3,27,0,9.65,19,444220000
127.28,4,2,5,12,1,1.06,20,901300000
126.88,3,3,3,26,1,14.32,6,545940000
85.98,2,1,3,9,0,4.35,10,450970000
78.05,3,1,5,29,0,8.86,3,440340000
155.07,4,2,3,9,0,18.93,4,761350000
89.99,2,2,3,23,0,8.87,11,570230000
103.86,4,2,2,39,0,13.08,2,511850000
124.84,4,3,4,20,2,12.52,2,592370000
72.63,1,2,3,12,0,17.25,14,352380000
39.99,1,1,3,25,0,11.38,2,89370000
72.19,2,1,4,30,0,13.82,2,279300000
114.26,3,2,3,12,0,11.06,14,490390000
105.15,3,2,2,40,1,20.06,17,350490000
53.24,1,1,4,22,0,8.91,20,392520000
43.88,1,1,3,34,0,18.79,15,297200000
57.6,2,2,3,39,0,5.87,4,306950000
115.08,4,2,5,34,1,12.47,4,530780000
59.01,1,2,3,29,0,19.44,6,239030000
137.26,4,3,3,18,1,12.4,8,631890000
168.01,4,2,5,9,2,9.42,10,1092090000
188.32,5,3,3,20,2,7.4,14,902560000
131.37,3,2,6,40,1,12.05,14,807520000
173.19,5,4,3,16,1,13.77,12,745460000
133.22,5,3,5,30,0,9.52,13,771910000
40.84,2,1,4,24,0,13.44,19,395910000
130.25,4,2,3,27,2,14.76,16,657680000
57.91,2,1,4,0,1,11.49,7,372980000
142.61,4,2,3,37,1,12.21,16,564820000
162.48,5,2,4,38,1,11.17,5,798170000
204.64,4,3,4,5,1,19.19,9,1071090000
83.43,1,1,4,35,0,9.41,11,401220000
185.11,5,3,3,31,1,11.62,4,730250000
92.1,3,2,3,25,1,12.82,9,501230000
177.75,5,3,5,22,1,13.49,15,1029520000
170.66,4,4,2,13,2,11.07,8,718990000
39.38,1,1,3,40,0,11.15,17,80000000
158.84,5,3,5,31,1,18.17,6,805360000
176.71,4,2,2,13,2,18.1,5,619710000
77.36,2,1,4,6,0,13.52,11,579580000
205.78,6,3,3,28,2,13.08,20,757780000
134.68,3,2,4,35,1,15.77,10,607450000
191.43,5,3,3,19,1,10.8,7,863180000
168.25,4,2,2,16,1,11.13,6,701420000
180.1,5,3,4,25,2,14.2,18,894680000
64.75,2,2,5,23,0,12.94,3,406550000
67.32,2,2,4,29,0,8.79,9,361080000
168.42,4,3,4,8,1,16.04,1,892010000
86.46,3,2,5,21,0,8.75,5,510450000
76.9,2,1,5,6,1,12.77,7,591400000
90.73,2,1,4,29,0,14.85,18,433910000
200.89,6,4,6,13,3,4.41,6,1349530000
108.2,3,3,2,34,1,21.16,1,331410000
54.77,1,1,4,11,1,8.37,1,234910000
139.49,4,3,4,8,1,11.1,9,707920000
147.87,4,2,6,21,1,6.43,16,871690000
47.61,2,1,5,2,0,10.18,5,364620000
91.62,2,3,3,0,0,8.44,2,472450000
150.41,4,2,5,22,2,11.13,1,795950000
42.64,1,2,4,38,0,13.59,12,309230000
69.06,2,1,3,1,0,15.45,6,320800000
73.41,1,2,2,9,0,11.74,3,475610000
184.58,5,3,3,0,2,8.51,18,818830000
75.94,2,1,4,34,0,10.58,18,349760000
90.79,2,2,5,32,1,6.89,9,557770000
62.5,2,1,5,31,0,8.25,2,264830000
87.59,4,2,3,11,0,16.67,10,331120000
147.11,3,2,3,7,2,6.16,4,754440000
208.51,6,3,3,23,2,13.53,19,865030000
74.22,2,2,3,10,0,17.19,5,270590000
158.65,5,3,4,8,2,7.01,15,771260000
97.43,2,3,4,18,0,12.82,9,416060000
50.53,1,1,5,26,0,7.96,7,343930000
156.49,5,2,6,12,2,9.64,8,1046730000
115.63,3,2,4,35,1,11.0,6,592330000
156.18,4,2,4,4,2,11.78,9,882090000
49.96,1,1,2,25,0,9.57,1,135000000
202.93,6,4,3,8,1,10.93,4,837760000
185.85,5,3,3,26,1,10.26,13,692330000
69.12,2,1,4,7,0,2.41,11,390790000
95.36,3,2,3,4,1,11.13,8,554980000
125.28,4,2,4,39,1,12.49,4,580620000
61.42,1,1,3,39,0,11.24,4,379680000
148.38,4,2,4,26,1,12.92,12,802030000
66.99,2,2,3,2,1,7.75,20,322500000
168.02,5,3,3,16,1,6.84,15,825040000
101.68,3,2,4,25,0,4.69,10,392420000
161.13,5,2,2,16,1,17.58,3,574390000
155.36,4,2,4,7,2,11.36,16,836000000
186.82,5,3,4,31,1,7.84,3,927730000
144.92,3,3,3,40,0,15.78,3,505840000
118.19,4,2,4,24,1,1.54,7,637680000
198.99,5,4,5,36,1,15.26,14,1014930000
53.91,1,1,3,1,0,7.21,2,342800000
55.05,1,2,6,8,0,0.5,18,677720000
207.98,6,4,4,7,1,3.66,4,1101310000
167.25,4,3,5,4,2,11.58,8,918910000
39.75,1,1,5,26,0,8.58,17,344080000
81.73,3,1,4,9,1,13.66,16,345590000
122.31,3,2,5,26,0,8.65,5,715450000
45.94,1,1,3,37,0,9.9,12,194460000
181.82,5,3,2,32,2,12.63,16,873550000
196.83,6,3,4,1,1,9.0,6,1009090000
143.64,4,1,3,40,0,10.6,12,629680000
130.04,4,2,3,35,1,10.3,9,552830000
198.38,5,3,6,35,2,1.84,8,1080050000
145.38,5,3,4,16,1,10.33,6,834530000
139.75,3,3,2,2,1,15.41,16,561630000
121.67,3,4,3,40,1,10.49,6,609810000
123.06,3,2,3,17,0,11.38,19,413640000
158.0,4,3,3,7,0,13.3,10,581560000
135.6,4,2,6,23,1,13.8,15,850330000
130.35,4,2,4,33,1,9.93,7,657010000
124.56,4,3,3,40,1,15.64,7,534550000
141.01,3,3,3,40,0,8.91,13,672550000
74.33,1,2,4,15,0,13.18,11,476270000
136.51,3,3,5,19,1,12.69,17,736520000
167.08,5,3,2,6,1,21.53,8,559390000
166.68,4,3,2,35,2,18.68,8,572120000
207.18,6,3,4,9,2,12.89,13,1091570000
51.4,1,1,5,0,0,7.19,9,410190000
93.96,3,2,3,11,1,6.74,19,415700000
98.35,3,2,2,35,1,15.14,1,305380000
59.63,1,2,3,1,0,8.67,3,326260000
163.65,3,3,3,11,1,15.48,7,740300000
196.77,6,3,3,3,0,12.8,5,735530000
61.85,1,1,2,30,1,9.9,4,364060000
154.22,4,3,3,32,1,14.31,17,593260000
68.59,2,1,2,22,0,13.6,5,246780000
73.31,3,1,2,17,1,17.35,6,270270000
104.91,2,2,4,4,0,7.95,14,727480000
62.6,3,1,4,9,0,4.46,10,355300000
184.81,5,3,4,11,2,8.68,20,947970000
174.41,5,3,5,8,0,15.04,11,1057340000
88.66,2,1,2,23,0,19.68,19,388270000
59.13,2,1,2,29,1,14.96,5,213240000
136.05,5,2,4,0,1,11.15,14,774200000
83.58,2,3,4,4,0,9.39,18,402000000
38.32,1,1,4,8,0,9.12,9,332350000
42.43,1,1,4,1,0,11.42,6,124860000
85.42,3,1,4,32,0,6.5,17,520850000
152.29,4,3,3,10,2,13.15,13,664390000
160.41,5,3,4,29,1,17.91,5,723410000
74.48,2,1,4,40,1,12.86,4,442790000
140.39,4,2,3,34,1,13.97,1,619870000
175.34,5,3,5,14,2,15.45,14,907020000
84.45,2,2,4,3,0,7.77,13,643700000
66.21,2,3,3,15,0,18.94,11,373490000
158.07,4,3,2,36,1,9.04,10,649240000
203.99,6,3,3,15,2,10.57,14,758300000
194.23,6,4,3,21,2,12.29,11,668260000
100.51,2,2,4,31,1,10.96,11,587800000
149.39,4,3,2,38,1,11.55,6,558600000
117.64,3,1,3,5,2,13.05,17,582910000
168.65,5,2,5,40,1,13.58,4,1072660000
80.05,2,1,2,10,1,17.87,15,311020000
150.32,4,2,6,8,1,10.99,3,1019070000
196.19,5,3,3,23,1,16.92,3,854190000
192.28,5,3,3,18,2,13.51,13,897840000
158.17,5,2,5,1,1,6.62,3,930880000
119.35,3,2,5,17,1,18.08,7,558450000
58.56,1,2,3,18,0,9.33,3,369660000
122.37,3,2,3,1,1,11.03,5,587630000
77.06,1,2,4,3,0,5.21,9,392610000
120.83,4,3,2,10,1,17.81,5,422060000
93.66,3,2,4,11,0,18.06,17,512720000
173.44,6,3,5,29,2,13.55,19,1036510000
182.32,5,2,4,7,2,9.28,3,836360000
158.67,5,3,4,31,1,13.0,3,745650000
52.78,2,2,5,27,0,6.47,14,439540000
107.74,3,2,4,36,0,12.89,12,437560000
68.8,1,1,3,37,0,19.03,7,231560000
128.83,3,3,5,13,1,6.85,10,775530000
152.73,5,3,4,19,1,7.73,9,953500000
182.65,5,3,4,21,2,9.51,1,868130000
130.59,4,2,3,31,1,11.22,3,493030000
92.02,3,2,4,8,1,5.81,3,613600000
67.16,2,1,3,14,0,14.13,5,204500000
65.22,1,1,5,1,1,10.81,14,430940000
50.26,1,1,4,30,0,8.37,9,209540000
98.56,3,2,4,13,0,11.08,20,548860000
146.44,4,2,3,11,1,19.36,14,528220000
42.17,1,1,4,8,0,12.03,9,371270000
208.37,4,3,6,8,1,9.05,5,1394770000
200.83,5,3,2,6,2,20.31,13,806950000
110.79,4,2,3,14,1,12.55,15,523950000
136.03,3,3,3,39,2,18.23,11,451800000
147.4,4,3,4,12,1,22.78,20,790860000
145.63,5,4,5,10,1,8.49,14,775770000
143.53,4,2,3,15,1,15.37,14,523080000
78.26,2,1,4,39,0,10.39,19,401240000
85.58,2,2,2,30,1,21.42,2,124410000
185.42,4,3,5,28,0,12.3,12,903240000
188.26,5,3,4,3,2,13.56,16,1013810000
201.04,5,3,4,23,1,8.92,9,1071750000
175.59,5,3,6,9,1,3.01,4,1189400000
150.08,4,2,3,26,1,2.44,9,627680000
146.34,4,2,4,12,2,8.2,19,796390000
130.24,4,3,4,20,1,13.83,14,810490000
84.45,2,1,5,25,0,7.1,11,511560000
148.76,5,2,3,14,0,17.15,4,711010000
87.86,2,1,3,14,1,12.08,10,375750000
121.38,4,2,2,22,1,12.45,3,568180000
120.64,3,2,3,7,1,16.88,17,575110000
163.44,5,3,4,10,1,12.62,18,740120000
121.76,3,2,4,25,1,13.5,15,499730000
120.2,3,2,4,39,1,13.31,20,660180000
58.13,1,1,3,22,0,12.5,15,218600000
43.89,1,1,3,10,0,6.59,2,179460000
183.0,5,3,5,5,2,8.13,6,1003180000
124.35,3,1,2,15,1,14.99,5,381980000
61.69,2,1,3,9,1,11.94,10,433570000
74.24,1,2,2,11,0,14.74,10,228650000
175.81,6,3,4,39,2,14.57,12,803680000
71.5,3,1,3,25,0,13.31,14,349430000
103.61,2,3,3,17,0,21.31,5,409180000
50.68,1,1,2,24,0,20.61,18,279750000
76.16,2,2,2,0,1,13.83,16,385720000
81.86,3,1,4,8,0,12.92,1,420580000
112.07,3,2,4,22,0,9.5,19,576530000
181.42,4,3,3,21,2,11.58,13,929720000
181.92,5,3,4,33,1,6.44,12,917470000
140.42,4,3,4,40,1,1.21,10,799520000
102.07,2,2,6,12,0,10.89,2,616540000
130.45,4,2,3,33,1,13.35,9,684780000
70.3,2,1,3,19,0,9.92,11,358210000
98.88,2,1,4,17,1,10.76,19,487720000
163.26,4,2,3,24,1,16.76,7,698060000
144.12,4,2,3,19,2,18.3,10,715810000
145.17,4,3,6,19,1,3.31,20,925440000
167.32,4,3,4,39,2,12.71,17,759040000
80.69,2,2,3,20,1,10.65,11,483390000
72.78,1,2,5,7,0,13.13,12,520560000
188.55,5,4,4,1,2,7.01,7,978760000
54.04,1,1,4,25,0,4.37,1,320770000
90.48,2,2,5,36,0,6.32,14,537340000
81.94,3,1,4,9,0,11.86,12,327240000
201.69,5,4,4,25,1,3.98,3,1016190000
39.19,1,1,3,2,0,23.12,11,206870000
69.57,1,2,3,27,0,12.72,20,362140000
152.48,5,3,2,20,1,15.78,19,571570000
65.38,3,1,4,39,0,15.52,17,328370000
51.12,1,1,6,15,0,11.25,12,367200000
116.85,3,3,4,3,0,18.08,17,612340000
198.86,5,3,4,25,1,12.05,19,950590000
53.78,2,1,5,40,0,11.19,14,186870000
153.4,5,2,5,16,0,11.56,19,848070000
77.01,2,1,6,36,0,4.72,11,417890000
41.04,1,1,3,7,0,11.41,13,267790000
101.89,3,2,3,37,0,12.04,17,458400000
110.78,3,3,5,35,1,7.3,1,743730000
193.5,5,4,2,38,1,17.4,4,605080000
183.87,5,2,3,29,0,17.8,7,942970000
53.25,2,1,5,3,0,9.12,17,439350000
85.15,1,3,3,29,0,10.74,18,331260000
173.37,5,3,2,27,2,16.2,12,683570000
116.1,4,2,5,20,1,5.83,7,848140000
113.82,3,2,4,3,1,11.8,5,728390000
166.92,5,3,3,20,2,6.71,1,875840000
85.03,3,2,4,29,0,19.48,7,380200000
155.05,5,2,3,14,1,20.49,9,508880000
169.91,4,2,3,29,1,10.94,5,636620000
39.71,1,1,6,30,0,3.09,17,225840000
158.83,4,3,6,24,1,14.69,5,1048760000
190.38,6,3,3,38,1,15.42,12,810860000
187.63,6,3,5,33,2,2.74,6,855160000
164.56,5,3,2,20,1,17.23,18,613830000
172.08,5,2,3,31,1,14.53,4,823180000
93.37,3,1,5,37,1,3.59,11,476850000
78.05,1,2,5,39,0,16.69,14,518570000
84.82,3,2,2,20,0,14.54,18,272030000
133.6,3,3,6,17,1,2.37,20,843050000
137.6,4,3,3,40,1,11.8,17,546660000
169.21,3,4,3,28,1,9.37,13,678880000
63.37,2,1,5,23,0,7.31,12,244580000
145.87,4,3,3,20,0,12.35,16,549120000
41.7,1,1,4,5,0,10.13,7,365200000
114.29,2,2,5,34,0,10.65,8,520530000
190.71,5,3,3,32,2,7.09,11,888380000
55.05,1,2,4,16,0,10.55,7,178960000
85.64,3,2,4,37,0,10.16,12,476850000
157.28,4,2,4,29,1,7.22,13,853050000
47.97,2,1,4,14,0,8.04,4,347370000
57.45,1,1,4,31,0,6.91,7,349020000
153.44,5,4,3,24,0,13.74,3,629390000
51.22,2,1,5,17,0,8.56,10,311570000
112.77,3,2,2,3,1,17.46,8,522660000
107.61,2,2,4,30,1,12.58,8,572780000
192.31,5,3,6,16,1,8.12,3,1140880000
60.56,2,1,2,10,0,12.24,16,209870000
115.39,3,3,3,11,1,10.87,10,542200000
106.18,3,2,2,32,0,12.76,5,468370000
69.7,2,2,4,17,0,17.03,2,404780000
141.01,4,3,4,38,1,7.7,18,653570000
147.87,4,2,3,25,1,20.46,18,557050000
46.19,1,1,4,19,0,7.6,7,446280000
39.17,2,1,3,6,0,6.55,17,323360000
171.38,5,3,4,10,2,11.96,13,819110000
152.8,5,2,3,13,1,11.27,7,746330000
102.24,2,2,5,18,0,4.96,14,648590000
98.33,2,1,3,8,0,12.4,4,444290000
75.08,2,1,3,40,0,9.96,8,317500000
184.37,4,3,4,16,1,6.77,6,879760000
177.78,4,3,2,14,2,15.33,17,847920000
57.02,2,1,2,0,0,10.58,4,299430000
137.88,4,3,5,35,1,9.05,9,749480000
110.56,3,2,3,33,0,10.6,6,360490000
52.58,1,2,3,35,0,9.14,1,427560000
173.4,5,3,3,25,1,6.86,16,668150000
168.96,5,3,2,37,1,15.3,15,664180000
77.31,2,1,4,19,0,10.43,1,529710000
49.64,1,1,3,6,0,16.43,13,257870000
197.49,6,3,6,19,2,3.77,14,1309620000
188.82,5,3,3,22,1,11.77,1,793810000
97.67,3,2,5,2,0,11.93,6,580110000
97.48,2,2,3,37,0,5.33,20,575880000
154.58,4,2,2,27,1,10.77,19,594760000
145.94,3,2,2,24,1,4.5,11,679510000
97.23,2,2,4,22,0,12.55,3,381320000
144.14,3,3,5,1,1,9.94,18,890910000
177.71,5,3,2,23,1,13.31,2,782120000
53.67,2,1,4,33,1,10.96,1,289280000
68.71,2,1,3,29,0,14.29,2,209580000
43.83,1,1,5,7,0,6.51,9,372680000
157.71,4,3,3,10,1,10.3,12,873900000
107.96,2,2,3,21,0,11.1,6,445870000
173.55,4,3,4,23,1,4.83,15,917020000
149.57,3,3,4,18,1,6.57,14,730490000
140.09,3,2,6,7,1,0.5,11,946150000
117.94,3,2,3,16,0,10.8,10,518530000
113.68,4,3,5,7,1,6.77,10,676370000
60.81,2,1,4,6,0,15.26,19,464730000
51.94,1,1,3,34,0,19.11,13,237680000
176.42,5,3,3,19,1,13.31,13,606320000
154.33,5,3,5,17,1,10.35,18,816010000
175.06,4,3,5,37,2,5.57,20,1016380000
61.46,2,1,3,15,0,12.76,2,471120000
93.07,3,1,2,32,1,7.16,14,423050000
88.15,2,2,5,26,0,13.97,5,492200000
112.93,3,2,2,26,0,8.14,5,392030000
56.54,2,1,3,30,0,6.49,9,322710000
157.27,4,3,4,19,1,16.89,7,698130000
133.54,5,2,4,19,1,6.19,15,724990000
134.1,3,2,2,11,0,11.89,17,404710000
144.57,5,2,5,22,0,7.48,1,837340000
154.32,5,3,4,19,1,8.49,10,616190000
66.79,1,1,3,32,0,9.05,5,267050000
162.3,4,2,4,27,1,5.15,20,996730000
112.91,3,2,5,7,1,13.43,1,586530000
190.11,5,2,3,40,1,8.38,11,746310000
46.5,2,2,3,5,0,9.09,13,279850000
54.95,2,2,3,23,0,10.76,4,170350000
115.45,3,2,2,4,0,17.9,5,536280000
107.36,4,2,3,39,1,14.58,4,412940000
46.17,1,1,4,34,0,11.96,19,136770000
107.72,4,2,3,1,0,11.46,4,507440000
129.79,3,2,3,9,1,13.98,2,601150000
47.89,1,1,6,35,0,11.71,11,359630000
109.02,3,2,5,21,0,16.04,13,545260000
40.92,1,1,3,32,0,10.94,20,260080000
159.66,4,3,5,3,1,6.71,3,892740000
86.66,2,2,5,31,1,4.09,12,432130000
139.48,4,3,5,28,1,11.07,18,695500000
159.9,4,3,4,25,1,15.62,10,782770000
189.82,5,3,3,13,2,16.07,18,884320000
55.16,1,1,3,0,0,11.71,3,296730000
196.72,5,3,3,30,2,12.4,13,810040000
170.08,5,3,4,4,1,10.63,1,788980000
185.12,5,4,5,27,1,15.28,4,992810000
173.75,5,3,4,12,1,10.32,17,762720000
182.37,4,3,4,15,1,12.72,13,938950000
140.49,4,2,3,9,1,16.78,8,618510000
118.55,3,2,2,39,1,16.35,20,432560000
131.32,4,2,3,33,2,17.41,11,590030000
98.63,3,2,4,23,0,10.76,17,474040000
46.82,1,2,3,10,0,12.34,16,320330000
169.49,3,3,4,25,2,14.97,15,955950000
144.87,3,3,4,30,1,6.11,4,881080000
126.48,3,2,3,6,1,7.89,5,519960000
52.85,2,1,5,36,1,8.03,7,366610000
175.83,4,3,6,32,1,6.74,20,1063860000
40.73,1,1,4,15,0,5.45,13,405040000
52.31,2,2,4,0,0,10.35,13,294550000
47.98,1,1,3,15,0,15.9,1,98050000
109.89,3,2,4,19,0,7.53,7,562680000
100.48,3,2,5,39,0,6.52,18,546570000
110.52,3,2,4,32,0,8.48,20,537770000
185.51,5,4,6,2,1,9.05,17,1242460000
136.59,3,3,4,26,1,12.66,2,647070000
126.11,3,3,3,39,2,23.42,9,589490000
174.53,6,3,3,19,1,6.46,14,777720000
145.76,4,3,2,38,0,21.75,5,402720000
187.99,5,3,3,4,2,18.53,11,779130000
39.0,1,1,2,36,0,12.29,2,137750000
94.81,2,2,4,25,1,4.22,14,449220000
194.22,6,2,2,24,2,10.61,11,765500000
177.14,5,3,4,26,1,6.64,7,1020920000
107.15,3,2,3,17,1,10.6,16,572780000
64.21,2,1,4,1,0,16.61,14,269640000
111.17,2,2,3,27,0,7.84,11,530360000
46.36,1,1,5,35,0,7.39,20,286000000
139.53,4,2,4,27,1,11.83,11,732020000
125.87,3,3,3,37,0,9.53,20,528890000
147.93,5,3,4,33,1,9.56,15,833410000
199.17,4,4,4,37,2,6.51,18,989650000
82.77,2,2,2,29,0,15.77,1,332890000
196.24,5,3,3,16,1,12.63,14,979910000
171.52,4,2,3,8,1,13.94,13,733420000
129.42,3,2,4,16,0,12.44,8,768470000
103.67,3,2,4,30,1,10.74,1,592560000
104.17,3,2,3,14,1,16.28,12,573630000
106.88,3,1,5,27,1,7.79,11,688830000
71.87,2,2,4,24,0,17.09,13,392560000
159.58,4,3,5,26,2,10.73,10,859260000
42.57,1,1,2,2,0,15.46,1,238960000
42.62,1,1,5,36,0,4.99,17,339540000
111.71,3,1,4,16,1,9.61,13,542270000
100.84,2,2,4,16,0,8.78,10,470780000
143.3,5,2,4,27,1,11.95,20,667220000
189.4,5,3,5,17,1,3.54,15,1047260000
78.18,1,1,4,33,0,9.33,1,537220000
203.73,6,3,4,35,1,12.22,10,1062190000
184.85,6,4,2,37,2,13.6,3,692980000
178.46,4,3,4,9,1,8.68,13,954540000
131.51,3,2,4,19,1,9.74,13,708760000
181.46,4,3,5,4,2,13.33,14,877480000
75.44,2,2,2,34,1,17.35,11,311800000
175.07,5,3,5,1,1,5.63,3,1031980000
146.06,5,3,3,14,1,8.56,18,816660000
170.68,4,3,5,7,2,6.5,10,857710000
154.64,3,2,3,40,1,8.6,20,789150000
209.47,6,4,2,16,2,5.03,14,805330000
187.34,6,2,2,1,1,11.38,7,823710000
68.02,1,2,5,19,0,12.69,19,538180000
92.5,3,2,4,1,1,10.8,18,509420000
159.98,4,3,4,28,1,10.48,11,904490000
188.13,5,4,3,29,1,7.38,14,847650000
169.98,4,3,3,25,0,15.13,5,630280000
47.48,1,1,2,39,0,9.96,16,275530000
93.2,3,1,2,22,0,21.62,12,252850000
92.79,3,2,3,25,1,11.84,3,545460000
86.41,1,1,4,15,1,8.92,5,607060000
41.5,1,1,6,17,0,3.71,14,203110000
107.5,3,2,4,26,1,12.4,15,517110000
46.86,2,2,3,9,0,7.49,14,422910000
117.76,3,2,6,32,1,6.25,2,819380000
40.84,2,1,4,2,0,12.71,8,216140000
195.67,5,3,4,31,2,14.77,16,882170000
73.7,1,1,4,38,0,13.55,5,385130000
191.71,4,3,5,25,2,9.03,6,1023260000
85.96,3,1,3,5,0,11.56,13,341990000
175.72,5,3,5,32,1,4.99,6,919420000
96.8,2,1,4,8,0,7.08,2,397190000
169.65,5,3,3,32,1,17.69,11,754950000
94.29,3,2,5,22,1,6.83,4,513300000
160.0,4,3,4,22,1,16.27,8,813830000
51.19,2,1,3,11,0,8.64,1,433630000
162.88,5,3,5,10,1,11.11,1,867100000
48.91,1,1,3,2,0,4.86,5,203350000
124.77,4,2,4,7,1,9.28,18,733510000
81.11,2,1,6,24,0,0.5,14,672990000
142.1,3,2,3,33,2,6.04,7,686110000
117.96,3,2,5,36,1,14.98,10,689580000
71.81,3,2,3,20,1,15.08,3,276740000
203.1,6,3,3,4,2,15.88,11,943020000
118.2,3,2,3,33,0,13.92,8,510660000
68.29,2,1,4,15,0,7.88,20,280540000
175.28,5,3,5,27,2,9.37,17,828310000
115.67,3,2,2,36,1,17.15,18,460990000
209.01,5,3,4,25,1,22.01,10,945440000
60.32,2,2,4,22,0,13.9,19,440270000
79.87,3,1,2,3,0,11.32,20,245040000
130.02,3,2,3,32,1,14.17,15,657730000
50.34,1,1,3,17,2,11.53,15,305020000
40.66,1,1,4,7,0,6.43,7,123460000
90.89,2,2,3,22,0,15.95,20,362030000
167.28,4,2,4,18,1,10.08,15,975740000
75.2,1,1,2,35,1,15.06,1,320580000
165.56,5,3,3,29,1,7.13,13,806780000
117.6,2,2,2,0,0,17.71,19,382040000
163.78,4,3,4,5,1,13.35,1,739350000
158.17,4,3,3,39,1,19.67,1,622590000
130.0,3,2,5,31,2,7.75,15,839170000
78.47,3,1,4,33,1,9.56,10,504680000
104.62,3,2,5,2,1,7.92,7,685240000
108.69,3,1,3,27,1,6.29,14,542390000
99.36,2,2,3,7,1,13.75,4,425500000
183.7,4,2,5,16,1,10.91,6,954070000
163.07,5,3,3,17,1,9.66,6,752740000
157.14,4,3,4,28,1,8.97,12,893970000
135.36,4,3,3,38,1,14.88,17,627660000
188.85,5,3,2,31,1,17.4,4,720660000
69.89,2,1,4,24,0,12.33,9,405870000
178.92,4,3,4,33,1,8.64,3,938760000
62.92,1,2,4,18,1,12.2,6,369420000
104.04,3,1,5,22,1,8.76,18,585110000
146.98,5,3,5,39,1,12.35,20,902910000
161.44,4,3,3,8,1,17.55,13,666170000
139.73,4,2,3,27,1,8.16,20,733090000
178.15,5,4,3,14,1,2.7,8,1011720000
42.95,1,1,4,3,0,15.46,14,311350000
94.47,2,2,4,40,0,10.64,5,533630000
158.53,4,2,3,2,1,13.13,18,748640000
121.42,3,2,3,11,1,14.27,3,536430000
44.28,1,1,4,34,0,11.89,4,276830000
187.37,6,4,3,24,2,14.18,4,810310000
128.82,4,3,3,23,1,5.86,20,562870000
93.44,2,2,2,1,1,16.44,20,581160000
73.16,2,1,4,18,0,10.31,14,457740000
74.55,2,2,3,0,0,13.57,18,371560000
172.96,5,3,3,26,1,12.49,12,784560000
152.04,4,2,5,28,1,8.84,10,919980000
87.44,2,1,3,9,1,9.55,4,463580000
50.49,1,1,4,28,1,7.93,1,80000000
192.23,6,3,5,1,1,9.03,13,1214080000
124.26,4,2,2,28,1,14.18,17,335180000
86.02,3,1,4,6,0,2.59,12,477230000
204.62,6,3,4,1,1,7.65,13,996640000
98.09,3,2,3,28,0,14.08,20,396850000
132.42,5,2,3,17,1,8.95,3,492510000
99.7,3,2,3,27,1,21.65,17,519960000
118.07,3,2,5,7,1,13.95,20,723080000
190.87,6,3,3,16,1,15.87,3,784350000
151.84,5,2,3,39,1,15.5,3,671730000
147.0,4,3,5,8,1,9.46,16,773370000
202.76,6,3,6,1,2,14.46,20,1258940000
76.94,2,1,3,19,0,15.43,15,294050000
48.56,2,2,4,0,0,9.09,2,428960000
105.57,4,3,2,25,1,6.16,20,466340000
51.27,1,2,6,40,0,14.74,10,290790000
55.65,2,1,3,11,0,13.28,16,295100000
207.57,6,3,4,9,2,10.48,19,1000460000
39.22,1,1,4,30,1,2.09,4,244360000
154.76,5,3,3,4,1,5.82,12,815480000
91.03,2,2,3,37,1,13.94,17,550500000
201.85,5,4,3,23,1,19.47,9,955640000
159.54,4,2,4,28,2,8.69,18,831160000
177.62,5,3,3,31,1,14.31,13,685660000
84.45,3,2,3,15,0,7.1,2,453840000
151.19,5,2,2,0,2,13.47,14,677720000
65.68,2,1,5,3,1,6.33,11,381590000
88.57,3,2,4,28,0,8.51,15,269350000
106.9,4,3,3,9,1,20.18,16,582220000
49.47,1,2,5,28,0,3.41,2,345710000
78.81,1,1,5,0,0,18.24,5,520590000
97.51,3,2,3,32,0,12.59,4,385150000
99.23,3,1,2,40,1,16.11,20,384820000
75.89,2,2,4,2,0,14.96,8,324200000
92.02,3,2,5,32,0,10.66,9,536610000
129.23,4,3,6,13,1,2.25,5,778860000
189.97,5,3,6,34,1,11.95,5,1096740000
39.63,1,1,4,36,0,14.3,14,259320000
73.29,2,1,4,35,1,12.41,9,467290000
137.93,3,2,4,30,2,14.91,16,813410000
194.46,6,3,3,10,2,13.56,20,884640000
141.69,3,2,3,23,1,8.49,10,666130000
53.83,1,1,3,25,0,5.97,13,118190000
157.73,5,4,3,25,2,10.8,4,728940000
182.68,4,4,5,40,1,7.72,9,1103590000
187.23,6,3,3,10,2,16.92,12,888550000
103.33,3,2,3,16,1,11.27,4,361850000
178.77,5,3,4,26,1,13.1,19,821230000
116.32,3,2,3,18,1,10.32,4,568820000
142.01,4,2,5,9,1,14.54,19,747650000
41.85,1,1,3,16,0,6.53,10,121750000
104.57,3,3,3,36,0,7.85,16,508890000
171.54,5,3,3,34,2,15.84,20,584280000
151.66,4,3,3,38,1,12.79,14,645080000
68.57,2,1,5,3,0,10.6,7,318940000
116.76,3,1,6,1,1,1.48,8,812460000
201.64,6,3,2,1,2,12.56,11,828260000
142.3,4,2,4,36,2,3.32,14,732330000
100.24,3,2,3,37,1,13.17,3,378720000
151.46,4,3,4,31,1,3.13,12,724400000
62.82,2,1,4,1,1,11.38,4,411960000
162.39,3,3,4,5,2,11.49,11,883700000
206.3,5,4,2,34,2,17.56,5,690990000
167.71,4,3,3,0,1,10.02,18,669660000
81.43,3,1,4,29,1,9.11,3,476740000
53.8,2,2,4,7,0,13.62,5,291470000
92.39,2,1,3,40,0,7.63,8,359070000
179.45,5,3,5,13,1,8.34,9,916890000
71.25,2,2,4,7,0,4.56,7,395430000
40.67,1,2,3,4,0,10.05,1,217850000
99.08,2,2,3,37,1,8.15,1,361930000
137.01,5,2,4,12,1,7.95,5,637620000
138.71,4,2,4,19,1,8.43,8,617350000
159.33,4,3,2,5,1,12.63,11,542420000
117.56,3,2,5,15,1,10.99,20,725170000
192.48,4,4,5,8,2,7.82,10,1028900000
72.81,2,1,4,18,0,8.68,18,342730000
60.68,2,1,3,3,0,15.61,20,328070000
152.87,4,2,2,4,1,11.53,8,598920000
159.89,5,3,3,11,1,14.22,4,738040000
154.26,4,3,3,24,1,12.68,4,677060000
142.71,6,4,5,25,1,10.75,8,728580000
195.66,5,3,4,0,1,3.79,15,1124580000
195.98,5,3,4,12,1,17.89,14,957710000
157.62,4,3,2,1,1,18.8,8,740090000
81.75,2,1,5,6,0,14.31,9,431840000
98.21,3,2,4,10,1,12.14,7,488610000
209.91,6,4,3,27,2,15.17,13,843230000
202.71,6,3,6,6,2,10.85,17,1266850000
183.92,6,3,3,30,2,7.9,15,842510000
78.49,2,2,3,29,0,9.63,10,378340000
208.87,6,4,4,39,2,10.57,4,1009240000
111.41,3,2,4,27,0,9.85,20,607440000
106.52,3,2,4,35,1,17.51,6,413560000
144.1,4,3,4,14,1,14.85,3,803740000
171.01,5,3,5,5,0,12.48,7,942260000
146.61,3,3,4,38,1,16.24,8,752060000
93.78,1,2,3,39,0,16.22,3,482890000
101.06,3,2,4,17,1,18.94,13,549550000
159.3,5,3,4,38,1,8.49,15,823560000
127.05,3,2,5,19,0,4.3,6,679580000
41.62,1,1,3,19,0,8.3,4,177570000
201.2,6,2,3,24,2,8.99,5,924860000
65.3,2,2,4,24,0,10.6,18,466570000
142.07,3,3,4,8,0,15.05,9,618460000
110.05,3,2,4,38,0,15.63,1,452830000
69.03,2,3,3,29,0,14.22,20,429860000
129.82,4,2,4,33,1,8.6,11,653910000
79.18,3,1,4,25,1,15.02,7,360370000
113.37,2,2,4,0,0,4.63,1,592010000
38.47,1,1,5,15,0,7.08,14,309950000
190.85,5,3,3,1,2,4.1,16,938540000
179.66,6,3,3,31,1,9.9,19,821190000
91.71,2,2,4,11,1,18.25,20,656610000
39.73,2,1,3,2,0,8.43,3,297250000
116.96,2,2,3,19,1,5.47,2,563650000
201.92,5,4,3,13,2,14.14,3,965050000
75.43,2,1,5,5,0,7.2,20,587000000
174.88,5,3,4,3,1,8.11,14,862710000
62.9,1,1,3,33,0,16.76,16,399110000
150.83,5,4,3,15,2,13.03,9,648130000
84.7,3,2,3,9,1,8.99,9,435250000
173.93,3,3,4,8,2,8.1,7,923290000
151.34,4,2,5,25,1,10.57,18,791720000
156.45,4,2,6,26,2,7.13,9,879470000
125.99,3,2,3,13,0,8.01,20,501530000
44.8,1,1,2,31,0,11.82,1,122840000
83.85,3,2,3,18,1,11.66,10,388090000
167.29,3,3,5,24,2,10.11,9,980160000
53.33,2,1,3,37,0,16.16,1,80000000
57.47,2,1,4,30,0,8.13,18,367250000
92.1,3,1,3,13,0,16.43,15,484840000
45.79,1,1,4,10,0,19.05,8,140910000
146.65,3,3,5,30,1,8.09,17,982920000
134.06,3,3,3,24,2,9.72,7,654000000
147.82,4,2,3,11,1,15.11,11,680770000
189.57,5,3,3,40,1,11.44,12,821250000
103.97,3,1,3,34,1,13.08,16,495970000
65.43,1,1,3,38,0,15.36,13,195320000
101.03,3,2,3,1,1,9.17,14,614150000
110.57,4,2,3,14,0,8.69,3,461700000
123.66,4,2,6,30,1,0.97,18,839110000
158.03,4,3,3,40,2,13.22,2,719810000
154.34,4,2,6,40,1,9.24,10,831030000
201.73,5,3,6,37,1,13.29,20,1214220000
53.83,2,2,2,38,0,18.89,16,254640000
125.43,3,3,4,17,2,13.83,13,707360000
132.77,4,2,4,38,1,6.81,15,607540000
164.44,5,3,3,18,1,7.86,14,740590000
71.45,2,2,2,34,0,13.07,20,223440000
68.53,2,2,4,36,0,11.18,16,422390000
38.31,1,1,2,39,0,6.79,17,80000000
40.47,2,1,3,29,0,12.4,8,192530000
100.43,2,3,5,17,1,9.9,1,551400000
122.99,3,2,4,16,1,15.48,16,620530000
199.06,5,3,4,3,1,11.74,15,1041960000
157.34,4,3,6,30,1,12.16,2,956740000
113.89,4,1,5,20,1,18.51,14,472050000
87.91,3,2,2,9,1,14.58,5,302850000
145.86,4,3,4,31,1,6.72,4,868980000
71.28,1,1,4,38,0,10.35,9,241230000
98.23,2,2,2,5,1,17.26,12,472590000
104.89,4,2,4,15,1,7.56,6,735220000
113.3,3,2,5,10,0,4.94,5,791910000
129.49,4,2,4,14,1,14.26,6,777990000
71.77,2,2,5,4,1,12.67,16,386600000
63.43,2,1,5,11,0,9.6,4,340260000
183.9,5,3,3,2,1,12.05,16,872170000
116.73,3,2,3,10,0,11.46,8,516700000
38.02,1,1,5,11,0,11.39,17,300380000
173.14,5,3,2,18,0,22.01,7,564030000
186.03,5,3,3,31,2,13.06,14,737460000
151.08,4,2,4,7,1,12.43,11,809880000
54.72,1,1,3,21,0,17.74,11,261720000
39.18,1,1,3,26,0,11.27,2,313210000
203.12,6,3,5,18,3,13.75,4,1199590000
141.07,4,2,3,10,1,19.9,15,736370000
199.73,5,4,4,26,2,16.55,15,1040810000
44.86,1,1,3,34,0,6.78,5,351010000
142.43,3,3,3,34,1,14.61,3,645950000
49.48,1,1,3,33,0,12.52,14,219110000
95.69,3,2,5,38,0,6.81,8,531360000
91.15,2,2,5,13,1,10.68,9,563010000
179.65,5,2,4,12,2,11.47,7,985090000
143.52,3,2,4,19,2,14.81,11,674340000
168.15,5,4,4,17,1,15.56,18,870680000
183.04,5,3,5,3,2,8.22,16,1029550000
162.02,5,3,5,7,2,14.19,2,909810000
107.53,2,1,3,34,1,16.95,10,453210000
58.55,2,1,3,4,0,15.09,19,302190000
104.42,2,2,5,34,1,15.41,20,667140000
92.38,2,2,4,16,0,10.82,19,479880000
164.57,5,3,3,28,1,16.85,1,645770000
56.88,3,1,3,35,1,10.29,14,231650000
204.27,6,4,3,23,3,13.39,13,813220000
152.45,5,3,3,10,1,12.58,17,817760000
172.11,5,2,4,8,1,11.82,7,879150000
98.55,3,2,3,2,1,10.1,1,437490000
163.75,5,3,4,10,2,10.04,19,903380000
143.88,4,2,5,13,1,4.77,5,711050000
162.13,6,3,4,23,1,5.42,15,796560000
60.68,1,2,4,26,0,13.88,8,360210000
167.48,5,3,4,4,2,11.32,1,841890000
192.37,4,4,3,27,2,11.87,13,862480000
145.3,3,2,3,39,1,13.26,2,626440000
174.66,5,3,5,1,1,8.32,20,1008840000
49.5,1,1,3,13,0,9.13,14,334790000
160.17,4,3,5,20,1,16.58,12,796740000
62.34,1,1,3,5,0,17.22,12,416810000
205.31,6,3,3,25,2,7.73,6,913650000
170.75,5,4,2,4,1,15.78,4,750150000
76.88,2,2,3,8,1,12.3,4,347700000
199.12,6,3,6,27,1,5.67,7,1187180000
206.05,6,4,2,4,2,13.32,13,769480000
163.4,4,3,3,17,1,16.3,7,549890000
149.06,5,2,4,20,1,8.84,4,857100000
77.16,2,2,2,39,0,13.0,13,247950000
40.44,1,1,3,16,0,9.54,15,241980000
61.94,1,1,5,16,0,8.59,16,284530000
115.55,3,2,6,12,2,2.33,3,736870000
103.89,3,2,4,20,0,14.34,19,502860000
172.36,4,3,4,36,1,13.66,9,792060000
175.77,5,3,6,12,1,2.67,3,1020570000
94.68,2,2,4,21,1,13.84,8,496570000
180.34,5,4,3,3,2,10.96,1,882310000
155.77,4,3,3,11,1,10.62,18,768510000
58.5,2,1,3,10,0,7.73,14,393380000
176.86,5,2,3,11,2,12.61,15,772360000
62.69,2,2,3,13,0,16.44,4,271240000
63.51,1,2,4,17,0,16.39,17,254890000
82.39,2,2,4,18,0,5.7,20,400380000
61.53,2,1,5,19,0,0.93,15,299040000
146.39,4,3,2,11,1,20.08,11,579100000
119.19,3,2,2,31,1,7.45,17,545260000
47.94,1,1,3,33,0,13.87,9,142990000
153.24,4,3,3,12,1,10.92,5,555640000
91.85,2,2,5,27,0,3.4,1,563040000
44.08,1,1,3,15,0,9.03,12,303980000
174.44,5,3,3,33,1,18.54,18,743400000
182.48,4,3,5,35,2,20.49,19,1051790000
135.56,4,2,4,24,1,8.55,1,851050000
92.49,3,1,6,40,1,7.59,12,386390000
44.3,1,1,3,34,0,9.64,6,289410000
41.14,1,1,3,25,0,15.87,7,232980000
122.03,3,2,4,2,0,10.01,6,609400000
120.59,4,2,3,33,1,15.52,5,555270000
80.94,2,1,4,20,0,18.07,15,372140000
145.98,3,3,3,29,1,14.5,2,683900000
181.29,5,3,4,5,2,12.02,3,975120000
90.1,2,1,4,16,0,8.79,2,586240000
47.53,1,1,4,15,0,13.12,7,334430000
132.45,3,2,3,15,1,13.53,4,585950000
184.32,6,3,4,22,2,14.64,18,885620000
178.47,5,2,3,1,1,9.04,2,716090000
105.59,3,2,5,31,1,8.33,19,523040000
76.17,2,2,2,2,0,16.68,3,289170000
139.37,4,2,2,18,1,13.85,3,467430000
102.84,2,2,4,19,1,6.69,9,547940000
90.72,2,2,2,26,1,10.36,10,326910000
167.95,4,3,4,19,2,8.32,7,861400000
196.18,5,3,3,12,1,10.69,2,810590000
112.05,3,2,4,5,0,7.67,4,456300000
179.42,5,3,4,29,2,15.38,11,713650000
96.34,3,2,2,36,1,13.48,3,310580000
201.78,5,3,4,33,2,7.38,11,1041510000
150.8,3,3,4,20,1,16.17,12,813970000
146.91,4,3,4,8,1,17.51,9,696630000
61.97,2,1,6,2,0,10.33,10,426050000
146.26,3,3,3,23,0,13.67,19,580700000
84.63,3,1,3,11,0,1.92,8,393930000
121.21,2,3,4,12,1,16.09,12,589050000
187.28,5,2,4,7,2,8.4,19,783850000
164.62,3,4,3,17,1,16.85,8,891040000
114.16,3,2,2,3,0,12.21,12,441690000
93.58,2,2,2,26,1,13.85,19,469270000
208.8,6,3,3,27,3,12.44,12,874110000
201.21,6,4,5,29,1,6.33,11,1170550000
125.1,4,1,2,0,2,11.02,5,496700000
153.87,5,2,5,24,0,9.8,10,748880000
151.02,4,2,4,19,1,13.93,1,672150000
50.04,2,1,5,24,0,8.07,12,264700000
85.33,1,2,3,39,0,16.42,10,447680000
181.88,4,3,3,6,1,14.03,7,815700000
100.97,3,2,3,7,0,6.04,4,552130000
48.48,1,1,3,26,0,11.03,5,221310000
126.55,3,2,5,35,1,6.77,14,812000000
142.92,4,3,5,5,0,13.82,19,822280000
58.26,2,1,2,38,0,17.16,7,185660000
137.0,3,3,3,5,2,9.98,7,725520000
119.89,3,2,5,26,1,5.24,3,868340000
63.2,2,1,5,18,0,8.06,14,535620000
195.8,6,3,4,18,2,2.98,11,866880000
84.95,2,1,4,34,0,10.99,7,438590000
65.15,2,1,4,22,0,10.19,2,419280000
55.41,1,2,6,28,1,8.23,1,521390000
39.87,1,1,3,4,1,14.04,12,80000000
68.22,1,1,3,1,0,7.48,2,459980000
160.88,4,3,2,8,1,11.73,7,665380000
206.2,6,4,3,34,2,14.38,5,947070000
44.29,2,1,4,3,0,18.07,14,345960000
202.71,6,3,6,38,2,6.62,1,1129920000
137.31,3,2,4,39,0,14.17,16,555790000
149.41,4,3,3,25,1,15.27,6,761460000
87.03,2,2,3,5,0,8.5,2,266510000
160.72,4,4,4,29,2,8.0,14,842440000
166.02,4,3,5,9,1,9.06,11,1039850000
167.68,5,4,3,6,1,9.7,2,778850000
125.2,4,3,5,19,1,8.65,6,893930000
196.74,5,3,3,36,2,7.94,17,934280000
84.84,3,2,3,20,0,15.06,13,404180000
133.81,3,2,5,6,1,12.61,13,801070000
141.25,3,3,2,1,1,9.38,8,609380000
153.01,4,2,2,8,2,20.73,5,606210000
161.83,5,2,5,26,0,4.14,12,775110000
113.44,3,3,5,36,0,4.08,2,503340000
122.44,3,2,5,13,1,9.41,17,694480000
52.12,1,1,6,38,0,10.94,11,440960000
104.2,3,2,4,8,0,11.55,10,502980000
174.68,5,4,4,31,2,6.37,3,869830000
147.97,4,3,2,0,1,19.91,4,605640000
126.65,3,2,5,6,0,3.42,7,669070000
45.14,2,1,3,38,0,14.34,13,160250000
111.47,2,2,4,12,1,6.76,1,558470000
149.21,4,3,4,27,1,14.08,18,815880000
173.92,4,4,4,12,1,11.52,5,892150000
187.74,5,3,5,9,3,7.02,7,923630000
151.14,4,2,4,33,1,16.0,8,627060000
49.16,1,1,2,37,0,13.51,20,184910000
129.82,3,2,4,9,1,12.4,1,679080000
76.98,1,1,3,18,1,5.39,13,375340000
90.18,3,1,5,34,0,9.15,12,468940000
165.16,4,3,3,7,1,14.25,13,752070000
40.65,1,2,3,39,0,16.24,2,237020000
85.31,3,2,4,25,1,10.86,7,638890000
139.18,4,2,5,23,0,11.1,1,945750000
158.55,4,2,3,26,2,14.9,14,721540000
92.39,3,2,2,22,0,12.86,1,358140000
144.09,4,2,4,35,2,3.84,19,848990000
103.14,4,1,3,0,0,8.75,4,502570000
98.81,3,2,3,11,1,15.57,13,516660000
42.44,1,1,4,25,0,13.31,3,233780000
54.82,1,2,2,30,0,15.16,7,225150000
180.88,5,3,2,2,2,17.05,11,828910000
189.41,5,3,5,18,2,14.82,2,995830000
125.56,4,2,5,17,1,7.24,14,773170000
94.69,2,2,5,39,1,24.61,17,560630000
38.42,2,1,4,30,0,14.8,6,181300000
163.27,4,2,4,33,1,18.61,10,743080000
167.76,5,3,5,3,2,11.93,3,938640000
111.07,3,2,3,39,0,16.44,19,552170000
119.03,3,2,4,4,0,10.7,8,690720000
165.07,3,3,3,25,2,13.41,12,706970000
81.64,2,1,4,1,0,9.54,14,530410000
52.44,2,1,5,37,0,6.19,5,438020000
73.78,1,2,4,13,0,11.12,6,428490000
133.84,4,2,5,5,1,8.86,18,807600000
141.5,4,3,2,21,1,12.17,19,568810000
77.86,2,2,4,4,0,8.18,4,505710000
42.06,1,1,3,32,0,11.92,5,223470000
208.43,5,4,5,27,1,8.89,12,1169950000
73.33,2,2,5,37,0,4.61,6,483680000
66.21,2,1,4,22,1,11.17,15,395000000
149.3,4,2,3,34,1,10.22,3,604620000
67.81,3,2,3,4,0,17.66,11,308340000
98.12,3,2,6,28,1,12.57,10,490200000
58.06,2,1,3,21,0,19.24,9,210000000
204.66,5,3,3,15,1,15.01,4,920850000
171.45,6,3,6,39,1,11.84,6,762270000
124.13,3,2,3,28,0,12.92,19,551780000
99.8,3,1,4,40,1,10.36,7,416830000
75.12,2,1,2,27,0,14.73,12,291490000
164.42,4,3,2,23,0,9.51,4,689690000
85.07,3,2,4,13,0,13.78,16,573230000
96.97,2,2,3,10,1,14.62,12,408850000
57.82,2,1,5,38,0,7.34,15,261670000
137.41,3,3,3,12,1,16.37,18,599900000
39.94,1,1,4,40,0,6.0,3,279800000
195.49,6,4,5,7,2,3.14,7,975040000
144.63,3,3,6,14,1,9.36,4,852020000
111.87,3,2,3,28,1,8.43,5,532920000
177.25,5,3,5,24,1,9.1,6,1075090000
44.89,1,1,3,10,0,12.37,13,225050000
118.82,3,2,3,40,1,17.54,2,483580000
136.9,3,2,4,35,1,8.9,11,754500000
122.64,3,2,4,21,1,8.66,2,530830000
174.36,5,2,3,28,2,15.04,6,821470000
129.76,2,3,4,28,1,15.28,10,614360000
144.88,4,2,2,31,1,15.05,20,639200000
97.79,3,2,2,24,0,8.64,17,471190000
50.73,2,1,4,1,0,10.27,10,181170000
56.87,2,1,3,23,0,15.02,19,326780000
149.68,3,3,5,28,1,12.71,6,901580000
42.87,2,1,3,26,0,17.08,10,183760000
95.24,3,2,4,34,1,6.51,16,509110000
196.63,6,3,4,1,2,18.32,19,913950000
199.67,5,3,3,38,1,6.89,3,869760000
79.05,3,2,3,11,0,19.76,9,343740000
69.89,2,1,3,0,0,13.36,16,352950000
47.93,1,1,4,34,0,14.91,19,337650000
134.66,4,2,3,30,0,10.71,2,608420000
59.19,2,1,3,8,0,10.9,12,302430000
156.61,5,2,6,11,1,0.94,20,1073170000
209.11,6,4,2,15,2,10.67,6,810630000
70.92,1,1,6,30,0,9.81,18,342440000
67.06,3,1,3,6,1,13.86,13,464130000
175.62,4,3,4,24,1,13.85,11,822570000
67.73,2,1,4,2,0,9.49,16,365310000
133.48,3,2,4,37,1,5.71,6,683980000
162.56,4,2,5,15,1,5.22,18,911410000
147.78,4,2,3,31,1,9.57,5,713870000
83.18,2,2,3,34,0,15.8,9,214620000
197.71,5,3,3,8,2,7.53,1,1047700000
88.13,2,1,4,15,0,17.98,8,318290000
164.1,4,2,4,16,2,14.71,5,868150000
154.38,4,3,4,39,2,15.25,16,856600000
133.76,4,3,3,11,1,7.83,1,623250000
162.18,4,3,4,18,1,22.55,10,808480000
169.85,5,3,3,6,2,12.3,10,868400000
87.09,2,2,6,32,1,10.06,8,586880000
134.43,3,2,3,11,1,12.35,8,531020000
177.47,5,3,3,1,1,11.82,16,679490000
156.28,4,2,2,4,1,9.89,19,795310000
67.92,2,2,3,12,0,4.77,15,380110000
173.81,5,3,3,11,1,15.85,2,859500000
135.49,4,3,4,11,1,8.25,4,764240000
176.01,6,3,3,1,1,7.73,18,946160000
144.12,5,3,5,37,1,8.19,11,836420000
45.74,1,1,4,11,0,13.15,18,212240000
142.81,4,2,3,15,0,6.35,2,712450000
81.33,2,1,2,25,0,12.69,3,366190000
65.97,1,1,3,22,0,8.06,12,423470000
179.72,5,2,4,20,2,7.79,19,847180000
133.16,4,3,3,33,1,15.07,9,658540000
88.83,2,1,3,11,0,13.19,5,499100000
193.59,6,3,4,32,2,6.72,3,997760000
61.24,2,1,4,26,0,15.36,8,220170000
134.07,4,2,4,20,1,3.43,4,814540000
196.86,5,3,6,18,1,5.37,12,1123800000
85.74,2,2,3,9,0,11.11,7,197710000
168.68,4,3,5,3,1,5.79,13,1044560000
50.78,1,1,3,36,0,18.12,20,138710000
158.3,4,2,3,5,1,7.16,7,762800000
158.6,5,3,4,33,1,11.3,9,725790000
49.77,1,2,4,19,0,7.83,8,309530000
69.18,2,1,3,3,1,12.34,4,401050000
148.54,5,2,5,18,1,13.59,10,733120000
57.1,1,1,4,20,0,10.49,4,351610000
174.49,5,3,4,14,1,6.91,13,854900000
101.47,2,1,3,25,1,15.9,11,509270000
180.54,5,4,3,38,2,7.8,9,831540000
158.46,4,3,5,25,2,13.8,12,936850000
199.19,6,3,3,5,2,13.15,16,839020000
111.11,3,1,6,24,1,4.85,4,943210000
61.46,1,1,5,1,0,1.68,10,444380000
144.85,4,2,2,18,1,12.72,16,651820000
110.17,3,2,5,38,1,15.54,9,644950000
84.96,2,2,5,2,1,11.4,5,602940000
138.65,5,2,5,27,1,16.95,17,780080000
129.3,4,2,3,7,1,13.77,9,614060000
85.22,2,2,4,23,0,11.93,4,319050000
161.65,5,3,4,3,1,14.92,4,851180000
89.57,3,1,3,0,0,11.08,13,503330000
141.98,4,2,3,38,1,14.61,15,655840000
96.02,2,2,3,12,1,8.97,18,534550000
152.84,4,3,3,30,1,9.44,5,825080000
197.34,5,3,5,8,2,13.17,7,875670000
205.21,6,3,4,19,0,8.53,6,924630000
70.77,3,2,5,24,0,11.74,13,453840000
123.05,3,2,2,1,0,14.71,16,434140000
120.99,3,2,2,17,0,18.45,7,482990000
102.18,3,2,4,33,2,14.43,1,542710000
89.62,3,1,5,8,0,11.34,15,490340000
209.94,6,4,2,29,1,20.88,14,892360000
147.59,5,3,3,12,1,9.17,1,843180000
83.12,2,1,2,24,0,17.36,12,437410000
206.22,6,4,5,34,2,14.5,20,1131770000
160.14,5,3,2,0,1,17.1,9,522020000
58.47,2,1,2,32,0,16.61,12,326260000
197.08,6,3,4,32,2,2.35,8,981600000
204.9,5,4,3,25,1,11.01,2,912900000
202.79,5,3,4,19,2,13.03,16,1076510000
79.53,2,2,3,15,1,9.72,8,392200000
198.76,4,4,3,9,1,14.73,6,863250000
181.35,5,3,6,11,2,0.5,16,1104320000
141.3,4,3,3,40,2,11.57,15,742440000
85.99,3,2,5,14,0,12.12,17,600430000
123.83,4,2,4,39,1,3.95,15,621080000
203.47,5,4,2,20,1,14.93,4,792250000
50.99,1,1,4,21,0,6.66,10,251750000
190.78,5,3,6,7,1,6.98,9,1125410000
134.41,3,2,6,30,2,6.8,3,743700000
151.33,5,3,5,10,1,6.78,17,879700000
149.93,4,3,4,27,1,10.59,19,622180000
105.67,4,2,4,29,1,16.12,20,507830000
187.37,5,3,6,10,1,2.9,17,1160730000
87.71,2,2,4,28,1,19.72,3,489080000
166.32,6,3,3,39,1,15.6,15,525240000
102.05,3,2,2,5,0,13.7,19,510340000
183.93,6,3,4,30,1,15.54,19,905250000
55.42,1,2,3,3,0,12.98,13,353810000
175.32,5,3,5,36,1,10.35,5,922540000
190.53,5,3,5,34,2,9.9,8,1001860000
84.52,3,1,3,0,0,15.18,19,530210000
110.17,2,2,4,10,1,11.98,7,580290000
153.31,4,2,2,32,1,18.23,11,553080000
128.94,3,2,4,37,1,0.5,6,642730000
144.76,4,3,5,4,1,7.07,16,917340000
200.13,5,3,3,12,2,13.0,4,852440000
164.64,4,3,3,17,0,10.58,10,790810000
147.83,4,2,4,12,0,8.34,6,825690000
122.07,3,2,4,17,0,15.76,18,540840000
79.01,1,2,5,14,0,11.81,7,521680000
175.1,4,3,3,16,2,0.5,2,825170000
79.62,2,2,5,16,0,13.13,9,367460000
209.95,5,4,3,16,2,15.57,12,1098320000
44.23,2,1,4,38,0,6.68,20,172370000
79.43,2,1,4,28,0,13.98,1,526630000
73.23,3,2,6,26,1,10.46,3,598180000
144.04,3,3,2,12,1,20.43,3,509490000
78.55,3,1,5,16,0,10.29,6,446800000
209.06,5,3,2,12,1,20.33,1,588680000
78.56,2,2,2,15,0,12.24,16,313540000
171.52,4,3,4,2,2,15.01,4,930860000
67.02,2,1,2,13,0,4.89,5,383090000
157.26,4,2,3,39,1,13.36,15,729910000
145.27,4,3,3,34,1,15.54,3,623430000
109.18,3,2,5,10,0,10.25,7,506880000
199.64,6,4,3,11,2,15.71,6,883960000
148.35,4,2,6,3,1,12.68,17,962880000
104.93,3,3,3,23,0,5.43,18,447720000
133.64,3,2,4,17,1,6.41,1,619910000
57.67,1,1,4,36,0,8.43,18,229430000
110.1,3,2,3,30,0,7.4,8,502960000
174.82,4,3,2,11,1,16.25,15,575180000
47.91,2,1,5,40,0,15.38,6,253130000
91.72,3,2,3,22,0,9.91,17,403460000
71.32,1,1,5,0,0,11.26,4,361400000
202.31,6,4,5,40,1,10.62,15,967090000
48.79,2,1,3,11,0,9.56,10,326380000
87.99,3,2,4,23,1,8.59,1,402430000
104.6,3,2,5,28,0,13.61,17,644910000
197.79,5,4,6,36,1,10.92,8,1209710000
151.35,4,3,2,30,2,16.73,1,530070000
87.52,3,2,4,5,0,13.03,1,535080000
86.87,3,2,3,32,0,13.18,19,477000000
82.82,2,3,3,24,1,2.65,11,539350000
49.09,1,2,3,37,0,15.96,6,164490000
81.84,3,1,4,3,0,12.16,1,489060000
86.15,2,2,3,1,0,11.85,15,544670000
78.77,2,1,4,38,0,14.03,2,320180000
73.06,1,1,4,7,1,12.95,13,533340000
159.11,4,3,4,8,1,16.85,7,744690000
150.02,3,2,5,35,1,15.06,2,775570000
72.72,1,1,4,27,1,11.9,11,406130000
96.63,3,1,4,17,1,8.43,8,292630000
71.07,2,1,4,4,0,9.15,8,370520000
58.53,1,1,2,11,0,14.67,8,316290000
189.29,5,2,6,12,2,6.73,12,1026710000
108.66,2,2,3,13,1,9.09,20,536830000
78.54,3,1,4,31,0,10.31,19,603850000
94.99,3,1,3,8,0,10.97,13,411700000
185.25,5,4,2,30,2,14.42,3,596280000
63.97,2,2,4,17,0,14.78,11,442630000
119.98,3,3,2,6,0,11.49,20,430890000
91.81,2,2,3,39,0,11.8,10,236630000
145.84,5,2,6,32,1,12.12,9,852710000
202.27,5,3,5,39,2,5.67,2,1162700000
121.91,3,2,4,11,1,7.13,9,832760000
122.68,3,2,2,15,1,16.34,12,538560000
106.69,3,2,3,24,1,18.35,9,446430000
129.36,3,3,3,2,1,9.18,5,668020000
205.16,6,4,3,34,2,17.59,13,1019610000
157.42,4,2,3,0,1,12.82,18,755030000
118.93,4,2,2,40,1,16.26,20,430870000
184.96,5,3,4,21,2,12.86,18,920910000
156.42,4,3,3,38,1,10.76,13,701230000
168.49,4,3,3,36,2,17.97,9,705150000
186.96,4,4,3,17,1,10.15,4,865050000
48.83,2,1,4,22,0,8.23,11,320480000
60.24,2,1,6,16,0,11.06,16,378950000
169.23,4,3,3,18,2,15.91,7,790000000
202.53,6,3,2,14,1,13.29,2,655830000
127.18,3,2,4,40,0,17.25,15,587430000
88.33,2,1,3,6,1,11.79,1,586580000
155.6,4,2,2,2,1,16.74,5,712690000
44.34,2,1,3,3,0,12.38,15,166060000
183.38,5,3,5,2,1,7.73,11,933150000
122.83,3,2,6,27,1,11.65,19,921440000
65.4,2,1,5,3,0,8.68,14,393700000
88.76,2,1,3,20,0,14.06,9,340620000
167.13,6,3,4,12,2,5.38,17,798130000
119.79,3,2,4,27,1,9.2,17,671460000
160.87,4,3,3,8,1,12.36,1,841740000
123.17,2,1,4,34,0,14.21,6,644470000
119.39,3,2,3,38,0,15.32,13,461410000
103.26,4,1,6,29,0,6.65,15,546370000
69.37,2,1,2,23,0,23.7,1,201980000
45.4,2,1,4,10,0,9.99,18,310810000
119.62,3,2,3,39,1,18.22,3,494320000
161.58,4,3,3,3,1,14.2,20,791520000
95.21,3,2,4,12,1,17.41,4,692270000
195.79,5,4,5,9,2,5.07,4,1078880000
150.33,4,2,4,28,2,14.7,1,676980000
191.54,5,3,5,24,2,11.11,1,1173130000
57.36,2,1,3,17,0,13.31,9,297640000
125.55,3,2,5,24,1,5.9,8,698540000
208.15,6,3,3,7,2,16.84,20,884130000
72.04,2,2,4,33,0,6.9,9,395470000
167.45,4,2,3,25,1,18.11,1,627760000
169.22,5,3,4,3,1,12.42,13,873550000
128.34,3,2,4,28,0,10.4,2,524050000
201.29,5,3,6,36,2,0.5,19,1247120000
93.45,3,2,5,30,0,13.77,2,482260000
122.89,4,2,4,5,1,16.45,7,629770000
124.41,3,3,2,34,1,10.39,13,589840000
202.63,5,3,4,11,1,10.51,7,881260000
112.6,3,2,2,17,1,11.87,10,469990000
77.44,2,1,2,34,1,15.32,16,337280000
45.64,1,2,5,40,0,10.35,20,265990000
68.68,2,1,2,22,1,12.83,17,276260000
170.62,4,3,4,28,1,12.78,19,799640000
151.06,4,2,4,16,1,11.58,8,667030000
197.97,6,4,3,34,1,4.76,4,758210000
189.27,5,3,4,13,2,17.09,4,1087990000
107.38,3,2,3,17,0,12.08,8,498820000
121.87,3,2,3,19,0,11.94,10,526940000
141.73,4,3,6,27,1,6.81,7,887070000
116.78,2,2,4,10,1,12.44,16,666560000
111.31,4,2,3,36,2,11.33,7,474850000
116.02,2,1,4,5,0,5.46,1,599670000
102.85,2,2,3,1,1,14.47,19,627560000
75.61,2,1,4,3,0,10.33,20,406260000
78.04,3,1,2,14,1,13.03,17,431850000
156.81,4,2,4,29,1,14.4,9,789220000
58.32,2,1,2,15,1,21.1,1,97090000
156.3,5,2,4,29,0,9.58,2,874130000
99.17,2,2,3,2,0,14.86,1,665500000
160.97,4,3,4,12,1,9.5,8,846500000
145.12,3,2,4,23,2,6.84,6,807250000
201.62,5,4,5,23,1,7.13,3,1087310000
142.95,2,2,3,39,1,7.76,20,567750000
143.15,4,2,5,38,2,10.95,6,869230000
126.42,3,3,5,9,0,7.83,1,783900000
65.01,2,2,5,30,0,7.95,12,455420000
126.51,3,2,4,29,1,12.93,3,669100000
137.52,3,3,2,19,1,18.97,15,582820000
95.71,3,2,5,19,0,1.72,9,502360000
110.19,3,2,3,7,0,13.07,10,541530000
91.31,2,2,2,36,0,17.74,8,361080000
92.01,3,2,4,38,0,15.35,16,527100000
156.69,3,2,2,34,2,13.11,20,679720000
75.83,1,1,3,2,0,19.54,19,359060000
128.41,4,2,4,17,1,6.92,1,614630000
46.54,2,1,2,9,0,15.44,18,195250000
160.39,5,2,4,13,1,15.96,7,765860000
147.52,4,2,3,3,1,4.72,6,659050000
178.03,5,2,4,17,1,10.72,8,839610000
115.29,3,1,3,19,1,13.83,4,553830000
149.24,4,2,4,6,1,7.51,1,631880000
87.83,2,2,2,20,0,17.0,4,333130000
141.89,4,2,3,16,1,7.94,17,724340000
196.58,5,3,5,15,2,13.72,12,1142810000
103.04,3,2,4,25,1,7.37,11,579730000
135.7,4,2,5,31,1,9.7,9,826380000
64.04,2,1,4,33,0,16.42,6,324000000
110.51,3,2,4,14,0,8.31,3,668730000
148.38,3,3,3,10,0,8.98,11,809670000
184.8,5,3,3,9,2,7.9,3,866770000
163.59,4,3,3,32,1,9.17,15,702300000
82.78,2,2,4,13,1,10.55,7,350200000
160.62,5,2,4,31,1,3.98,7,749000000
113.6,3,2,6,37,0,3.67,17,776200000
180.32,6,2,5,26,1,7.92,1,924340000
129.81,3,2,5,0,1,6.7,20,756440000
60.21,2,1,3,25,0,8.57,15,184210000
191.22,6,3,3,40,1,8.69,4,800740000
121.48,3,1,5,37,1,2.44,13,752580000
66.35,2,1,4,7,1,18.16,1,281710000
72.28,2,1,3,1,0,8.84,2,248100000
113.63,4,2,3,8,0,13.66,7,605430000
175.85,5,3,5,30,2,11.72,8,1060240000
106.44,3,2,4,26,0,4.44,8,663610000
69.57,3,1,4,16,1,4.33,10,474070000
161.37,4,2,5,16,2,8.28,1,850460000
168.23,5,3,5,5,1,12.98,2,920710000
180.34,4,3,3,11,2,10.45,7,775940000
159.2,4,3,4,5,2,13.85,10,797580000
62.65,1,2,4,27,0,17.55,8,293520000
187.64,5,3,2,24,2,12.76,19,728920000
172.99,5,4,5,5,1,14.0,3,867870000
48.87,1,1,2,20,0,18.52,3,367140000
133.4,4,2,3,39,1,1.38,7,632480000
122.83,4,2,2,3,0,13.27,15,540790000
186.44,5,3,3,4,1,10.06,19,1022870000
93.44,2,2,4,26,0,10.14,3,520300000
145.69,5,3,2,21,1,16.71,3,779220000
198.71,5,4,5,32,2,16.66,4,1151060000
99.49,3,1,3,1,0,9.34,2,409330000
108.71,3,2,3,29,1,16.51,14,531660000
142.85,3,2,4,18,1,17.44,11,631700000
92.19,2,1,4,33,0,11.12,3,589450000
84.98,2,2,4,18,0,14.43,13,518820000
96.08,2,3,3,16,1,14.78,13,466280000
70.78,2,2,4,16,1,6.05,19,590920000
92.84,3,2,3,13,1,14.61,9,381250000
117.76,3,2,3,18,1,12.46,2,640870000
39.7,2,1,4,3,0,10.29,19,364590000
177.46,5,3,6,31,2,11.92,11,839020000
41.48,2,1,4,11,0,11.98,13,139580000
82.93,2,2,6,7,0,6.68,8,403520000
105.48,3,2,2,11,0,16.0,6,407020000
74.51,3,1,4,4,0,6.52,20,496010000
161.4,4,2,5,21,1,2.99,5,885720000
160.9,5,3,3,32,1,11.81,19,780260000
118.98,3,2,6,8,0,8.07,2,646030000
81.96,2,1,3,27,0,13.01,14,420610000
158.74,5,3,5,40,1,16.05,18,676690000
80.24,1,1,4,23,0,10.89,6,362800000
125.29,3,3,3,25,0,16.57,15,458850000
199.08,6,3,3,1,2,13.89,19,816690000
77.97,2,2,5,16,1,14.07,18,547030000
140.26,4,3,3,7,1,13.08,1,573540000
110.4,4,2,3,31,1,11.71,11,739920000
194.22,5,4,3,28,1,17.28,10,761890000
178.33,5,4,2,25,1,12.43,1,668600000
159.98,5,3,5,5,1,7.08,20,1011510000
186.15,5,3,5,40,1,11.79,11,802880000
154.11,5,3,3,30,2,10.02,2,778760000
108.01,3,2,3,20,1,7.12,15,550460000
180.74,5,2,3,24,1,8.93,7,798260000
162.5,4,2,6,6,2,18.55,13,906770000
145.69,4,2,5,17,1,7.95,15,900070000
185.74,5,3,3,28,2,8.99,17,799370000
116.74,3,2,4,22,1,10.41,4,637820000
157.57,3,3,4,24,1,11.62,17,803160000
103.75,3,1,4,37,0,12.97,14,506240000
92.62,2,2,6,17,0,15.47,8,488760000
47.88,1,1,2,31,0,17.18,3,200510000
48.25,1,1,2,12,0,19.39,14,245440000
200.44,6,3,4,29,2,10.04,18,1094070000
67.38,3,2,4,28,0,5.96,17,375380000
81.67,3,3,4,34,0,15.79,16,456880000
59.92,2,1,3,14,0,11.84,13,243280000
57.65,1,1,3,22,0,9.56,8,344160000
55.17,2,1,5,30,1,4.23,16,314770000
94.98,3,2,5,12,1,8.36,11,488840000
127.88,4,2,3,32,1,11.86,7,478730000
112.1,3,1,2,38,0,12.93,13,520750000
172.96,4,3,4,4,2,13.07,17,957940000
156.2,4,3,4,13,1,6.79,15,927090000
174.98,4,4,5,38,1,7.99,18,1005350000
112.91,3,2,3,29,0,15.16,6,484940000
148.2,4,2,2,4,1,11.12,9,576920000
172.62,4,4,2,1,1,10.88,5,745450000
145.02,3,3,4,14,1,11.64,2,881600000
176.33,4,3,4,3,2,16.71,2,819390000
43.28,1,1,3,6,0,9.91,10,336470000
59.75,2,1,5,1,1,7.28,18,353040000
195.53,5,3,4,39,2,11.95,4,974750000
186.11,5,2,4,9,1,5.64,15,1043860000
153.81,3,3,3,3,2,9.91,3,589850000
96.61,3,1,5,3,1,7.31,20,506760000
174.6,5,3,4,30,1,15.06,19,790200000
194.14,6,3,3,26,1,16.38,6,772780000
39.73,1,1,4,18,0,9.43,1,396380000
39.78,1,1,2,3,0,24.88,7,182770000
125.99,4,2,4,6,1,11.29,19,486810000
149.14,4,3,3,32,1,18.55,1,644710000
105.23,3,1,3,37,1,13.73,7,363490000
108.98,2,2,4,21,0,19.76,11,427210000
202.31,4,3,5,37,2,5.2,3,1120020000
141.34,4,3,3,7,1,8.83,11,568670000
39.71,2,1,3,31,0,24.61,1,188180000
40.06,1,1,4,2,1,15.66,8,304300000
162.17,4,3,4,32,1,13.89,3,838850000
91.38,2,1,3,1,0,7.79,14,529300000
109.4,3,1,4,37,1,14.57,19,450580000
103.83,3,1,3,3,0,12.38,5,320390000
41.81,2,1,5,3,0,6.79,17,291610000
115.95,3,3,2,9,1,13.61,3,548980000
45.04,2,1,5,26,0,10.66,2,240760000
51.71,1,1,5,3,0,8.07,13,299780000
113.35,4,3,4,9,1,7.84,18,779500000
178.13,5,2,5,0,1,5.16,4,1039090000
103.06,2,2,2,20,1,9.87,10,436240000
56.45,1,1,2,10,0,9.81,13,258210000
69.3,2,1,5,27,0,13.49,6,479930000
80.85,2,1,5,0,0,13.48,8,460640000
66.1,2,2,4,23,0,7.36,14,299550000
89.57,2,1,2,13,1,14.75,7,330620000
155.96,4,2,5,21,1,17.27,20,711250000
167.12,5,2,4,25,1,10.33,14,892670000
96.3,3,2,4,0,0,9.45,9,530030000
94.43,2,2,5,38,0,6.33,6,464330000
128.82,3,3,5,26,1,1.7,15,861120000
121.04,3,2,4,0,0,3.65,3,747480000
88.12,2,2,4,12,0,8.43,8,613080000
145.62,4,3,4,22,1,8.85,7,783870000
70.23,2,2,3,29,0,18.89,19,359740000
134.87,4,2,3,9,1,14.32,17,652080000
49.49,1,1,6,28,0,17.45,7,357640000
156.8,5,1,3,29,1,17.64,5,584230000
206.14,5,4,4,21,2,10.62,17,973580000
140.93,4,3,3,24,0,14.33,12,540980000
48.08,1,1,5,40,0,8.91,7,210540000
95.42,2,2,4,25,1,5.11,1,670620000
179.57,5,2,3,27,1,15.74,18,885480000
87.88,2,2,4,35,1,12.97,6,386660000
40.61,1,1,4,37,0,13.3,19,210950000
89.93,3,3,6,4,0,6.72,3,579200000
189.04,5,2,3,28,3,11.96,11,812660000
45.35,1,2,3,23,0,17.11,5,168570000
164.95,4,3,2,1,1,16.53,14,650560000
90.75,3,1,4,32,1,9.47,14,491580000
180.19,5,4,6,7,2,16.03,16,1194890000
143.99,4,2,4,25,2,11.08,14,718630000
72.78,2,1,3,8,0,7.26,9,468410000
71.66,2,1,5,20,0,13.98,15,344000000
151.38,4,2,3,11,1,9.85,6,791410000
99.86,3,2,2,37,1,10.27,3,384250000
119.67,3,1,4,36,1,15.92,10,439890000
166.86,5,3,3,33,1,12.38,14,784170000
190.39,5,3,4,18,2,8.94,6,910460000
149.85,4,2,4,18,1,8.44,7,885720000
126.79,4,2,3,18,1,3.55,1,537650000
67.71,2,2,3,1,0,18.94,3,265300000
104.12,3,2,2,20,1,17.12,4,454430000
97.31,2,2,5,25,1,15.62,6,490870000
135.55,4,2,5,14,0,12.26,18,776740000
47.36,1,2,4,14,0,10.7,20,393250000
183.46,6,3,5,28,2,9.68,13,963550000
192.77,5,3,5,39,1,12.37,4,1038680000
52.85,1,1,5,4,0,12.5,1,329960000
43.36,1,1,6,11,1,2.72,6,378200000
208.61,6,4,4,36,2,15.5,19,949840000
90.89,2,2,4,31,0,8.23,1,569380000
105.85,3,2,3,36,0,10.11,3,495150000
116.07,3,3,3,15,0,17.7,7,501620000
84.01,2,2,4,34,1,13.03,18,450430000
91.7,2,3,6,19,0,9.81,5,679300000
209.84,6,3,4,28,1,16.01,7,916830000
167.93,4,2,5,29,1,14.33,20,890380000
131.93,4,2,5,18,0,8.4,4,616960000
153.83,5,2,3,1,2,10.51,15,789440000
65.33,1,1,3,40,0,10.29,20,372390000
182.78,5,3,5,10,1,12.88,5,879880000
153.35,4,3,5,40,1,13.85,17,774990000
69.96,2,1,3,29,0,6.42,3,355420000
80.54,3,1,3,38,1,13.72,19,256470000
160.01,4,3,3,15,0,15.18,7,825980000
189.4,5,3,3,12,1,15.92,1,813640000
188.49,6,3,4,37,2,14.41,9,873640000
149.52,4,2,5,19,1,14.19,10,928020000
67.61,2,1,5,19,0,6.23,5,387930000
41.93,1,1,2,11,0,15.91,17,253500000
204.6,6,4,3,37,2,13.47,3,941520000
198.85,5,3,4,15,2,13.62,20,967610000
185.49,6,3,3,13,1,20.02,2,864500000
202.15,6,3,4,25,2,8.95,13,899540000
146.59,4,3,3,6,1,12.13,15,692780000
87.83,3,2,3,29,0,11.12,5,242970000
201.11,5,3,2,31,1,12.85,10,830960000
139.53,4,2,3,28,0,13.4,6,554420000
183.07,6,3,2,24,0,11.02,11,778410000
159.42,4,3,3,32,2,12.22,5,773430000
84.09,3,2,3,33,0,13.47,14,335650000
125.64,3,2,3,23,1,19.75,3,554730000
101.34,3,2,2,19,0,10.48,10,441130000
64.06,1,1,4,29,0,11.8,2,360740000
139.28,3,3,5,39,0,6.71,2,679110000
186.65,5,3,5,5,2,13.27,9,1009170000
155.12,4,2,3,39,1,9.21,12,769680000
86.1,3,2,4,11,0,10.12,2,425690000
142.08,5,2,4,39,1,6.73,3,684160000
99.36,3,2,5,1,0,13.16,5,640700000
136.67,3,1,2,26,0,6.66,12,459880000
115.88,3,2,3,26,0,12.23,11,407240000
139.47,3,3,5,30,0,9.5,14,712970000
105.85,2,2,4,39,1,6.46,19,754220000
40.86,1,2,3,38,0,14.65,20,200410000
202.79,5,3,4,31,2,7.72,15,973840000
136.5,3,3,5,26,1,14.42,11,844750000
89.09,3,1,2,7,0,13.18,11,454090000
96.49,2,1,6,37,0,7.94,5,534550000
128.45,4,3,4,10,1,20.72,16,520640000
47.56,2,1,3,36,0,13.83,13,259570000
76.25,2,2,3,2,1,9.74,16,378050000
103.7,4,3,5,4,1,10.67,10,736620000
182.66,4,3,3,21,1,7.44,4,779480000
183.14,4,2,2,7,2,12.2,10,807140000
113.44,2,3,4,9,0,6.59,17,673660000
143.6,3,2,4,20,1,11.15,19,675890000
74.59,2,1,3,20,0,7.3,14,211670000
209.65,6,4,2,7,2,12.53,4,760060000
192.83,5,3,3,24,2,9.91,4,923500000
203.08,6,3,2,39,1,12.21,9,797680000
117.98,4,2,4,20,1,18.14,10,529740000
132.9,3,1,5,32,1,8.1,4,720760000
165.24,4,2,5,28,1,13.5,11,826020000
179.02,5,3,2,2,1,13.4,9,733090000
164.78,6,2,3,27,2,17.63,15,779110000
40.36,2,1,3,30,0,17.8,8,198410000
127.86,4,2,2,15,1,12.13,4,510910000
49.43,2,1,3,19,0,16.03,6,142060000
40.21,1,2,3,14,0,16.13,16,80000000
89.16,2,1,3,18,1,5.43,2,580430000
161.53,4,3,3,33,1,13.16,13,749950000
205.55,5,3,4,19,2,22.55,10,1091840000
70.43,3,2,3,39,0,14.47,17,308440000
116.43,3,2,3,16,1,17.73,1,595080000
78.16,1,1,3,22,0,4.82,13,399710000
190.42,4,3,6,18,1,4.65,8,1133340000
77.57,1,2,5,34,0,11.73,6,346850000
162.9,4,3,3,6,2,21.87,4,722780000
125.7,4,2,2,11,1,8.08,11,540340000
125.19,3,2,3,37,0,8.75,9,492460000
39.57,1,1,3,2,0,9.58,8,351610000
68.88,1,1,2,7,0,13.17,5,133250000
58.31,1,1,4,30,1,5.4,4,385580000
89.29,2,2,5,8,1,10.53,19,639480000
64.98,1,1,3,6,0,11.88,14,343170000
117.19,4,2,3,8,0,17.76,8,417070000
81.23,2,1,4,29,0,9.35,4,447050000
158.78,4,3,5,29,2,16.92,6,797270000
38.18,2,1,5,33,0,11.1,16,344600000
123.91,4,2,3,5,0,8.53,3,552320000
193.36,5,4,3,27,2,14.4,17,886170000
122.17,3,2,4,16,1,12.32,14,489730000
124.54,2,2,5,13,1,11.62,17,655760000
100.77,3,1,4,9,0,18.06,8,618910000
144.47,3,3,4,10,1,8.54,20,827130000
55.1,3,1,4,8,1,10.01,15,256370000
189.95,6,3,4,31,1,8.53,18,932370000
169.07,4,3,3,16,1,8.59,12,887000000
112.85,2,2,2,13,0,12.23,15,570590000
163.16,4,3,4,28,1,4.65,14,746880000
167.77,4,2,3,5,1,13.44,5,712510000
86.35,3,2,3,10,1,16.27,17,564080000
112.15,3,2,3,5,0,20.13,17,528430000
129.59,5,2,5,6,0,3.92,20,657460000
197.27,5,2,4,29,2,7.73,15,973140000
92.83,3,2,4,36,1,8.1,12,492230000
161.82,4,2,4,0,2,12.32,8,850860000
190.79,6,3,3,36,3,13.51,6,856100000
136.45,4,3,3,38,1,17.19,20,522440000
200.58,5,3,5,8,1,21.09,2,1048560000
90.44,2,2,3,27,0,15.75,19,490090000
96.88,3,1,3,18,0,12.75,2,524660000
130.23,4,2,4,36,0,14.11,12,579440000
86.13,2,2,6,32,0,3.86,19,608230000
65.34,1,1,2,14,0,12.81,14,232750000
95.54,2,2,4,35,0,11.65,4,379060000
92.31,3,2,2,18,0,15.68,19,462700000
202.73,6,3,3,28,1,8.58,17,919180000
185.89,5,3,2,21,2,13.55,2,845690000
72.5,3,2,3,10,1,12.56,6,312050000
112.57,3,2,5,19,1,10.69,15,786820000
159.72,4,3,3,36,1,10.11,15,678020000
124.77,4,3,5,34,1,11.06,7,608240000
105.81,3,2,4,1,1,3.34,5,541940000
100.39,3,2,4,39,0,2.2,11,453420000
197.47,5,3,3,34,2,13.9,12,978470000
196.09,6,4,5,40,2,5.02,13,993210000
108.2,3,2,4,40,1,4.34,9,551460000
162.41,5,2,5,37,1,7.86,14,904490000
205.89,6,3,4,30,1,14.16,12,998930000
53.19,1,1,3,38,1,15.59,20,416470000
78.39,2,2,3,1,0,15.06,10,303200000
73.57,2,1,5,11,0,6.53,3,428440000
192.62,5,3,4,15,1,13.33,15,815090000
182.03,5,4,4,17,1,11.84,18,707880000
74.35,2,2,4,29,0,14.3,10,391720000
178.84,5,3,2,36,1,15.65,18,536370000
153.89,4,3,4,13,1,11.26,17,731680000
80.05,2,1,5,20,0,17.61,18,429940000
195.95,5,2,2,17,2,14.78,2,688290000
95.16,3,2,4,26,1,16.76,17,488520000
98.56,2,2,3,14,0,11.07,18,501410000
163.63,4,3,3,18,1,11.24,8,872300000
100.68,4,3,4,6,1,14.11,18,480940000
97.53,2,3,5,34,0,6.81,19,461790000
152.03,4,2,3,37,1,15.1,18,737610000
41.98,1,1,2,37,0,8.06,15,267540000
201.2,5,3,4,13,2,9.9,6,979120000
70.12,1,2,5,27,0,10.94,5,462630000
114.85,3,2,5,38,1,0.5,12,678630000
206.31,5,3,3,11,1,12.83,17,969300000
48.82,1,1,2,20,0,18.69,1,148090000
136.5,5,2,3,17,2,9.33,10,687520000
194.54,6,3,4,10,1,10.73,11,877570000
121.89,3,1,4,21,1,12.2,11,485090000
139.64,4,2,3,13,0,0.5,2,722650000
83.54,2,2,5,3,0,6.46,4,541300000
129.91,3,3,4,27,0,9.89,16,512450000
86.08,3,2,3,29,0,16.58,9,459690000
96.15,2,2,3,3,0,13.29,2,512260000
177.45,4,3,2,17,2,16.0,17,728740000
192.61,5,4,3,33,2,10.49,1,932710000
184.45,5,3,3,34,2,11.98,9,699590000
143.94,4,2,4,25,2,5.64,3,863970000
151.07,4,2,4,15,1,11.77,8,586400000
173.36,5,3,4,23,1,19.06,5,841210000
206.13,6,3,4,24,2,13.62,15,1146210000
122.63,3,2,2,13,1,9.87,4,538290000
158.65,5,2,5,21,1,11.6,14,889750000
170.97,4,3,5,13,2,20.86,10,902360000
44.71,2,1,4,20,0,15.56,2,133090000
162.69,5,3,5,14,2,15.06,20,929860000
131.84,4,2,3,31,1,12.52,15,683500000
59.71,1,1,3,37,0,7.35,5,352630000
51.27,2,1,5,16,0,13.97,5,442690000
139.31,3,3,4,26,1,12.09,8,649640000
42.93,2,2,4,20,0,16.57,17,184310000
60.21,1,2,4,2,0,16.66,20,351110000
95.19,3,2,4,25,1,17.77,9,615270000
60.73,1,1,2,30,1,15.48,19,265340000
201.53,6,4,3,0,2,18.79,3,924350000
88.04,3,2,6,18,1,9.4,12,663050000
43.93,2,1,2,36,0,9.33,20,273830000
201.34,5,2,5,1,2,8.87,6,1123640000
42.76,1,1,3,10,0,11.68,6,112790000
150.05,4,3,3,13,1,10.37,19,740980000
42.03,1,1,3,27,0,13.15,15,323240000
76.26,2,1,4,16,0,13.36,20,333000000
48.85,3,1,5,28,1,11.67,19,295950000
159.3,4,2,5,25,1,7.38,19,927720000
138.05,4,3,5,35,1,10.26,1,810000000
174.82,4,3,3,26,1,9.52,19,725170000
132.15,3,2,3,27,1,10.52,15,714580000
99.15,3,2,2,17,1,13.24,15,305390000
144.8,4,2,5,20,1,7.54,11,840820000
177.32,5,3,6,11,2,6.73,18,1081540000
108.31,2,2,3,33,1,16.97,14,466740000
184.57,3,4,3,9,2,10.31,14,1010290000
173.81,4,3,4,15,1,3.32,18,891240000
116.52,3,2,6,16,1,8.52,11,763980000
178.02,4,3,4,1,1,7.59,9,1007120000
103.68,3,2,2,3,0,12.79,20,436560000
153.91,5,3,3,35,1,15.82,13,692360000
98.77,2,1,2,20,1,8.38,20,454980000
172.68,5,3,4,32,1,11.44,6,832240000
145.92,5,2,4,21,1,11.28,16,805200000
116.65,3,1,3,38,0,10.0,5,385680000
58.76,1,1,6,2,0,3.81,9,477960000
85.73,2,1,3,24,0,12.93,4,429120000
92.6,3,1,4,9,0,13.02,17,506600000
62.32,2,2,4,5,0,0.83,6,346230000
197.93,5,3,3,17,2,12.3,16,736440000
165.78,4,3,2,20,1,11.39,20,746380000
46.38,2,1,3,40,0,19.01,16,135520000
197.11,6,3,3,1,2,5.75,19,891990000
69.11,3,2,3,8,0,5.3,17,316420000
141.94,3,3,3,37,1,9.01,14,602710000
105.34,3,2,4,35,0,13.16,3,506220000
53.25,1,1,4,17,0,11.05,2,395500000
84.79,2,2,4,33,1,10.9,7,519940000
117.17,3,3,2,2,0,16.72,20,572690000
79.49,2,2,2,21,1,13.34,11,378850000
106.64,4,2,4,6,1,14.76,14,525930000
198.15,6,3,2,14,1,10.12,14,801460000
80.32,2,1,2,29,0,21.0,17,301130000
85.35,2,2,4,26,0,12.17,6,350560000
39.79,1,1,5,34,1,7.34,9,193390000
108.81,3,3,3,7,1,11.79,12,636740000
140.86,3,2,3,24,0,13.0,7,540800000
136.95,4,3,5,6,0,9.99,20,898170000
65.5,2,1,4,18,0,12.37,15,394450000
126.59,3,3,4,19,0,6.14,2,733990000
52.36,1,2,3,34,1,7.84,11,345610000
172.07,3,3,5,5,1,12.89,8,856830000
128.99,4,2,4,1,0,13.81,15,642150000
74.26,2,1,3,26,1,15.72,12,334350000
42.11,1,1,5,22,0,12.67,19,364990000
180.94,4,3,5,37,2,4.76,14,1091250000
97.77,3,1,3,39,0,6.94,16,381650000
105.12,3,2,3,32,1,13.79,6,591600000
84.4,2,2,2,12,0,13.43,12,428300000
167.18,5,2,3,32,1,10.58,19,579250000
195.42,5,3,4,11,1,12.44,16,940340000
65.34,1,1,3,14,0,7.66,7,410430000
41.27,2,1,3,27,0,16.25,20,175750000
61.59,1,1,3,18,0,12.81,5,409190000
205.06,5,3,3,4,2,11.21,4,910730000
142.49,4,2,6,35,1,6.35,2,708760000
43.05,1,1,3,22,0,15.51,7,137260000
142.06,4,3,3,6,0,15.98,8,532430000
65.48,3,1,3,16,0,15.63,10,314130000
154.96,4,2,3,12,1,7.9,10,712690000
85.09,2,2,4,27,0,14.24,12,430760000
121.31,2,2,4,1,2,7.63,2,693310000
167.59,4,3,3,2,1,17.2,5,782690000
191.79,5,3,5,19,2,9.96,14,1098920000
90.61,3,1,4,0,1,6.69,4,557840000
179.09,4,3,5,3,2,2.67,5,1018850000
132.07,3,2,3,9,1,9.88,9,650980000
82.39,2,2,4,12,0,6.91,5,410630000
90.18,3,2,4,18,0,6.04,15,483610000
183.98,6,4,3,18,2,9.34,7,698340000
209.67,5,4,4,0,1,8.17,6,1083880000
131.67,3,2,4,18,1,3.89,7,582380000
180.3,5,3,3,37,1,13.01,7,751650000
116.78,3,2,3,39,1,21.4,11,490340000
159.49,5,3,4,23,1,8.35,15,622830000
94.0,3,1,4,40,0,15.87,10,481700000
104.62,3,1,3,31,1,12.19,9,566120000
151.76,3,3,4,10,0,13.31,15,772720000
112.4,2,2,5,23,1,12.84,10,763760000
149.51,4,2,3,32,1,22.03,16,594760000
201.41,6,3,3,18,1,6.94,11,1040720000
206.22,6,4,2,30,2,10.84,7,786160000
106.13,3,3,4,30,0,11.89,5,609020000
95.61,2,2,4,8,1,7.05,5,562220000
124.43,3,3,5,33,0,14.63,13,690300000
112.82,3,3,4,33,1,12.43,19,600600000
57.66,1,2,3,22,1,7.79,12,413910000
98.4,3,2,3,31,0,7.42,14,345550000
78.54,2,2,6,21,0,8.35,15,589210000
175.22,5,3,4,6,2,12.15,7,792460000
80.95,2,2,6,7,0,10.59,5,723500000
62.23,2,1,2,7,0,10.2,7,357820000
150.28,4,3,3,13,1,10.28,16,769530000
144.28,3,3,2,24,1,14.98,8,449910000
131.98,4,2,3,20,0,5.64,4,565260000
139.04,3,3,6,6,1,4.9,13,959270000
75.7,2,1,6,9,0,8.71,20,503650000
88.15,2,1,2,39,1,18.49,1,315460000
128.31,4,2,5,39,2,6.57,14,722470000
45.68,1,2,2,5,0,19.88,7,123170000
78.18,2,2,3,0,0,7.79,15,373690000
202.24,6,3,6,26,1,12.53,9,1154120000
119.39,2,2,4,29,1,8.39,16,588850000
140.01,4,2,5,13,2,10.71,12,903090000
164.94,5,3,4,21,2,12.97,4,817070000
174.85,5,3,3,35,1,15.66,15,749530000
87.77,3,1,6,23,0,7.74,15,485430000
117.77,3,2,5,39,0,3.04,6,690490000
110.62,2,2,5,3,1,12.74,11,602030000
131.13,5,2,4,30,1,11.79,10,668540000
165.48,5,2,6,22,1,0.5,6,1118050000
132.47,4,2,3,27,1,11.76,6,775750000
173.79,6,3,3,10,1,14.37,2,893530000
206.69,6,3,5,14,2,14.41,8,1170110000
60.57,2,1,3,24,0,18.44,7,202070000
166.24,4,4,3,3,1,10.75,2,805530000
192.78,5,3,5,19,2,7.99,16,1050870000
120.38,3,2,5,1,1,17.7,18,736110000
118.59,4,2,3,36,0,16.49,5,485180000
103.04,3,2,3,30,1,12.95,19,417260000
119.31,4,3,4,29,1,4.14,13,777320000
94.35,2,2,3,9,1,15.4,8,528240000
160.0,5,3,5,38,1,13.43,12,978490000
75.41,2,1,4,32,0,14.71,16,330180000
165.84,5,2,3,10,1,13.18,3,812950000
183.74,5,3,3,30,2,8.93,15,969140000
169.61,4,3,3,12,1,13.58,12,794760000
55.25,2,1,2,12,0,21.44,10,254120000
139.85,4,3,5,15,1,10.25,15,726930000
186.57,4,3,5,20,1,9.14,8,1127710000
140.09,4,2,3,1,1,14.99,7,614870000
103.41,2,2,4,17,0,13.38,3,542240000
111.93,4,2,5,12,1,10.88,10,773310000
88.06,3,2,4,11,1,4.66,16,533980000
195.49,5,3,2,1,1,15.28,11,807430000
203.7,6,3,2,15,2,8.91,19,841150000
56.72,1,1,5,37,0,7.1,1,168890000
72.04,2,1,3,9,0,9.55,5,289930000
149.26,3,3,4,3,2,16.0,14,747000000
157.43,5,2,5,40,1,6.29,3,885100000
88.65,3,2,4,16,0,12.13,7,492910000
178.64,5,3,2,10,2,17.82,16,735060000
69.26,2,1,4,13,1,13.2,13,440360000
80.01,2,2,4,25,0,15.17,12,431610000
183.21,4,2,3,29,1,15.66,15,807650000
195.48,6,4,4,28,2,7.41,17,1002330000
144.76,4,2,2,27,1,15.02,2,623340000
127.75,4,3,5,33,1,12.87,12,623270000
186.09,5,3,3,28,2,24.2,5,725200000
121.17,3,3,3,24,1,10.51,3,474380000
157.82,4,3,3,6,0,9.52,10,736810000
119.21,3,3,3,30,0,9.45,20,608080000
97.49,3,1,5,40,0,9.93,13,431540000
83.02,2,2,3,39,0,13.5,16,421980000
110.84,3,2,4,20,1,12.34,2,588440000
100.57,2,2,5,16,0,10.53,3,405650000
94.47,3,1,2,27,1,13.2,9,219110000
198.61,6,3,3,25,2,14.97,13,963630000
179.49,5,3,4,8,1,16.0,10,918320000
88.51,3,2,4,27,0,11.88,18,577030000
75.48,2,1,4,29,0,11.37,13,342600000
49.93,2,2,3,36,0,18.34,17,396880000
204.11,6,3,3,40,1,11.14,5,847660000
100.43,3,2,3,30,1,12.21,9,382440000
114.98,3,2,6,16,1,8.67,12,779420000
202.41,6,3,2,2,1,15.71,7,886950000
114.42,2,3,3,16,1,13.39,15,693440000
177.34,5,4,3,16,0,9.12,5,874710000
58.02,2,1,3,26,0,19.12,1,290360000
197.04,5,3,2,1,1,16.32,2,871970000
203.07,5,4,3,5,1,12.76,1,908010000
139.57,3,1,4,15,1,12.87,16,813860000
169.29,4,2,6,36,1,12.93,10,1055540000
62.92,2,2,4,11,0,8.74,17,308450000
56.19,1,1,4,12,0,14.01,13,363480000
39.67,1,1,3,24,0,9.23,6,246570000
161.15,3,3,4,27,0,14.38,8,750180000
125.84,3,2,3,27,1,4.54,6,600300000
67.79,2,1,3,1,0,14.23,2,412120000
59.92,2,1,3,21,1,9.53,20,278340000
91.51,3,3,2,21,0,10.23,20,529450000
106.52,3,2,3,4,1,12.96,16,548620000
198.1,6,3,4,7,2,8.9,12,1011630000
94.78,2,1,5,38,0,13.34,15,617580000
155.29,5,3,3,25,1,15.43,7,747860000
192.88,6,3,2,25,2,5.72,20,824440000
200.45,5,3,4,9,1,4.95,13,1038030000
149.68,4,2,2,21,1,12.85,6,656880000
146.78,4,2,4,5,1,11.26,10,723950000
54.89,2,1,4,27,0,13.33,14,270880000
90.07,2,2,5,34,1,7.14,16,600970000
118.23,3,2,5,27,1,4.78,8,622130000
124.96,3,2,3,18,1,19.56,16,497340000
156.49,4,3,3,3,1,9.91,12,752820000
109.48,3,2,4,15,1,7.82,17,610270000
46.71,1,1,4,8,0,12.27,5,245720000
164.22,5,3,2,18,2,16.63,16,740210000
143.21,5,3,5,20,2,8.42,2,688870000
117.88,4,2,4,23,1,13.35,15,677670000
131.34,4,3,4,1,1,10.76,18,730580000
132.41,3,3,5,35,1,5.24,8,845480000
199.92,5,3,5,35,2,7.38,17,1169720000
197.93,6,3,4,38,2,6.78,20,908940000
156.0,4,3,3,15,1,15.5,2,841550000
185.36,4,3,3,30,1,16.61,20,721320000
58.17,2,1,2,25,0,16.99,16,412370000
70.35,1,1,3,5,0,13.89,5,518440000
73.37,2,1,2,27,0,6.66,13,284860000
143.73,4,3,4,29,1,17.13,17,725410000
51.48,1,1,4,27,1,12.95,9,441090000
204.77,6,4,3,27,1,9.3,4,1079970000
167.25,4,3,2,35,2,14.31,18,642420000
205.4,4,3,3,17,1,11.25,2,923360000
93.41,2,1,4,24,0,14.99,18,654710000
128.64,3,4,3,13,0,7.13,11,789730000
108.82,3,2,4,16,1,9.67,14,555380000
57.17,2,1,3,12,0,15.37,9,345070000
106.68,3,1,4,32,0,7.52,2,433510000
191.99,6,3,2,20,2,14.25,16,807860000
130.35,3,2,3,27,1,11.89,10,584670000
153.77,3,3,6,9,1,9.21,10,915950000
199.19,5,3,5,17,2,14.71,9,1039130000
74.99,2,1,3,25,1,7.38,11,440820000
147.19,5,3,6,5,1,5.7,13,1026510000
38.24,1,2,3,8,0,16.98,19,274440000
38.35,1,1,3,37,0,7.67,18,160120000
145.9,4,3,3,35,1,18.16,14,573710000
111.79,3,3,4,9,1,16.98,6,519560000
126.01,3,2,3,27,0,11.6,20,592720000
109.71,3,2,4,38,1,15.85,12,422250000
179.22,5,2,4,23,1,14.77,13,716090000
147.24,4,2,2,31,2,21.77,11,697690000
41.44,1,1,4,26,0,8.47,7,169990000
209.52,5,3,2,19,2,10.61,7,680600000
103.86,2,2,3,9,0,11.63,6,440920000
196.4,5,4,2,37,2,7.42,12,797750000
62.61,1,2,4,38,0,16.85,17,177200000
150.12,4,1,4,21,1,11.31,5,635240000
162.32,4,3,3,14,1,13.05,13,832870000
120.84,2,2,5,30,1,10.79,2,737620000
166.17,5,3,4,28,1,4.44,5,944480000
161.31,5,3,3,10,1,9.71,13,760760000
89.72,3,2,5,18,0,13.08,1,578830000
203.69,6,4,3,16,1,9.35,13,829220000
68.25,2,2,3,14,0,12.24,11,344840000
201.94,6,4,4,13,1,8.63,4,974870000
58.69,2,1,2,27,1,17.44,13,175370000
170.72,4,3,4,23,1,12.62,14,1031710000
43.2,1,1,3,24,1,23.94,6,171970000
132.87,3,4,4,35,1,14.46,10,754460000
207.89,6,4,4,7,2,7.56,18,1154790000
191.15,5,3,3,24,1,20.45,1,790340000
173.87,5,3,4,40,2,7.91,20,877650000
122.5,3,2,5,16,1,7.88,2,676950000
125.84,3,2,4,6,1,9.47,1,576810000
83.9,2,1,3,21,0,14.44,10,440110000
97.22,3,2,2,34,0,19.97,7,437660000
82.84,2,1,3,4,0,9.47,19,465660000
92.95,2,2,4,9,0,13.24,3,602670000
199.87,5,4,4,37,2,10.56,17,1094350000
197.38,6,3,3,5,2,19.39,8,1083700000
141.13,3,3,2,7,1,16.53,6,517130000
194.04,6,2,2,23,2,9.56,10,756480000
200.55,5,3,2,38,1,14.12,14,924030000
181.13,5,3,6,28,1,15.27,15,994170000
204.32,5,4,3,32,2,15.77,3,866490000
171.98,5,3,4,38,1,11.15,3,717600000
198.71,4,3,3,9,1,16.19,17,875390000
103.37,3,2,5,2,0,6.61,17,795930000
93.37,2,2,5,7,0,5.4,19,452260000
107.34,3,2,6,26,1,2.41,20,703890000
94.13,3,2,5,13,0,19.73,19,630040000
49.33,2,2,4,11,0,14.16,20,244170000
133.43,4,3,5,14,1,6.03,9,807160000
107.71,2,2,4,11,1,18.08,5,456380000
73.13,1,1,4,12,0,7.45,10,378530000
204.5,6,4,4,18,1,8.34,19,845910000
109.33,4,2,4,6,1,16.61,4,654110000
155.72,4,2,4,5,0,14.1,19,805250000
184.58,5,3,5,29,1,3.53,8,846860000
158.04,4,4,3,26,1,17.12,17,660390000
160.19,5,3,3,10,2,11.91,9,622040000
125.76,3,2,3,17,0,15.56,14,563540000
197.87,5,4,4,26,2,11.29,6,854730000
58.27,1,1,2,37,0,20.09,11,282390000
111.0,3,2,4,7,1,12.26,1,560520000
85.68,1,2,4,38,0,10.09,20,382930000
73.17,3,2,4,23,0,12.97,17,466050000
67.49,2,1,3,32,0,15.76,3,233420000
49.74,1,1,3,20,0,11.24,14,243840000
197.75,6,3,4,23,2,7.12,16,1019700000
122.88,2,2,2,0,1,18.93,2,446970000
125.41,4,2,4,29,1,7.26,7,579970000
64.34,2,1,3,2,0,16.6,13,251180000
144.83,4,3,3,6,1,6.22,17,750430000
46.68,1,1,4,17,0,7.58,10,245410000
123.87,4,2,4,20,1,10.16,19,767770000
72.33,2,1,3,6,0,10.0,12,438810000
200.13,5,3,2,22,3,8.04,10,815350000
168.24,5,3,5,21,1,7.35,9,762180000
139.09,4,3,3,24,1,15.29,6,640630000
177.42,4,4,3,12,1,17.59,13,753860000
176.91,5,3,4,23,1,14.91,11,863260000
188.12,6,3,5,6,2,8.19,19,897200000
93.04,3,2,4,10,0,9.83,2,440060000
92.82,2,2,4,2,1,10.64,14,461070000
111.86,3,2,4,18,1,18.8,8,519990000
195.54,4,3,3,25,2,18.86,10,760620000
57.26,3,1,4,23,0,16.7,3,211770000
46.15,1,1,3,11,0,14.63,7,207580000
152.61,4,2,6,30,1,9.16,19,763830000
150.84,5,2,4,18,1,8.54,13,734550000
129.56,3,1,6,28,0,13.43,11,770740000
181.02,5,4,4,27,2,13.51,20,829160000
136.03,4,2,6,32,1,6.44,2,847680000
46.78,1,1,5,28,0,8.89,12,321050000
42.86,1,1,5,16,0,1.87,2,362020000
40.17,1,1,5,25,0,4.46,5,426970000
199.71,5,3,6,14,2,10.0,11,1151000000
136.57,2,3,3,31,1,7.88,18,773400000
49.64,2,1,4,30,0,10.26,5,124400000
100.59,3,1,4,18,1,9.07,8,632720000
119.04,3,2,5,27,1,6.76,13,541630000
119.05,3,3,2,33,1,17.13,8,384280000
109.95,3,2,2,12,0,13.43,8,373750000
81.54,2,2,5,33,0,14.37,3,505860000
58.46,1,1,3,12,0,15.35,13,262320000
89.17,3,2,4,33,0,14.93,19,427430000
52.76,1,1,3,9,0,11.75,5,246690000
82.82,2,1,5,17,0,8.38,20,520090000
178.92,5,3,5,39,1,8.1,11,988360000
112.45,4,3,4,16,1,3.11,11,569970000
126.33,2,3,6,38,1,9.72,6,755970000
44.53,2,1,3,35,0,17.34,5,218600000
143.21,4,3,5,21,2,9.75,3,774910000
79.53,1,2,5,14,1,7.5,1,531750000
204.3,5,4,4,22,2,9.78,3,1136910000
61.89,1,1,3,36,0,14.34,3,255730000
114.78,3,2,2,34,2,12.49,9,532090000
83.5,2,2,3,40,0,8.68,12,364930000
145.62,4,3,3,35,1,13.69,15,687760000
153.03,5,3,5,16,1,15.9,18,953080000
136.53,4,2,3,16,0,10.35,5,505300000
99.81,2,2,4,39,0,14.28,18,541770000
90.98,2,2,2,40,1,16.67,13,334060000
69.09,2,1,4,25,1,13.34,17,478820000
201.97,6,4,3,21,2,11.0,14,929250000
138.37,4,3,6,20,0,9.4,4,942170000
148.65,4,2,5,28,1,6.36,7,699790000
72.57,2,1,3,15,1,7.72,10,317990000
153.59,4,3,4,4,1,11.38,1,797590000
174.58,5,3,4,23,2,10.43,10,885740000
48.32,1,1,5,6,0,13.71,18,439550000
184.04,5,3,6,3,1,2.05,6,1116280000
74.32,2,1,3,33,0,14.95,8,286100000
69.52,2,1,4,26,0,19.22,18,354050000
170.54,4,2,4,30,1,7.42,4,749010000
205.82,5,4,4,36,2,5.17,6,1096270000
110.04,2,2,3,38,1,13.15,16,406390000
93.67,3,2,3,1,1,5.57,15,381440000
166.45,5,3,4,6,2,20.73,15,778330000
148.21,5,2,3,9,0,18.48,15,726430000
106.95,3,2,3,20,0,12.13,15,389740000
81.5,2,2,4,15,0,10.09,15,476470000
204.9,6,4,2,10,2,5.27,6,839540000
75.99,2,2,5,38,0,6.02,16,399890000
177.96,5,3,3,27,2,11.74,9,808060000
138.7,5,2,4,17,1,7.46,11,595200000
192.88,5,3,5,1,2,6.78,16,1199790000
185.12,5,3,3,19,2,7.6,17,971430000
171.72,3,3,4,39,1,11.81,7,938020000
183.69,5,3,3,22,2,16.88,11,906500000
208.81,6,4,2,36,2,16.58,1,808410000
128.98,3,2,4,40,1,10.89,13,655920000
115.74,3,2,2,21,0,17.22,8,397290000
112.96,3,2,4,16,1,5.99,11,724570000
208.82,6,4,5,7,2,15.89,15,1347430000
51.85,2,1,3,26,1,11.81,9,340930000
49.42,1,1,2,11,1,11.61,2,313700000
111.64,3,2,6,11,0,7.8,17,597000000
88.2,3,1,2,36,0,18.48,8,156110000
41.62,1,1,4,27,0,11.27,1,135870000
57.41,1,1,4,19,0,14.72,13,200640000
148.59,4,3,4,35,1,6.75,20,812260000
198.68,6,3,4,16,2,20.55,17,1063380000
69.4,2,2,4,39,0,11.94,15,244050000
122.41,4,3,3,5,0,14.74,14,702200000
157.96,5,3,3,23,1,15.0,6,768860000
116.98,4,2,5,3,0,8.04,9,840830000
203.39,5,3,5,10,2,4.76,3,1330500000
138.64,3,2,2,22,1,13.06,9,539380000
54.49,1,1,4,29,0,4.93,18,330240000
203.14,5,3,4,33,2,8.19,8,1116720000
176.45,5,3,3,19,1,13.48,20,787200000
186.09,5,4,2,20,1,18.34,20,819020000
179.21,4,3,3,40,2,7.98,5,833500000
160.44,5,3,4,21,2,4.81,2,815760000
180.43,5,3,5,1,1,11.06,16,954900000
198.4,6,3,4,1,2,12.17,16,894200000
126.47,3,2,6,40,0,5.47,6,689760000
126.83,4,3,2,36,1,13.09,19,494800000
97.77,2,2,4,5,1,15.22,18,488370000
42.78,2,1,4,10,0,9.68,5,364270000
144.39,4,3,3,22,1,11.55,4,687300000
54.15,1,1,4,38,0,9.79,18,372300000
200.49,6,3,3,19,1,15.22,5,912470000
159.32,4,3,5,27,1,6.33,20,990620000
81.08,2,2,3,27,1,6.0,15,480410000
94.96,3,2,4,6,0,12.25,2,391070000
39.07,1,2,3,14,0,17.9,17,393310000
167.89,5,3,3,25,2,11.92,9,723870000
129.24,3,2,5,14,0,13.03,8,651960000
175.05,6,3,5,27,1,9.84,15,913130000
203.88,6,3,4,34,2,15.55,1,994560000
131.33,4,2,5,3,1,7.74,3,810920000
150.59,5,3,3,26,1,16.63,2,526330000
156.77,4,3,3,14,1,6.64,12,738850000
48.59,1,1,4,7,0,6.73,20,243690000
77.5,3,1,3,36,0,5.48,10,437390000
85.47,3,1,6,25,1,9.44,7,553000000
104.64,2,2,3,31,0,16.31,3,442580000
190.86,4,3,3,10,2,11.79,19,729640000
196.17,5,3,3,10,1,14.36,18,915200000
78.77,2,1,3,6,0,13.7,3,450270000
194.82,6,3,4,4,1,8.03,12,990630000
54.4,2,1,2,11,0,18.01,13,312190000
182.54,5,3,4,9,2,7.0,13,1055930000
189.26,5,4,5,17,2,13.88,7,1124870000
124.93,4,1,4,4,0,10.34,9,578370000
183.61,5,2,5,38,1,7.69,8,881730000
174.73,6,2,6,8,2,4.04,8,1188290000
208.7,6,4,3,0,1,8.94,14,990260000
81.62,2,2,2,39,0,16.09,2,260840000
103.78,3,2,3,15,1,14.81,18,485100000
208.31,6,5,3,26,2,14.71,15,847570000
62.52,2,2,6,21,0,1.12,12,593440000
103.61,3,2,3,11,1,8.69,7,293540000
179.57,4,3,4,19,2,10.28,12,949830000
208.61,6,3,4,23,1,2.6,16,988630000
95.74,3,2,6,16,1,9.3,12,620730000
135.42,4,3,4,18,1,1.58,5,737040000
150.22,4,3,5,39,1,12.53,5,849530000
61.28,2,1,4,2,0,12.6,16,233000000
196.51,6,3,5,40,2,9.54,16,988670000
88.27,3,1,3,33,0,10.19,5,475270000
176.25,5,4,3,17,2,13.38,12,888640000
116.35,3,2,3,16,0,14.86,3,542690000
107.29,3,2,4,7,0,17.0,12,455360000
43.22,1,1,4,40,0,13.2,13,188720000
152.69,4,2,3,20,0,8.99,7,558160000
195.12,5,3,3,13,1,10.82,19,924010000
203.91,6,3,4,25,2,16.14,12,1083870000
123.13,3,2,4,11,1,12.98,16,591740000
191.03,5,2,3,11,2,14.76,18,957340000
157.62,4,3,4,1,1,8.82,14,644070000
40.33,1,1,3,31,0,18.47,9,199010000
195.86,5,4,2,24,2,8.63,9,869510000
202.13,6,4,2,38,2,11.57,4,707410000
122.43,3,2,5,0,0,4.49,9,645320000
65.57,1,1,6,20,0,5.46,2,268550000
136.27,4,2,5,0,1,7.34,8,814260000
115.53,3,2,3,29,1,12.53,17,579950000
112.61,3,2,4,9,1,14.06,20,691180000
116.09,3,2,4,30,1,8.15,17,510360000
137.23,4,3,5,24,0,11.93,9,650970000
84.2,2,1,4,12,0,10.36,7,540660000
124.34,4,2,3,0,1,19.71,20,668940000
202.54,6,3,3,12,1,12.19,11,916990000
40.45,1,1,2,35,0,12.83,3,129920000
45.93,1,1,5,29,0,13.42,7,160340000
89.59,2,2,2,25,1,15.4,17,396420000
49.56,1,1,6,8,0,10.94,14,415750000
51.88,2,1,2,32,1,18.96,2,190640000
50.41,1,2,2,14,0,13.69,19,285460000
43.13,2,1,4,13,0,13.31,10,181840000
129.32,4,1,4,4,0,10.28,20,517240000
72.17,2,2,2,26,0,11.13,18,257910000
184.3,5,3,6,25,1,10.73,7,1090740000
72.57,2,1,5,3,0,11.07,1,539230000
111.05,3,2,6,21,1,14.95,4,632420000
109.07,3,1,4,40,1,7.03,12,409960000
177.85,5,3,2,13,2,13.89,18,831070000
64.32,1,1,4,37,0,14.68,5,336620000
50.56,2,1,4,31,0,13.6,1,378030000
83.94,3,2,3,32,0,15.07,14,213740000
73.66,2,1,2,34,0,13.96,20,236910000
110.41,2,2,5,35,1,20.64,19,696140000
58.8,1,1,4,16,0,10.08,20,482940000
52.62,1,1,4,31,0,4.66,7,401880000
105.45,3,2,3,9,0,18.88,9,452140000
202.4,4,4,2,20,2,18.58,1,852170000
149.11,4,2,4,2,2,6.23,14,855900000
47.69,1,1,4,25,0,20.34,12,228440000
156.76,4,3,2,19,1,11.0,20,451790000
209.54,5,4,4,34,2,6.3,6,1024040000
53.44,1,1,4,17,0,9.17,5,363030000
156.56,4,3,4,30,2,10.81,19,832320000
193.67,6,3,4,26,2,13.18,9,1000240000
185.55,6,4,4,25,2,15.69,7,964380000
186.05,5,3,5,10,2,5.21,2,951870000
198.61,6,2,5,38,1,12.33,17,1017180000
85.3,2,2,5,37,1,3.06,9,319080000
91.69,2,2,4,3,1,13.68,12,525000000
196.1,5,3,4,17,2,17.94,13,941070000
80.36,2,2,4,31,0,14.2,11,346280000
143.34,4,3,2,18,1,10.56,12,592370000
205.75,4,3,5,26,2,8.38,7,1121100000
142.59,3,2,2,40,1,17.84,6,584680000
128.02,4,3,3,7,2,6.61,13,704090000
197.48,6,3,3,39,1,6.55,14,908640000
42.84,1,1,3,25,0,10.75,19,198970000
55.44,1,1,3,1,0,23.75,10,170450000
108.4,3,1,3,1,1,15.88,2,776000000
48.84,1,1,3,12,0,8.17,2,305570000
135.04,3,2,3,31,1,9.07,3,606330000
173.23,5,2,3,34,2,17.92,16,782660000
139.37,3,3,2,1,0,15.74,8,512420000
141.56,4,2,2,19,1,9.88,10,555290000
134.97,3,3,3,27,1,19.47,19,603970000
58.51,2,2,4,39,0,17.33,17,343660000
136.6,4,2,3,5,1,10.67,4,697760000
121.56,3,2,3,13,1,18.35,13,581260000
57.96,2,2,6,31,0,8.38,1,394690000
201.35,5,3,5,5,1,7.13,12,1043240000
193.87,4,3,3,2,2,17.54,10,999500000
155.17,4,2,3,39,1,12.84,2,668990000
152.47,5,3,4,10,1,8.97,12,741660000
114.07,3,2,3,25,0,14.99,17,447040000
58.53,2,1,2,19,0,15.03,11,248920000
66.87,2,2,4,22,1,8.55,12,364500000
202.0,6,4,4,15,2,15.61,10,1059930000
186.72,5,3,2,33,1,11.76,1,727790000
185.04,5,3,3,0,2,9.43,3,793760000
176.7,5,3,4,23,1,15.01,16,926440000
103.05,3,2,6,0,1,5.02,5,618210000
129.55,4,3,4,3,1,8.63,3,768750000
135.66,4,3,4,18,1,17.8,20,727100000
118.99,3,2,3,12,1,13.81,2,567060000
79.63,3,1,5,28,1,12.72,12,375660000
87.54,2,2,2,11,0,20.03,1,412060000
87.54,2,2,3,29,0,9.96,9,386180000
89.9,2,2,5,12,1,14.97,8,553330000
88.39,3,2,4,34,1,10.44,15,503150000
155.62,4,2,4,34,1,7.63,1,834210000
151.34,4,2,4,5,1,12.02,20,856490000
59.04,2,1,4,4,0,7.33,15,484270000
55.32,1,1,3,39,0,10.46,1,150080000
159.28,4,2,5,9,2,7.17,18,1093220000
151.2,5,3,6,1,1,9.11,7,985660000
67.84,1,1,2,3,0,17.31,18,227000000
160.63,5,2,4,12,1,15.93,19,792760000
89.32,2,2,3,30,0,12.75,18,519780000
117.84,3,2,5,4,0,17.1,17,561100000
79.95,2,1,5,2,0,5.4,4,655010000
66.32,3,2,3,37,0,27.0,10,127700000
118.92,4,3,3,15,1,14.47,4,595130000
122.72,3,2,3,9,0,13.41,8,614660000
107.6,3,1,4,15,1,13.93,14,486540000
206.84,6,3,3,11,2,12.01,10,961730000
130.69,4,2,4,37,1,8.3,10,797160000
192.38,5,3,5,12,1,5.47,10,1276220000
201.04,6,3,4,10,1,15.96,9,996710000
110.17,2,2,3,10,0,16.79,4,469800000
53.88,1,1,3,2,0,14.55,9,207030000
144.32,5,3,5,9,1,6.49,3,775600000
123.76,2,2,5,2,1,9.27,1,565830000
168.31,4,3,5,1,1,12.96,8,1039750000
45.15,1,1,5,38,1,13.21,3,273160000
87.37,2,2,3,16,0,15.39,18,505590000
183.29,5,3,3,5,2,18.05,9,847380000
94.11,1,1,6,20,0,9.02,15,604710000
167.59,5,3,5,33,2,13.31,19,885570000
119.69,3,3,4,13,1,8.41,3,639630000
65.48,2,1,3,22,0,15.02,5,215700000
68.22,2,2,3,9,0,13.12,19,313320000
56.48,1,1,3,27,0,7.56,14,167160000
199.53,5,4,6,3,2,4.96,8,1202240000
45.91,2,1,5,36,0,7.6,12,316650000
105.39,3,2,3,14,1,10.45,17,493360000
207.32,6,4,4,1,2,8.81,19,1133960000
50.2,1,1,6,27,0,10.63,7,450350000
131.21,4,3,4,23,0,14.12,13,744420000
59.95,1,1,4,36,1,7.13,12,217620000
97.89,3,1,3,7,1,17.78,6,548190000
191.14,5,3,6,23,1,7.45,10,1129020000
62.08,2,1,3,9,0,9.74,17,274800000
166.23,4,3,6,4,1,8.74,20,1093690000
80.04,2,2,3,1,0,16.81,18,507230000
167.21,5,3,4,14,2,6.25,12,945380000
101.32,2,2,2,19,0,9.95,9,344790000
42.08,2,1,3,2,0,13.54,7,321170000
47.58,1,1,3,7,0,9.06,15,259290000
153.94,4,3,5,20,1,15.39,10,864540000
61.42,1,1,3,11,0,13.38,7,210930000
195.42,5,3,4,24,1,20.26,3,872020000
124.46,3,2,3,8,1,10.83,13,571750000
99.82,3,2,2,2,0,15.03,2,510700000
144.05,5,2,3,18,1,5.6,12,795290000
108.41,3,2,6,4,0,10.64,15,761180000
134.99,4,2,2,22,2,13.43,8,609980000
57.19,1,2,6,17,0,12.04,11,345370000
99.93,3,2,5,16,1,6.16,8,591430000
187.88,4,4,3,17,1,13.76,7,876270000
196.9,5,4,4,4,2,5.87,13,1022660000
51.03,1,1,3,17,0,9.54,14,417820000
171.28,4,3,4,38,2,13.06,17,871930000
191.76,5,3,5,13,2,9.32,7,1016470000
77.31,2,1,3,22,1,11.34,7,512920000
85.18,2,1,3,17,0,10.27,15,439930000
77.25,2,1,2,8,1,18.94,4,336130000
42.48,1,2,5,8,1,12.36,3,350330000
180.31,5,4,2,38,2,15.96,13,724590000
145.2,4,3,3,23,2,11.03,9,562370000
61.27,2,1,3,12,0,3.76,13,316840000
191.69,4,3,5,27,2,4.45,9,1047620000
154.16,5,3,3,27,1,18.64,20,682600000
65.96,2,1,5,4,1,9.73,18,394250000
128.11,3,3,3,13,1,13.64,9,582900000
187.71,5,3,3,14,1,14.58,8,905260000
92.55,2,2,5,25,0,12.21,3,474010000
196.46,6,3,3,13,1,12.65,3,1040630000
105.51,3,2,2,18,1,20.31,20,525650000
164.52,4,2,3,15,1,12.29,20,857450000
202.21,5,3,4,9,2,8.26,4,1040890000
133.18,3,3,4,10,1,4.9,16,706310000
56.53,1,1,3,10,0,13.36,4,298650000
172.62,5,2,3,5,1,13.29,5,780760000
193.87,5,3,4,9,1,16.39,10,950190000
136.88,4,3,4,6,0,10.03,17,685190000
131.68,3,2,5,13,2,10.25,5,848810000
172.41,4,3,4,30,1,10.1,7,919270000
118.04,3,3,5,35,0,5.18,8,511220000
106.81,3,1,6,4,1,10.17,20,806630000
132.71,3,2,6,0,1,9.35,5,913710000
47.43,1,1,3,30,0,15.95,6,233150000
108.55,2,2,3,22,0,17.49,6,649540000
157.7,3,2,3,27,1,20.43,7,688590000
58.03,2,2,6,10,0,13.23,11,579670000
111.7,4,1,2,18,0,19.39,9,382470000
135.02,5,2,5,17,0,8.8,5,802260000
74.63,2,1,3,37,0,5.63,20,223260000
101.44,4,2,4,25,1,23.68,12,540840000
92.62,2,2,5,13,0,12.1,8,394810000
156.11,4,2,5,17,1,6.9,15,980240000
53.52,2,1,3,20,0,17.44,1,262530000
83.6,3,2,4,0,1,11.1,1,449190000
185.72,5,3,5,1,2,8.41,19,1038560000
124.85,3,2,4,28,0,15.93,5,498320000
77.72,2,1,2,22,0,19.73,6,303680000
78.58,2,2,3,11,0,7.7,4,446300000
118.92,4,2,3,36,1,16.61,13,602490000
190.29,6,3,4,32,1,10.9,9,1108270000
106.69,2,2,5,25,1,3.05,1,583920000
70.46,2,1,3,24,1,17.66,10,285600000
167.34,5,3,5,28,2,9.65,7,963890000
142.63,3,3,3,16,1,6.41,16,757690000
109.9,3,2,2,35,0,14.1,18,418190000
114.5,3,2,2,16,0,15.25,10,508780000
52.87,2,1,4,6,0,7.62,12,418890000
128.49,3,2,3,19,1,4.74,12,576630000
202.01,5,3,5,22,1,13.81,17,1132490000
207.22,5,4,5,23,1,9.51,14,1170520000
191.12,6,3,3,22,2,14.72,15,712510000
197.67,5,3,3,4,1,19.67,20,710290000
52.08,3,1,3,10,0,13.68,9,138950000
186.64,6,2,4,30,1,13.48,11,933200000
177.77,5,3,3,26,1,7.91,4,875380000
175.48,5,3,4,8,2,17.37,17,888040000
183.58,4,3,6,6,1,4.67,12,1063270000
197.73,4,4,4,28,2,10.13,16,1020640000
121.45,2,2,4,12,1,9.33,11,635640000
170.47,5,3,3,35,1,16.67,20,838650000
181.1,6,3,4,20,2,10.06,7,883100000
61.59,2,1,4,25,0,11.35,15,305580000
48.87,2,1,5,5,0,7.73,12,372620000
86.78,3,2,3,28,1,13.45,10,515200000
118.23,4,3,2,5,0,16.47,5,513900000
141.18,4,3,3,3,1,10.41,18,726070000
155.08,3,2,4,27,2,7.52,9,799590000
208.97,6,3,3,12,2,12.53,20,1091470000
91.02,1,2,4,33,0,10.55,19,382300000
80.87,3,2,4,29,1,15.84,6,519030000
186.9,5,3,3,40,1,14.56,15,926390000
177.37,4,3,3,14,2,11.68,19,652640000
97.86,3,3,2,35,1,13.25,14,475920000
111.55,3,3,5,36,0,7.65,20,679820000
124.73,3,3,4,8,0,8.57,9,596450000
48.54,1,1,4,6,0,14.42,13,253800000
163.62,3,3,3,18,1,16.88,7,683500000
84.25,2,2,2,11,0,11.69,8,448540000
77.71,2,1,5,14,0,12.54,5,359800000
52.99,2,1,6,24,1,9.04,4,354050000
99.91,3,2,3,1,0,15.09,3,628590000
101.07,3,2,4,0,1,16.5,15,658040000
90.39,2,2,2,1,1,18.83,10,546340000
113.06,3,2,4,3,1,6.8,5,523310000
81.9,2,1,4,34,0,17.61,19,484140000
44.4,1,1,5,19,0,8.68,9,417850000
203.21,6,4,3,13,2,13.56,10,874780000
84.74,2,2,4,39,1,12.29,19,382150000
74.6,2,1,3,40,0,11.1,14,413780000
152.11,3,3,2,24,0,20.37,15,467750000
147.81,4,3,4,6,1,5.23,11,625740000
145.66,4,3,4,17,1,14.41,12,669840000
96.16,3,1,2,12,1,8.93,14,401340000
196.16,5,3,4,6,2,15.8,4,933640000
127.74,2,2,5,15,0,5.08,7,840750000
63.54,2,2,4,2,0,13.41,10,497430000
150.55,4,3,2,28,0,15.76,11,547790000
204.68,5,4,2,40,2,16.6,14,730260000
89.96,3,2,5,2,1,7.46,13,569130000
195.73,4,4,4,13,2,9.0,3,963820000
169.0,4,3,4,0,1,3.46,1,917740000
113.12,5,2,3,23,1,17.49,16,444070000
128.3,3,2,2,27,0,17.43,19,505940000
160.4,4,2,5,33,1,6.62,16,942020000
200.36,6,4,2,1,1,8.13,7,821070000
165.74,4,3,4,32,1,5.4,10,846220000
180.63,5,3,5,18,2,15.2,2,1025730000
177.19,5,3,2,28,1,12.5,5,627520000
105.98,3,2,3,7,0,10.64,18,479040000
160.19,4,2,3,34,0,9.98,1,597940000
171.38,4,3,3,28,2,7.95,11,730830000
155.94,4,2,4,3,1,12.31,15,827250000
142.85,4,3,3,4,1,8.34,6,684000000
83.03,2,2,4,11,0,16.02,20,497890000
44.96,1,1,3,6,0,7.05,8,242670000
45.86,1,1,3,15,0,3.62,9,209610000
175.57,4,3,4,1,1,17.05,8,923070000
94.07,3,1,4,9,0,5.04,8,538680000
171.25,5,3,2,31,1,12.02,10,629550000
142.69,3,3,4,37,0,9.54,7,572110000
180.61,4,3,3,8,2,9.38,5,822730000
70.82,2,2,4,40,0,9.13,1,298450000
48.21,2,2,6,1,0,10.76,11,443190000
68.34,2,1,3,14,0,10.94,2,314350000
66.99,2,2,3,26,0,15.85,18,393150000
96.97,3,2,3,14,0,7.81,17,363520000
110.2,3,2,6,6,1,15.92,10,885540000
111.17,3,3,4,6,2,2.12,11,708050000
169.86,4,2,3,24,1,16.04,3,718250000
44.36,1,1,3,39,1,7.26,2,191570000
150.05,4,3,5,26,1,7.73,17,857230000
197.44,6,4,3,0,2,12.45,6,929780000
75.46,2,1,3,15,1,12.38,19,427360000
166.71,4,3,3,12,1,8.32,11,819880000
104.12,2,2,5,26,1,4.71,14,666720000
104.44,2,1,5,31,0,12.71,1,572450000
75.93,2,2,5,23,0,11.76,20,442630000
69.9,3,1,4,1,0,9.52,15,472530000
201.35,6,3,5,26,0,14.74,7,1174850000
177.84,4,3,5,32,2,15.41,16,899810000
130.4,3,2,2,36,1,11.04,19,638920000
96.88,3,2,4,8,1,7.72,18,587650000
131.18,4,2,3,32,0,15.47,18,660070000
185.24,5,3,3,8,1,11.87,7,915830000
100.95,2,2,4,35,1,17.62,17,563690000
55.98,1,1,3,30,0,6.86,20,300790000
54.71,1,1,5,26,0,4.99,15,480230000
169.85,4,2,3,8,1,9.41,13,755760000
157.23,4,3,3,5,1,11.96,4,822980000
146.76,3,2,3,25,1,13.07,18,505130000
173.46,4,3,3,1,1,11.63,1,835060000
62.92,2,1,5,36,0,12.67,18,286710000
171.06,5,2,3,13,1,7.01,16,938130000
198.46,5,3,5,0,1,11.07,10,1252910000
39.49,1,1,4,2,0,14.53,10,248680000
188.89,5,2,3,11,2,8.77,11,864540000
155.79,5,3,6,38,1,5.5,11,1058230000
192.65,5,3,4,26,1,6.22,19,906290000
141.36,4,2,5,20,0,5.72,11,821190000
59.77,3,3,2,7,0,11.47,6,392870000
140.77,3,2,4,16,2,4.9,1,690680000
206.95,5,3,4,0,1,11.28,18,1109490000
207.77,5,3,6,16,2,6.59,9,1320280000
93.66,3,2,3,25,1,9.39,10,449230000
201.26,5,3,3,35,2,14.1,5,765550000
53.29,1,1,5,40,0,8.53,20,428560000
45.24,2,1,2,1,0,9.3,13,199270000
162.62,4,3,5,16,1,10.43,2,1036620000
78.84,2,1,4,18,0,8.81,5,353960000
41.21,1,1,2,30,0,12.77,12,80000000
97.15,2,2,3,32,1,12.0,15,327690000
110.05,4,3,3,34,2,8.07,8,523590000
190.15,6,3,4,39,2,11.38,1,874800000
67.63,1,2,3,8,0,11.62,8,435720000
163.11,4,2,3,33,1,12.2,4,714700000
181.57,6,3,5,33,2,15.07,6,833010000
128.04,3,2,3,2,1,13.87,12,530690000
140.49,4,2,2,40,1,11.23,5,484240000
199.22,5,4,4,20,1,15.86,19,1039260000
78.9,2,2,2,6,0,20.32,7,319460000
193.48,6,3,3,17,1,12.87,5,807330000
186.77,5,3,2,11,2,10.8,15,896500000
63.99,1,2,3,32,0,15.64,19,244640000
46.43,1,1,5,33,0,14.48,8,327330000
62.3,2,1,5,23,0,7.66,19,377740000
56.19,2,1,6,32,0,12.14,8,292450000
185.02,5,3,3,13,2,7.58,11,1006450000
96.52,3,1,2,3,0,12.92,9,392750000
134.23,4,2,3,24,1,4.37,17,724080000
119.23,3,3,5,11,0,11.2,8,650240000
63.04,2,2,3,21,0,18.95,7,412020000
145.11,5,3,3,38,1,12.15,14,739950000
113.77,3,2,5,14,1,10.0,17,711980000
206.59,5,4,4,10,2,4.16,16,1104530000
83.56,2,2,3,26,0,17.15,9,244230000
46.18,2,1,3,38,0,17.29,4,362860000
168.09,5,2,3,33,1,10.32,13,778590000
209.54,5,4,2,13,2,14.46,18,988880000
116.38,4,2,4,12,0,12.75,18,457560000
75.92,2,1,4,15,1,4.39,14,488250000
40.78,2,1,3,9,0,16.27,1,242790000
193.49,5,2,5,10,1,6.85,2,983360000
82.85,2,1,4,10,0,15.04,18,479130000
67.95,2,1,5,33,0,10.72,6,354990000
168.77,4,3,5,28,1,8.77,16,881940000
150.56,3,2,4,1,1,12.05,4,884550000
153.37,5,2,2,19,1,11.64,2,519240000
121.62,4,1,5,31,1,7.58,16,758690000
169.38,5,3,2,31,2,18.34,10,684680000
207.83,6,3,5,25,1,10.55,9,1047880000
57.52,1,2,3,21,0,15.97,1,201760000
102.51,2,2,3,31,1,16.49,1,542780000
113.8,4,2,5,2,1,10.2,11,783290000
106.48,2,2,3,21,1,7.58,4,477020000
59.99,2,1,2,31,0,12.07,18,228790000
68.08,2,1,5,2,0,9.98,20,595890000
73.98,3,1,4,28,0,16.43,6,394140000
116.47,3,2,6,27,1,5.32,20,812820000
121.75,3,2,4,36,1,15.94,7,619890000
125.87,3,2,4,3,0,6.91,16,562650000
88.39,2,2,5,32,0,3.25,11,531960000
56.18,2,1,4,15,0,8.21,18,484420000
138.57,3,2,3,38,1,6.24,8,617590000
94.93,2,1,5,12,0,5.45,9,507220000
100.04,3,1,3,28,1,7.88,15,473770000
178.89,5,3,4,31,2,8.97,1,839060000
208.28,6,3,3,18,2,6.45,16,951370000
174.93,4,3,5,12,2,10.81,4,1026770000
171.91,5,3,6,40,0,10.32,19,916370000
113.77,3,2,2,23,0,17.32,8,363590000
89.7,2,2,4,25,0,6.33,19,498440000
